pff_PLAYID,pff_GAMEID,pff_GAMEDATE,pff_GAMESEASON,pff_WEEK,pff_GSISGAMEKEY,pff_GSISPLAYID,pff_QUARTER,pff_DOWN,pff_CLOCK,pff_BLITZDOG,pff_CATCHABLE,pff_DEEPPASS,pff_DEFSCORE,pff_DRAW,pff_DRIVE,pff_DRIVEPLAY,pff_GAINLOSS,pff_GARBAGETIME,pff_FIRST_DOWN_GAINED,pff_GETOFFTIME,pff_KICKYARDS,pff_NOHUDDLE,pff_NOPLAY,pff_OFFFORMATIONUNBALANCED,pff_OFFSCORE,pff_OPTION,pff_PENALTYYARDS,pff_PLAYACTION,pff_PREVIOUSPFFPLAYID,pff_NEXTPFFPLAYID,pff_RETURNYARDS,pff_SCORE,pff_SCREEN,pff_SNAPTIME,pff_SORTORDER,pff_STUNT,pff_TIMETOPRESSURE,pff_TIMETOTHROW,pff_TRICKLOOK,pff_TRICKPLAY,pff_YARDSAFTERCATCH,pff_YARDSAFTERCONTACT,pff_2MINUTE,pff_3MINUTE,pff_BALLCARRIER,pff_BOXPLAYERS,pff_BUNCHED,pff_CENTERPASSBLOCKDIRECTION,pff_CHECKROUTE,pff_CHIPROUTE,pff_DBDEPTH,pff_DEFFRONT,pff_DEFPERSONNEL,pff_DEFPLAYERS,pff_DEFPLAYERSRATINGS,pff_DEFSUBSTITUTIONS,pff_DEFSUCCESS,pff_DEFTEAM,pff_DISTANCE,pff_DLDROP,pff_DLTECHNIQUES,pff_DOUBLETEAM,pff_DRIVEENDEVENT,pff_DRIVEENDFIELDPOSITION,pff_DRIVEENDPLAYNUMBER,pff_DRIVESTARTEVENT,pff_DRIVESTARTFIELDPOSITION,pff_DROPBACKDEPTH,pff_DROPBACKTYPE,pff_FIELDPOSITION,pff_FIRSTCONTACT,pff_FORCEDFUMBLE,pff_FUMBLE,pff_FUMBLERECOVERY,pff_GAINLOSSNET,pff_GUNNERS,pff_HANGTIME,pff_HASH,pff_HASHDEF,pff_HIT,pff_HURRY,pff_INCOMPLETIONTYPE,pff_INJURED,pff_INTERCEPTION,pff_KEYPLAYERS,pff_KICKCONTACT,pff_KICKDEPTH,pff_KICKDIRACTUAL,pff_KICKDIRINTENDED,pff_KICKER,pff_KICKRESULT,pff_KICKTYPE,pff_KICKWIDTH,pff_KICKZONE,pff_LBDEPTH,pff_MISSEDTACKLE,pff_MOFOCPLAYED,pff_MOFOCSHOWN,pff_NEGATIVEPFFGRADE,pff_OFFFORMATION,pff_OFFFORMATIONGROUP,pff_OFFODDITIES,pff_OFFPERSONNEL,pff_OFFPERSONNELBASIC,pff_OFFPERSONNELSKILL,pff_OFFPLAYERS,pff_OFFPLAYERSRATINGS,pff_OFFSUBSTITUTIONS,pff_OFFSUCCESS,pff_OFFTEAM,pff_ONLOS,pff_OPERATIONTIME,pff_PASSBLOCKING,pff_PASSBREAKUP,pff_PASSCOVERAGE,pff_PASSCOVERAGE1,pff_PASSCOVERAGE2,pff_PASSCOVERAGEPLAYERS,pff_PASSDEPTH,pff_PASSDIRECTION,pff_PASSER,pff_PASSPATTERN,pff_PASSPATTERNBASIC,pff_PASSPATTERNBYPLAYER,pff_PASSRECEIVERPOSITIONTARGET,pff_PASSRECEIVERTARGET,pff_PASSRESULT,pff_PASSROUTETARGET,pff_PASSROUTETARGETGROUP,pff_PASSRUSHPLAYERS,pff_PASSRUSHRESULT,pff_PASSWIDTH,pff_PASSZONE,pff_PENALTY,pff_PISTOL,pff_PLAYACTIONFAKE,pff_PLAYENDFIELDPOSITION,pff_POAACTUAL,pff_POACHANGEREASON,pff_POAINTENDED,pff_POSITIVEPFFGRADE,pff_PRESS,pff_PRESSUREDETAIL,pff_PUMPFAKE,pff_PUNTRUSH,pff_PURSUIT,pff_QB,pff_QBMOVEDOFFSPOT,pff_QBPRESSURE,pff_QBPRESSUREALLOWED,pff_QBRESET,pff_QBSCRAMBLE,pff_RBALIGNMENT,pff_RBDEPTH,pff_RBDIRECTION,pff_RBSINBACKFIELD,pff_RETDIRECTIONINTENDED,pff_RETURNDIRECTION,pff_RETURNER,pff_RUNCONCEPTPRIMARY,pff_RUNCONCEPTSECONDARY,pff_RUNPASS,pff_SACK,pff_SCOREDIFFERENTIAL,pff_SHIFTMOTION,pff_SHOTGUN,pff_SPECIALTEAMSTYPE,pff_STOP,pff_STSAFETIES,pff_TACKLE,pff_TACKLEASSIST,pff_TEALIGNMENT,pff_TOUCHDOWN,pff_UNBLOCKEDPRESSURE,pff_VISE,pff_WRALIGNMENT,pff_CONTESTED,pff_RUNPASSOPTION,pff_PLAYCLOCK,pff_HAIL_MARY,pff_BUSTED_COVERAGE,pff_TURNOVER,pff_NON_TACKLE_TYPE,pff_TEMPO,pff_DEF_TIMEOUTS_REMAINING,pff_OFF_TIMEOUTS_REMAINING,pff_EXPECTED_POINTS,pff_EXPECTED_POINTS_ADDED,pff_ROUTE_THROWN,pff_SIDELINE_CHECK,pff_OFF_PERSONNEL_GROUP,pff_RBS_ON_FIELD,pff_TES_ON_FIELD,pff_WRS_ON_FIELD,pff_BACKSET,pff_OFFENSIVE_FORMATION_NAME,pff_STARTING_OFFENSIVE_FORMATION,pff_STARTING_OFFENSIVE_FORMATION_GROUP,pff_STARTING_OFFENSIVE_FORMATION_NAME,pff_DEF_PACKAGE,pff_DBS_ON_FIELD,pff_LBS_ON_FIELD,pff_DLS_ON_FIELD,pff_DEFENSIVE_FRONT_NAME,pff_MUG_LOOK,pff_PASS_COVERAGE_BASIC,pff_KICKOFF_RETURN_CONCEPT,pff_YARDS_TO_GOAL_LINE,pff_FGOPTIME,pff_EXPECTED_POINTS_LEGACY,pff_EXPECTED_POINTS_ADDED_LEGACY,pff_TEAMWORKS_PLAY_ID,pff_DRIVEID
7066390,31097,2026-09-05,2026,01,411423,254,1,1,13:13,1,1,0,7,0,1,1,17,0,1,,,0,0,0,0,0,,0,7064936,7064993,,7.00,0,,9,0,,1.9,0,0,12,12,0,0,LASE 85,7; ALSO D08 (39); ALSO D11 (34); ALSO D17 (09); ALSO D18 (30); ALSO D26 (21); ALSO D41 (15); ALSO D56 (22),LASE 14; LASE 88,C,,,LCB (6); FS (9); FSR (12); RCB (4),LOLB (09); LE (15); MLB (21); NT (22); RE (30); ROLB (34); ROLB (39),3-3-5,ALSO D02 (LCB); ALSO D08 (ROLB); ALSO D11 (ROLB); ALSO D12 (RCB); ALSO D13 (FSR); ALSO D14 (FS); ALSO D17 (LOLB); ALSO D18 (RE); ALSO D26 (MLB); ALSO D41 (LE); ALSO D56 (NT),ALSO D02 (0.0); ALSO D08 (0.0); ALSO D11 (0.0); ALSO D12 (0.0); ALSO D13 (0.0); ALSO D14 (-1.0); ALSO D17 (0.0); ALSO D18 (0.0); ALSO D26 (-0.5); ALSO D41 (0.0); ALSO D56 (0.0),DRIVE START,F,ALSO,10,,LE (15); NT (22); RE (30),,INTERCEPTION,-35,5,KICKOFF - RETURN,-20,7,SD,-20,ALSO D14,,,,17,,,R,L,,,,,,LASE 85 (TE-L); ALSO D14 (FS); ALSO D26 (MLB),,,,,,,,,,LOLB (0); MLB (5); ROLB (0); ROLB (0),ALSO D14; ALSO D26,C,O,ALSO D14; ALSO D26,LWR; SLWR^; TE-L; HB-R; RWR^,3x1,TE>SLWR,2-0-1-2,12,LASE 04; LASE 05; LASE 14; LASE 85; LASE 88,LASE 04 (RWR); LASE 05 (HB-R); LASE 06 (QB); LASE 14 (LWR); LASE 63 (LG); LASE 65 (C); LASE 73 (LT); LASE 75 (RT); LASE 78 (RG); LASE 85 (TE-L); LASE 88 (SLWR),LASE 04 (0.0); LASE 05 (0.0); LASE 06 (0.0); LASE 14 (0.0); LASE 63 (0.0); LASE 65 (0.0); LASE 73 (0.0); LASE 75 (0.0); LASE 78 (0.0); LASE 85 (+0.5); LASE 88 (0.0),DRIVE START,T,LASE,LASE 04; LASE 88,,5; LASE 63 (LG); LASE 65 (C); LASE 73 (LT); LASE 75 (RT); LASE 78 (RG),,3b,ALSO D14,,6; ALSO D02; ALSO D12; ALSO D13; ALSO D14; ALSO D17; ALSO D26,5,M,LASE 06 (QB),LWR 3(4); SLWR x6(5); TE-L 6o(5); HB-R h2(-5); RWR z,3; X; 6; H2; -,LASE 14 3(4); LASE 88 x6(5); LASE 85 6o(5); LASE 05 h2(-5); LASE 04 z,TE-L,LASE 85,COMPLETE,6o(5),6R,5; ALSO D08 (ROLB); ALSO D11 (ROLB); ALSO D18 (RE); ALSO D41 (LE); ALSO D56 (NT),,24,4,,,,-37,,,,LASE 85,,,0,,,LASE 06,0,,,0,,HB-R,HB-R (-5),,1; LASE 05 (HB-R),,,,,,P,,-7,LASE 05* (R:B),S,,,,ALSO D02,ALSO D13,L,,,,LWR(-1.5); SLWR^(+0.5); RWR^(+17.5),,0,11,0,0,0,,false,3,3,-0.281,1.322,Hitch,false,12,LASE 05,LASE 85; LASE 88,LASE 04; LASE 14,GUN WEAK,TREY - OPEN,LWR; SLWR; TE-L; HB-R; RWR,3x2,TREY - SLOT,NICKEL,ALSO D02; ALSO D08; ALSO D12; ALSO D13; ALSO D14,ALSO D11; ALSO D17; ALSO D26,ALSO D18; ALSO D41; ALSO D56,ODD,,COVER 3,,80,,-0.171,1.517,31097_7066390,31097-LASE-1
7064993,31097,2026-09-05,2026,01,411423,282,1,1,13:13,0,,0,7,0,1,2,,0,,,,0,1,0,0,0,-5,0,7066390,7065138,,7.00,0,,10,0,,,0,0,,,0,0,,6; ALSO D11 (29); ALSO D17 (10); ALSO D18 (33); ALSO D26 (17); ALSO D41 (28); ALSO D56 (19),LASE 04; LASE 14; LASE 85; LASE 88,,,,LCB (7); SCBL (2); FS (13); SCBR (2); RCB (5),LOLB (10); LILB (17); DLT (19); DRT (28); RLB (29); REO (33),3-3-5,ALSO D02 (LCB); ALSO D08 (SCBR); ALSO D11 (RLB); ALSO D12 (RCB); ALSO D13 (FS); ALSO D14 (SCBL); ALSO D17 (LOLB); ALSO D18 (REO); ALSO D26 (LILB); ALSO D41 (DRT); ALSO D56 (DLT),ALSO D02 (0.0); ALSO D08 (0.0); ALSO D11 (0.0); ALSO D12 (0.0); ALSO D13 (0.0); ALSO D14 (0.0); ALSO D17 (0.0); ALSO D18 (0.0); ALSO D26 (0.0); ALSO D41 (0.0); ALSO D56 (0.0),,,ALSO,10,,DLT (19); DRT (28); REO (33),,INTERCEPTION,-35,5,KICKOFF - RETURN,-20,,,-37,,,,,-5,,,C,C,,,,,,,,,,,,,,,,LOLB (0); LILB (5); RLB (5),,,,,LWR; SLWR^; HB-L; SRWR^; RWR,2x2,TE>LWR; TE>RWR,2-0-1-2,12,LASE 04; LASE 05; LASE 14; LASE 85; LASE 88,LASE 04 (SRWR); LASE 05 (HB-L); LASE 06 (QB); LASE 14 (SLWR); LASE 63 (LG); LASE 65 (C); LASE 73 (LT); LASE 75 (RT); LASE 78 (RG); LASE 85 (LWR); LASE 88 (RWR),LASE 04 (0.0); LASE 05 (0.0); LASE 06 (0.0); LASE 14 (0.0); LASE 63 (0.0); LASE 65 (0.0); LASE 73 (0.0); LASE 75 (0.0); LASE 78 (0.0); LASE 85 (0.0); LASE 88 (0.0),,,LASE,LASE 04; LASE 14,,,,,,,,,,,,,,,,,,,,,,,FST,,,-32,,,,,ALSO D08 > LASE 14; ALSO D14 > LASE 04,,0,,,LASE 06,0,,,0,,HB-L,HB-L (-5),,1; LASE 05 (HB-L),,,,,,X,,-7,,S,,,,,,,,,,LWR(-24.5); SLWR^(-3.5); SRWR^(+10.5); RWR(+11.5),,0,,0,0,0,,true,3,3,1.041,-0.852,,false,12,LASE 05,LASE 85; LASE 88,LASE 04; LASE 14,GUN STRONG,SLOT - SLOT,LWR; SLWR; HB-L; SRWR; RWR,2x2,SLOT - SLOT,NICKEL,ALSO D02; ALSO D08; ALSO D12; ALSO D13; ALSO D14,ALSO D11; ALSO D17; ALSO D26,ALSO D18; ALSO D41; ALSO D56,WIDE OVER,,,,63,,1.346,-0.952,31097_7064993,31097-LASE-1
7065138,31097,2026-09-05,2026,01,411423,309,1,1,12:26,0,,0,7,0,1,3,3,0,,,,0,0,0,0,0,,0,7064993,7065175,,7.00,0,,11,0,,,0,0,,2,0,0,LASE 05,7; ALSO D11 (30); ALSO D14 (06); ALSO D17 (11); ALSO D18 (36); ALSO D26 (22); ALSO D41 (28); ALSO D56 (19),LASE 04; LASE 17,,,,SSL (7); FS (10); SCBR (2); RCB (6),LOLB (06); SSL (10); LEO (11); DLT (19); MLB (22); DRT (28); RLB (30); REO (36),3-3-5,ALSO D02 (SSL); ALSO D08 (SCBR); ALSO D11 (RLB); ALSO D12 (RCB); ALSO D13 (FS); ALSO D14 (LOLB); ALSO D17 (LEO); ALSO D18 (REO); ALSO D26 (MLB); ALSO D41 (DRT); ALSO D56 (DLT),ALSO D02 (0.0); ALSO D08 (0.0); ALSO D11 (0.0); ALSO D12 (0.0); ALSO D13 (0.0); ALSO D14 (0.0); ALSO D17 (0.0); ALSO D18 (0.0); ALSO D26 (0.0); ALSO D41 (0.0); ALSO D56 (0.0),,T,ALSO,15,,LEO (11); DLT (19); DRT (28); REO (36),,INTERCEPTION,-35,5,KICKOFF - RETURN,-20,,,-32,ALSO D11,,,,3,,,C,C,,,,,,LASE 65 (C); LASE 75 (RT); ALSO D41 (DRT); ALSO D56 (DLT),,,,,,,,,,LOLB (0); MLB (4); RLB (4),,C,C,LASE 65,LWR; SLWR^; TE-L; HB; TE-R^,3x1,FB>TE-L,2-0-1-2,12,LASE 04; LASE 05; LASE 17; LASE 30; LASE 85,LASE 04 (LWR); LASE 05 (HB); LASE 06 (QB); LASE 17 (SLWR); LASE 30 (TE-L); LASE 63 (LG); LASE 65 (C); LASE 73 (LT); LASE 75 (RT); LASE 78 (RG); LASE 85 (TE-R),LASE 04 (0.0); LASE 05 (0.0); LASE 06 (0.0); LASE 17 (0.0); LASE 30 (0.0); LASE 63 (0.0); LASE 65 (-1.0); LASE 73 (0.0); LASE 75 (0.0); LASE 78 (0.0); LASE 85 (0.0),LASE 17; LASE 30,F,LASE,LASE 17; LASE 85,,,,3,,,,,,,,,,,,,,,,,,,,,,-35,LG,,LG,,ALSO D08 > LASE 17,,0,,,LASE 06,0,,,0,,HB,HB (-7),L,1; LASE 05 (HB),,,,INSIDE ZONE,SPLIT,R,,-7,,,,ALSO D11,,ALSO D11,ALSO D26,L;R,,,,LWR(-4.5); SLWR^(-3.5),,0,5,0,0,0,,false,3,3,0.189,-0.289,,false,12,LASE 05,LASE 30; LASE 85,LASE 04; LASE 17,ACE,TREY - CLOSED,LWR; SLWR; TE-L; HB; TE-R,3x1,TREY - CLOSED,NICKEL,ALSO D02; ALSO D08; ALSO D12; ALSO D13; ALSO D14,ALSO D11; ALSO D17; ALSO D26,ALSO D18; ALSO D41; ALSO D56,WIDE UNDER,,COVER 3,,68,,0.394,-0.316,31097_7065138,31097-LASE-1
7065175,31097,2026-09-05,2026,01,411423,335,1,2,11:45,1,0,0,7,0,1,4,,0,,,,0,0,0,0,0,,0,7065138,7066779,,7.00,0,,12,0,2.3,5.7,0,0,,,0,0,,4; ALSO D17 (34); ALSO D18 (11); ALSO D41 (17); ALSO D49 (25),,R,,,LCB (8); SCBoL (7); SCBiL (3); FSL (11); FSR (13); SCBR (4); RCB (9),LEO (11); DLT (17); DRT (25); ROLB (34),3-3-5,ALSO D02 (LCB); ALSO D08 (SCBoL); ALSO D11 (SCBiL); ALSO D12 (RCB); ALSO D13 (FSL); ALSO D14 (FSR); ALSO D17 (ROLB); ALSO D18 (LEO); ALSO D26 (SCBR); ALSO D41 (DLT); ALSO D49 (DRT),ALSO D02 (0.0); ALSO D08 (0.0); ALSO D11 (0.0); ALSO D12 (0.0); ALSO D13 (+1.0); ALSO D14 (0.0); ALSO D17 (0.0); ALSO D18 (0.0); ALSO D26 (0.0); ALSO D41 (0.0); ALSO D49 (0.0),ALSO D49,T,ALSO,12,,LEO (11); DLT (17); DRT (25),,INTERCEPTION,-35,5,KICKOFF - RETURN,-20,6,SR,-35,,,,,0,,,L,R,,,PD,,,LASE 06 (QB); LASE 75 (RT); ALSO D11 (SCBiL); ALSO D13 (FSL),,,,,,,,,,ROLB (0),,C,O,LASE 06,LWR^; SLWR; SRiWR; SRoWR^; RWR,2x3,HB>SLWR; TE>RWR; TE>SRiWR,2-0-1-2,12,LASE 02; LASE 04; LASE 14; LASE 85; LASE 88,LASE 02 (SLWR); LASE 04 (LWR); LASE 06 (QB); LASE 14 (SRoWR); LASE 63 (LG); LASE 65 (C); LASE 73 (LT); LASE 75 (RT); LASE 78 (RG); LASE 85 (SRiWR); LASE 88 (RWR),LASE 02 (0.0); LASE 04 (0.0); LASE 06 (-2.0); LASE 14 (0.0); LASE 63 (0.0); LASE 65 (0.0); LASE 73 (0.0); LASE 75 (0.0); LASE 78 (0.0); LASE 85 (0.0); LASE 88 (0.0),LASE 02; LASE 14; LASE 88,F,LASE,LASE 04; LASE 14,,5; LASE 63 (LG); LASE 65 (C); LASE 73 (LT); LASE 75 (RT); LASE 78 (RG),ALSO D13,3b,ALSO D17,,7; ALSO D02; ALSO D08; ALSO D12; ALSO D13; ALSO D14; ALSO D17; ALSO D26,13,M,LASE 06 (QB),LWR 9; SLWR 2(4); SRiWR 6(5); SRoWR 9y; RWR 6(5),9; 2; 6; 9; 6,LASE 04 9; LASE 02 2(4); LASE 85 6(5); LASE 14 9y; LASE 88 6(5),SLWR,LASE 02,INCOMPLETE,2(4),XR,4; ALSO D11 (SCBiL); ALSO D18 (LEO); ALSO D41 (DLT); ALSO D49 (DRT),,44,5R,,,,-35,,,,ALSO D13,,,0,,,LASE 06,1,,,0,R,EMPTY,,,,,,,,,P,,-7,LASE 02 (B:L); LASE 04 (R:L{L}); LASE 14 (L:R{R}); LASE 85 (L:R{R}); LASE 88 (L:R{R}),S,,,,,,,,,,LWR^(-20.5); SLWR(-16.5); SRiWR(+4.5); SRoWR^(+10.5); RWR(+18.5),,0,6,0,0,0,,false,3,3,-0.1,-1.174,Slant,false,12,LASE 02,LASE 85; LASE 88,LASE 04; LASE 14,GUN EMPTY,TRIPS - SLOT,LWR; SLWR; SRiWR; SRoWR; RWR,1x3,TREY - OPEN,NICKEL,ALSO D02; ALSO D08; ALSO D12; ALSO D13; ALSO D14,ALSO D11; ALSO D17; ALSO D26,ALSO D18; ALSO D41; ALSO D49,WIDE OVER,,COVER 3,,65,,0.078,-1.115,31097_7065175,31097-LASE-1
7066779,31097,2026-09-05,2026,01,411423,361,1,3,11:31,1,0,1,7,0,1,5,,0,,,,0,0,0,0,0,,0,7065175,7065252,,7.00,0,,13,0,1.8,1.9,0,0,,,0,0,,6; ALSO D11 (18); ALSO D17 (09); ALSO D18 (28); ALSO D25 (34); ALSO D48 (26); ALSO D90 (20),,L,,,LCB (7); SCBoL (5); SCBiL (6); FS (14); RCB (9),LOLB (09); LILB (18); DLT (20); RILB (26); DRT (28); ROLB (34),2-4-5,ALSO D02 (LCB); ALSO D08 (SCBiL); ALSO D11 (LILB); ALSO D12 (RCB); ALSO D14 (FS); ALSO D17 (LOLB); ALSO D18 (DRT); ALSO D24 (SCBoL); ALSO D25 (ROLB); ALSO D48 (RILB); ALSO D90 (DLT),ALSO D02 (0.0); ALSO D08 (0.0); ALSO D11 (0.0); ALSO D12 (0.0); ALSO D14 (0.0); ALSO D17 (0.0); ALSO D18 (0.0); ALSO D24 (+1.5); ALSO D25 (0.0); ALSO D48 (0.0); ALSO D90 (0.0),ALSO D24; ALSO D25; ALSO D48; ALSO D90,T,ALSO,12,,DLT (20); DRT (28),,INTERCEPTION,-35,5,KICKOFF - RETURN,-20,7,SD,-35,,,,,0,,,L,R,,ALSO D11,CC,,ALSO D24,LASE 02 (HB-L); LASE 06 (QB); ALSO D11 (LILB); ALSO D24 (SCBoL),,,,,,,,,,LOLB (0); LILB (4); RILB (4); ROLB (0),,C,C,LASE 02; LASE 06,LWR^; HB-L; SRiWR; SRoWR; RWR^,1x3,TE>SRiWR,3-0-1-1,11,LASE 02; LASE 04; LASE 14; LASE 82; LASE 88,LASE 02 (HB-L); LASE 04 (LWR); LASE 06 (QB); LASE 14 (RWR); LASE 63 (LG); LASE 65 (C); LASE 73 (LT); LASE 75 (RT); LASE 78 (RG); LASE 82 (SRoWR); LASE 88 (SRiWR),LASE 02 (-1.0); LASE 04 (0.0); LASE 06 (-1.0); LASE 14 (0.0); LASE 63 (0.0); LASE 65 (0.0); LASE 73 (0.0); LASE 75 (0.0); LASE 78 (0.0); LASE 82 (0.0); LASE 88 (0.0),LASE 82,F,LASE,LASE 04; LASE 14,,6; LASE 02 (HB-L); LASE 63 (LG); LASE 65 (C); LASE 73 (LT); LASE 75 (RT); LASE 78 (RG),,1b,ALSO D24,,6; ALSO D02; ALSO D08; ALSO D12; ALSO D14; ALSO D24; ALSO D48,27,R,LASE 06 (QB),LWR 6(5); HB-L kl; SRiWR 3(5); SRoWR 9y; RWR 6(5),6; -; 3; 9; 6,LASE 04 6(5); LASE 02 kl; LASE 88 3(5); LASE 82 9y; LASE 14 6(5),SRoWR,LASE 82,INTERCEPTION,9y,9R,5; ALSO D11 (LILB); ALSO D17 (LOLB); ALSO D18 (DRT); ALSO D25 (ROLB); ALSO D90 (DLT),HURRY,49,6R,,,,-35,,,,ALSO D24,,ALSO D11 (U) LASE 02,0,,,LASE 06,0,ALSO D11,LASE 02,0,,HB-L,HB-L (-5),L,1; LASE 02 (HB-L),,,,,,P,,-7,,S,,,,,,,,ALSO D11 (R.B.N) LILB,,LWR^(-19.5); SRiWR(+4.5); SRoWR(+12.5); RWR^(+19.5),1; ALSO D24,0,7,0,0,1,,false,3,3,-1.274,-1.154,Numbers go,false,11,LASE 02,LASE 88,LASE 04; LASE 14; LASE 82,GUN WEAK,TRIPS - OPEN,LWR; HB-L; SRiWR; SRoWR; RWR,1x3,TRIPS - OPEN,NICKEL,ALSO D02; ALSO D08; ALSO D12; ALSO D14; ALSO D24,ALSO D11; ALSO D17; ALSO D25; ALSO D48,ALSO D18; ALSO D90,WIDE UNDER,,COVER 1,,65,,-1.037,-1.482,31097_7066779,31097-LASE-1
7065967,31097,2026-09-05,2026,01,411423,756,1,1,06:00,1,0,0,10,0,2,1,,0,,,,0,0,0,0,0,,1,7065902,7065986,,10.00,0,,27,0,,1.4,0,0,,,0,0,,6; ALSO D11 (17); ALSO D18 (36); ALSO D25 (12); ALSO D41 (28); ALSO D48 (30); ALSO D56 (21),LASE 04; LASE 82,R,,,LCB (6); SCBL (3); FSL (11); SSR (10); RCB (9),LOLB (12); LILB (17); NLT (21); DRT (28); RLB (30); ROLB (36); SSR (41),3-3-5,ALSO D02 (LCB); ALSO D08 (FSL); ALSO D11 (LILB); ALSO D12 (RCB); ALSO D14 (SSR); ALSO D18 (ROLB); ALSO D24 (SCBL); ALSO D25 (LOLB); ALSO D41 (DRT); ALSO D48 (RLB); ALSO D56 (NLT),ALSO D02 (0.0); ALSO D08 (0.0); ALSO D11 (0.0); ALSO D12 (0.0); ALSO D14 (0.0); ALSO D18 (0.0); ALSO D24 (0.0); ALSO D25 (0.0); ALSO D41 (0.0); ALSO D48 (0.0); ALSO D56 (+0.5),DRIVE START,T,ALSO,10,,NLT (21); DRT (28),,SAFETY,0,4,KICKOFF - RETURN,-24,5,SD,-24,,,,,0,,,R,L,,,OT,,,LASE 06 (QB); LASE 78 (RG); ALSO D12 (RCB); ALSO D56 (NLT),,,,,,,,,,LOLB (0); LILB (4); RLB (4); ROLB (0),,C,O,LASE 06; LASE 78,LWR^; TE-L; HB-L; SRWR; RWR^,2x2,,3-0-1-1,11,LASE 04; LASE 14; LASE 33; LASE 82; LASE 85,LASE 04 (RWR); LASE 06 (QB); LASE 14 (LWR); LASE 33 (HB-L); LASE 63 (LG); LASE 65 (C); LASE 73 (LT); LASE 75 (RT); LASE 78 (RG); LASE 82 (SRWR); LASE 85 (TE-L),LASE 04 (0.0); LASE 06 (-0.5); LASE 14 (0.0); LASE 33 (0.0); LASE 63 (0.0); LASE 65 (0.0); LASE 73 (0.0); LASE 75 (0.0); LASE 78 (-1.0); LASE 82 (0.0); LASE 85 (0.0),DRIVE START,F,LASE,LASE 04; LASE 14,,6; LASE 63 (LG); LASE 65 (C); LASE 73 (LT); LASE 75 (RT); LASE 78 (RG); LASE 85 (TE-L),,3b,ALSO D12,,6; ALSO D02; ALSO D08; ALSO D11; ALSO D12; ALSO D14; ALSO D48,4,M,LASE 06 (QB),LWR 6(5); TE-L r; HB-L fr; SRWR 0(-1); RWR z,6; -; -; 0; -,LASE 14 6(5); LASE 85 r; LASE 33 fr; LASE 82 0(-1); LASE 04 z,LWR,LASE 14,INCOMPLETE,6(5),6R,5; ALSO D18 (ROLB); ALSO D24 (SCBL); ALSO D25 (LOLB); ALSO D41 (DRT); ALSO D56 (NLT),,16,3L,,,LASE 33,-24,,,,ALSO D56,,ALSO D56 (I) LASE 78,0,,,LASE 06,0,,,0,,HB-L,HB-L (-5),,1; LASE 33 (HB-L),,,,COUNTER,,P,,-10,,S,,,,,,L,,,,LWR^(-12.5); SRWR(+20.5); RWR^(+20.5),,1,13,0,0,0,,false,3,3,-0.259,-0.759,Hitch,false,11,LASE 33,LASE 85,LASE 04; LASE 14; LASE 82,GUN STRONG,SLOT - PRO,LWR; TE-L; HB-L; SRWR; RWR,2x2,SLOT - PRO,NICKEL,ALSO D02; ALSO D08; ALSO D12; ALSO D14; ALSO D24,ALSO D11; ALSO D25; ALSO D48,ALSO D18; ALSO D41; ALSO D56,OVER,,COVER 3,,76,,0.194,-0.959,31097_7065967,31097-LASE-2
7065986,31097,2026-09-05,2026,01,411423,782,1,2,05:56,1,1,0,10,0,2,2,3,0,,,,0,0,0,0,0,,0,7065967,7066015,,10.00,0,,28,0,,1.0,0,0,6,2,0,0,LASE 04,7; ALSO D11 (28); ALSO D14 (21); ALSO D17 (05); ALSO D18 (32); ALSO D26 (19); ALSO D41 (17); ALSO D56 (25),LASE 04; LASE 14; LASE 85,L,,,SSL (7); SS (8); FSR (12); SCBoR (3); RCB (8),LOLB (05); SSL (08); DLT (17); LILB (19); SS (21); DRT (25); RILB (28); REO (32),3-3-5,ALSO D02 (SSL); ALSO D08 (SCBoR); ALSO D11 (RILB); ALSO D12 (RCB); ALSO D13 (FSR); ALSO D14 (SS); ALSO D17 (LOLB); ALSO D18 (REO); ALSO D26 (LILB); ALSO D41 (DLT); ALSO D56 (DRT),ALSO D02 (0.0); ALSO D08 (0.0); ALSO D11 (0.0); ALSO D12 (-1.0); ALSO D13 (-0.5); ALSO D14 (+0.5); ALSO D17 (0.0); ALSO D18 (+0.5); ALSO D26 (0.0); ALSO D41 (0.0); ALSO D56 (0.0),ALSO D13; ALSO D17; ALSO D26,T,ALSO,10,,DLT (17); DRT (25); REO (32),,SAFETY,0,4,KICKOFF - RETURN,-24,6,SD,-24,ALSO D13,,,,3,,,R,L,,,,,,LASE 04 (LWR); ALSO D12 (RCB); ALSO D13 (FSR); ALSO D14 (SS); ALSO D18 (REO),,,,,,,,,,LOLB (0); LILB (2); RILB (3),ALSO D12; ALSO D13,C,C,ALSO D12; ALSO D13,LWR; SLoWR^; SLiWR; HB-R; TE-R^,3x1,TE>SLoWR,2-0-1-2,12,LASE 04; LASE 14; LASE 33; LASE 85; LASE 88,LASE 04 (LWR); LASE 06 (QB); LASE 14 (SLiWR); LASE 33 (HB-R); LASE 63 (LG); LASE 65 (C); LASE 73 (LT); LASE 75 (RT); LASE 78 (RG); LASE 85 (SLoWR); LASE 88 (TE-R),LASE 04 (0.0); LASE 06 (0.0); LASE 14 (0.0); LASE 33 (0.0); LASE 63 (0.0); LASE 65 (0.0); LASE 73 (0.0); LASE 75 (0.0); LASE 78 (0.0); LASE 85 (0.0); LASE 88 (0.0),LASE 88,F,LASE,LASE 85; LASE 88,,6; LASE 63 (LG); LASE 65 (C); LASE 73 (LT); LASE 75 (RT); LASE 78 (RG); LASE 88 (TE-R),,3b,ALSO D12,,6; ALSO D02; ALSO D08; ALSO D11; ALSO D12; ALSO D13; ALSO D14,-3,M,LASE 06 (QB),LWR 0(-2); SLoWR z; SLiWR z; HB-R fl; TE-R r,0; -; -; -; -,LASE 04 0(-2); LASE 85 z; LASE 14 z; LASE 33 fl; LASE 88 r,LWR,LASE 04,COMPLETE,0(-2),0R,5; ALSO D17 (LOLB); ALSO D18 (REO); ALSO D26 (LILB); ALSO D41 (DLT); ALSO D56 (DRT),,17,3L,,,LASE 33,-27,,,,ALSO D14; ALSO D18,,,0,,,LASE 06,0,,,0,,HB-R,HB-R (-6),,1; LASE 33 (HB-R),,,,INSIDE ZONE,,P,,-10,,S,,ALSO D14,,ALSO D14,ALSO D18,R,,,,LWR(-10.5); SLoWR^(-8.5); SLiWR(-7.5),,1,13,0,0,0,,false,3,3,-1.018,-0.514,WR Screen,false,12,LASE 33,LASE 85; LASE 88,LASE 04; LASE 14,GUN STRONG,TRIPS - CLOSED,LWR; SLoWR; SLiWR; HB-R; TE-R,3x1,TRIPS - CLOSED,NICKEL,ALSO D02; ALSO D08; ALSO D12; ALSO D13; ALSO D14,ALSO D11; ALSO D17; ALSO D26,ALSO D18; ALSO D41; ALSO D56,WIDE OVER,SINGLE MUG,COVER 3,,76,,-0.765,-0.609,31097_7065986,31097-LASE-2
7066015,31097,2026-09-05,2026,01,411423,810,1,3,05:12,0,0,0,10,0,2,3,,0,,,,0,0,0,0,0,,0,7065986,7066369,,10.00,0,,29,1,,2.7,0,0,,,0,0,,6; ALSO D11 (18); ALSO D17 (09); ALSO D18 (33); ALSO D25 (23); ALSO D48 (25); ALSO D90 (22),LASE 04; LASE 82,C,LASE 33,LASE 33,LCB (8); SCBL (6); FSL (13); SCBR (5); RCB (2),LOLB (09); LILB (18); NT (22); MLB (23); RILB (25); REO (33),2-4-5,ALSO D02 (LCB); ALSO D08 (FSL); ALSO D11 (LILB); ALSO D12 (RCB); ALSO D14 (SCBR); ALSO D17 (LOLB); ALSO D18 (REO); ALSO D24 (SCBL); ALSO D25 (MLB); ALSO D48 (RILB); ALSO D90 (NT),ALSO D02 (0.0); ALSO D08 (0.0); ALSO D11 (0.0); ALSO D12 (0.0); ALSO D14 (0.0); ALSO D17 (0.0); ALSO D18 (0.0); ALSO D24 (0.0); ALSO D25 (0.0); ALSO D48 (0.0); ALSO D90 (0.0),ALSO D24; ALSO D25; ALSO D48; ALSO D90,T,ALSO,7,,NT (22); REO (33),,SAFETY,0,4,KICKOFF - RETURN,-24,8,SD,-27,,,,,0,,,L,R,,,OT,,,LASE 06 (QB); LASE 63 (LG); LASE 73 (LT); ALSO D12 (RCB); ALSO D18 (REO); ALSO D25 (MLB),,,,,,,,,,LOLB (0); LILB (5); MLB (2); RILB (5),,C,C,LASE 06,LWR^; SLWR; HB-R; SRWR; RWR^,2x2,,4-0-1-0,10,LASE 04; LASE 14; LASE 17; LASE 33; LASE 82,LASE 04 (LWR); LASE 06 (QB); LASE 14 (RWR); LASE 17 (SRWR); LASE 33 (HB-R); LASE 63 (LG); LASE 65 (C); LASE 73 (LT); LASE 75 (RT); LASE 78 (RG); LASE 82 (SLWR),LASE 04 (0.0); LASE 06 (-0.5); LASE 14 (0.0); LASE 17 (0.0); LASE 33 (0.0); LASE 63 (0.0); LASE 65 (0.0); LASE 73 (0.0); LASE 75 (0.0); LASE 78 (0.0); LASE 82 (0.0),LASE 17; LASE 82,F,LASE,LASE 04; LASE 14,,5; LASE 63 (LG); LASE 65 (C); LASE 73 (LT); LASE 75 (RT); LASE 78 (RG),,1,ALSO D12,,7; ALSO D02; ALSO D08; ALSO D11; ALSO D12; ALSO D14; ALSO D24; ALSO D48,15,L,LASE 06 (QB),LWR 7i(11); SLWR 3(3); HB-R ckrh2(-7); SRWR 4i(11); RWR 4(13),7; 3; H2; 4; 4,LASE 04 7i(11); LASE 82 3(3); LASE 33 ckrh2(-7); LASE 17 4i(11); LASE 14 4(13),LWR,LASE 04,INCOMPLETE,7i(11),3R,4; ALSO D17 (LOLB); ALSO D18 (REO); ALSO D25 (MLB); ALSO D90 (NT),,1,1L,,,,-27,,,,,ALSO D12 > LASE 04,,0,,,LASE 06,0,,,0,,HB-R,HB-R (-6),R,1; LASE 33 (HB-R),,,,,,P,,-10,,S,,,,,,,,,,LWR^(-17.5); SLWR(-14.5); SRWR(+7.5); RWR^(+12.5),,0,5,0,0,0,,false,3,3,-1.532,-0.663,Corner,false,10,LASE 33,,LASE 04; LASE 14; LASE 17; LASE 82,GUN STRONG,SLOT - SLOT,LWR; SLWR; HB-R; SRWR; RWR,2x2,SLOT - SLOT,NICKEL,ALSO D02; ALSO D08; ALSO D12; ALSO D14; ALSO D24,ALSO D11; ALSO D17; ALSO D25; ALSO D48,ALSO D18; ALSO D90,ODD,SINGLE MUG,COVER 1,,73,,-1.374,-1.782,31097_7066015,31097-LASE-2
7066369,31097,2026-09-05,2026,01,411423,836,1,4,05:06,0,,0,10,0,2,4,0,0,,,,0,0,0,0,0,-10,0,7066015,7069724,,10.00,0,,30,0,,,0,1,,0,0,0,LASE S46,,,,,,,,3-1-7,ALSO 08 (PDL2); ALSO 21 (PDL1); ALSO 83 (PDR1); ALSO D02 (PR); ALSO D04 (PLL); ALSO D10 (PDL3); ALSO D12 (VLo); ALSO D13 (PDR3); ALSO D15 (VR); ALSO D23 (PDR2); ALSO D29 (VRi),ALSO 08 (0.0); ALSO 21 (0.0); ALSO 83 (0.0); ALSO D02 (0.0); ALSO D04 (0.0); ALSO D10 (0.0); ALSO D12 (0.0); ALSO D13 (0.0); ALSO D15 (0.0); ALSO D23 (0.0); ALSO D29 (0.0),ALSO 08; ALSO 21; ALSO 83; ALSO D04; ALSO D10; ALSO D13; ALSO D15; ALSO D23; ALSO D29,T,ALSO,7,,,,SAFETY,0,4,KICKOFF - RETURN,-24,,,-27,,,LASE S41,,-27,,,L,R,,,,,,LASE S41 (PLS); LASE S46 (P),,,,,,FAKE,,,,,,,,LASE S41,PLS^; GL^; PRG^; GRi; PLG^; GRo^; P; PPR; PLT^; PPL; PRT^,,,X-X-X-X,Unknown,,LASE 02 (GRi); LASE 30 (PPL); LASE D12 (GRo); LASE D21 (GL); LASE D23 (PRT); LASE D25 (PLT); LASE D36 (PRG); LASE D40 (PPR); LASE D43 (PLG); LASE S41 (PLS); LASE S46 (P),LASE 02 (0.0); LASE 30 (0.0); LASE D12 (0.0); LASE D21 (0.0); LASE D23 (0.0); LASE D25 (0.0); LASE D36 (0.0); LASE D40 (0.0); LASE D43 (0.0); LASE S41 (-1.5); LASE S46 (0.0),LASE 02; LASE 30; LASE D12; LASE D21; LASE D23; LASE D25; LASE D36; LASE D40; LASE D43; LASE S41; LASE S46,F,LASE,LASE D12; LASE D21; LASE D23; LASE D25; LASE D36; LASE D43; LASE S41,,,,,,,,,,,,,,,,,,,,,,,LASE S46 KIK,,,0,QB FUMBLE,,QB FUMBLE,,,,0,,,,0,,,0,,L;R,,U,,,,ALSO D02,UNDEFINED,,R,,-10,,,,,,,,,,,,,,0,10,0,0,0,SELF FUMBLE,false,3,3,-2.195,-1.879,,false,11,LASE 02,LASE 30,,OTHER,OTHER,,0x0,,,ALSO D02; ALSO D04; ALSO D12; ALSO D13; ALSO D15; ALSO D23; ALSO D29,ALSO D10,,NO INTERIOR FAMILY,,,,73,,-3.156,1.156,31097_7066369,31097-LASE-2
7067247,31097,2026-09-05,2026,01,411423,1136,1,1,02:32,1,,0,19,0,3,1,-2,0,,,,0,0,0,0,0,,0,7067200,7067250,,19.00,0,,42,0,,,0,0,,1,0,0,LASE 33,7; ALSO D02 (08); ALSO D11 (31); ALSO D25 (06); ALSO D26 (18); ALSO D56 (22); ALSO D90 (29); ALSO D94 (15),,,,,FS (9); FSR (13); SCBR (2); RCB (6),LOLB (06); LLB (08); LE (15); LILB (18); NT (22); RE (29); RLB (31),3-3-5,ALSO D02 (LLB); ALSO D05 (FSR); ALSO D08 (SCBR); ALSO D11 (RLB); ALSO D12 (RCB); ALSO D14 (FS); ALSO D25 (LOLB); ALSO D26 (LILB); ALSO D56 (NT); ALSO D90 (RE); ALSO D94 (LE),ALSO D02 (0.0); ALSO D05 (0.0); ALSO D08 (0.0); ALSO D11 (0.0); ALSO D12 (0.0); ALSO D14 (0.0); ALSO D25 (0.0); ALSO D26 (0.0); ALSO D56 (0.0); ALSO D90 (0.0); ALSO D94 (+0.5),DRIVE START,T,ALSO,10,,LE (15); NT (22); RE (29),,TOUCHDOWN,+0,4,KICKOFF - RETURN,-24,,,-24,ALSO D94,,,,-2,,,R,L,,,,,,LASE 63 (LG); LASE 78 (RG); ALSO D56 (NT); ALSO D94 (LE),,,,,,,,,,LOLB (0); LLB (6); LILB (4); RLB (4),,C,C,LASE 63,LWR; SLWR; TE-L^; HB-R; TE-R^,3x1,HB>SLWR,1-0-2-2,22,LASE 02; LASE 04; LASE 33; LASE 85; LASE 88,LASE 02 (SLWR); LASE 04 (LWR); LASE 06 (QB); LASE 33 (HB-R); LASE 63 (LG); LASE 65 (C); LASE 73 (LT); LASE 75 (RT); LASE 78 (RG); LASE 85 (TE-L); LASE 88 (TE-R),LASE 02 (0.0); LASE 04 (0.0); LASE 06 (0.0); LASE 33 (0.0); LASE 63 (-1.0); LASE 65 (0.0); LASE 73 (0.0); LASE 75 (0.0); LASE 78 (0.0); LASE 85 (0.0); LASE 88 (0.0),DRIVE START,F,LASE,LASE 85; LASE 88,,,,3b,,,,,,,,,,,,,,,,,,,,,,-22,LE,,LE,ALSO D94,,,0,,,LASE 06,0,,,0,,HB-R,HB-R (-6),L,1; LASE 33 (HB-R),,,,COUNTER,,R,,-19,LASE 02* (L:R{L}),S,,ALSO D94,,ALSO D94,,L;R,,,,LWR(-7.5); SLWR(-1.5),,0,3,0,0,0,,false,3,3,-0.213,-0.992,,false,22,LASE 02; LASE 33,LASE 85; LASE 88,LASE 04,GUN WEAK,TREY - CLOSED,LWR; SLWR; TE-L; HB-R; TE-R,3x1,TREY - CLOSED,NICKEL,ALSO D02; ALSO D05; ALSO D08; ALSO D12; ALSO D14,ALSO D11; ALSO D25; ALSO D26,ALSO D56; ALSO D90; ALSO D94,ODD,,COVER 3,,76,,0.194,-1.263,31097_7067247,31097-LASE-3
7067250,31097,2026-09-05,2026,01,411423,1162,1,2,01:55,0,1,0,19,0,3,2,54,0,1,,,0,0,0,0,0,12,1,7067247,7067256,,19.00,1,,43,0,,2.1,0,0,57,4,0,0,LASE 33,7; ALSO D11 (13); ALSO D14 (40); ALSO D25 (32); ALSO D48 (23); ALSO D56 (25); ALSO D90 (11); ALSO D94 (17),,R,,,LCB (8); SCBiL (4); FSL (12); RCB (8),LEO (11); LLB (13); DLT (17); MLB (23); DRT (25); ROLB (32); RLB (40),3-3-5,ALSO D02 (LCB); ALSO D05 (FSL); ALSO D11 (LLB); ALSO D12 (RCB); ALSO D14 (RLB); ALSO D24 (SCBiL); ALSO D25 (ROLB); ALSO D48 (MLB); ALSO D56 (DRT); ALSO D90 (LEO); ALSO D94 (DLT),ALSO D02 (-1.0); ALSO D05 (-1.0); ALSO D11 (0.0); ALSO D12 (0.0); ALSO D14 (0.0); ALSO D24 (0.0); ALSO D25 (0.0); ALSO D48 (-1.0); ALSO D56 (0.0); ALSO D90 (0.0); ALSO D94 (0.0),ALSO D24; ALSO D48,F,ALSO,12,,LEO (11); DLT (17); DRT (25),,TOUCHDOWN,+0,4,KICKOFF - RETURN,-24,8,SD,-22,ALSO D12,,,,66,,,L,R,,,,,,LASE 14 (RWR); LASE 33 (HB-R); LASE 73 (LT); ALSO D02 (LCB); ALSO D05 (FSL); ALSO D12 (RCB); ALSO D48 (MLB),,,,,,,,,,LLB (3); MLB (3); RLB (3); ROLB (0),ALSO D05; ALSO D48,C,C,ALSO D02; ALSO D05; ALSO D48,LWR^; HB-R; SRiWR; SRoWR; RWR^,1x3,HB>SRiWR,3-0-2-0,20,LASE 02; LASE 04; LASE 09; LASE 14; LASE 33,LASE 02 (SRiWR); LASE 04 (LWR); LASE 06 (QB); LASE 09 (SRoWR); LASE 14 (RWR); LASE 33 (HB-R); LASE 63 (LG); LASE 65 (C); LASE 73 (LT); LASE 75 (RT); LASE 78 (RG),LASE 02 (0.0); LASE 04 (0.0); LASE 06 (0.0); LASE 09 (0.0); LASE 14 (0.0); LASE 33 (+1.0); LASE 63 (0.0); LASE 65 (0.0); LASE 73 (+0.5); LASE 75 (0.0); LASE 78 (0.0),LASE 09; LASE 14,T,LASE,LASE 04; LASE 14,,5; LASE 63 (LG); LASE 65 (C); LASE 73 (LT); LASE 75 (RT); LASE 78 (RG),,3,ALSO D14,,7; ALSO D02; ALSO D05; ALSO D11; ALSO D12; ALSO D14; ALSO D24; ALSO D48,-3,M,LASE 06 (QB),LWR 2(1)z; HB-R h1(-3); SRiWR 0u(-6); SRoWR z; RWR z,2; H1; 0; -; -,LASE 04 2(1)z; LASE 33 h1(-3); LASE 02 0u(-6); LASE 09 z; LASE 14 z,HB-R,LASE 33,COMPLETE,h1(-3),H1,4; ALSO D25 (ROLB); ALSO D56 (DRT); ALSO D90 (LEO); ALSO D94 (DLT),,10,3L,ALSO D02 FMM,,,+12,,,,LASE 33; LASE 73,,,0,,,LASE 06,0,,,0,,HB-R,HB-R (-6),,1; LASE 33 (HB-R),,,,UNDEFINED,,P,,-19,LASE 02* (B:R),S,,,,ALSO D12,,,,,,LWR^(-17.5); SRiWR(-0.5); SRoWR(+10.5); RWR^(+17.5),,0,10,0,0,0,,false,3,3,-1.205,6.135,Screen,false,20,LASE 02; LASE 33,,LASE 04; LASE 09; LASE 14,GUN STRONG,TRIPS - OPEN,LWR; HB-R; SRiWR; SRoWR; RWR,1x2,SLOT - OPEN,NICKEL,ALSO D02; ALSO D05; ALSO D12; ALSO D14; ALSO D24,ALSO D11; ALSO D25; ALSO D48,ALSO D56; ALSO D90; ALSO D94,WIDE OVER,,COVER 3,,78,,-1.069,5.355,31097_7067250,31097-LASE-3
7067256,31097,2026-09-05,2026,01,411423,1201,1,1,01:27,0,0,0,19,0,3,3,,0,,,,0,0,0,0,0,,1,7067250,7067266,,19.00,0,,44,0,,3.3,0,0,,,0,0,,9; ALSO D02 (22); ALSO D08 (38); ALSO D11 (29); ALSO D14 (05); ALSO D25 (06); ALSO D26 (18); ALSO D56 (23); ALSO D90 (35); ALSO D94 (18),,C,,,SS (7); SCBR (8); RCB (8),LLB (05); LOLB (06); LILB (18); DLT (18); SS (22); NRT (23); RLB (29); REO (35); RLB (38),3-3-5,ALSO D02 (SS); ALSO D05 (SCBR); ALSO D08 (RLB); ALSO D11 (RLB); ALSO D12 (RCB); ALSO D14 (LLB); ALSO D25 (LOLB); ALSO D26 (LILB); ALSO D56 (NRT); ALSO D90 (REO); ALSO D94 (DLT),ALSO D02 (0.0); ALSO D05 (0.0); ALSO D08 (+0.5); ALSO D11 (0.0); ALSO D12 (0.0); ALSO D14 (0.0); ALSO D25 (0.0); ALSO D26 (0.0); ALSO D56 (0.0); ALSO D90 (0.0); ALSO D94 (0.0),ALSO D08; ALSO D26,T,ALSO,10,,DLT (18); NRT (23); REO (35),,TOUCHDOWN,+0,4,KICKOFF - RETURN,-24,0,RL,+12,,,,,0,,,R,L,,,IF,,,LASE 06 (QB); ALSO D08 (RLB),,,,,,,,,,LOLB (0); LLB (3); LILB (4); RLB (3); RLB (3),,C,C,LASE 06,LWR^; SLWR; TE-L; HB-L; TE-R^,3x1,,2-0-1-2,12,LASE 04; LASE 17; LASE 33; LASE 85; LASE 88,LASE 04 (LWR); LASE 06 (QB); LASE 17 (SLWR); LASE 33 (HB-L); LASE 63 (LG); LASE 65 (C); LASE 73 (LT); LASE 75 (RT); LASE 78 (RG); LASE 85 (TE-R); LASE 88 (TE-L),LASE 04 (0.0); LASE 06 (-0.5); LASE 17 (0.0); LASE 33 (0.0); LASE 63 (0.0); LASE 65 (0.0); LASE 73 (0.0); LASE 75 (0.0); LASE 78 (0.0); LASE 85 (0.0); LASE 88 (0.0),LASE 17; LASE 85; LASE 88,F,LASE,LASE 04; LASE 85,,6; LASE 63 (LG); LASE 65 (C); LASE 73 (LT); LASE 75 (RT); LASE 78 (RG); LASE 85 (TE-R),,1,ALSO D08,,7; ALSO D02; ALSO D05; ALSO D08; ALSO D11; ALSO D12; ALSO D14; ALSO D26,-1,L,LASE 06 (QB),LWR z; SLWR z; TE-L 1; HB-L fr; TE-R r,-; -; 3; -; -,LASE 04 z; LASE 17 z; LASE 88 1; LASE 33 fr; LASE 85 r,TE-L,LASE 88,INCOMPLETE,1,1R,4; ALSO D25 (LOLB); ALSO D56 (NRT); ALSO D90 (REO); ALSO D94 (DLT),,7,2L,,,LASE 33,+12,,,,ALSO D08,,,0,,,LASE 06,0,,,0,,HB-L,HB-L (-6),,1; LASE 33 (HB-L),,,,INSIDE ZONE,,P,,-19,LASE 17* (R:Lx),S,,,,,,L;R,,,,LWR^(-11.5); SLWR(+0.5),1; ALSO D08,1,14,0,0,0,,false,3,3,4.93,-0.582,Flat,false,12,LASE 33,LASE 85; LASE 88,LASE 04; LASE 17,GUN WEAK,TREY - CLOSED,LWR; SLWR; TE-L; HB-L; TE-R,2x2,PRO - PRO,NICKEL,ALSO D02; ALSO D05; ALSO D08; ALSO D12; ALSO D14,ALSO D11; ALSO D25; ALSO D26,ALSO D56; ALSO D90; ALSO D94,OVER,,COVER 1,,12,,4.286,-0.502,31097_7067256,31097-LASE-3
7067266,31097,2026-09-05,2026,01,411423,1227,1,2,01:21,0,1,0,19,0,3,4,12,0,1,,,0,0,0,0,0,,0,7067256,7067279,,19.00,0,,45,0,2.0,2.1,0,0,0,0,0,0,LASE 88,7; ALSO D11 (26); ALSO D14 (04); ALSO D17 (11); ALSO D18 (33); ALSO D48 (13); ALSO D56 (23); ALSO D94 (17),,L,,,LCB (2); SSR (10); SCBR (3); RCB (7),LLB (04); LEO (11); LLB (13); DLT (17); NRT (23); RILB (26); REO (33); SSR (38),3-3-5,ALSO D02 (LCB); ALSO D05 (SSR); ALSO D11 (RILB); ALSO D12 (RCB); ALSO D14 (LLB); ALSO D17 (LEO); ALSO D18 (REO); ALSO D24 (SCBR); ALSO D48 (LLB); ALSO D56 (NRT); ALSO D94 (DLT),ALSO D02 (0.0); ALSO D05 (0.0); ALSO D11 (0.0); ALSO D12 (0.0); ALSO D14 (0.0); ALSO D17 (+1.0); ALSO D18 (0.0); ALSO D24 (0.0); ALSO D48 (-1.0); ALSO D56 (0.0); ALSO D94 (+1.0),ALSO D17; ALSO D18; ALSO D24; ALSO D48,F,ALSO,10,,LEO (11); DLT (17); NRT (23); REO (33),,TOUCHDOWN,+0,4,KICKOFF - RETURN,-24,7,SD,+12,,,,,12,,,R,L,,ALSO D94,,,,LASE 06 (QB); LASE 65 (C); LASE 73 (LT); LASE 75 (RT); LASE 78 (RG); LASE 88 (TE-R); ALSO D17 (LEO); ALSO D18 (REO); ALSO D48 (LLB); ALSO D56 (NRT); ALSO D94 (DLT),,,,,,,,,,LLB (4); LLB (4); RILB (4),,C,C,LASE 75; LASE 78; ALSO D48,LWR^; SLWR; HB-R; TE-R; RWR^,2x2,,3-0-1-1,11,LASE 04; LASE 09; LASE 14; LASE 33; LASE 88,LASE 04 (LWR); LASE 06 (QB); LASE 09 (SLWR); LASE 14 (RWR); LASE 33 (HB-R); LASE 63 (LG); LASE 65 (C); LASE 73 (LT); LASE 75 (RT); LASE 78 (RG); LASE 88 (TE-R),LASE 04 (0.0); LASE 06 (+0.5); LASE 09 (0.0); LASE 14 (0.0); LASE 33 (0.0); LASE 63 (0.0); LASE 65 (0.0); LASE 73 (0.0); LASE 75 (-1.0); LASE 78 (-1.0); LASE 88 (+0.5),LASE 09; LASE 14,T,LASE,LASE 04; LASE 14,,5; LASE 63 (LG); LASE 65 (C); LASE 73 (LT); LASE 75 (RT); LASE 78 (RG),,3,ALSO D48,,7; ALSO D02; ALSO D05; ALSO D11; ALSO D12; ALSO D14; ALSO D24; ALSO D48,14,R,LASE 06 (QB),LWR 2(1)z; SLWR 1; HB-R h21(-1); TE-R 7(7); RWR 26(7),2; 3; H4; 7; 6,LASE 04 2(1)z; LASE 09 1; LASE 33 h21(-1); LASE 88 7(7); LASE 14 26(7),TE-R,LASE 88,COMPLETE,7(7),7R,4; ALSO D17 (LEO); ALSO D18 (REO); ALSO D56 (NRT); ALSO D94 (DLT),HURRY,48,6R,,,,+0,,,,LASE 06; LASE 88; ALSO D17; ALSO D94,ALSO D02 > LASE 14,ALSO D17 (O) LASE 75; ALSO D94 (O) LASE 78,0,,,LASE 06,0,ALSO D94,LASE 78,0,,HB-R,HB-R (-5),,1; LASE 33 (HB-R),,,,,,P,,-19,LASE 09* (L:R{L}),S,,,,,,R,LASE 88,,,LWR^(-8.5); SLWR(-0.5); RWR^(+17.5),,0,2,0,1,0,,false,3,3,4.348,2.652,Corner,false,11,LASE 33,LASE 88,LASE 04; LASE 09; LASE 14,GUN STRONG,SLOT - PRO,LWR; SLWR; HB-R; TE-R; RWR,2x2,SLOT - PRO,NICKEL,ALSO D02; ALSO D05; ALSO D12; ALSO D14; ALSO D24,ALSO D11; ALSO D17; ALSO D48,ALSO D18; ALSO D56; ALSO D94,OVER,,COVER 3,,12,,3.784,3.216,31097_7067266,31097-LASE-3
7067662,31097,2026-09-05,2026,01,411423,1513,2,1,12:39,1,1,0,19,0,4,1,9,0,,,,0,0,0,7,0,,0,7067495,7067695,,19.07,0,,56,0,,1.8,0,0,8,4,0,0,LASE 09,7; ALSO D11 (17); ALSO D14 (38); ALSO D18 (31); ALSO D25 (11); ALSO D41 (17); ALSO D48 (25); ALSO D49 (24),,R,,,LCB (2); SCBL (6); FSL (14); RCB (4),LOLB (11); LILB (17); DLT (17); DRT (24); RILB (25); RE (31); RLB (38),3-3-5,ALSO D02 (RCB); ALSO D08 (FSL); ALSO D11 (LILB); ALSO D12 (LCB); ALSO D14 (RLB); ALSO D18 (RE); ALSO D24 (SCBL); ALSO D25 (LOLB); ALSO D41 (DLT); ALSO D48 (RILB); ALSO D49 (DRT),ALSO D02 (0.0); ALSO D08 (0.0); ALSO D11 (0.0); ALSO D12 (0.0); ALSO D14 (0.0); ALSO D18 (0.0); ALSO D24 (0.0); ALSO D25 (-1.0); ALSO D41 (0.0); ALSO D48 (0.0); ALSO D49 (0.0),DRIVE START,F,ALSO,10,,DLT (17); DRT (24); RE (31),,MISSED FG,+30,5,DOWNS,+49,0,RR,+49,ALSO D25,,,,9,,,L,R,,,,,,LASE 02 (HB-L); LASE 09 (SRWR); ALSO D14 (RLB); ALSO D25 (LOLB); ALSO D41 (DLT),,,,,,,,,,LOLB (0); LILB (4); RILB (4); RLB (4),ALSO D25; ALSO D41,O,C,ALSO D25,LWR^; HB-L; HB-R; SRWR; RWR^,1x2,,3-0-2-0,20,LASE 02; LASE 04; LASE 05; LASE 09; LASE 14,LASE 02 (HB-L); LASE 04 (LWR); LASE 05 (HB-R); LASE 06 (QB); LASE 09 (SRWR); LASE 14 (RWR); LASE 63 (LG); LASE 65 (C); LASE 73 (LT); LASE 75 (RT); LASE 78 (RG),LASE 02 (0.0); LASE 04 (0.0); LASE 05 (0.0); LASE 06 (0.0); LASE 09 (+0.5); LASE 14 (0.0); LASE 63 (0.0); LASE 65 (0.0); LASE 73 (0.0); LASE 75 (0.0); LASE 78 (0.0),DRIVE START,T,LASE,LASE 04; LASE 14,,7; LASE 02 (HB-L); LASE 05 (HB-R); LASE 63 (LG); LASE 65 (C); LASE 73 (LT); LASE 75 (RT); LASE 78 (RG),,2b,ALSO D24,,7; ALSO D02; ALSO D08; ALSO D11; ALSO D12; ALSO D24; ALSO D25; ALSO D48,1,R,LASE 06 (QB),LWR 2(4); HB-L kl; HB-R kr; SRWR 1; RWR z,2; -; -; 3; -,LASE 04 2(4); LASE 02 kl; LASE 05 kr; LASE 09 1; LASE 14 z,SRWR,LASE 09,COMPLETE,1,1R,4; ALSO D14 (RLB); ALSO D18 (RE); ALSO D41 (DLT); ALSO D49 (DRT),,46,6R,,,,+40,,,,LASE 09,ALSO D12 > LASE 14,,0,,,LASE 06,0,,,0,,HB-L; HB-R,HB-L (-6); HB-R (-6),L:R,2; LASE 02 (HB-L); LASE 05 (HB-R),,,,,,P,,-12,,S,,,,ALSO D25,ALSO D48,,,,,LWR^(-19.5); SRWR(+9.5); RWR^(+17.5),,0,19,0,0,0,,false,3,3,2.042,1.089,Flat,false,20,LASE 02; LASE 05,,LASE 04; LASE 09; LASE 14,GUN SPLIT,SLOT - OPEN,LWR; HB-L; HB-R; SRWR; RWR,1x2,SLOT - OPEN,NICKEL,ALSO D02; ALSO D08; ALSO D12; ALSO D14; ALSO D24,ALSO D11; ALSO D25; ALSO D48,ALSO D18; ALSO D41; ALSO D49,WIDE OVER,,COVER 2,,49,,2.45,1.445,31097_7067662,31097-LASE-4
7067695,31097,2026-09-05,2026,01,411423,1541,2,2,11:57,1,,0,19,0,4,2,10,0,1,,,0,0,0,7,1,,0,7067662,7067718,,19.07,0,,57,0,,,0,0,,3,0,0,LASE 05,7; ALSO D12 (02); ALSO D14 (15); ALSO D17 (10); ALSO D18 (30); ALSO D26 (21); ALSO D41 (17); ALSO D49 (22),LASE 04; LASE 14; LASE 85,,,,SS (8); FSR (12); SCBiR (3); SCBoR (2); RCB (6),LLB (02); LOLB (10); SS (15); DLT (17); MLB (21); NT (22); RE (30),3-3-5,ALSO D02 (RCB); ALSO D05 (FSR); ALSO D08 (SCBoR); ALSO D11 (SCBiR); ALSO D12 (LLB); ALSO D14 (SS); ALSO D17 (LOLB); ALSO D18 (RE); ALSO D26 (MLB); ALSO D41 (DLT); ALSO D49 (NT),ALSO D02 (0.0); ALSO D05 (0.0); ALSO D08 (0.0); ALSO D11 (0.0); ALSO D12 (0.0); ALSO D14 (0.0); ALSO D17 (0.0); ALSO D18 (0.0); ALSO D26 (-1.0); ALSO D41 (-0.5); ALSO D49 (0.0),ALSO D05; ALSO D17; ALSO D26,F,ALSO,1,,DLT (17); NT (22); RE (30),,MISSED FG,+30,5,DOWNS,+49,,,+40,ALSO D05,,,,10,,,R,L,,,,,,LASE 05 (HB-R); LASE 65 (C); LASE 78 (RG); ALSO D26 (MLB); ALSO D41 (DLT); ALSO D49 (NT),,,,,,,,,,LOLB (0); LLB (2); MLB (4),,C,O,ALSO D26; ALSO D41,LWR; SLoWR^; SLiWR; HB-R; TE-R^,3x1,TE>SLoWR,2-0-1-2,12,LASE 04; LASE 05; LASE 14; LASE 85; LASE 88,LASE 04 (LWR); LASE 05 (HB-R); LASE 06 (QB); LASE 14 (SLiWR); LASE 63 (LG); LASE 65 (C); LASE 73 (LT); LASE 75 (RT); LASE 78 (RG); LASE 85 (SLoWR); LASE 88 (TE-R),LASE 04 (0.0); LASE 05 (+0.5); LASE 06 (0.0); LASE 14 (0.0); LASE 63 (0.0); LASE 65 (0.0); LASE 73 (0.0); LASE 75 (0.0); LASE 78 (+0.5); LASE 85 (0.0); LASE 88 (0.0),LASE 85; LASE 88,T,LASE,LASE 85; LASE 88,,,,3CLb,,,,,,,LWR 0(-2); SLoWR z; SLiWR z; HB-R r; TE-R r,0; -; -; -; -,LASE 04 0(-2); LASE 85 z; LASE 14 z; LASE 05 r; LASE 88 r,,,,,,,,,,,,,+30,MR,,MR,LASE 05; LASE 78,ALSO D08 > LASE 85,,0,,,LASE 06,0,,,0,,HB-R,HB-R (-5),L,1; LASE 05 (HB-R),,,,INSIDE ZONE,READ OPTION,R,,-12,,S,,,,ALSO D05,,R,,,,LWR(-11.5); SLoWR^(-9.5); SLiWR(-7.5),,1,11,0,0,0,,false,3,3,3.131,0.466,,false,12,LASE 05,LASE 85; LASE 88,LASE 04; LASE 14,GUN STRONG,TRIPS - CLOSED,LWR; SLoWR; SLiWR; HB-R; TE-R,3x1,TRIPS - CLOSED,NICKEL,ALSO D02; ALSO D05; ALSO D08; ALSO D12; ALSO D14,ALSO D11; ALSO D17; ALSO D26,ALSO D18; ALSO D41; ALSO D49,OVER,,COVER 3 CLOUD,,40,,3.895,-0.301,31097_7067695,31097-LASE-4
7067718,31097,2026-09-05,2026,01,411423,1567,2,1,11:13,1,0,0,19,0,4,3,-10,0,,,,0,0,0,7,0,,0,7067695,7067766,,19.07,0,,58,0,1.4,1.4,0,0,,,0,0,LASE 06,6; ALSO D11 (09); ALSO D18 (16); ALSO D25 (34); ALSO D41 (29); ALSO D48 (22); ALSO D56 (22),,C,,,LCB (7); SCBoL (6); SCBiL (10); FSR (11); RCB (6),LOLB (09); DLT (16); NT (22); MLB (22); RE (29); ROLB (34),3-3-5,ALSO D02 (RCB); ALSO D08 (SCBiL); ALSO D11 (LOLB); ALSO D12 (LCB); ALSO D14 (FSR); ALSO D18 (DLT); ALSO D24 (SCBoL); ALSO D25 (ROLB); ALSO D41 (RE); ALSO D48 (MLB); ALSO D56 (NT),ALSO D02 (0.0); ALSO D08 (0.0); ALSO D11 (0.0); ALSO D12 (0.0); ALSO D14 (0.0); ALSO D18 (0.0); ALSO D24 (0.0); ALSO D25 (0.0); ALSO D41 (0.0); ALSO D48 (+0.5); ALSO D56 (0.0),ALSO D24; ALSO D25; ALSO D48; ALSO D56,T,ALSO,10,,DLT (16); NT (22); RE (29),,MISSED FG,+30,5,DOWNS,+49,6,SD,+30,ALSO D48,,,,-10,,,C,C,,,,,,LASE 78 (RG); ALSO D48 (MLB),,,,,,,,,,LOLB (0); MLB (4); ROLB (0),,O,O,LASE 78,LWR^; SLWR; SRiWR; SRoWR^; RWR,2x3,HB>SLWR; TE>RWR,3-0-1-1,11,LASE 02; LASE 04; LASE 09; LASE 14; LASE 88,LASE 02 (SLWR); LASE 04 (LWR); LASE 06 (QB); LASE 09 (SRiWR); LASE 14 (SRoWR); LASE 63 (LG); LASE 65 (C); LASE 73 (LT); LASE 75 (RT); LASE 78 (RG); LASE 88 (RWR),LASE 02 (0.0); LASE 04 (0.0); LASE 06 (0.0); LASE 09 (0.0); LASE 14 (0.0); LASE 63 (0.0); LASE 65 (0.0); LASE 73 (0.0); LASE 75 (0.0); LASE 78 (-1.0); LASE 88 (0.0),LASE 02; LASE 09,F,LASE,LASE 04; LASE 14,,5; LASE 63 (LG); LASE 65 (C); LASE 73 (LT); LASE 75 (RT); LASE 78 (RG),,4b,,,7; ALSO D02; ALSO D08; ALSO D11; ALSO D12; ALSO D14; ALSO D24; ALSO D25,,X,LASE 06 (QB),LWR 4(10); SLWR 6(3); SRiWR 9so; SRoWR 2(2); RWR 4(5),4; 6; 9; 2; 4,LASE 04 4(10); LASE 02 6(3); LASE 09 9so; LASE 14 2(2); LASE 88 4(5),,,SACK,,,4; ALSO D18 (DLT); ALSO D41 (RE); ALSO D48 (MLB); ALSO D56 (NT),SACK,,,,,,+40,,,,ALSO D48,,ALSO D48 (U) LASE 78,0,,,LASE 06,0,ALSO D48,LASE 78,0,,EMPTY,,,,,,,,,P,ALSO D48,-12,,S,,ALSO D48,,,,,,ALSO D48 (R.A.N) MLB,,LWR^(-17.5); SLWR(-11.5); SRiWR(+8.5); SRoWR^(+12.5); RWR(+19.5),,0,7,0,0,0,,false,3,3,3.597,-1.763,,false,11,LASE 02,LASE 88,LASE 04; LASE 09; LASE 14,GUN EMPTY,TRIPS - SLOT,LWR; SLWR; SRiWR; SRoWR; RWR,2x3,TRIPS - SLOT,NICKEL,ALSO D02; ALSO D08; ALSO D12; ALSO D14; ALSO D24,ALSO D11; ALSO D25; ALSO D48,ALSO D18; ALSO D41; ALSO D56,OVER,,COVER 4,,30,,3.594,-1.953,31097_7067718,31097-LASE-4
7067766,31097,2026-09-05,2026,01,411423,1590,2,2,10:31,1,1,0,19,0,4,4,2,0,,,,0,0,0,7,0,,1,7067718,7067821,,19.07,1,,59,0,,1.2,0,0,3,4,0,0,LASE 09,6; ALSO D14 (26); ALSO D18 (15); ALSO D25 (35); ALSO D41 (29); ALSO D48 (23); ALSO D56 (22),,R,,,LCB (7); SCBoL (4); SCBiL (4); FSL (11); SS (8); RCB (5),LE (15); NT (22); MLB (23); SS (26); RE (29); ROLB (35),3-3-5,ALSO D02 (RCB); ALSO D08 (FSL); ALSO D11 (SCBiL); ALSO D12 (LCB); ALSO D14 (SS); ALSO D18 (LE); ALSO D24 (SCBoL); ALSO D25 (ROLB); ALSO D41 (RE); ALSO D48 (MLB); ALSO D56 (NT),ALSO D02 (0.0); ALSO D08 (0.0); ALSO D11 (-1.0); ALSO D12 (0.0); ALSO D14 (0.0); ALSO D18 (+0.5); ALSO D24 (0.0); ALSO D25 (0.0); ALSO D41 (0.0); ALSO D48 (0.0); ALSO D56 (0.0),,T,ALSO,20,,LE (15); NT (22); RE (29),,MISSED FG,+30,5,DOWNS,+49,5,SD,+40,ALSO D24,,,,2,,,L,R,,,,,,LASE 09 (SRoWR); ALSO D11 (SCBiL); ALSO D18 (LE),,,,,,,,,,MLB (3); ROLB (0),ALSO D11,O,O,ALSO D11,LWR^; HB-R; SRiWR; SRoWR; RWR^,1x3,TE>SRiWR,3-0-1-1,11,LASE 02; LASE 04; LASE 09; LASE 14; LASE 88,LASE 02 (HB-R); LASE 04 (RWR); LASE 06 (QB); LASE 09 (SRoWR); LASE 14 (LWR); LASE 63 (LG); LASE 65 (C); LASE 73 (LT); LASE 75 (RT); LASE 78 (RG); LASE 88 (SRiWR),LASE 02 (0.0); LASE 04 (0.0); LASE 06 (0.0); LASE 09 (0.0); LASE 14 (0.0); LASE 63 (0.0); LASE 65 (0.0); LASE 73 (0.0); LASE 75 (0.0); LASE 78 (0.0); LASE 88 (0.0),,F,LASE,LASE 04; LASE 14,,5; LASE 63 (LG); LASE 65 (C); LASE 73 (LT); LASE 75 (RT); LASE 78 (RG),,4b,ALSO D11,,7; ALSO D02; ALSO D08; ALSO D11; ALSO D12; ALSO D14; ALSO D24; ALSO D25,-1,M,LASE 06 (QB),LWR 6(14); HB-R fl; SRiWR 1z; SRoWR 0(-2); RWR 9z,6; -; 3; 0; 9,LASE 14 6(14); LASE 02 fl; LASE 88 1z; LASE 09 0(-2); LASE 04 9z,SRoWR,LASE 09,COMPLETE,0(-2),0R,4; ALSO D18 (LE); ALSO D41 (RE); ALSO D48 (MLB); ALSO D56 (NT),,36,5R,,,LASE 02,+38,,,,ALSO D18,,,0,,,LASE 06,0,,,0,,HB-R,HB-R (-5),,1; LASE 02 (HB-R),,,,POWER,,P,,-12,LASE 88* (L:Rx),S,,ALSO D18,,ALSO D18,,,,,,LWR^(-17.5); SRiWR(-0.5); SRoWR(+9.5); RWR^(+16.5),,0,6,0,0,0,,false,3,3,1.834,-1.12,WR Screen,false,11,LASE 02,LASE 88,LASE 04; LASE 09; LASE 14,GUN STRONG,TRIPS - OPEN,LWR; HB-R; SRiWR; SRoWR; RWR,2x2,SLOT - PRO,NICKEL,ALSO D02; ALSO D08; ALSO D12; ALSO D14; ALSO D24,ALSO D11; ALSO D25; ALSO D48,ALSO D18; ALSO D41; ALSO D56,ODD,,COVER 4,,40,,1.641,-0.727,31097_7067766,31097-LASE-4
7067821,31097,2026-09-05,2026,01,411423,1618,2,3,09:52,1,,0,19,0,4,5,8,0,,,,0,0,0,7,1,,0,7067766,7067831,,19.07,0,,60,0,,,0,0,,7,0,0,LASE 02,6; ALSO D11 (38); ALSO D18 (27); ALSO D25 (10); ALSO D41 (17); ALSO D48 (23); ALSO D56 (22),,,,,LCB (8); FS (10); FSR (11); SCBR (4); RCB (8),LOLB (10); DLT (17); NT (22); MLB (23); DRT (27); ROLB (38),3-3-5,ALSO D02 (RCB); ALSO D08 (FSR); ALSO D11 (ROLB); ALSO D12 (LCB); ALSO D14 (FS); ALSO D18 (DRT); ALSO D24 (SCBR); ALSO D25 (LOLB); ALSO D41 (DLT); ALSO D48 (MLB); ALSO D56 (NT),ALSO D02 (0.0); ALSO D08 (0.0); ALSO D11 (-1.0); ALSO D12 (0.0); ALSO D14 (0.0); ALSO D18 (0.0); ALSO D24 (0.0); ALSO D25 (0.0); ALSO D41 (0.0); ALSO D48 (0.0); ALSO D56 (0.0),,T,ALSO,18,,DLT (17); NT (22); DRT (27),,MISSED FG,+30,5,DOWNS,+49,,,+38,ALSO D11,,,,8,,,R,L,,,,,,LASE 02 (HB-L); LASE 73 (LT); LASE 88 (TE-L); ALSO D11 (ROLB); ALSO D14 (FS); ALSO D18 (DRT),,,,,,,,,,LOLB (0); MLB (2); ROLB (0),ALSO D11,O,O,ALSO D11,LWR^; SLWR; TE-L; HB-L; RWR^,3x1,,3-0-1-1,11,LASE 02; LASE 04; LASE 09; LASE 14; LASE 88,LASE 02 (HB-L); LASE 04 (RWR); LASE 06 (QB); LASE 09 (SLWR); LASE 14 (LWR); LASE 63 (LG); LASE 65 (C); LASE 73 (LT); LASE 75 (RT); LASE 78 (RG); LASE 88 (TE-L),LASE 02 (+0.5); LASE 04 (0.0); LASE 06 (0.0); LASE 09 (0.0); LASE 14 (0.0); LASE 63 (0.0); LASE 65 (0.0); LASE 73 (0.0); LASE 75 (0.0); LASE 78 (0.0); LASE 88 (0.0),,F,LASE,LASE 04; LASE 14,,,,6Lb,,,,,,,,,,,,,,,,,,,,,,+30,LT,,LT,LASE 02,,,0,,,LASE 06,0,,,0,,HB-L,HB-L (-6),L,1; LASE 02 (HB-L),,,,MAN,READ OPTION,R,,-12,,S,,ALSO D48,,ALSO D48,,L,,,,LWR^(-17.5); SLWR(-7.5); RWR^(+17.5),,0,8,0,0,0,,false,3,3,0.714,0.084,,false,11,LASE 02,LASE 88,LASE 04; LASE 09; LASE 14,GUN STRONG,TREY - OPEN,LWR; SLWR; TE-L; HB-L; RWR,3x1,TREY - OPEN,NICKEL,ALSO D02; ALSO D08; ALSO D12; ALSO D14; ALSO D24,ALSO D11; ALSO D25; ALSO D48,ALSO D18; ALSO D41; ALSO D56,BEAR,SINGLE MUG,COVER 6,,38,,0.914,-0.152,31097_7067821,31097-LASE-4
7068789,31097,2026-09-05,2026,01,411423,1865,2,1,06:18,0,1,0,19,0,5,1,8,0,,,,0,0,0,7,0,,0,7068387,7068812,,19.07,0,,69,0,,1.6,0,0,2,1,0,0,LASE 04,6; ALSO D11 (29); ALSO D17 (35); ALSO D48 (13); ALSO D56 (19); ALSO D90 (10); ALSO D94 (28),,L,,,LCB (1); SCBL (5); FS (14); SCBR (7); RCB (7),LEO (10); LLB (13); DLT (19); DRT (28); RLB (29); ROLB (35),3-3-5,ALSO D08 (FS); ALSO D11 (RLB); ALSO D12 (LCB); ALSO D14 (SCBL); ALSO D17 (ROLB); ALSO D24 (SCBR); ALSO D34 (RCB); ALSO D48 (LLB); ALSO D56 (DLT); ALSO D90 (LEO); ALSO D94 (DRT),ALSO D08 (0.0); ALSO D11 (0.0); ALSO D12 (0.0); ALSO D14 (0.0); ALSO D17 (0.0); ALSO D24 (0.0); ALSO D34 (0.0); ALSO D48 (0.0); ALSO D56 (0.0); ALSO D90 (0.0); ALSO D94 (0.0),DRIVE START,F,ALSO,10,,LEO (10); DLT (19); DRT (28),,PUNT,+42,3,DOWNS,+49,6,SD,+49,ALSO D34,,,,8,,,C,C,,,,,,,,,,,,,,,,LLB (4); RLB (4); ROLB (0),,C,C,,LWR^; SLWR; SRiWR; SRoWR; RWR^,2x3,HB>SRiWR; TE>SRoWR,3-0-1-1,11,LASE 04; LASE 09; LASE 14; LASE 33; LASE 88,LASE 04 (LWR); LASE 06 (QB); LASE 09 (SLWR); LASE 14 (RWR); LASE 33 (SRiWR); LASE 63 (LG); LASE 65 (C); LASE 73 (LT); LASE 75 (RT); LASE 78 (RG); LASE 88 (SRoWR),LASE 04 (0.0); LASE 06 (0.0); LASE 09 (0.0); LASE 14 (0.0); LASE 33 (0.0); LASE 63 (0.0); LASE 65 (0.0); LASE 73 (0.0); LASE 75 (0.0); LASE 78 (0.0); LASE 88 (0.0),DRIVE START,T,LASE,LASE 04; LASE 14,,5; LASE 63 (LG); LASE 65 (C); LASE 73 (LT); LASE 75 (RT); LASE 78 (RG),,3S,ALSO D34,,7; ALSO D08; ALSO D11; ALSO D12; ALSO D14; ALSO D24; ALSO D34; ALSO D48,6,M,LASE 06 (QB),LWR 4(5); SLWR 2(2); SRiWR 0u(-6); SRoWR 7(9); RWR 2(2),4; 2; 0; 7; 2,LASE 04 4(5); LASE 09 2(2); LASE 33 0u(-6); LASE 88 7(9); LASE 14 2(2),LWR,LASE 04,COMPLETE,4(5),2R,4; ALSO D17 (ROLB); ALSO D56 (DLT); ALSO D90 (LEO); ALSO D94 (DRT),,13,3L,,,,+41,,,,,ALSO D12 > LASE 14,,0,,,LASE 06,0,,,0,,EMPTY,,,,,,,,,P,,-12,LASE 33* (B:R),S,,,,ALSO D34,ALSO D11,,,,,LWR^(-21.5); SLWR(-12.5); SRiWR(+2.5); SRoWR(+9.5); RWR^(+15.5),,0,18,0,0,0,,false,3,3,2.182,0.711,In,false,11,LASE 33,LASE 88,LASE 04; LASE 09; LASE 14,GUN EMPTY,TRIPS - SLOT,LWR; SLWR; SRiWR; SRoWR; RWR,2x2,SLOT - SLOT,NICKEL,ALSO D08; ALSO D12; ALSO D14; ALSO D24; ALSO D34,ALSO D11; ALSO D17; ALSO D48,ALSO D56; ALSO D90; ALSO D94,WIDE UNDER,,COVER 3 SEAM,,49,,2.45,1.013,31097_7068789,31097-LASE-5
7068812,31097,2026-09-05,2026,01,411423,1893,2,2,05:42,1,,0,19,0,5,2,-1,0,,,,0,0,0,7,0,,0,7068789,7068828,,19.07,0,,70,0,,,0,0,,2,0,0,LASE 33,7; ALSO D11 (20); ALSO D17 (06); ALSO D24 (04); ALSO D48 (35); ALSO D56 (23); ALSO D90 (32); ALSO D94 (17),LASE 04; LASE 09,,,,LCB (4); FS (13); SCBR (8); RCB (1),LLB (04); LOLB (06); DLT (17); LILB (20); NRT (23); REO (32); ROLB (35),3-3-5,ALSO D08 (FS); ALSO D11 (LILB); ALSO D12 (RCB); ALSO D14 (SCBR); ALSO D17 (LOLB); ALSO D24 (LLB); ALSO D34 (LCB); ALSO D48 (ROLB); ALSO D56 (NRT); ALSO D90 (REO); ALSO D94 (DLT),ALSO D08 (0.0); ALSO D11 (0.0); ALSO D12 (0.0); ALSO D14 (0.0); ALSO D17 (0.0); ALSO D24 (0.0); ALSO D34 (0.0); ALSO D48 (-0.5); ALSO D56 (0.0); ALSO D90 (+0.5); ALSO D94 (0.0),,T,ALSO,2,,DLT (17); NRT (23); REO (32),,PUNT,+42,3,DOWNS,+49,,,+41,ALSO D48,,,,-1,,,L,R,,,,,,LASE 65 (C); LASE 73 (LT); ALSO D48 (ROLB); ALSO D90 (REO),,,,,,,,,,LOLB (0); LLB (6); LILB (4); ROLB (0),ALSO D48,O,C,LASE 65; ALSO D48,LWR^; SLWR; HB-R; TE-R; RWR^,2x2,,3-0-1-1,11,LASE 04; LASE 09; LASE 14; LASE 33; LASE 88,LASE 04 (LWR); LASE 06 (QB); LASE 09 (SLWR); LASE 14 (RWR); LASE 33 (HB-R); LASE 63 (LG); LASE 65 (C); LASE 73 (LT); LASE 75 (RT); LASE 78 (RG); LASE 88 (TE-R),LASE 04 (0.0); LASE 06 (0.0); LASE 09 (0.0); LASE 14 (0.0); LASE 33 (0.0); LASE 63 (0.0); LASE 65 (-1.0); LASE 73 (0.0); LASE 75 (0.0); LASE 78 (0.0); LASE 88 (0.0),,F,LASE,LASE 04; LASE 14,,,,2b,,,,,,,,,,,,,,,,,,,,,,+42,LG,,LG,ALSO D90,ALSO D12 > LASE 04,,0,,,LASE 06,0,,,0,,HB-R,HB-R (-6),L,1; LASE 33 (HB-R),,,,COUNTER,CROSS LEAD,R,,-12,LASE 33* (B:B),S,,ALSO D90,,ALSO D90,,R,,,,LWR^(-21.5); SLWR(-21.5); RWR^(+11.5),,0,12,0,0,0,,false,3,3,2.893,-1.022,,false,11,LASE 33,LASE 88,LASE 04; LASE 09; LASE 14,GUN STRONG,SLOT - PRO,LWR; SLWR; HB-R; TE-R; RWR,2x2,SLOT - PRO,NICKEL,ALSO D08; ALSO D12; ALSO D14; ALSO D24; ALSO D34,ALSO D11; ALSO D17; ALSO D48,ALSO D56; ALSO D90; ALSO D94,OVER,,COVER 2,,41,,3.463,-1.368,31097_7068812,31097-LASE-5
7068828,31097,2026-09-05,2026,01,411423,1919,2,3,04:59,1,1,0,19,0,5,3,,0,,,,0,0,0,7,0,,0,7068812,7068849,,19.07,0,,71,0,,1.1,0,0,,,0,0,,6; ALSO D11 (18); ALSO D17 (35); ALSO D26 (26); ALSO D56 (25); ALSO D90 (08); ALSO D94 (17),LASE 04; LASE 14; LASE 85,C,,,LCB (7); SCBL (2); FSL (12); SCBR (8); RCB (7),LOLB (08); DLT (17); LILB (18); DRT (25); RILB (26); ROLB (35),3-3-5,ALSO D08 (SCBL); ALSO D11 (LILB); ALSO D12 (RCB); ALSO D13 (FSL); ALSO D14 (SCBR); ALSO D17 (ROLB); ALSO D26 (RILB); ALSO D34 (LCB); ALSO D56 (DRT); ALSO D90 (LOLB); ALSO D94 (DLT),ALSO D08 (0.0); ALSO D11 (0.0); ALSO D12 (0.0); ALSO D13 (0.0); ALSO D14 (0.0); ALSO D17 (0.0); ALSO D26 (0.0); ALSO D34 (0.0); ALSO D56 (0.0); ALSO D90 (0.0); ALSO D94 (+0.5),ALSO D13; ALSO D26,T,ALSO,3,,DLT (17); DRT (25),,PUNT,+42,3,DOWNS,+49,5,SD,+42,,,,,0,,,L,R,,,DP,,,LASE 04 (RWR); LASE 06 (QB); LASE 78 (RG); ALSO D26 (RILB); ALSO D94 (DLT),,,,,,,,,,LOLB (0); LILB (3); RILB (3); ROLB (0),,O,O,LASE 04; LASE 06; LASE 78,LWR^; SLWR; SRiWR; SRoWR^; RWR,2x3,HB>SLWR; TE>LWR; TE>SRoWR,2-0-1-2,12,LASE 04; LASE 14; LASE 33; LASE 85; LASE 88,LASE 04 (RWR); LASE 06 (QB); LASE 14 (SRiWR); LASE 33 (SLWR); LASE 63 (LG); LASE 65 (C); LASE 73 (LT); LASE 75 (RT); LASE 78 (RG); LASE 85 (SRoWR); LASE 88 (LWR),LASE 04 (-0.5); LASE 06 (-0.5); LASE 14 (0.0); LASE 33 (0.0); LASE 63 (0.0); LASE 65 (0.0); LASE 73 (0.0); LASE 75 (0.0); LASE 78 (-0.5); LASE 85 (0.0); LASE 88 (0.0),LASE 85,F,LASE,LASE 85; LASE 88,,5; LASE 63 (LG); LASE 65 (C); LASE 73 (LT); LASE 75 (RT); LASE 78 (RG),,4b,ALSO D26,,6; ALSO D08; ALSO D12; ALSO D13; ALSO D14; ALSO D26; ALSO D34,1,M,LASE 06 (QB),LWR 2(2); SLWR 2(2); SRiWR z; SRoWR z; RWR 0t(0),2; 2; -; -; 0,LASE 88 2(2); LASE 33 2(2); LASE 14 z; LASE 85 z; LASE 04 0t(0),RWR,LASE 04,INCOMPLETE,0t(0),2R,5; ALSO D11 (LILB); ALSO D17 (ROLB); ALSO D56 (DRT); ALSO D90 (LOLB); ALSO D94 (DLT),,32,4,,,,+42,,,,ALSO D94,,ALSO D94 (O) LASE 78,0,,,LASE 06,0,,,0,,EMPTY,,,,,,,,,P,,-12,LASE 04 (L:R{R}); LASE 14 (L:R{R}); LASE 33 (B:L); LASE 85 (L:R{R}); LASE 88 (R:L{L}),S,,,,,,,,,,LWR^(-21.5); SLWR(-16.5); SRiWR(+8.5); SRoWR^(+9.5); RWR(+10.5),,0,6,0,0,0,,false,3,3,1.871,-2.193,Tunnel,false,12,LASE 33,LASE 85; LASE 88,LASE 04; LASE 14,GUN EMPTY,TRIPS - SLOT,LWR; SLWR; SRiWR; SRoWR; RWR,1x3,TREY - CLOSED,NICKEL,ALSO D08; ALSO D12; ALSO D13; ALSO D14; ALSO D34,ALSO D11; ALSO D17; ALSO D26,ALSO D56; ALSO D90; ALSO D94,WIDE OVER,,COVER 4,,42,,2.095,-2.86,31097_7068828,31097-LASE-5
7068984,31097,2026-09-05,2026,01,411423,2079,2,1,03:01,1,,0,19,0,6,1,2,0,,,,0,0,0,7,1,,0,7068944,7069011,,19.07,0,,77,0,,,0,0,,3,0,0,LASE 05,7; ALSO D02 (02); ALSO D11 (30); ALSO D18 (29); ALSO D25 (09); ALSO D26 (22); ALSO D41 (17); ALSO D56 (22),,,,,FS (10); FSR (13); SCBR (2); RCB (8),LOLB (02); LOLB (09); DLT (17); NT (22); MLB (22); RE (29); RLB (30),3-3-5,ALSO D02 (LOLB); ALSO D05 (FSR); ALSO D08 (SCBR); ALSO D11 (RLB); ALSO D12 (RCB); ALSO D14 (FS); ALSO D18 (RE); ALSO D25 (LOLB); ALSO D26 (MLB); ALSO D41 (DLT); ALSO D56 (NT),ALSO D02 (-0.5); ALSO D05 (0.0); ALSO D08 (0.0); ALSO D11 (0.0); ALSO D12 (0.0); ALSO D14 (0.0); ALSO D18 (0.0); ALSO D25 (+0.5); ALSO D26 (0.0); ALSO D41 (-0.5); ALSO D56 (+0.5),DRIVE START,T,ALSO,10,,DLT (17); NT (22); RE (29),,DOWNS,-44,4,PUNT - RETURN,-35,,,-35,ALSO D56,,,,2,,,R,L,,,,,,LASE 05 (HB-L); LASE 63 (LG); LASE 75 (RT); LASE 78 (RG); LASE 85 (TE-R); ALSO D02 (LOLB); ALSO D25 (LOLB); ALSO D41 (DLT); ALSO D56 (NT),,,,,,,,,,LOLB (0); LOLB (0); MLB (4); RLB (4),ALSO D02,C,C,LASE 63; LASE 75; LASE 85; ALSO D02; ALSO D41,LWR^; SLWR; TE-L; HB-L; TE-R^,3x1,,2-0-1-2,12,LASE 04; LASE 05; LASE 14; LASE 85; LASE 88,LASE 04 (LWR); LASE 05 (HB-L); LASE 06 (QB); LASE 14 (SLWR); LASE 63 (LG); LASE 65 (C); LASE 73 (LT); LASE 75 (RT); LASE 78 (RG); LASE 85 (TE-R); LASE 88 (TE-L),LASE 04 (0.0); LASE 05 (+0.5); LASE 06 (0.0); LASE 14 (0.0); LASE 63 (-1.0); LASE 65 (0.0); LASE 73 (0.0); LASE 75 (-0.5); LASE 78 (+0.5); LASE 85 (-1.0); LASE 88 (0.0),DRIVE START,F,LASE,LASE 04; LASE 85,,,,3CLb,,,,,,,LWR z; SLWR 1z; TE-L 1; HB-L r; TE-R r,-; 3; 3; -; -,LASE 04 z; LASE 14 1z; LASE 88 1; LASE 05 r; LASE 85 r,,,,,,,,,,,,,-37,ML,,ML,LASE 05; LASE 78; ALSO D25; ALSO D56,,,0,,,LASE 06,0,,,0,,HB-L,HB-L (-5),L,1; LASE 05 (HB-L),,,,MAN,READ OPTION,R,,-12,LASE 14* (R:Lx),S,,ALSO D25,,ALSO D25,ALSO D18,L;R,,,,LWR^(-12.5); SLWR(-0.5),,1,6,0,0,0,,false,3,3,1.032,-0.058,,false,12,LASE 05,LASE 85; LASE 88,LASE 04; LASE 14,GUN WEAK,TREY - CLOSED,LWR; SLWR; TE-L; HB-L; TE-R,2x2,PRO - PRO,NICKEL,ALSO D02; ALSO D05; ALSO D08; ALSO D12; ALSO D14,ALSO D11; ALSO D25; ALSO D26,ALSO D18; ALSO D41; ALSO D56,OVER,,COVER 3 CLOUD,,65,,1.175,-0.585,31097_7068984,31097-LASE-6
7069011,31097,2026-09-05,2026,01,411423,2105,2,2,02:22,0,,0,19,0,6,2,6,0,,,,0,0,0,7,1,,0,7068984,7069272,,19.07,0,,78,0,,,0,0,,5,0,0,LASE 05,7; ALSO D11 (38); ALSO D14 (29); ALSO D18 (28); ALSO D25 (10); ALSO D41 (17); ALSO D48 (22); ALSO D56 (22),,,,,LCB (1); SS (8); FSR (11); SCBR (4); RCB (2),LOLB (10); DLT (17); NT (22); MLB (22); DRT (28); SS (29); ROLB (38),3-3-5,ALSO D02 (LCB); ALSO D05 (FSR); ALSO D11 (ROLB); ALSO D12 (RCB); ALSO D14 (SS); ALSO D18 (DRT); ALSO D24 (SCBR); ALSO D25 (LOLB); ALSO D41 (DLT); ALSO D48 (MLB); ALSO D56 (NT),ALSO D02 (0.0); ALSO D05 (0.0); ALSO D11 (-0.5); ALSO D12 (0.0); ALSO D14 (-0.5); ALSO D18 (0.0); ALSO D24 (0.0); ALSO D25 (0.0); ALSO D41 (0.0); ALSO D48 (0.0); ALSO D56 (0.0),ALSO D24; ALSO D48,F,ALSO,8,,DLT (17); NT (22); DRT (28),,DOWNS,-44,4,PUNT - RETURN,-35,,,-37,ALSO D11,,,,6,,,R,L,,,,,,LASE 05 (HB-L); LASE 73 (LT); LASE 88 (TE-L); ALSO D11 (ROLB); ALSO D14 (SS); ALSO D18 (DRT),,,,,,,,,,LOLB (0); MLB (3); ROLB (1),,C,O,ALSO D11; ALSO D14,LWR^; SLWR; TE-L; HB-L; RWR^,3x1,,3-0-1-1,11,LASE 04; LASE 05; LASE 09; LASE 14; LASE 88,LASE 04 (RWR); LASE 05 (HB-L); LASE 06 (QB); LASE 09 (SLWR); LASE 14 (LWR); LASE 63 (LG); LASE 65 (C); LASE 73 (LT); LASE 75 (RT); LASE 78 (RG); LASE 88 (TE-L),LASE 04 (0.0); LASE 05 (+0.5); LASE 06 (0.0); LASE 09 (0.0); LASE 14 (0.0); LASE 63 (0.0); LASE 65 (0.0); LASE 73 (0.0); LASE 75 (0.0); LASE 78 (0.0); LASE 88 (+0.5),LASE 09,T,LASE,LASE 04; LASE 14,,,,3,,,,,,,,,,,,,,,,,,,,,,-43,LE,,LE,LASE 05; LASE 88,ALSO D02 > LASE 04; ALSO D12 > LASE 14,,0,,,LASE 06,0,,,0,,HB-L,HB-L (-5),L,1; LASE 05 (HB-L),,,,MAN,READ OPTION,R,,-12,,S,,,,ALSO D02,ALSO D11,L,,,,LWR^(-17.5); SLWR(-8.5); RWR^(+17.5),,0,,0,0,0,,false,3,3,0.974,0.213,,false,11,LASE 05,LASE 88,LASE 04; LASE 09; LASE 14,GUN STRONG,TREY - OPEN,LWR; SLWR; TE-L; HB-L; RWR,3x1,TREY - OPEN,NICKEL,ALSO D02; ALSO D05; ALSO D12; ALSO D14; ALSO D24,ALSO D11; ALSO D25; ALSO D48,ALSO D18; ALSO D41; ALSO D56,BEAR,,COVER 3,,63,,0.59,0.39,31097_7069011,31097-LASE-6
7069272,31097,2026-09-05,2026,01,411423,2131,2,3,02:00,0,,0,19,0,6,3,1,0,,,,0,0,1,7,0,,0,7069011,7069563,,19.07,0,,79,0,,,0,0,,1,0,0,LASE 05,7; ALSO D02 (10); ALSO D11 (31); ALSO D17 (13); ALSO D18 (34); ALSO D26 (22); ALSO D41 (27); ALSO D56 (22),LASE 04; LASE 14,,,,FS (9); SSR (10); SCBR (4); RCB (6),LLB (10); LE (13); NT (22); MLB (22); DRT (27); RLB (31); REO (34); SSR (34),3-3-5,ALSO D02 (LLB); ALSO D05 (SSR); ALSO D08 (SCBR); ALSO D11 (RLB); ALSO D12 (RCB); ALSO D14 (FS); ALSO D17 (LE); ALSO D18 (REO); ALSO D26 (MLB); ALSO D41 (DRT); ALSO D56 (NT),ALSO D02 (0.0); ALSO D05 (0.0); ALSO D08 (+0.5); ALSO D11 (+0.5); ALSO D12 (0.0); ALSO D14 (0.0); ALSO D17 (0.0); ALSO D18 (+0.5); ALSO D26 (0.0); ALSO D41 (0.0); ALSO D56 (0.0),ALSO D08; ALSO D17; ALSO D26,T,ALSO,2,,LE (13); NT (22); DRT (27); REO (34),,DOWNS,-44,4,PUNT - RETURN,-35,,,-43,ALSO D11,,,,1,,,R,L,,,,,,LASE 05 (HB-L); LASE 88 (TE-L); ALSO D08 (SCBR); ALSO D11 (RLB); ALSO D18 (REO),,,,,,,,,,LLB (5); MLB (4); RLB (4),,O,O,LASE 88,LWR; SLWR^; TE-L^; HB-L; TE-R,3x1,,2-0-1-2,12,LASE 04; LASE 05; LASE 14; LASE 85; LASE 88,LASE 04 (LWR); LASE 05 (HB-L); LASE 06 (QB); LASE 14 (SLWR); LASE 63 (LG); LASE 65 (C); LASE 73 (LT); LASE 75 (RT); LASE 78 (RG); LASE 85 (TE-R); LASE 88 (TE-L),LASE 04 (0.0); LASE 05 (0.0); LASE 06 (0.0); LASE 14 (0.0); LASE 63 (0.0); LASE 65 (0.0); LASE 73 (0.0); LASE 75 (0.0); LASE 78 (0.0); LASE 85 (0.0); LASE 88 (-0.5),LASE 85,F,LASE,LASE 14; LASE 88,,,,4,,,,,,,LWR 2(1); SLWR z; TE-L r; HB-L r; TE-R r,2; -; -; -; -,LASE 04 2(1); LASE 14 z; LASE 88 r; LASE 05 r; LASE 85 r,,,,,,,,,,,,,-44,LE,,LE,ALSO D08; ALSO D11; ALSO D18,,,0,,,LASE 06,0,,,0,,HB-L,HB-L (-6),L,1; LASE 05 (HB-L),,,,MAN,,R,,-12,LASE 85* (L:Rx),S,,ALSO D11,,ALSO D11,ALSO D08,L;R,,,,LWR(-13.5); SLWR^(-12.5),,1,18,0,0,0,,false,3,3,1.187,-0.268,,false,12,LASE 05,LASE 85; LASE 88,LASE 04; LASE 14,GUN STRONG,TREY - CLOSED,LWR; SLWR; TE-L; HB-L; TE-R,4x0,QUAY - NIX,NICKEL,ALSO D02; ALSO D05; ALSO D08; ALSO D12; ALSO D14,ALSO D11; ALSO D17; ALSO D26,ALSO D18; ALSO D41; ALSO D56,OVER,,COVER 4,,57,,0.98,-1.387,31097_7069272,31097-LASE-6
7069563,31097,2026-09-05,2026,01,411423,2157,2,4,01:54,0,,0,19,0,6,4,0,0,,,,0,0,0,7,0,,0,7069272,7070161,,19.07,0,,80,0,,,0,0,,0,0,0,LASE 05,9; ALSO D08 (40); ALSO D11 (27); ALSO D12 (42); ALSO D14 (07); ALSO D17 (06); ALSO D18 (34); ALSO D26 (19); ALSO D41 (27); ALSO D56 (22),,,,,LCB (6); FS (10),LOLB (06); LLB (07); LILB (19); NT (22); DRT (27); RILB (27); REO (34); ROLB (40); RLB (42),3-3-5,ALSO D02 (LCB); ALSO D05 (FS); ALSO D08 (ROLB); ALSO D11 (RILB); ALSO D12 (RLB); ALSO D14 (LLB); ALSO D17 (LOLB); ALSO D18 (REO); ALSO D26 (LILB); ALSO D41 (DRT); ALSO D56 (NT),ALSO D02 (0.0); ALSO D05 (0.0); ALSO D08 (0.0); ALSO D11 (0.0); ALSO D12 (0.0); ALSO D14 (0.0); ALSO D17 (0.0); ALSO D18 (0.0); ALSO D26 (0.0); ALSO D41 (+1.0); ALSO D56 (+0.5),,T,ALSO,1,,NT (22); DRT (27); REO (34),,DOWNS,-44,4,PUNT - RETURN,-35,,,-44,ALSO D41,,,,0,,,C,C,,,,,,LASE 63 (LG); LASE 65 (C); ALSO D41 (DRT); ALSO D56 (NT),,,,,,,,,,LOLB (0); LLB (5); LILB (3); RILB (2); RLB (4); ROLB (0),,C,C,LASE 63; LASE 65,TE-oL; TE-iL^; HB; TE-R; RWR^,2x2,WR>TE-oL,2-0-1-2,12,LASE 04; LASE 05; LASE 14; LASE 85; LASE 88,LASE 04 (RWR); LASE 05 (HB); LASE 06 (QB); LASE 14 (TE-oL); LASE 63 (LG); LASE 65 (C); LASE 73 (LT); LASE 75 (RT); LASE 78 (RG); LASE 85 (TE-iL); LASE 88 (TE-R),LASE 04 (0.0); LASE 05 (0.0); LASE 06 (0.0); LASE 14 (0.0); LASE 63 (-1.0); LASE 65 (-0.5); LASE 73 (0.0); LASE 75 (0.0); LASE 78 (0.0); LASE 85 (0.0); LASE 88 (0.0),,F,LASE,LASE 04; LASE 85,,,,3,,,,,,,,,,,,,,,,,,,,,,-44,ML,FORCED,MR,ALSO D41; ALSO D56,,,0,,,LASE 06,0,,,0,,HB,HB (-6),R,1; LASE 05 (HB),,,,MAN,,R,,-12,LASE 14* (L:R{L}); LASE 88* (L:Rx),,,ALSO D41,,ALSO D41,ALSO D56,L;L;R,,,,RWR^(+15.5),,0,8,0,0,0,,false,2,2,0.919,-3.46,,false,12,LASE 05,LASE 85; LASE 88,LASE 04; LASE 14,ACE,PRO - WING,TE-oL; TE-iL; HB; TE-R; RWR,3x1,TOAD WING - OPEN,NICKEL,ALSO D02; ALSO D05; ALSO D08; ALSO D12; ALSO D14,ALSO D11; ALSO D17; ALSO D26,ALSO D18; ALSO D41; ALSO D56,OVER,SINGLE MUG,COVER 3,,56,,-0.407,-3.417,31097_7069563,31097-LASE-6
7071471,31097,2026-09-05,2026,01,411423,2483,3,1,15:00,1,1,0,22,0,7,1,11,0,1,,,0,0,0,7,0,,1,7071428,7071506,,22.07,1,,92,0,,1.6,0,0,13,7,0,0,LASE 88,7; ALSO D08 (36); ALSO D11 (30); ALSO D17 (07); ALSO D18 (29); ALSO D26 (18); ALSO D41 (15); ALSO D56 (22),,R,,,SSL (7); FS (11); SCBR (9); RCB (3),LOLB (07); SSL (08); LE (15); LILB (18); NT (22); RE (29); RLB (30); ROLB (36),3-3-5,ALSO D02 (SSL); ALSO D08 (ROLB); ALSO D11 (RLB); ALSO D12 (RCB); ALSO D13 (SCBR); ALSO D14 (FS); ALSO D17 (LOLB); ALSO D18 (RE); ALSO D26 (LILB); ALSO D41 (LE); ALSO D56 (NT),ALSO D02 (0.0); ALSO D08 (0.0); ALSO D11 (0.0); ALSO D12 (0.0); ALSO D13 (-1.0); ALSO D14 (0.0); ALSO D17 (0.0); ALSO D18 (0.0); ALSO D26 (0.0); ALSO D41 (0.0); ALSO D56 (0.0),DRIVE START,F,ALSO,10,,LE (15); NT (22); RE (29),,TOUCHDOWN,+0,4,KICKOFF - OOB,-35,5,SD,-35,ALSO D13,,,,11,,,R,L,,,,,,LASE 88 (TE-L); ALSO D13 (SCBR),,,,,,,,,,LOLB (0); LILB (4); RLB (4); ROLB (0),ALSO D13,O,C,ALSO D13,LWR^; SLWR; TE-L; HB-L; TE-R^,3x1,,2-0-1-2,12,LASE 04; LASE 14; LASE 33; LASE 85; LASE 88,LASE 04 (LWR); LASE 06 (QB); LASE 14 (SLWR); LASE 33 (HB-L); LASE 63 (LG); LASE 65 (C); LASE 73 (LT); LASE 75 (RT); LASE 78 (RG); LASE 85 (TE-R); LASE 88 (TE-L),LASE 04 (0.0); LASE 06 (0.0); LASE 14 (0.0); LASE 33 (0.0); LASE 63 (0.0); LASE 65 (0.0); LASE 73 (0.0); LASE 75 (0.0); LASE 78 (0.0); LASE 85 (0.0); LASE 88 (+0.5),DRIVE START,T,LASE,LASE 04; LASE 85,,6; LASE 63 (LG); LASE 65 (C); LASE 73 (LT); LASE 75 (RT); LASE 78 (RG); LASE 85 (TE-R),,2b,ALSO D12,,7; ALSO D02; ALSO D11; ALSO D12; ALSO D13; ALSO D14; ALSO D17; ALSO D26,-2,M,LASE 06 (QB),LWR z; SLWR 1z; TE-L 1; HB-L fr; TE-R r,-; 3; 3; -; -,LASE 04 z; LASE 14 1z; LASE 88 1; LASE 33 fr; LASE 85 r,TE-L,LASE 88,COMPLETE,1,1R,4; ALSO D08 (ROLB); ALSO D18 (RE); ALSO D41 (LE); ALSO D56 (NT),,18,3L,,,LASE 33,-46,,,,LASE 88,,,0,,,LASE 06,0,,,0,,HB-L,HB-L (-6),,1; LASE 33 (HB-L),,,,INSIDE ZONE,,P,,-15,LASE 14* (R:Lx),S,,,,ALSO D14,,L;R,,,,LWR^(-13.5); SLWR(-1.5),,1,11,0,0,0,,false,3,3,0.992,0.913,Flat,false,12,LASE 33,LASE 85; LASE 88,LASE 04; LASE 14,GUN WEAK,TREY - CLOSED,LWR; SLWR; TE-L; HB-L; TE-R,2x2,PRO - PRO,NICKEL,ALSO D02; ALSO D08; ALSO D12; ALSO D13; ALSO D14,ALSO D11; ALSO D17; ALSO D26,ALSO D18; ALSO D41; ALSO D56,ODD,,COVER 2,,65,,1.175,0.903,31097_7071471,31097-LASE-7
7071506,31097,2026-09-05,2026,01,411423,2511,3,1,14:23,1,1,0,22,0,7,2,23,0,1,,,0,0,0,7,0,,0,7071471,7071540,,22.07,0,,93,0,,1.9,0,0,14,27,0,0,LASE 82,7; ALSO D11 (14); ALSO D14 (40); ALSO D18 (32); ALSO D25 (12); ALSO D41 (17); ALSO D48 (27); ALSO D56 (23),,R,,,LCB (6); SCBL (4); FS (12); RCB (4),LOLB (12); LLB (14); DLT (17); NRT (23); RILB (27); REO (32); RLB (40),3-3-5,ALSO D02 (LCB); ALSO D08 (FS); ALSO D11 (LLB); ALSO D12 (RCB); ALSO D14 (RLB); ALSO D18 (REO); ALSO D24 (SCBL); ALSO D25 (LOLB); ALSO D41 (DLT); ALSO D48 (RILB); ALSO D56 (NRT),ALSO D02 (-0.5); ALSO D08 (0.0); ALSO D11 (0.0); ALSO D12 (0.0); ALSO D14 (0.0); ALSO D18 (0.0); ALSO D24 (0.0); ALSO D25 (0.0); ALSO D41 (0.0); ALSO D48 (0.0); ALSO D56 (0.0),ALSO D24; ALSO D25; ALSO D48,F,ALSO,10,,DLT (17); NRT (23); REO (32),,TOUCHDOWN,+0,4,KICKOFF - OOB,-35,0,RR,-46,ALSO D02,,,,23,,,L,R,,,,,,LASE 06 (QB); LASE 82 (SRWR); ALSO D02 (LCB),,,,,,,,,,LOLB (0); LLB (4); RILB (4); RLB (4),,O,C,ALSO D02,LWR^; HB-L; HB-R; SRWR; RWR^,1x2,,3-0-2-0,20,LASE 04; LASE 05; LASE 14; LASE 33; LASE 82,LASE 04 (LWR); LASE 05 (HB-R); LASE 06 (QB); LASE 14 (RWR); LASE 33 (HB-L); LASE 63 (LG); LASE 65 (C); LASE 73 (LT); LASE 75 (RT); LASE 78 (RG); LASE 82 (SRWR),LASE 04 (0.0); LASE 05 (0.0); LASE 06 (+0.5); LASE 14 (0.0); LASE 33 (0.0); LASE 63 (0.0); LASE 65 (0.0); LASE 73 (0.0); LASE 75 (0.0); LASE 78 (0.0); LASE 82 (+0.5),LASE 05; LASE 82,T,LASE,LASE 04; LASE 14,,7; LASE 05 (HB-R); LASE 33 (HB-L); LASE 63 (LG); LASE 65 (C); LASE 73 (LT); LASE 75 (RT); LASE 78 (RG),,2b,ALSO D02,,7; ALSO D02; ALSO D08; ALSO D11; ALSO D12; ALSO D24; ALSO D25; ALSO D48,9,R,LASE 06 (QB),LWR 4(5); HB-L kl; HB-R kr; SRWR 3(8); RWR 9o,4; -; -; 3; 9,LASE 04 4(5); LASE 33 kl; LASE 05 kr; LASE 82 3(8); LASE 14 9o,SRWR,LASE 82,COMPLETE,3(8),3R,4; ALSO D14 (RLB); ALSO D18 (REO); ALSO D41 (DLT); ALSO D56 (NRT),,46,6R,,,,+31,,,,LASE 06; LASE 82,,,0,,,LASE 06,0,,,0,,HB-L; HB-R,HB-L (-6); HB-R (-6),L:R,2; LASE 05 (HB-R); LASE 33 (HB-L),,,,,,P,,-15,,S,,,,ALSO D02,,,,,,LWR^(-19.5); SRWR(+8.5); RWR^(+16.5),,0,11,0,0,0,,false,3,3,1.905,1.647,Out,false,20,LASE 05; LASE 33,,LASE 04; LASE 14; LASE 82,GUN SPLIT,SLOT - OPEN,LWR; HB-L; HB-R; SRWR; RWR,1x2,SLOT - OPEN,NICKEL,ALSO D02; ALSO D08; ALSO D12; ALSO D14; ALSO D24,ALSO D11; ALSO D25; ALSO D48,ALSO D18; ALSO D41; ALSO D56,OVER,,COVER 2,,54,,2.078,1.467,31097_7071506,31097-LASE-7
7071540,31097,2026-09-05,2026,01,411423,2539,3,1,13:38,0,1,1,22,0,7,3,24,0,1,,,0,0,0,7,0,,1,7071506,7071598,,22.07,0,,94,0,,2.5,0,0,3,3,0,0,LASE 88,7; ALSO D02 (06); ALSO D11 (30); ALSO D17 (09); ALSO D18 (30); ALSO D26 (18); ALSO D41 (17); ALSO D56 (22),,R,,,SSL (8); FSR (12); SCBR (3); RCB (7),LOLB (06); LOLB (09); SSL (12); DLT (17); LILB (18); NT (22); RE (30); RLB (30),3-3-5,ALSO D02 (LOLB); ALSO D08 (SCBR); ALSO D11 (RLB); ALSO D12 (RCB); ALSO D13 (FSR); ALSO D14 (SSL); ALSO D17 (LOLB); ALSO D18 (RE); ALSO D26 (LILB); ALSO D41 (DLT); ALSO D56 (NT),ALSO D02 (0.0); ALSO D08 (0.0); ALSO D11 (0.0); ALSO D12 (0.0); ALSO D13 (-0.5); ALSO D14 (-0.5); ALSO D17 (0.0); ALSO D18 (0.0); ALSO D26 (0.0); ALSO D41 (0.0); ALSO D56 (0.0),ALSO D13; ALSO D17; ALSO D26,F,ALSO,10,,DLT (17); NT (22); RE (30),,TOUCHDOWN,+0,4,KICKOFF - OOB,-35,8,SD,+31,ALSO D13,,,,24,,,R,L,,,,,,LASE 06 (QB); LASE 73 (LT); LASE 78 (RG); LASE 88 (TE-R); ALSO D13 (FSR); ALSO D14 (SSL); ALSO D17 (LOLB); ALSO D18 (RE),,,,,,,,,,LOLB (0); LOLB (0); LILB (4); RLB (4),,C,O,ALSO D13; ALSO D14,LWR^; SLWR; TE-L; HB-R; TE-R^,3x1,HB>SLWR,1-0-2-2,22,LASE 02; LASE 04; LASE 33; LASE 85; LASE 88,LASE 02 (SLWR); LASE 04 (LWR); LASE 06 (QB); LASE 33 (HB-R); LASE 63 (LG); LASE 65 (C); LASE 73 (LT); LASE 75 (RT); LASE 78 (RG); LASE 85 (TE-L); LASE 88 (TE-R),LASE 02 (0.0); LASE 04 (0.0); LASE 06 (+0.5); LASE 33 (0.0); LASE 63 (0.0); LASE 65 (0.0); LASE 73 (0.0); LASE 75 (0.0); LASE 78 (0.0); LASE 85 (0.0); LASE 88 (+1.0),LASE 02; LASE 85; LASE 88,T,LASE,LASE 04; LASE 88,,6; LASE 63 (LG); LASE 65 (C); LASE 73 (LT); LASE 75 (RT); LASE 78 (RG); LASE 85 (TE-L),,3CL,ALSO D14,ALSO D13,7; ALSO D02; ALSO D08; ALSO D11; ALSO D12; ALSO D13; ALSO D14; ALSO D26,21,M,LASE 06 (QB),LWR 6(11); SLWR frxj(-5); TE-L k; HB-R h8; TE-R 9s,6; X; -; H8; 9,LASE 04 6(11); LASE 02 frxj(-5); LASE 85 k; LASE 33 h8; LASE 88 9s,TE-R,LASE 88,COMPLETE,9s,9S,4; ALSO D17 (LOLB); ALSO D18 (RE); ALSO D41 (DLT); ALSO D56 (NT),,35,5R,,,LASE 02,+7,,,,LASE 06; LASE 88,,,0,,,LASE 06,0,,,0,,HB-R,HB-R (-5),,1; LASE 33 (HB-R),,,,TRICK,,P,,-15,LASE 02* (L:R{L}),S,,,,ALSO D13,,L;R,,,,LWR^(-12.5); SLWR(-0.5),2; ALSO D13; ALSO D14,0,5,0,0,0,,false,3,3,3.552,1.749,Seam,false,22,LASE 02; LASE 33,LASE 85; LASE 88,LASE 04,GUN STRONG,TREY - CLOSED,LWR; SLWR; TE-L; HB-R; TE-R,3x1,TREY - CLOSED,NICKEL,ALSO D02; ALSO D08; ALSO D12; ALSO D13; ALSO D14,ALSO D11; ALSO D17; ALSO D26,ALSO D18; ALSO D41; ALSO D56,OVER,,COVER 3 CLOUD,,31,,3.545,1.343,31097_7071540,31097-LASE-7
7071598,31097,2026-09-05,2026,01,411423,2567,3,1,12:52,1,1,0,22,0,7,4,7,0,1,,,0,0,0,7,0,,1,7071540,7071624,,22.07,1,,95,0,1.6,1.7,0,0,7,0,0,0,LASE 88,9; ALSO D02 (09); ALSO D08 (42); ALSO D11 (33); ALSO D14 (05); ALSO D17 (13); ALSO D18 (33); ALSO D26 (11); ALSO D41 (27); ALSO D56 (19),,R,,,SCBR (6); RCB (2),LOLB (05); LLB (09); LLB (11); LE (13); DLT (19); DRT (27); REO (33); RLB (33); RLB (42),3-3-5,ALSO D02 (LLB); ALSO D08 (RLB); ALSO D11 (RLB); ALSO D12 (RCB); ALSO D13 (SCBR); ALSO D14 (LOLB); ALSO D17 (LE); ALSO D18 (REO); ALSO D26 (LLB); ALSO D41 (DRT); ALSO D56 (DLT),ALSO D02 (0.0); ALSO D08 (0.0); ALSO D11 (-1.0); ALSO D12 (0.0); ALSO D13 (0.0); ALSO D14 (0.0); ALSO D17 (0.0); ALSO D18 (0.0); ALSO D26 (0.0); ALSO D41 (0.0); ALSO D56 (0.0),,F,ALSO,7,,LE (13); DLT (19); DRT (27); REO (33),,TOUCHDOWN,+0,4,KICKOFF - OOB,-35,5,SD,+7,,,,,7,,,R,L,,ALSO D08,,,,LASE 88 (TE-L); ALSO D08 (RLB); ALSO D11 (RLB),,,,,,,,,,LOLB (0); LLB (5); LLB (3); RLB (2); RLB (3),,O,O,ALSO D11,LWR^; SLWR; TE-L; HB-L; TE-R^,3x1,,2-0-1-2,12,LASE 04; LASE 14; LASE 33; LASE 85; LASE 88,LASE 04 (LWR); LASE 06 (QB); LASE 14 (SLWR); LASE 33 (HB-L); LASE 63 (LG); LASE 65 (C); LASE 73 (LT); LASE 75 (RT); LASE 78 (RG); LASE 85 (TE-R); LASE 88 (TE-L),LASE 04 (0.0); LASE 06 (0.0); LASE 14 (0.0); LASE 33 (0.0); LASE 63 (0.0); LASE 65 (0.0); LASE 73 (0.0); LASE 75 (0.0); LASE 78 (0.0); LASE 85 (0.0); LASE 88 (+0.5),LASE 14,T,LASE,LASE 04; LASE 85,,6; LASE 63 (LG); LASE 65 (C); LASE 73 (LT); LASE 75 (RT); LASE 78 (RG); LASE 85 (TE-R),,0b,ALSO D11,,5; ALSO D02; ALSO D11; ALSO D12; ALSO D13; ALSO D26,0,M,LASE 06 (QB),LWR z; SLWR z; TE-L 1; HB-L fr; TE-R r,-; -; 3; -; -,LASE 04 z; LASE 14 z; LASE 88 1; LASE 33 fr; LASE 85 r,TE-L,LASE 88,COMPLETE,1,1R,6; ALSO D08 (RLB); ALSO D14 (LOLB); ALSO D17 (LE); ALSO D18 (REO); ALSO D41 (DRT); ALSO D56 (DLT),HURRY,16,3L,,,LASE 33,+0,,,,LASE 88,ALSO D12 > LASE 04,ALSO D08 (U),0,,,LASE 06,0,ALSO D08,,0,,HB-L,HB-L (-5),,1; LASE 33 (HB-L),,,,INSIDE ZONE,,P,,-15,LASE 14* (L:Rx>R:Lx),S,,,,,,L;R,LASE 88,ALSO D08 (L.E.D) RLB,,LWR^(-15.5); SLWR(-3.5),,1,3,0,1,0,,false,3,3,5.301,1.699,Flat,false,12,LASE 33,LASE 85; LASE 88,LASE 04; LASE 14,GUN WEAK,TREY - CLOSED,LWR; SLWR; TE-L; HB-L; TE-R,3x1,TREY - CLOSED,NICKEL,ALSO D02; ALSO D08; ALSO D12; ALSO D13; ALSO D14,ALSO D11; ALSO D17; ALSO D26,ALSO D18; ALSO D41; ALSO D56,WIDE UNDER,,COVER 0,,7,,4.888,2.112,31097_7071598,31097-LASE-7
7072515,31097,2026-09-05,2026,01,411423,2985,3,1,06:59,1,,0,25,0,8,1,15,0,1,,,0,0,1,14,0,,0,7072467,7072608,,25.14,0,,111,0,,,0,0,,4,0,0,LASE 02,9; ALSO D06 (14); ALSO D12 (37); ALSO D14 (29); ALSO D24 (02); ALSO D25 (33); ALSO D48 (23); ALSO D49 (22); ALSO D90 (15); ALSO D94 (29),,,,,LCB (2); FSL (12); SS (8),LLB (02); LLB (14); LE (15); NT (22); MLB (23); SS (29); RE (29); ROLB (33); ROLB (37),3-3-5,ALSO D05 (FSL); ALSO D06 (LLB); ALSO D12 (ROLB); ALSO D14 (SS); ALSO D24 (LLB); ALSO D25 (ROLB); ALSO D34 (LCB); ALSO D48 (MLB); ALSO D49 (NT); ALSO D90 (LE); ALSO D94 (RE),ALSO D05 (0.0); ALSO D06 (-0.5); ALSO D12 (0.0); ALSO D14 (0.0); ALSO D24 (0.0); ALSO D25 (0.0); ALSO D34 (0.0); ALSO D48 (0.0); ALSO D49 (0.0); ALSO D90 (-0.5); ALSO D94 (0.0),DRIVE START,F,ALSO,10,,LE (15); NT (22); RE (29),,INTERCEPTION,-17,3,KICKOFF - RETURN,-12,,,-12,ALSO D34,,,,15,,,L,R,,,,,,LASE 02 (HB-L); LASE 14 (TE-iR); LASE 30 (TE-oR); LASE 78 (RG); LASE 85 (TE-R); ALSO D06 (LLB); ALSO D24 (LLB); ALSO D90 (LE),,,,,,,,,,LLB (2); LLB (3); MLB (3); ROLB (0); ROLB (0),,C,C,LASE 30; ALSO D06; ALSO D90,HB-L; TE-iR; TE-R^; TE-oR; RWR^,0x4,FB>TE-oR; WR>TE-iR,2-0-1-2,12,LASE 02; LASE 04; LASE 14; LASE 30; LASE 85,LASE 02 (HB-L); LASE 04 (RWR); LASE 06 (QB); LASE 14 (TE-iR); LASE 30 (TE-oR); LASE 63 (LG); LASE 65 (C); LASE 73 (LT); LASE 75 (RT); LASE 78 (RG); LASE 85 (TE-R),LASE 02 (+0.5); LASE 04 (0.0); LASE 06 (0.0); LASE 14 (0.0); LASE 30 (-0.5); LASE 63 (0.0); LASE 65 (0.0); LASE 73 (0.0); LASE 75 (0.0); LASE 78 (+0.5); LASE 85 (+0.5),DRIVE START,T,LASE,LASE 04; LASE 85,,,,3CRb,,,,,,,,,,,,,,,,,,,,,,-27,RE,,RE,LASE 02; LASE 78; LASE 85,ALSO D34 > LASE 04,,0,,,LASE 06,0,,,0,,HB-L,HB-L (-5),R,1; LASE 02 (HB-L),,,,OUTSIDE ZONE,,R,,-11,,S,,,,ALSO D34,ALSO D05,R;R;R,,,,RWR^(+12.5),,0,9,0,0,0,,false,3,3,-0.586,0.84,,false,12,LASE 02,LASE 30; LASE 85,LASE 04; LASE 14,GUN WEAK,QUAKE WING - NIX,HB-L; TE-iR; TE-R; TE-oR; RWR,0x4,QUAKE WING - NIX,NICKEL,ALSO D05; ALSO D12; ALSO D14; ALSO D24; ALSO D34,ALSO D06; ALSO D25; ALSO D48,ALSO D49; ALSO D90; ALSO D94,ODD,,COVER 3 CLOUD,,88,,-0.895,1.361,31097_7072515,31097-LASE-8
7072608,31097,2026-09-05,2026,01,411423,3011,3,1,06:22,1,0,0,25,0,8,2,4,0,,,,0,1,0,14,0,-10,0,7072515,7072648,,25.14,1,,112,0,,1.3,0,0,,3,0,0,LASE 02,6; ALSO D06 (29); ALSO D25 (06); ALSO D48 (20); ALSO D49 (22); ALSO D90 (30); ALSO D94 (15),,R,,,LCB (2); SCBL (8); FSR (11); SCBoR (4); RCB (2),LOLB (06); LE (15); LILB (20); NT (22); RLB (29); RE (30),3-3-5,ALSO D05 (FSR); ALSO D06 (RLB); ALSO D08 (SCBoR); ALSO D12 (LCB); ALSO D14 (SCBL); ALSO D25 (LOLB); ALSO D34 (RCB); ALSO D48 (LILB); ALSO D49 (NT); ALSO D90 (RE); ALSO D94 (LE),ALSO D05 (+0.5); ALSO D06 (+0.5); ALSO D08 (0.0); ALSO D12 (0.0); ALSO D14 (0.0); ALSO D25 (0.0); ALSO D34 (0.0); ALSO D48 (0.0); ALSO D49 (0.0); ALSO D90 (0.0); ALSO D94 (0.0),ALSO D08,F,ALSO,10,,LE (15); NT (22); RE (30),,INTERCEPTION,-17,3,KICKOFF - RETURN,-12,6,SD,-27,ALSO D05,,,,-10,,,R,L,,,,,,LASE 02 (SLiWR); LASE 85 (SLoWR); ALSO D05 (FSR); ALSO D06 (RLB); ALSO D08 (SCBoR),,,,,,,,,,LOLB (0); LILB (3); RLB (4),,O,O,LASE 85,LWR^; SLoWR; SLiWR; SRWR; RWR^,3x2,HB>SLiWR; TE>SLoWR; TE>SRWR,2-0-1-2,12,LASE 02; LASE 04; LASE 14; LASE 85; LASE 88,LASE 02 (SLiWR); LASE 04 (RWR); LASE 06 (QB); LASE 14 (LWR); LASE 63 (LG); LASE 65 (C); LASE 73 (LT); LASE 75 (RT); LASE 78 (RG); LASE 85 (SLoWR); LASE 88 (SRWR),LASE 02 (0.0); LASE 04 (0.0); LASE 06 (0.0); LASE 14 (0.0); LASE 63 (0.0); LASE 65 (0.0); LASE 73 (0.0); LASE 75 (0.0); LASE 78 (0.0); LASE 85 (-1.0); LASE 88 (0.0),LASE 88,T,LASE,LASE 04; LASE 14,,5; LASE 63 (LG); LASE 65 (C); LASE 73 (LT); LASE 75 (RT); LASE 78 (RG),,4b,,,7; ALSO D05; ALSO D06; ALSO D08; ALSO D12; ALSO D14; ALSO D25; ALSO D34,-7,M,LASE 06 (QB),LWR z; SLoWR z; SLiWR 0u(-7); SRWR 1z; RWR 0t(0),-; -; 0; 3; 0,LASE 14 z; LASE 85 z; LASE 02 0u(-7); LASE 88 1z; LASE 04 0t(0),,,LATERAL,,,4; ALSO D48 (LILB); ALSO D49 (NT); ALSO D90 (RE); ALSO D94 (LE),,19,3L,LASE 85 OH,,,-17,,,,ALSO D05; ALSO D06,ALSO D12 > LASE 04; ALSO D34 > LASE 14,,0,,,LASE 06,0,,,0,,EMPTY,,,,,,,,,P,,-11,LASE 02* (B:L),S,,ALSO D05,,ALSO D05,ALSO D06,,,,,LWR^(-17.5); SLoWR(-4.5); SLiWR(+3.5); SRWR(+15.5); RWR^(+19.5),,0,11,0,0,0,,false,3,3,0.254,-1.114,,false,12,LASE 02,LASE 85; LASE 88,LASE 04; LASE 14,GUN EMPTY,TRIPS - SLOT,LWR; SLoWR; SLiWR; SRWR; RWR,2x2,SLOT - SLOT,NICKEL,ALSO D05; ALSO D08; ALSO D12; ALSO D14; ALSO D34,ALSO D06; ALSO D25; ALSO D48,ALSO D49; ALSO D90; ALSO D94,ODD,,COVER 4,,73,,0.466,-1.668,31097_7072608,31097-LASE-8
7072648,31097,2026-09-05,2026,01,411423,3048,3,1,05:54,1,0,0,25,0,8,3,,0,,,,0,0,0,14,0,,0,7072608,7072691,,25.14,0,,113,0,,1.2,0,0,,,0,0,,6; ALSO D06 (42); ALSO D25 (09); ALSO D48 (22); ALSO D49 (22); ALSO D90 (30); ALSO D94 (14),,R,,,LCB (6); SCBL (9); FSR (11); SCBoR (7); RCB (5),LOLB (09); LE (14); NT (22); MLB (22); RE (30); RLB (42),3-3-5,ALSO D05 (FSR); ALSO D06 (RLB); ALSO D12 (LCB); ALSO D14 (SCBL); ALSO D24 (SCBoR); ALSO D25 (LOLB); ALSO D34 (RCB); ALSO D48 (MLB); ALSO D49 (NT); ALSO D90 (RE); ALSO D94 (LE),ALSO D05 (0.0); ALSO D06 (0.0); ALSO D12 (+1.5); ALSO D14 (0.0); ALSO D24 (0.0); ALSO D25 (0.0); ALSO D34 (0.0); ALSO D48 (0.0); ALSO D49 (0.0); ALSO D90 (0.0); ALSO D94 (0.0),ALSO D24,T,ALSO,20,,LE (14); NT (22); RE (30),,INTERCEPTION,-17,3,KICKOFF - RETURN,-12,6,SD,-17,,,,,0,,,R,L,,,MR,,ALSO D12,LASE 06 (QB); ALSO D12 (LCB),,,,,,,,,,LOLB (0); MLB (4); RLB (4),,O,O,LASE 06,LWR; SLoWR^; SLiWR; SRWR^; RWR,3x2,HB>RWR; TE>LWR; TE>SLoWR,2-0-1-2,12,LASE 04; LASE 05; LASE 82; LASE 85; LASE 88,LASE 04 (SRWR); LASE 05 (RWR); LASE 06 (QB); LASE 63 (LG); LASE 65 (C); LASE 73 (LT); LASE 75 (RT); LASE 78 (RG); LASE 82 (SLiWR); LASE 85 (SLoWR); LASE 88 (LWR),LASE 04 (0.0); LASE 05 (0.0); LASE 06 (-2.0); LASE 63 (0.0); LASE 65 (0.0); LASE 73 (0.0); LASE 75 (0.0); LASE 78 (0.0); LASE 82 (0.0); LASE 85 (0.0); LASE 88 (0.0),LASE 05; LASE 82,F,LASE,LASE 04; LASE 85,,5; LASE 63 (LG); LASE 65 (C); LASE 73 (LT); LASE 75 (RT); LASE 78 (RG),,4b,ALSO D12,,7; ALSO D05; ALSO D06; ALSO D12; ALSO D14; ALSO D24; ALSO D25; ALSO D34,4,R,LASE 06 (QB),LWR 6(4); SLoWR 9y; SLiWR 4(8); SRWR 9y; RWR 6(4),6; 9; 4; 9; 6,LASE 88 6(4); LASE 85 9y; LASE 82 4(8); LASE 04 9y; LASE 05 6(4),RWR,LASE 05,INTERCEPTION,6(4),6R,4; ALSO D48 (MLB); ALSO D49 (NT); ALSO D90 (RE); ALSO D94 (LE),,49,6R,,,,-17,,,,ALSO D12,,,0,,,LASE 06,0,,,0,,EMPTY,,,,,,,,,P,,-11,,S,,,,,,,,,,LWR(-17.5); SLoWR^(-11.5); SLiWR(-5.5); SRWR^(+13.5); RWR(+22.5),1; ALSO D12,0,4,0,0,1,,false,3,3,-0.86,-4.575,Hitch,false,12,LASE 05,LASE 85; LASE 88,LASE 04; LASE 82,GUN EMPTY,TRIPS - SLOT,LWR; SLoWR; SLiWR; SRWR; RWR,3x2,TRIPS - SLOT,NICKEL,ALSO D05; ALSO D12; ALSO D14; ALSO D24; ALSO D34,ALSO D06; ALSO D25; ALSO D48,ALSO D49; ALSO D90; ALSO D94,ODD,,COVER 4,,83,,-1.202,-3.855,31097_7072648,31097-LASE-8
7073267,31097,2026-09-05,2026,01,411423,3224,3,1,03:59,0,,0,32,0,9,1,3,0,,,,0,0,0,14,1,,0,7073213,7073277,,32.14,0,,120,0,,,0,0,,2,0,0,LASE 33,5; ALSO D10 (08); ALSO D18 (30); ALSO D26 (19); ALSO D41 (15); ALSO D56 (22),LASE 04; LASE 14; LASE 85,,,,SSL (7); FS (10); SSR (10); SCBiR (4); SCBoR (2); RCB (7),LOLB (08); SSL (12); LE (15); LILB (19); NT (22); RE (30); SSR (44),3-3-5,ALSO D05 (SSR); ALSO D06 (SCBiR); ALSO D08 (SCBoR); ALSO D10 (LOLB); ALSO D12 (SSL); ALSO D18 (RE); ALSO D26 (LILB); ALSO D32 (FS); ALSO D34 (RCB); ALSO D41 (LE); ALSO D56 (NT),ALSO D05 (0.0); ALSO D06 (0.0); ALSO D08 (0.0); ALSO D10 (0.0); ALSO D12 (0.0); ALSO D18 (0.0); ALSO D26 (0.0); ALSO D32 (0.0); ALSO D34 (0.0); ALSO D41 (0.0); ALSO D56 (+0.5),DRIVE START,T,ALSO,10,,LE (15); NT (22); RE (30),,PUNT,-13,3,KICKOFF - RETURN,-23,,,-23,ALSO D26,,,,3,,,R,L,,,,,,LASE 65 (C); LASE 78 (RG); ALSO D56 (NT),,,,,,,,,,LOLB (0); LILB (4),,O,O,LASE 65; LASE 78,LWR; SLoWR^; SLiWR; HB-R; TE-R^,3x1,TE>SLoWR,2-0-1-2,12,LASE 04; LASE 14; LASE 33; LASE 85; LASE 88,LASE 04 (LWR); LASE 06 (QB); LASE 14 (SLiWR); LASE 33 (HB-R); LASE 63 (LG); LASE 65 (C); LASE 73 (LT); LASE 75 (RT); LASE 78 (RG); LASE 85 (SLoWR); LASE 88 (TE-R),LASE 04 (0.0); LASE 06 (0.0); LASE 14 (0.0); LASE 33 (0.0); LASE 63 (0.0); LASE 65 (-0.5); LASE 73 (0.0); LASE 75 (0.0); LASE 78 (-0.5); LASE 85 (0.0); LASE 88 (0.0),DRIVE START,F,LASE,LASE 85; LASE 88,,,,4,,,,,,,,,,,,,,,,,,,,,,-26,ML,,ML,ALSO D56,ALSO D08 > LASE 85,,0,,,LASE 06,0,,,0,,HB-R,HB-R (-5),L,1; LASE 33 (HB-R),,,,INSIDE ZONE,READ OPTION,R,,-18,,S,,ALSO D26,,ALSO D26,ALSO D32,R,,,,LWR(-11.5); SLoWR^(-9.5); SLiWR(-7.5),,0,6,0,0,0,,false,3,3,-0.241,-0.447,,false,12,LASE 33,LASE 85; LASE 88,LASE 04; LASE 14,GUN STRONG,TRIPS - CLOSED,LWR; SLoWR; SLiWR; HB-R; TE-R,3x1,TRIPS - CLOSED,NICKEL,ALSO D05; ALSO D08; ALSO D12; ALSO D32; ALSO D34,ALSO D06; ALSO D10; ALSO D26,ALSO D18; ALSO D41; ALSO D56,ODD,,COVER 4,,77,,0.103,-0.432,31097_7073267,31097-LASE-9
7073277,31097,2026-09-05,2026,01,411423,3250,3,2,03:17,0,,0,32,0,9,2,-13,0,,,,0,0,1,14,0,,0,7073267,7073297,,32.14,0,,121,0,,,0,1,,0,0,0,LASE 06,7; ALSO D06 (35); ALSO D10 (35); ALSO D12 (09); ALSO D18 (21); ALSO D26 (22); ALSO D41 (31); ALSO D56 (26),,,,,FS (9); SSR (9); SCBR (2); RCB (1),LLB (09); NLT (21); MLB (22); DRT (26); RE (31); RLB (35); ROLB (35); SSR (44),3-3-5,ALSO D05 (SSR); ALSO D06 (RLB); ALSO D08 (SCBR); ALSO D10 (ROLB); ALSO D12 (LLB); ALSO D18 (NLT); ALSO D26 (MLB); ALSO D32 (FS); ALSO D34 (RCB); ALSO D41 (RE); ALSO D56 (DRT),ALSO D05 (0.0); ALSO D06 (0.0); ALSO D08 (0.0); ALSO D10 (0.0); ALSO D12 (0.0); ALSO D18 (0.0); ALSO D26 (0.0); ALSO D32 (0.0); ALSO D34 (0.0); ALSO D41 (0.0); ALSO D56 (0.0),,T,ALSO,7,,NLT (21); DRT (26); RE (31),,PUNT,-13,3,KICKOFF - RETURN,-23,,,-26,,,LASE 06,LASE 02,-13,,,C,C,,,,,,LASE 02 (SLWR); LASE 06 (QB),,,,,,,,,,LLB (5); MLB (5); RLB (4); ROLB (0),,O,O,LASE 02,LWR^; SLWR; TE-oL^; TE-iL; HB,4x0,FB>TE-iL; HB>SLWR,1-0-2-2,22,LASE 02; LASE 04; LASE 30; LASE 33; LASE 85,LASE 02 (SLWR); LASE 04 (LWR); LASE 06 (QB); LASE 30 (TE-iL); LASE 33 (HB); LASE 63 (LG); LASE 65 (C); LASE 73 (LT); LASE 75 (RT); LASE 78 (RG); LASE 85 (TE-oL),LASE 02 (-1.0); LASE 04 (0.0); LASE 06 (0.0); LASE 30 (0.0); LASE 33 (0.0); LASE 63 (0.0); LASE 65 (0.0); LASE 73 (0.0); LASE 75 (0.0); LASE 78 (0.0); LASE 85 (0.0),LASE 02; LASE 30,F,LASE,LASE 04; LASE 85,,,,4,,,,,,,,,,,,,,,,,,,,,,-13,QB FUMBLE,,QB FUMBLE,,ALSO D08 > LASE 02; ALSO D34 > LASE 04,,0,,,LASE 06,0,,,0,,HB,HB (-6),L,1; LASE 33 (HB),,,,TRICK,SPLIT,R,,-18,,,,,,,,L;L,,,,LWR^(-15.5); SLWR(-6.5),,0,6,0,0,0,SELF FUMBLE,false,3,3,-0.688,-2.301,,false,22,LASE 02; LASE 33,LASE 30; LASE 85,LASE 04,ACE,QUADS WING - NIX,LWR; SLWR; TE-oL; TE-iL; HB,4x0,QUADS WING - NIX,NICKEL,ALSO D05; ALSO D08; ALSO D12; ALSO D32; ALSO D34,ALSO D06; ALSO D10; ALSO D26,ALSO D18; ALSO D41; ALSO D56,OVER,,COVER 4,,74,,-0.329,-2.7,31097_7073277,31097-LASE-9
7073297,31097,2026-09-05,2026,01,411423,3287,3,3,02:29,1,0,0,32,0,9,3,,0,,,,0,0,0,14,0,,0,7073277,7073319,,32.14,0,,122,1,,1.3,0,0,,,0,0,,6; ALSO D11 (29); ALSO D17 (35); ALSO D18 (13); ALSO D25 (06); ALSO D48 (26); ALSO D90 (22),,L,,,LCB (16); FS (15); FSR (11); SCBoR (7); RCB (12),LOLB (06); LE (13); NT (22); RILB (26); RLB (29); ROLB (35),2-4-5,ALSO D05 (FSR); ALSO D11 (RLB); ALSO D12 (LCB); ALSO D17 (ROLB); ALSO D18 (LE); ALSO D24 (SCBoR); ALSO D25 (LOLB); ALSO D32 (FS); ALSO D34 (RCB); ALSO D48 (RILB); ALSO D90 (NT),ALSO D05 (0.0); ALSO D11 (0.0); ALSO D12 (0.0); ALSO D17 (0.0); ALSO D18 (0.0); ALSO D24 (0.0); ALSO D25 (+1.0); ALSO D32 (0.0); ALSO D34 (0.0); ALSO D48 (0.0); ALSO D90 (0.0),ALSO D11; ALSO D17; ALSO D24; ALSO D25; ALSO D48; ALSO D90,T,ALSO,20,,LE (13); NT (22),,PUNT,-13,3,KICKOFF - RETURN,-23,5,SD,-13,,,,,0,,,R,L,,,BP,,,ALSO D25 (LOLB),,,,,,,,,,LOLB (0); RILB (1); RLB (2); ROLB (0),,O,O,,LWR^; SLoWR; SLiWR; HB-R; RWR^,3x1,TE>SLiWR,3-0-1-1,11,LASE 04; LASE 09; LASE 14; LASE 33; LASE 85,LASE 04 (RWR); LASE 06 (QB); LASE 09 (SLoWR); LASE 14 (LWR); LASE 33 (HB-R); LASE 63 (LG); LASE 65 (C); LASE 73 (LT); LASE 75 (RT); LASE 78 (RG); LASE 85 (SLiWR),LASE 04 (0.0); LASE 06 (0.0); LASE 09 (0.0); LASE 14 (0.0); LASE 33 (0.0); LASE 63 (0.0); LASE 65 (0.0); LASE 73 (0.0); LASE 75 (0.0); LASE 78 (0.0); LASE 85 (0.0),LASE 09; LASE 14,F,LASE,LASE 04; LASE 14,,6; LASE 33 (HB-R); LASE 63 (LG); LASE 65 (C); LASE 73 (LT); LASE 75 (RT); LASE 78 (RG),,4b,,,7; ALSO D05; ALSO D11; ALSO D12; ALSO D17; ALSO D24; ALSO D32; ALSO D34,,X,LASE 06 (QB),LWR 6(6); SLoWR 9y; SLiWR 6(6); HB-R kr; RWR 6(5),6; 9; 6; -; 6,LASE 14 6(6); LASE 09 9y; LASE 85 6(6); LASE 33 kr; LASE 04 6(5),,,BATTED PASS,,,4; ALSO D18 (LE); ALSO D25 (LOLB); ALSO D48 (RILB); ALSO D90 (NT),,,,,,,-13,,,,ALSO D25,,,0,,,LASE 06,0,,,0,,HB-R,HB-R (-5),R,1; LASE 33 (HB-R),,,,,,P,,-18,,S,,,,,,,,,,LWR^(-17.5); SLoWR(-8.5); SLiWR(-3.5); RWR^(+20.5),,0,3,0,0,0,,false,3,3,-2.989,-0.176,,false,11,LASE 33,LASE 85,LASE 04; LASE 09; LASE 14,GUN WEAK,TRIPS - OPEN,LWR; SLoWR; SLiWR; HB-R; RWR,3x1,TRIPS - OPEN,NICKEL,ALSO D05; ALSO D12; ALSO D24; ALSO D32; ALSO D34,ALSO D11; ALSO D17; ALSO D25; ALSO D48,ALSO D18; ALSO D90,ODD,SINGLE MUG,COVER 4,,87,,-3.029,-0.158,31097_7073297,31097-LASE-9
7074525,31097,2026-09-05,2026,01,411423,3867,4,1,08:56,0,,0,39,0,10,1,20,0,1,,,0,0,0,14,0,,0,7074471,7074701,,39.14,0,,143,0,,,0,0,,3,0,0,LASE 05,8; ALSO D11 (28); ALSO D12 (13); ALSO D17 (07); ALSO D26 (18); ALSO D32 (01); ALSO D49 (24); ALSO D90 (33); ALSO D94 (17),,,,,SS (8); FSR (11); SCBR (4); RCB (6),LLB (01); LEO (07); SS (13); DLT (17); LILB (18); DRT (24); RILB (28); REO (33),3-3-5,ALSO D02 (RCB); ALSO D05 (FSR); ALSO D08 (SCBR); ALSO D11 (RILB); ALSO D12 (SS); ALSO D17 (LEO); ALSO D26 (LILB); ALSO D32 (LLB); ALSO D49 (DRT); ALSO D90 (REO); ALSO D94 (DLT),ALSO D02 (0.0); ALSO D05 (0.0); ALSO D08 (0.0); ALSO D11 (0.0); ALSO D12 (0.0); ALSO D17 (0.0); ALSO D26 (0.0); ALSO D32 (-1.0); ALSO D49 (0.0); ALSO D90 (0.0); ALSO D94 (0.0),DRIVE START,F,ALSO,10,,LEO (07); DLT (17); DRT (24); REO (33),,PUNT,+41,5,KICKOFF - RETURN,-20,,,-20,ALSO D12,,,,20,,,R,L,,,,,,LASE 05 (HB-R); LASE 75 (RT); ALSO D32 (LLB); ALSO D94 (DLT),,,,,,,,,,LLB (3); LILB (4); RILB (4),,O,O,LASE 75; ALSO D32,LWR^; SLWR; HB-R; TE-iR^; TE-oR,2x2,FB>TE-oR,2-0-1-2,12,LASE 05; LASE 14; LASE 30; LASE 80; LASE 85,LASE 05 (HB-R); LASE 06 (QB); LASE 14 (SLWR); LASE 30 (TE-oR); LASE 63 (LG); LASE 65 (C); LASE 73 (LT); LASE 75 (RT); LASE 78 (RG); LASE 80 (LWR); LASE 85 (TE-iR),LASE 05 (+0.5); LASE 06 (0.0); LASE 14 (0.0); LASE 30 (0.0); LASE 63 (0.0); LASE 65 (0.0); LASE 73 (0.0); LASE 75 (-0.5); LASE 78 (0.0); LASE 80 (0.0); LASE 85 (0.0),DRIVE START,T,LASE,LASE 80; LASE 85,,,,4,,,,,,,,,,,,,,,,,,,,,,-40,RE,VOLUNTARY,MR,LASE 05,,,0,,,LASE 06,0,,,0,,HB-R,HB-R (-6),R,1; LASE 05 (HB-R),,,,MAN,,R,,-25,,S,,,,ALSO D12,,R;R,,,,LWR^(-17.5); SLWR(-7.5),,0,15,0,0,0,,false,3,3,0.09,1.316,,false,12,LASE 05,LASE 30; LASE 85,LASE 14; LASE 80,GUN STRONG,SLOT - WING,LWR; SLWR; HB-R; TE-iR; TE-oR,2x2,SLOT - WING,NICKEL,ALSO D02; ALSO D05; ALSO D08; ALSO D12; ALSO D32,ALSO D11; ALSO D17; ALSO D26,ALSO D49; ALSO D90; ALSO D94,WIDE OVER,,COVER 4,,80,,-0.171,1.769,31097_7074525,31097-LASE-10
7074701,31097,2026-09-05,2026,01,411423,3893,4,1,08:18,1,1,0,39,0,10,2,16,0,1,,,0,0,0,14,0,,0,7074525,7074724,,39.14,1,,144,0,,1.8,0,0,18,16,0,0,LASE 33,6; ALSO D11 (07); ALSO D17 (35); ALSO D48 (22); ALSO D49 (22); ALSO D90 (17); ALSO D94 (27),LASE 14; LASE 88,R,,,LCB (4); SCBL (6); FSL (12); FSR (11); RCB (5),LOLB (07); DLT (17); NT (22); MLB (22); DRT (27); ROLB (35),3-3-5,ALSO D02 (RCB); ALSO D05 (FSL); ALSO D11 (LOLB); ALSO D12 (LCB); ALSO D14 (FSR); ALSO D17 (ROLB); ALSO D24 (SCBL); ALSO D48 (MLB); ALSO D49 (NT); ALSO D90 (DLT); ALSO D94 (DRT),ALSO D02 (0.0); ALSO D05 (0.0); ALSO D11 (-1.0); ALSO D12 (0.0); ALSO D14 (-1.0); ALSO D17 (-0.5); ALSO D24 (0.0); ALSO D48 (0.0); ALSO D49 (0.0); ALSO D90 (0.0); ALSO D94 (0.0),ALSO D14; ALSO D24; ALSO D48,F,ALSO,10,,DLT (17); NT (22); DRT (27),,PUNT,+41,5,KICKOFF - RETURN,-20,8,SD,-40,ALSO D02,,,,16,,,R,L,,,,,,LASE 33 (HB-R); LASE 73 (LT); ALSO D02 (RCB); ALSO D11 (LOLB); ALSO D14 (FSR); ALSO D17 (ROLB),,,,,,,,,,LOLB (0); MLB (3); ROLB (0),ALSO D11; ALSO D14,O,O,ALSO D11; ALSO D14; ALSO D17,LWR^; HB-R; SRiWR^; SRoWR; RWR,1x3,TE>SRiWR,3-0-1-1,11,LASE 14; LASE 33; LASE 80; LASE 82; LASE 88,LASE 06 (QB); LASE 14 (SRoWR); LASE 33 (HB-R); LASE 63 (LG); LASE 65 (C); LASE 73 (LT); LASE 75 (RT); LASE 78 (RG); LASE 80 (LWR); LASE 82 (RWR); LASE 88 (SRiWR),LASE 06 (0.0); LASE 14 (0.0); LASE 33 (+0.5); LASE 63 (0.0); LASE 65 (0.0); LASE 73 (+0.5); LASE 75 (0.0); LASE 78 (0.0); LASE 80 (0.0); LASE 82 (0.0); LASE 88 (0.0),LASE 33; LASE 82; LASE 88,T,LASE,LASE 80; LASE 88,,5; LASE 63 (LG); LASE 65 (C); LASE 73 (LT); LASE 75 (RT); LASE 78 (RG),,2b,ALSO D17,,7; ALSO D02; ALSO D05; ALSO D11; ALSO D12; ALSO D14; ALSO D17; ALSO D24,-2,M,LASE 06 (QB),LWR 2(1)z; HB-R h31(-2); SRiWR 1z; SRoWR 2(1)z; RWR 0(-2),2; H5; 3; 2; 0,LASE 80 2(1)z; LASE 33 h31(-2); LASE 88 1z; LASE 14 2(1)z; LASE 82 0(-2),HB-R,LASE 33,COMPLETE,h31(-2),SL,4; ALSO D48 (MLB); ALSO D49 (NT); ALSO D90 (DLT); ALSO D94 (DRT),,20,4,,,,+44,,,,LASE 33; LASE 73,,,0,,,LASE 06,0,,,0,,HB-R,HB-R (-5),,1; LASE 33 (HB-R),,,,,,P,,-25,LASE 88* (L:R{R}),S,,,,ALSO D90,ALSO D48,,,,,LWR^(-7.5); SRiWR^(+12.5); SRoWR(+15.5); RWR(+21.5),,0,18,0,0,0,,false,2,3,1.406,1.083,Flat,false,11,LASE 33,LASE 88,LASE 14; LASE 80; LASE 82,GUN STRONG,TRIPS - OPEN,LWR; HB-R; SRiWR; SRoWR; RWR,1x3,TREY - OPEN,NICKEL,ALSO D02; ALSO D05; ALSO D12; ALSO D14; ALSO D24,ALSO D11; ALSO D17; ALSO D48,ALSO D49; ALSO D90; ALSO D94,BEAR,,COVER 2,,60,,1.598,1.195,31097_7074701,31097-LASE-10
7074724,31097,2026-09-05,2026,01,411423,3921,4,1,07:32,1,,0,39,0,10,3,5,0,,,,0,0,0,14,0,,0,7074701,7074768,,39.14,0,,145,0,,,0,0,,3,0,0,LASE 33,8; ALSO D11 (29); ALSO D12 (02); ALSO D14 (15); ALSO D17 (06); ALSO D26 (15); ALSO D49 (19); ALSO D90 (33); ALSO D94 (27),,,,,SS (7); FSR (11); SCBR (4); RCB (7),LLB (02); LOLB (06); LLB (15); SS (15); DLT (19); DRT (27); RLB (29); ROLB (33),3-3-5,ALSO D02 (RCB); ALSO D05 (FSR); ALSO D08 (SCBR); ALSO D11 (RLB); ALSO D12 (LLB); ALSO D14 (SS); ALSO D17 (LOLB); ALSO D26 (LLB); ALSO D49 (DLT); ALSO D90 (ROLB); ALSO D94 (DRT),ALSO D02 (0.0); ALSO D05 (0.0); ALSO D08 (-1.0); ALSO D11 (0.0); ALSO D12 (0.0); ALSO D14 (-1.0); ALSO D17 (0.0); ALSO D26 (0.0); ALSO D49 (0.0); ALSO D90 (0.0); ALSO D94 (0.0),ALSO D08; ALSO D26,F,ALSO,10,,DLT (19); DRT (27),,PUNT,+41,5,KICKOFF - RETURN,-20,,,+44,ALSO D14,,,,5,,,C,C,,,,,,LASE 33 (HB-R); LASE 65 (C); LASE 75 (RT); LASE 78 (RG); ALSO D08 (SCBR); ALSO D14 (SS); ALSO D26 (LLB); ALSO D49 (DLT); ALSO D94 (DRT),,,,,,,,,,LOLB (0); LLB (4); LLB (4); RLB (3); ROLB (0),ALSO D08; ALSO D14,C,O,ALSO D08; ALSO D14,LWR^; SLWR; HB-R; TE-iR^; TE-oR,2x2,,2-0-1-2,12,LASE 14; LASE 33; LASE 80; LASE 85; LASE 88,LASE 06 (QB); LASE 14 (SLWR); LASE 33 (HB-R); LASE 63 (LG); LASE 65 (C); LASE 73 (LT); LASE 75 (RT); LASE 78 (RG); LASE 80 (LWR); LASE 85 (TE-iR); LASE 88 (TE-oR),LASE 06 (0.0); LASE 14 (0.0); LASE 33 (+0.5); LASE 63 (0.0); LASE 65 (0.0); LASE 73 (0.0); LASE 75 (0.0); LASE 78 (0.0); LASE 80 (0.0); LASE 85 (0.0); LASE 88 (0.0),LASE 85,T,LASE,LASE 80; LASE 85,,,,3b,,,,,,,,,,,,,,,,,,,,,,+39,RG,,RG,LASE 33,,,0,,,LASE 06,0,,,0,,HB-R,HB-R (-6),R,1; LASE 33 (HB-R),,,,MAN,,R,,-25,LASE 85 (L:Rx); LASE 88 (L:Rx),S,,,,ALSO D26,,R;R,,,,LWR^(-17.5); SLWR(-9.5),,0,11,0,0,0,,false,2,3,2.489,0.138,,false,12,LASE 33,LASE 85; LASE 88,LASE 14; LASE 80,GUN STRONG,SLOT - WING,LWR; SLWR; HB-R; TE-iR; TE-oR,4x0,QUADS WING - NIX,NICKEL,ALSO D02; ALSO D05; ALSO D08; ALSO D12; ALSO D14,ALSO D11; ALSO D17; ALSO D26,ALSO D49; ALSO D90; ALSO D94,WIDE UNDER,,COVER 3,,44,,2.793,0.155,31097_7074724,31097-LASE-10
7074768,31097,2026-09-05,2026,01,411423,3947,4,2,06:51,1,,0,39,0,10,4,2,0,,,,0,0,1,14,1,,0,7074724,7074789,,39.14,0,,146,0,,,0,0,,1,0,0,LASE 33,7; ALSO D02 (28); ALSO D11 (07); ALSO D17 (32); ALSO D26 (19); ALSO D49 (17); ALSO D90 (09); ALSO D94 (25),,,,,LCB (4); SCBL (1); FSL (11); FS (9),LLB (07); LEO (09); DLT (17); LILB (19); DRT (25); RILB (28); ROLB (32),3-3-5,ALSO D02 (RILB); ALSO D05 (FSL); ALSO D08 (SCBL); ALSO D11 (LLB); ALSO D12 (LCB); ALSO D14 (FS); ALSO D17 (ROLB); ALSO D26 (LILB); ALSO D49 (DLT); ALSO D90 (LEO); ALSO D94 (DRT),ALSO D02 (0.0); ALSO D05 (0.0); ALSO D08 (0.0); ALSO D11 (0.0); ALSO D12 (0.0); ALSO D14 (0.0); ALSO D17 (0.0); ALSO D26 (+0.5); ALSO D49 (0.0); ALSO D90 (+1.0); ALSO D94 (0.0),,T,ALSO,5,,LEO (09); DLT (17); DRT (25),,PUNT,+41,5,KICKOFF - RETURN,-20,,,+39,ALSO D26,,,,2,,,C,C,,,,,,LASE 75 (RT); LASE 78 (RG); LASE 85 (TE-iR); ALSO D26 (LILB); ALSO D49 (DLT); ALSO D90 (LEO),,,,,,,,,,LLB (4); LILB (4); RILB (5); ROLB (0),,C,O,LASE 75; LASE 85,HB-R; TE-iR^; TE-oR; SRWR; RWR^,0x4,,2-0-1-2,12,LASE 14; LASE 33; LASE 80; LASE 85; LASE 88,LASE 06 (QB); LASE 14 (SRWR); LASE 33 (HB-R); LASE 63 (LG); LASE 65 (C); LASE 73 (LT); LASE 75 (RT); LASE 78 (RG); LASE 80 (RWR); LASE 85 (TE-iR); LASE 88 (TE-oR),LASE 06 (0.0); LASE 14 (0.0); LASE 33 (0.0); LASE 63 (0.0); LASE 65 (0.0); LASE 73 (0.0); LASE 75 (-0.5); LASE 78 (0.0); LASE 80 (0.0); LASE 85 (-1.0); LASE 88 (0.0),,F,LASE,LASE 80; LASE 85,,,,1b,,,,,,,,,,,,,,,,,,,,,,+37,RG,,RG,ALSO D26; ALSO D90,,,0,,,LASE 06,0,,,0,,HB-R,HB-R (-6),R,1; LASE 33 (HB-R),,,,MAN,READ OPTION,R,,-25,LASE 33* (B:B),S,,ALSO D26,,ALSO D26,ALSO D90,R;R,,,,SRWR(+10.5); RWR^(+16.5),,0,6,0,0,0,,false,2,3,2.627,-0.595,,false,12,LASE 33,LASE 85; LASE 88,LASE 14; LASE 80,GUN STRONG,QUADS WING - NIX,HB-R; TE-iR; TE-oR; SRWR; RWR,0x4,QUADS WING - NIX,NICKEL,ALSO D02; ALSO D05; ALSO D08; ALSO D12; ALSO D14,ALSO D11; ALSO D17; ALSO D26,ALSO D49; ALSO D90; ALSO D94,WIDE OVER,,COVER 1,,39,,2.948,-0.443,31097_7074768,31097-LASE-10
7074789,31097,2026-09-05,2026,01,411423,3973,4,3,06:12,1,,0,39,0,10,5,-4,0,,,,0,0,0,14,0,,0,7074768,7074836,,39.14,0,,147,0,,,0,0,,0,0,0,LASE 05,7; ALSO D02 (40); ALSO D11 (09); ALSO D17 (35); ALSO D26 (22); ALSO D49 (22); ALSO D90 (14); ALSO D94 (29),,,,,LCB (7); SCBL (5); SSL (9); SSR (7),SSL (02); LLB (09); LE (14); NT (22); MLB (22); RE (29); SSR (34); ROLB (35); ROLB (40),3-3-5,ALSO D02 (ROLB); ALSO D08 (SCBL); ALSO D11 (LLB); ALSO D12 (LCB); ALSO D13 (SSL); ALSO D14 (SSR); ALSO D17 (ROLB); ALSO D26 (MLB); ALSO D49 (NT); ALSO D90 (LE); ALSO D94 (RE),ALSO D02 (+0.5); ALSO D08 (0.0); ALSO D11 (0.0); ALSO D12 (0.0); ALSO D13 (0.0); ALSO D14 (0.0); ALSO D17 (0.0); ALSO D26 (0.0); ALSO D49 (0.0); ALSO D90 (0.0); ALSO D94 (0.0),ALSO D13,T,ALSO,3,,LE (14); NT (22); RE (29),,PUNT,+41,5,KICKOFF - RETURN,-20,,,+37,ALSO D02,,,,-4,,,L,R,,,,,,LASE 88 (TE-L); ALSO D02 (ROLB); ALSO D14 (SSR),,,,,,,,,,LLB (3); MLB (4); ROLB (1); ROLB (0),,C,O,LASE 88,TE-L^; HB-R; TE-R; SRWR; RWR^,1x3,FB>TE-R,2-0-1-2,12,LASE 05; LASE 14; LASE 30; LASE 80; LASE 88,LASE 05 (HB-R); LASE 06 (QB); LASE 14 (SRWR); LASE 30 (TE-R); LASE 63 (LG); LASE 65 (C); LASE 73 (LT); LASE 75 (RT); LASE 78 (RG); LASE 80 (RWR); LASE 88 (TE-L),LASE 05 (0.0); LASE 06 (0.0); LASE 14 (0.0); LASE 30 (0.0); LASE 63 (0.0); LASE 65 (0.0); LASE 73 (0.0); LASE 75 (0.0); LASE 78 (0.0); LASE 80 (0.0); LASE 88 (-1.0),LASE 05; LASE 30,F,LASE,LASE 80; LASE 88,,,,3CRb,,,,,,,,,,,,,,,,,,,,,,+41,ML,FORCED,RG,ALSO D02,,,0,,,LASE 06,0,,,0,,HB-R,HB-R (-6),R,1; LASE 05 (HB-R),,,,MAN,,R,,-25,,S,,ALSO D02,,ALSO D02,ALSO D14,L;R,,,,SRWR(+8.5); RWR^(+15.5),,0,7,0,0,0,,false,2,3,2.032,-2.489,,false,12,LASE 05,LASE 30; LASE 88,LASE 14; LASE 80,GUN WEAK,TREY - CLOSED,TE-L; HB-R; TE-R; SRWR; RWR,1x3,TREY - CLOSED,NICKEL,ALSO D02; ALSO D08; ALSO D12; ALSO D13; ALSO D14,ALSO D11; ALSO D17; ALSO D26,ALSO D49; ALSO D90; ALSO D94,ODD,,COVER 3 CLOUD,,37,,2.505,-3.208,31097_7074789,31097-LASE-10
7110348,31166,2026-09-12,2026,02,411505,59,1,1,15:00,0,1,0,0,0,1,1,19,0,1,,,0,0,0,0,0,,1,7110334,7110362,,0.00,0,,2,0,,2.0,0,0,9,1,0,0,LATU 16,6; ALSO D11 (15); ALSO D17 (33); ALSO D18 (15); ALSO D41 (29); ALSO D48 (26); ALSO D56 (22),,L,,,LCB (7); SCBL (2); SSL (9); SSR (10); RCB (7),SSL (02); LLB (15); LE (15); NT (22); RILB (26); RE (29); SSR (32); ROLB (33),3-3-5,ALSO D02 (LCB); ALSO D08 (SSL); ALSO D11 (LLB); ALSO D12 (RCB); ALSO D14 (SSR); ALSO D17 (ROLB); ALSO D18 (LE); ALSO D24 (SCBL); ALSO D41 (RE); ALSO D48 (RILB); ALSO D56 (NT),ALSO D02 (0.0); ALSO D08 (0.0); ALSO D11 (0.0); ALSO D12 (0.0); ALSO D14 (0.0); ALSO D17 (0.0); ALSO D18 (0.0); ALSO D24 (-1.0); ALSO D41 (0.0); ALSO D48 (0.0); ALSO D56 (0.0),DRIVE START,F,ALSO,10,,LE (15); NT (22); RE (29),,PUNT,+41,7,KICKOFF - TB,-25,5,SD,-25,ALSO D14,,,,19,,,L,R,,,,,,LATU 03 (QB); LATU 16 (SRoWR); ALSO D24 (SCBL),,,,,,,,,,LLB (4); RILB (4); ROLB (0),,C,O,ALSO D24,LWR^; HB-R; SRiWR; SRoWR; RWR^,1x3,HB>SRiWR,3-0-2-0,20,LATU 00; LATU 02; LATU 05; LATU 12; LATU 16,LATU 00 (SRiWR); LATU 02 (LWR); LATU 03 (QB); LATU 05 (RWR); LATU 12 (HB-R); LATU 16 (SRoWR); LATU 58 (LT); LATU 60 (C); LATU 76 (LG); LATU 77 (RT); LATU 78 (RG),LATU 00 (0.0); LATU 02 (0.0); LATU 03 (+0.5); LATU 05 (0.0); LATU 12 (0.0); LATU 16 (+0.5); LATU 58 (0.0); LATU 60 (0.0); LATU 76 (0.0); LATU 77 (0.0); LATU 78 (0.0),DRIVE START,T,LATU,LATU 02; LATU 05,,6; LATU 12 (HB-R); LATU 58 (LT); LATU 60 (C); LATU 76 (LG); LATU 77 (RT); LATU 78 (RG),,3,ALSO D24,,8; ALSO D02; ALSO D08; ALSO D11; ALSO D12; ALSO D14; ALSO D17; ALSO D24; ALSO D48,10,M,LATU 03 (QB),LWR 8(7); HB-R flkr; SRiWR 0u(-7); SRoWR 9s; RWR 6(12),8; -; 0; 9; 6,LATU 02 8(7); LATU 12 flkr; LATU 00 0u(-7); LATU 16 9s; LATU 05 6(12),SRoWR,LATU 16,COMPLETE,9s,9S,3; ALSO D18 (LE); ALSO D41 (RE); ALSO D56 (NT),,25,4,,,LATU 12,-44,,,,LATU 03; LATU 16,,,0,,,LATU 03,0,,,0,,HB-R,HB-R (-6),R,1; LATU 12 (HB-R),,,,INSIDE ZONE,,P,,0,LATU 00* (B:R),S,,,,ALSO D14,,,,,,LWR^(-19.5); SRiWR(-5.5); SRoWR(+5.5); RWR^(+14.5),,0,9,0,1,0,,false,3,3,1.369,1.706,Seam,false,20,LATU 00; LATU 12,,LATU 02; LATU 05; LATU 16,GUN STRONG,TRIPS - OPEN,LWR; HB-R; SRiWR; SRoWR; RWR,1x2,SLOT - OPEN,NICKEL,ALSO D02; ALSO D08; ALSO D12; ALSO D14; ALSO D24,ALSO D11; ALSO D17; ALSO D48,ALSO D18; ALSO D41; ALSO D56,ODD,,COVER 3,,75,,1.727,1.415,31166_7110348,31166-LATU-1
7110362,31166,2026-09-12,2026,02,411505,87,1,1,14:41,0,,0,0,0,1,2,7,0,,,,0,0,0,0,0,,0,7110348,7110371,,0.00,0,,3,0,,,0,0,,3,0,0,LATU 12,6; ALSO D11 (17); ALSO D17 (35); ALSO D18 (14); ALSO D41 (29); ALSO D48 (27); ALSO D56 (22),,,,,LCB (7); SCBL (6); FSL (11); SSR (9); RCB (8),LE (14); LILB (17); NT (22); RILB (27); RE (29); SSR (32); ROLB (35),3-3-5,ALSO D02 (LCB); ALSO D08 (FSL); ALSO D11 (LILB); ALSO D12 (RCB); ALSO D14 (SSR); ALSO D17 (ROLB); ALSO D18 (LE); ALSO D24 (SCBL); ALSO D41 (RE); ALSO D48 (RILB); ALSO D56 (NT),ALSO D02 (0.0); ALSO D08 (0.0); ALSO D11 (0.0); ALSO D12 (0.0); ALSO D14 (0.0); ALSO D17 (0.0); ALSO D18 (0.0); ALSO D24 (0.0); ALSO D41 (0.0); ALSO D48 (0.0); ALSO D56 (0.0),,F,ALSO,10,,LE (14); NT (22); RE (29),,PUNT,+41,7,KICKOFF - TB,-25,,,-44,ALSO D14,,,,7,,,L,R,,,,,,LATU 12 (HB-R),,,,,,,,,,LILB (4); RILB (4); ROLB (0),,O,O,,LWR^; HB-L; HB-R; SRWR; RWR^,1x2,,3-0-2-0,20,LATU 00; LATU 02; LATU 05; LATU 12; LATU 16,LATU 00 (HB-L); LATU 02 (LWR); LATU 03 (QB); LATU 05 (RWR); LATU 12 (HB-R); LATU 16 (SRWR); LATU 58 (LT); LATU 60 (C); LATU 76 (LG); LATU 77 (RT); LATU 78 (RG),LATU 00 (0.0); LATU 02 (0.0); LATU 03 (0.0); LATU 05 (0.0); LATU 12 (+0.5); LATU 16 (0.0); LATU 58 (0.0); LATU 60 (0.0); LATU 76 (0.0); LATU 77 (0.0); LATU 78 (0.0),,T,LATU,LATU 02; LATU 05,,,,4,,,,,,,LWR r; HB-L r; HB-R kr; SRWR 0u(-4); RWR z,-; -; -; 0; -,LATU 02 r; LATU 00 r; LATU 12 kr; LATU 16 0u(-4); LATU 05 z,,,,,,,,,,,,,+49,RT,,RT,LATU 12,,,0,,,LATU 03,0,,,0,,HB-L; HB-R,HB-L (-5); HB-R (-5),R,2; LATU 00 (HB-L); LATU 12 (HB-R),,,,INSIDE ZONE,SPLIT,R,,0,,S,,,,ALSO D12,,,,,,LWR^(-19.5); SRWR(+5.5); RWR^(+12.5),,1,29,0,0,0,,true,3,3,3.075,0.359,,false,20,LATU 00; LATU 12,,LATU 02; LATU 05; LATU 16,GUN SPLIT,SLOT - OPEN,LWR; HB-L; HB-R; SRWR; RWR,1x2,SLOT - OPEN,NICKEL,ALSO D02; ALSO D08; ALSO D12; ALSO D14; ALSO D24,ALSO D11; ALSO D17; ALSO D48,ALSO D18; ALSO D41; ALSO D56,ODD,,COVER 4,,56,,3.142,0.541,31166_7110362,31166-LATU-1
7110371,31166,2026-09-12,2026,02,411505,113,1,2,14:23,1,0,0,0,0,1,3,,0,,,,0,0,0,0,0,,0,7110362,7110401,,0.00,0,,4,0,2.5,2.5,0,0,,,0,0,,6; ALSO D11 (17); ALSO D17 (37); ALSO D18 (15); ALSO D41 (30); ALSO D48 (27); ALSO D56 (22),,C,,,LCB (6); SCBL (3); SSL (10); SSR (8); RCB (8),SSL (00); LE (15); LILB (17); NT (22); RILB (27); RE (30); SSR (32); ROLB (37),3-3-5,ALSO D02 (LCB); ALSO D08 (SSL); ALSO D11 (LILB); ALSO D12 (RCB); ALSO D14 (SSR); ALSO D17 (ROLB); ALSO D18 (LE); ALSO D24 (SCBL); ALSO D41 (RE); ALSO D48 (RILB); ALSO D56 (NT),ALSO D02 (0.0); ALSO D08 (0.0); ALSO D11 (0.0); ALSO D12 (0.0); ALSO D14 (0.0); ALSO D17 (0.0); ALSO D18 (0.0); ALSO D24 (0.0); ALSO D41 (0.0); ALSO D48 (+0.5); ALSO D56 (0.0),,T,ALSO,3,,LE (15); NT (22); RE (30),,PUNT,+41,7,KICKOFF - TB,-25,8,SD,+49,,,,,0,,,L,R,ALSO D48,,OT,,,LATU 00 (HB-L); LATU 03 (QB); ALSO D08 (SSL); ALSO D48 (RILB),,,,,,,,,,LILB (3); RILB (3); ROLB (0),,O,O,LATU 00; LATU 03,LWR^; HB-L; FB-R; SRWR; RWR^,1x2,,3-0-2-0,20,LATU 00; LATU 02; LATU 05; LATU 12; LATU 16,LATU 00 (HB-L); LATU 02 (LWR); LATU 03 (QB); LATU 05 (RWR); LATU 12 (FB-R); LATU 16 (SRWR); LATU 58 (LT); LATU 60 (C); LATU 76 (LG); LATU 77 (RT); LATU 78 (RG),LATU 00 (-0.5); LATU 02 (0.0); LATU 03 (-0.5); LATU 05 (0.0); LATU 12 (0.0); LATU 16 (0.0); LATU 58 (0.0); LATU 60 (0.0); LATU 76 (0.0); LATU 77 (0.0); LATU 78 (0.0),,F,LATU,LATU 02; LATU 05,,6; LATU 00 (HB-L); LATU 58 (LT); LATU 60 (C); LATU 76 (LG); LATU 77 (RT); LATU 78 (RG),,4b,ALSO D08,,7; ALSO D02; ALSO D08; ALSO D11; ALSO D12; ALSO D14; ALSO D17; ALSO D24,14,R,LATU 03 (QB),LWR 4i(9); HB-L kl; FB-R h2(-6); SRWR 3(10); RWR 26(4),4; -; H2; 3; 6,LATU 02 4i(9); LATU 00 kl; LATU 12 h2(-6); LATU 16 3(10); LATU 05 26(4),SRWR,LATU 16,INCOMPLETE,3(10),3R,4; ALSO D18 (LE); ALSO D41 (RE); ALSO D48 (RILB); ALSO D56 (NT),HIT,53,7R,,,,+49,,,,ALSO D48,,ALSO D48 (BIL) LATU 00,0,,,LATU 03,0,ALSO D48,LATU 00,0,,HB-L; FB-R,HB-L (-5); FB-R (-5),L,2; LATU 00 (HB-L); LATU 12 (FB-R),,,,,,P,,0,,S,,,,,,,,,,LWR^(-19.5); SRWR(+5.5); RWR^(+14.5),,0,29,0,0,0,,false,3,3,3.434,-0.953,Out,false,20,LATU 00; LATU 12,,LATU 02; LATU 05; LATU 16,GUN SPLIT STRONG,SLOT - OPEN,LWR; HB-L; FB-R; SRWR; RWR,1x2,SLOT - OPEN,NICKEL,ALSO D02; ALSO D08; ALSO D12; ALSO D14; ALSO D24,ALSO D11; ALSO D17; ALSO D48,ALSO D18; ALSO D41; ALSO D56,ODD,,COVER 4,,49,,3.683,-0.965,31166_7110371,31166-LATU-1
7110401,31166,2026-09-12,2026,02,411505,139,1,3,14:20,1,1,0,0,0,1,4,8,0,1,,,0,0,0,0,0,,0,7110371,7110411,,0.00,0,,5,0,,2.0,0,0,4,4,0,0,LATU 16,6; ALSO D14 (40); ALSO D17 (10); ALSO D18 (34); ALSO D41 (27); ALSO D48 (25); ALSO D49 (20),,R,,,LCB (7); SCBoL (7); SCBiL (4); SSL (10); SSR (7),SSL (06); LOLB (10); DLT (20); RILB (25); DRT (27); REO (34); SSR (34); RLB (40),3-3-5,ALSO D02 (LCB); ALSO D08 (SSL); ALSO D11 (SCBiL); ALSO D12 (SSR); ALSO D14 (RLB); ALSO D17 (LOLB); ALSO D18 (REO); ALSO D24 (SCBoL); ALSO D41 (DRT); ALSO D48 (RILB); ALSO D49 (DLT),ALSO D02 (0.0); ALSO D08 (0.0); ALSO D11 (0.0); ALSO D12 (0.0); ALSO D14 (0.0); ALSO D17 (0.0); ALSO D18 (0.0); ALSO D24 (-1.0); ALSO D41 (0.0); ALSO D48 (0.0); ALSO D49 (0.0),ALSO D49,F,ALSO,3,,DLT (20); DRT (27); REO (34),,PUNT,+41,7,KICKOFF - TB,-25,7,SD,+49,ALSO D24,,,,8,,,L,R,,,,,,LATU 03 (QB); LATU 16 (SRoWR); ALSO D24 (SCBoL),,,,,,,,,,LOLB (0); RILB (4); RLB (2),ALSO D24,C,C,ALSO D24,TE-L^; HB-L; SRiWR; SRoWR; RWR^,1x3,,3-0-1-1,11,LATU 02; LATU 05; LATU 06; LATU 16; LATU 19,LATU 02 (RWR); LATU 03 (QB); LATU 05 (SRiWR); LATU 06 (HB-L); LATU 16 (SRoWR); LATU 19 (TE-L); LATU 58 (LT); LATU 60 (C); LATU 76 (LG); LATU 77 (RT); LATU 78 (RG),LATU 02 (0.0); LATU 03 (+0.5); LATU 05 (0.0); LATU 06 (0.0); LATU 16 (+1.0); LATU 19 (0.0); LATU 58 (0.0); LATU 60 (0.0); LATU 76 (0.0); LATU 77 (0.0); LATU 78 (0.0),LATU 06; LATU 19,T,LATU,LATU 02; LATU 19,,6; LATU 06 (HB-L); LATU 58 (LT); LATU 60 (C); LATU 76 (LG); LATU 77 (RT); LATU 78 (RG),,1b,ALSO D24,,7; ALSO D02; ALSO D08; ALSO D11; ALSO D12; ALSO D17; ALSO D24; ALSO D48,4,M,LATU 03 (QB),TE-L 4(10); HB-L kl; SRiWR 1; SRoWR 26(3); RWR 9,4; -; 3; 6; 9,LATU 19 4(10); LATU 06 kl; LATU 05 1; LATU 16 26(3); LATU 02 9,SRoWR,LATU 16,COMPLETE,26(3),6R,4; ALSO D14 (RLB); ALSO D18 (REO); ALSO D41 (DRT); ALSO D49 (DLT),,27,4,,,,+41,,,,LATU 03; LATU 16,,,0,,,LATU 03,0,,,0,,HB-L,HB-L (-5),L,1; LATU 06 (HB-L),,,,,,P,,0,LATU 05* (R:L{R}>L:R{R}),S,,,,ALSO D08,ALSO D14,L,,,,SRiWR(-2.5); SRoWR(+5.5); RWR^(+16.5),,0,13,0,0,0,,false,3,3,2.481,1.414,Slant-Hitch,false,11,LATU 06,LATU 19,LATU 02; LATU 05; LATU 16,GUN STRONG,TRIPS - CLOSED,TE-L; HB-L; SRiWR; SRoWR; RWR,1x3,TRIPS - CLOSED,NICKEL,ALSO D02; ALSO D08; ALSO D12; ALSO D14; ALSO D24,ALSO D11; ALSO D17; ALSO D48,ALSO D18; ALSO D41; ALSO D49,WIDE OVER,,COVER 1,,49,,2.718,1.25,31166_7110401,31166-LATU-1
7110411,31166,2026-09-12,2026,02,411505,167,1,1,13:57,1,,0,0,0,1,5,-1,0,,,,0,0,0,0,1,,0,7110401,7110468,,0.00,0,,6,0,,,0,0,,2,0,0,LATU 06,6; ALSO D11 (20); ALSO D17 (08); ALSO D18 (31); ALSO D41 (18); ALSO D48 (39); ALSO D49 (24),,,,,LCB (6); SSL (8); FSL (11); SCBR (6); RCB (7),SSL (07); LOLB (08); DLT (18); LILB (20); DRT (24); ROLB (31); ROLB (39),3-3-5,ALSO D02 (LCB); ALSO D08 (FSL); ALSO D11 (LILB); ALSO D12 (RCB); ALSO D14 (SCBR); ALSO D17 (LOLB); ALSO D18 (ROLB); ALSO D24 (SSL); ALSO D41 (DLT); ALSO D48 (ROLB); ALSO D49 (DRT),ALSO D02 (0.0); ALSO D08 (0.0); ALSO D11 (0.0); ALSO D12 (0.0); ALSO D14 (0.0); ALSO D17 (0.0); ALSO D18 (+0.5); ALSO D24 (0.0); ALSO D41 (+0.5); ALSO D48 (0.0); ALSO D49 (0.0),,T,ALSO,10,,DLT (18); DRT (24),,PUNT,+41,7,KICKOFF - TB,-25,,,+41,ALSO D18,,,,-1,,,L,R,,,,,,LATU 77 (RT); ALSO D18 (ROLB); ALSO D41 (DLT),,,,,,,,,,LOLB (0); LILB (4); ROLB (0); ROLB (0),,C,C,LATU 77,LWR^; SLWR; HB-L; TE-R^; RWR,2x2,,3-0-1-1,11,LATU 02; LATU 05; LATU 06; LATU 16; LATU 19,LATU 02 (LWR); LATU 03 (QB); LATU 05 (RWR); LATU 06 (HB-L); LATU 16 (SLWR); LATU 19 (TE-R); LATU 58 (LT); LATU 60 (C); LATU 76 (LG); LATU 77 (RT); LATU 78 (RG),LATU 02 (0.0); LATU 03 (0.0); LATU 05 (0.0); LATU 06 (0.0); LATU 16 (0.0); LATU 19 (0.0); LATU 58 (0.0); LATU 60 (0.0); LATU 76 (0.0); LATU 77 (-0.5); LATU 78 (0.0),,F,LATU,LATU 02; LATU 19,,,,3b,,,,,,,LWR z; SLWR 0u(-3); HB-L r; TE-R r; RWR r,-; 0; -; -; -,LATU 02 z; LATU 16 0u(-3); LATU 06 r; LATU 19 r; LATU 05 r,,,,,,,,,,,,,+42,RE,,RE,ALSO D18; ALSO D41,,,0,,,LATU 03,0,,,0,,HB-L,HB-L (-6),R,1; LATU 06 (HB-L),,,,COUNTER,READ OPTION,R,,0,,S,,ALSO D18,,ALSO D18,,R,,,,LWR^(-19.5); SLWR(-15.5); RWR(+13.5),,1,20,0,0,0,,false,3,3,3.895,-1.138,,false,11,LATU 06,LATU 19,LATU 02; LATU 05; LATU 16,GUN WEAK,SLOT - PRO,LWR; SLWR; HB-L; TE-R; RWR,2x2,SLOT - PRO,NICKEL,ALSO D02; ALSO D08; ALSO D12; ALSO D14; ALSO D24,ALSO D11; ALSO D17; ALSO D48,ALSO D18; ALSO D41; ALSO D49,WIDE OVER,,COVER 3,,41,,3.968,-0.792,31166_7110411,31166-LATU-1
7110468,31166,2026-09-12,2026,02,411505,193,1,2,13:23,1,0,0,0,0,1,6,,0,,,,0,0,0,0,0,,0,7110411,7110539,,0.00,0,,7,0,,2.7,0,0,,,0,0,,5; ALSO D11 (08); ALSO D48 (23); ALSO D56 (22); ALSO D90 (17); ALSO D94 (30),,C,,,LCB (6); SCBL (7); FSL (14); FSR (11); SCBR (1); RCB (5),LOLB (08); DLT (17); NT (22); MLB (23); RE (30),3-3-5,ALSO D01 (FSL); ALSO D02 (LCB); ALSO D11 (LOLB); ALSO D12 (RCB); ALSO D14 (FSR); ALSO D24 (SCBL); ALSO D25 (SCBR); ALSO D48 (MLB); ALSO D56 (NT); ALSO D90 (DLT); ALSO D94 (RE),ALSO D01 (0.0); ALSO D02 (0.0); ALSO D11 (0.0); ALSO D12 (0.0); ALSO D14 (0.0); ALSO D24 (0.0); ALSO D25 (0.0); ALSO D48 (0.0); ALSO D56 (0.0); ALSO D90 (0.0); ALSO D94 (0.0),ALSO D01; ALSO D25; ALSO D56; ALSO D90; ALSO D94,T,ALSO,11,,DLT (17); NT (22); RE (30),,PUNT,+41,7,KICKOFF - TB,-25,8,SD,+42,,,,,0,,,C,C,,,MC,,,,,,,,,,,,,LOLB (0); MLB (4),,O,C,,LWR^; SLWR; HB-R; SRWR; RWR^,2x2,TE>SLWR,3-0-1-1,11,LATU 06; LATU 08; LATU 17; LATU 19; LATU 84,LATU 03 (QB); LATU 06 (HB-R); LATU 08 (LWR); LATU 17 (RWR); LATU 19 (SLWR); LATU 58 (LT); LATU 60 (C); LATU 76 (LG); LATU 77 (RT); LATU 78 (RG); LATU 84 (SRWR),LATU 03 (0.0); LATU 06 (0.0); LATU 08 (0.0); LATU 17 (0.0); LATU 19 (0.0); LATU 58 (0.0); LATU 60 (0.0); LATU 76 (0.0); LATU 77 (0.0); LATU 78 (0.0); LATU 84 (0.0),LATU 08; LATU 17; LATU 84,F,LATU,LATU 08; LATU 17,,6; LATU 06 (HB-R); LATU 58 (LT); LATU 60 (C); LATU 76 (LG); LATU 77 (RT); LATU 78 (RG),,2b,ALSO D12,,7; ALSO D01; ALSO D02; ALSO D11; ALSO D12; ALSO D14; ALSO D24; ALSO D25,12,L,LATU 03 (QB),LWR 86(13); SLWR 3(4); HB-R kr; SRWR xl(8); RWR 4i(13),8; 3; -; X; 4,LATU 08 86(13); LATU 19 3(4); LATU 06 kr; LATU 84 xl(8); LATU 17 4i(13),LWR,LATU 08,INCOMPLETE,86(13),9R,4; ALSO D48 (MLB); ALSO D56 (NT); ALSO D90 (DLT); ALSO D94 (RE),,0,1L,,,,+42,,,,,ALSO D25 > LATU 19,,0,,,LATU 03,0,,,0,,HB-R,HB-R (-5),R,1; LATU 06 (HB-R),,,,,,P,,0,LATU 19* (R:Lx),S,,,,,,,,,,LWR^(-17.5); SLWR(-4.5); SRWR(+11.5); RWR^(+17.5),,0,12,0,1,0,,false,3,3,2.757,-0.955,Post-Sit,false,11,LATU 06,LATU 19,LATU 08; LATU 17; LATU 84,GUN WEAK,SLOT - SLOT,LWR; SLWR; HB-R; SRWR; RWR,1x3,TREY - OPEN,NICKEL,ALSO D01; ALSO D02; ALSO D12; ALSO D14; ALSO D24,ALSO D11; ALSO D25; ALSO D48,ALSO D56; ALSO D90; ALSO D94,UNDER,,COVER 2,,42,,3.176,-0.939,31166_7110468,31166-LATU-1
7110539,31166,2026-09-12,2026,02,411505,219,1,3,13:18,1,1,0,0,0,1,7,1,0,,,,0,0,0,0,0,0,0,7110468,7110634,,0.00,0,,8,1,3.0,4.8,0,0,1,0,0,0,LATU 19,6; ALSO D11 (18); ALSO D17 (44); ALSO D18 (22); ALSO D25 (11); ALSO D48 (28); ALSO D90 (35),,L,,LATU 19,LCB (6); SCBL (6); FS (15); SSR (7); RCB (6),LOLB (11); LILB (18); NT (22); RILB (28); REO (35); SSR (38); RLB (44),2-4-5,ALSO D01 (FS); ALSO D02 (LCB); ALSO D11 (LILB); ALSO D12 (RCB); ALSO D14 (SSR); ALSO D17 (RLB); ALSO D18 (NT); ALSO D24 (SCBL); ALSO D25 (LOLB); ALSO D48 (RILB); ALSO D90 (REO),ALSO D01 (0.0); ALSO D02 (0.0); ALSO D11 (+0.5); ALSO D12 (+0.5); ALSO D14 (0.0); ALSO D17 (0.0); ALSO D18 (0.0); ALSO D24 (0.0); ALSO D25 (0.0); ALSO D48 (+0.5); ALSO D90 (0.0),ALSO D17; ALSO D18,T,ALSO,11,,NT (22); REO (35),,PUNT,+41,7,KICKOFF - TB,-25,7,SL,+42,ALSO D12,,,,1,,,C,C,,ALSO D48,,,,LATU 60 (C); ALSO D11 (LILB); ALSO D12 (RCB); ALSO D48 (RILB),,,,,,,,,,LOLB (0); LILB (4); RILB (2); RLB (2),,O,C,LATU 60,LWR^; TE-L; HB-R; SRWR; RWR^,2x2,,3-0-1-1,11,LATU 02; LATU 05; LATU 06; LATU 16; LATU 19,LATU 02 (RWR); LATU 03 (QB); LATU 05 (LWR); LATU 06 (HB-R); LATU 16 (SRWR); LATU 19 (TE-L); LATU 58 (LT); LATU 60 (C); LATU 76 (LG); LATU 77 (RT); LATU 78 (RG),LATU 02 (0.0); LATU 03 (0.0); LATU 05 (0.0); LATU 06 (0.0); LATU 16 (0.0); LATU 19 (0.0); LATU 58 (0.0); LATU 60 (-1.0); LATU 76 (0.0); LATU 77 (0.0); LATU 78 (0.0),LATU 02; LATU 05; LATU 16,F,LATU,LATU 02; LATU 05,,6; LATU 06 (HB-R); LATU 58 (LT); LATU 60 (C); LATU 76 (LG); LATU 77 (RT); LATU 78 (RG),,6Rb,ALSO D11,ALSO D12,6; ALSO D01; ALSO D02; ALSO D11; ALSO D12; ALSO D24; ALSO D48,0,L,LATU 03 (QB),LWR 3i(15); TE-L c1; HB-R kl; SRWR xo(13); RWR 3i(14),3; 3; -; X; 3,LATU 05 3i(15); LATU 19 c1; LATU 06 kl; LATU 16 xo(13); LATU 02 3i(14),TE-L,LATU 19,COMPLETE,c1,SA,5; ALSO D14 (SSR); ALSO D17 (RLB); ALSO D18 (NT); ALSO D25 (LOLB); ALSO D90 (REO),HURRY,4,2L,(D) LATU 60 OH,,,+41,,,,ALSO D11; ALSO D12; ALSO D48,,ALSO D48 (CR) LATU 60,0,,,LATU 03,1,ALSO D48,LATU 60,0,L,HB-R,HB-R (-5),L,1; LATU 06 (HB-R),,,,,,P,,0,,S,,ALSO D12,,ALSO D12,ALSO D11,L,,,,LWR^(-15.5); SRWR(+11.5); RWR^(+17.5),,0,13,0,0,0,,false,3,3,1.802,-1.217,Flat,false,11,LATU 06,LATU 19,LATU 02; LATU 05; LATU 16,GUN WEAK,SLOT - PRO,LWR; TE-L; HB-R; SRWR; RWR,2x2,SLOT - PRO,NICKEL,ALSO D01; ALSO D02; ALSO D12; ALSO D14; ALSO D24,ALSO D11; ALSO D17; ALSO D25; ALSO D48,ALSO D18; ALSO D90,ODD,SINGLE MUG,COVER 6,,42,,2.237,-1.497,31166_7110539,31166-LATU-1
7111871,31166,2026-09-12,2026,02,411505,633,1,1,07:57,0,1,0,3,0,2,1,5,0,,,,0,0,0,0,0,,0,7111557,7116078,,0.03,0,,24,0,,1.5,0,0,2,2,0,0,LATU 02,6; ALSO D11 (33); ALSO D18 (27); ALSO D25 (12); ALSO D41 (16); ALSO D48 (18); ALSO D56 (22),,R,,,LCB (7); FS (9); FSR (11); SCBR (3); RCB (8),LOLB (12); DLT (16); LILB (18); NT (22); DRT (27); ROLB (33),3-3-5,ALSO D02 (RCB); ALSO D08 (FSR); ALSO D11 (ROLB); ALSO D12 (LCB); ALSO D14 (FS); ALSO D18 (DRT); ALSO D24 (SCBR); ALSO D25 (LOLB); ALSO D41 (DLT); ALSO D48 (LILB); ALSO D56 (NT),ALSO D02 (0.0); ALSO D08 (0.0); ALSO D11 (0.0); ALSO D12 (+0.5); ALSO D14 (0.0); ALSO D18 (0.0); ALSO D24 (0.0); ALSO D25 (0.0); ALSO D41 (0.0); ALSO D48 (0.0); ALSO D56 (0.0),DRIVE START,F,ALSO,10,,DLT (16); NT (22); DRT (27),,MISSED FG,+27,8,KICKOFF - RETURN,-16,6,SD,-16,ALSO D12,,,,5,,,R,L,,,,,,ALSO D12 (LCB),,,,,,,,,,LOLB (0); LILB (4); ROLB (0),,O,O,,LWR^; SLoWR; SLWR; SLiWR; RWR^,4x1,HB>SLiWR; TE>SLWR,3-0-1-1,11,LATU 00; LATU 02; LATU 05; LATU 13; LATU 16,LATU 00 (SLiWR); LATU 02 (RWR); LATU 03 (QB); LATU 05 (LWR); LATU 13 (SLWR); LATU 16 (SLoWR); LATU 51 (C); LATU 58 (LT); LATU 76 (LG); LATU 77 (RT); LATU 78 (RG),LATU 00 (0.0); LATU 02 (0.0); LATU 03 (0.0); LATU 05 (0.0); LATU 13 (0.0); LATU 16 (0.0); LATU 51 (0.0); LATU 58 (0.0); LATU 76 (0.0); LATU 77 (0.0); LATU 78 (0.0),DRIVE START,T,LATU,LATU 02; LATU 05,,5; LATU 51 (C); LATU 58 (LT); LATU 76 (LG); LATU 77 (RT); LATU 78 (RG),,4,ALSO D12,,7; ALSO D02; ALSO D08; ALSO D11; ALSO D12; ALSO D14; ALSO D24; ALSO D48,3,R,LATU 03 (QB),LWR 26(4); SLoWR 26(2); SLWR 4(8); SLiWR 0u(-6); RWR 6(3),6; 6; 4; 0; 6,LATU 05 26(4); LATU 16 26(2); LATU 13 4(8); LATU 00 0u(-6); LATU 02 6(3),RWR,LATU 02,COMPLETE,6(3),6R,4; ALSO D18 (DRT); ALSO D25 (LOLB); ALSO D41 (DLT); ALSO D56 (NT),,46,6R,,,,-21,,,,ALSO D12,,,0,,,LATU 03,0,,,0,,EMPTY,,,,,,,,,P,,-3,LATU 00* (B:L),S,,,,ALSO D12,,,,,,LWR^(-17.5); SLoWR(-9.5); SLWR(-4.5); SLiWR(-2.5); RWR^(+19.5),,0,8,0,0,0,,false,3,3,1.196,0.2,Hitch,false,11,LATU 00,LATU 13,LATU 02; LATU 05; LATU 16,GUN EMPTY,QUADS - OPEN,LWR; SLoWR; SLWR; SLiWR; RWR,3x1,TRIPS - OPEN,NICKEL,ALSO D02; ALSO D08; ALSO D12; ALSO D14; ALSO D24,ALSO D11; ALSO D25; ALSO D48,ALSO D18; ALSO D41; ALSO D56,BEAR,,COVER 4,,84,,0.948,-0.077,31166_7111871,31166-LATU-2
7116078,31166,2026-09-12,2026,02,411505,661,1,2,07:30,1,,0,3,0,2,2,0,0,,,,0,0,0,0,0,,0,7111871,7111940,,0.03,0,,25,0,,,0,0,,3,0,0,LATU 00,6; ALSO D11 (30); ALSO D18 (34); ALSO D25 (13); ALSO D41 (27); ALSO D48 (22); ALSO D56 (19),,,,,LCB (5); FS (9); SSR (7); SSR (9); RCB (1),LOLB (13); DLT (19); MLB (22); DRT (27); RLB (30); REO (34); SSR (37); SSR (44),3-3-5,ALSO D02 (SSR); ALSO D08 (SSR); ALSO D11 (RLB); ALSO D12 (LCB); ALSO D14 (FS); ALSO D18 (REO); ALSO D24 (RCB); ALSO D25 (LOLB); ALSO D41 (DRT); ALSO D48 (MLB); ALSO D56 (DLT),ALSO D02 (+0.5); ALSO D08 (0.0); ALSO D11 (0.0); ALSO D12 (0.0); ALSO D14 (0.0); ALSO D18 (0.0); ALSO D24 (0.0); ALSO D25 (0.0); ALSO D41 (+0.5); ALSO D48 (0.0); ALSO D56 (0.0),,T,ALSO,5,,DLT (19); DRT (27); REO (34),,MISSED FG,+27,8,KICKOFF - RETURN,-16,,,-21,ALSO D24,,,,0,,,R,L,,,,,,LATU 16 (LWR); LATU 76 (LG); ALSO D02 (SSR); ALSO D24 (RCB); ALSO D41 (DRT),,,,,,,,,,LOLB (0); MLB (3); RLB (3),ALSO D24,C,O,LATU 16; LATU 76,LWR^; TE-L; HB-R; SRWR; RWR^,2x2,,3-0-1-1,11,LATU 00; LATU 02; LATU 05; LATU 13; LATU 16,LATU 00 (HB-R); LATU 02 (RWR); LATU 03 (QB); LATU 05 (SRWR); LATU 13 (TE-L); LATU 16 (LWR); LATU 51 (C); LATU 58 (LT); LATU 76 (LG); LATU 77 (RT); LATU 78 (RG),LATU 00 (0.0); LATU 02 (0.0); LATU 03 (0.0); LATU 05 (0.0); LATU 13 (0.0); LATU 16 (-0.5); LATU 51 (0.0); LATU 58 (0.0); LATU 76 (-0.5); LATU 77 (0.0); LATU 78 (0.0),,F,LATU,LATU 02; LATU 16,,,,3b,,,,,,,,,,,,,,,,,,,,,,-21,LE,FORCED,LG,ALSO D02; ALSO D41,ALSO D24 > LATU 16,,0,,,LATU 03,0,,,0,,HB-R,HB-R (-6),R,1; LATU 00 (HB-R),,,,INSIDE ZONE,,R,,-3,LATU 05* (L:Rx),S,,ALSO D02,,ALSO D02,,L,,,,LWR^(-1.5); SRWR(+11.5); RWR^(+15.5),,0,19,0,0,0,,false,3,3,1.396,-0.982,,false,11,LATU 00,LATU 13,LATU 02; LATU 05; LATU 16,GUN WEAK,SLOT - PRO,LWR; TE-L; HB-R; SRWR; RWR,3x1,TREY - OPEN,NICKEL,ALSO D02; ALSO D08; ALSO D12; ALSO D14; ALSO D24,ALSO D11; ALSO D25; ALSO D48,ALSO D18; ALSO D41; ALSO D56,WIDE OVER,,COVER 3,,79,,0.871,-1.21,31166_7116078,31166-LATU-2
7111940,31166,2026-09-12,2026,02,411505,687,1,3,06:55,1,1,0,3,0,2,3,11,0,1,,,0,0,0,0,0,,0,7116078,7111972,,0.03,0,,26,0,2.5,4.3,0,0,0,0,0,0,LATU 02,6; ALSO D02 (42); ALSO D18 (13); ALSO D25 (35); ALSO D41 (28); ALSO D48 (21); ALSO D56 (21),,C,LATU 00,,LCB (6); SCBoL (2); SCBiL (2); FSL (11); SSR (10),LE (13); NLT (21); MLB (21); DRT (28); SSR (34); ROLB (35); RLB (42),3-3-5,ALSO D02 (RLB); ALSO D08 (FSL); ALSO D11 (SCBiL); ALSO D12 (LCB); ALSO D14 (SSR); ALSO D18 (LE); ALSO D24 (SCBoL); ALSO D25 (ROLB); ALSO D41 (DRT); ALSO D48 (MLB); ALSO D56 (NLT),ALSO D02 (0.0); ALSO D08 (-0.5); ALSO D11 (0.0); ALSO D12 (0.0); ALSO D14 (0.0); ALSO D18 (+0.5); ALSO D24 (0.0); ALSO D25 (0.0); ALSO D41 (0.0); ALSO D48 (0.0); ALSO D56 (0.0),,F,ALSO,5,,LE (13); NLT (21); DRT (28),,MISSED FG,+27,8,KICKOFF - RETURN,-16,9,SD,-21,ALSO D08,,,,11,,,L,R,,ALSO D18,,,,LATU 02 (RWR); LATU 03 (QB); LATU 78 (RG); ALSO D08 (FSL); ALSO D18 (LE),,,,,,,,,,MLB (4); RLB (5); ROLB (0),,O,O,LATU 78; ALSO D08,TE-L^; HB-R; SRiWR; SRoWR; RWR^,1x3,,3-0-1-1,11,LATU 00; LATU 02; LATU 05; LATU 13; LATU 16,LATU 00 (HB-R); LATU 02 (RWR); LATU 03 (QB); LATU 05 (SRoWR); LATU 13 (TE-L); LATU 16 (SRiWR); LATU 51 (C); LATU 58 (LT); LATU 76 (LG); LATU 77 (RT); LATU 78 (RG),LATU 00 (0.0); LATU 02 (+0.5); LATU 03 (+0.5); LATU 05 (0.0); LATU 13 (0.0); LATU 16 (0.0); LATU 51 (0.0); LATU 58 (0.0); LATU 76 (0.0); LATU 77 (0.0); LATU 78 (-0.5),,T,LATU,LATU 02; LATU 13,,5; LATU 51 (C); LATU 58 (LT); LATU 76 (LG); LATU 77 (RT); LATU 78 (RG),,2b,ALSO D08,,6; ALSO D02; ALSO D08; ALSO D12; ALSO D14; ALSO D24; ALSO D48,11,M,LATU 03 (QB),TE-L xd(3); HB-R krh2(-6); SRiWR xo(15); SRoWR x6(1); RWR 4o(12),X; H2; X; X; 4,LATU 13 xd(3); LATU 00 krh2(-6); LATU 16 xo(15); LATU 05 x6(1); LATU 02 4o(12),RWR,LATU 02,COMPLETE,4o(12),4R,5; ALSO D11 (SCBiL); ALSO D18 (LE); ALSO D25 (ROLB); ALSO D41 (DRT); ALSO D56 (NLT),HURRY,22,4,,,,-32,,,,LATU 02; LATU 03; ALSO D18,ALSO D11 > LATU 16; ALSO D24 > LATU 05,ALSO D18 (O) LATU 78,0,,,LATU 03,1,ALSO D18,LATU 78,0,,HB-R,HB-R (-5),R,1; LATU 00 (HB-R),,,,,,P,,-3,LATU 16* (R:L{R}),S,,,,ALSO D08,,L,,,,SRiWR(+3.5); SRoWR(+4.5); RWR^(+6.5),,0,13,0,0,0,,false,3,3,0.414,1.749,In,false,11,LATU 00,LATU 13,LATU 02; LATU 05; LATU 16,GUN WEAK,TRIPS - CLOSED,TE-L; HB-R; SRiWR; SRoWR; RWR,1x3,TRIPS - CLOSED,NICKEL,ALSO D02; ALSO D08; ALSO D12; ALSO D14; ALSO D24,ALSO D11; ALSO D25; ALSO D48,ALSO D18; ALSO D41; ALSO D56,OVER,,COVER 2,,79,,-0.339,2.63,31166_7111940,31166-LATU-2
7111972,31166,2026-09-12,2026,02,411505,715,1,1,06:31,1,0,0,3,0,2,4,3,0,,,,0,0,0,0,0,,1,7111940,7111983,,0.03,0,,27,1,1.7,2.9,0,0,,1,0,0,LATU 03,6; ALSO D11 (17); ALSO D18 (12); ALSO D25 (36); ALSO D41 (27); ALSO D48 (26); ALSO D56 (19),,R,,,LCB (5); SCBL (5); FSL (11); SSR (7); RCB (1),LEO (12); LILB (17); DLT (19); RILB (26); DRT (27); SSR (34); ROLB (36),3-3-5,ALSO D02 (RCB); ALSO D08 (FSL); ALSO D11 (LILB); ALSO D12 (LCB); ALSO D14 (SSR); ALSO D18 (LEO); ALSO D24 (SCBL); ALSO D25 (ROLB); ALSO D41 (DRT); ALSO D48 (RILB); ALSO D56 (DLT),ALSO D02 (0.0); ALSO D08 (0.0); ALSO D11 (0.0); ALSO D12 (0.0); ALSO D14 (0.0); ALSO D18 (0.0); ALSO D24 (0.0); ALSO D25 (0.0); ALSO D41 (0.0); ALSO D48 (0.0); ALSO D56 (0.0),,T,ALSO,10,,LEO (12); DLT (19); DRT (27),,MISSED FG,+27,8,KICKOFF - RETURN,-16,7,SL,-32,ALSO D14,,,,3,,,L,R,,,,,,,,,,,,,,,,LILB (4); RILB (3); ROLB (0),,C,O,,LWR^; TE-L; HB-L; SRWR; RWR^,2x2,,3-0-1-1,11,LATU 00; LATU 02; LATU 05; LATU 13; LATU 16,LATU 00 (HB-L); LATU 02 (LWR); LATU 03 (QB); LATU 05 (RWR); LATU 13 (TE-L); LATU 16 (SRWR); LATU 51 (C); LATU 58 (LT); LATU 76 (LG); LATU 77 (RT); LATU 78 (RG),LATU 00 (0.0); LATU 02 (0.0); LATU 03 (0.0); LATU 05 (0.0); LATU 13 (0.0); LATU 16 (0.0); LATU 51 (0.0); LATU 58 (0.0); LATU 76 (0.0); LATU 77 (0.0); LATU 78 (0.0),,F,LATU,LATU 02; LATU 05,,6; LATU 13 (TE-L); LATU 51 (C); LATU 58 (LT); LATU 76 (LG); LATU 77 (RT); LATU 78 (RG),,3b,,,6; ALSO D02; ALSO D08; ALSO D11; ALSO D12; ALSO D14; ALSO D24,,X,LATU 03 (QB),LWR r; TE-L r; HB-L fr; SRWR 8(11); RWR 6(4),-; -; -; 8; 6,LATU 02 r; LATU 13 r; LATU 00 fr; LATU 16 8(11); LATU 05 6(4),,,RUN,,,5; ALSO D18 (LEO); ALSO D25 (ROLB); ALSO D41 (DRT); ALSO D48 (RILB); ALSO D56 (DLT),,,,,,LATU 00,-35,QB SCRAMBLE,,QB SCRAMBLE,,ALSO D02 > LATU 02,,0,,,LATU 03,1,,,0,L,HB-L,HB-L (-6),,1; LATU 00 (HB-L),,,,INSIDE ZONE,,P,,-3,,S,,ALSO D14,,ALSO D14,,L,,,,LWR^(-19.5); SRWR(+9.5); RWR^(+17.5),,1,24,0,0,0,,true,3,3,2.163,-0.42,,false,11,LATU 00,LATU 13,LATU 02; LATU 05; LATU 16,GUN STRONG,SLOT - PRO,LWR; TE-L; HB-L; SRWR; RWR,2x2,SLOT - PRO,NICKEL,ALSO D02; ALSO D08; ALSO D12; ALSO D14; ALSO D24,ALSO D11; ALSO D25; ALSO D48,ALSO D18; ALSO D41; ALSO D56,WIDE OVER,,COVER 3,,68,,2.291,-0.392,31166_7111972,31166-LATU-2
7111983,31166,2026-09-12,2026,02,411505,741,1,2,05:59,1,,0,3,0,2,5,32,0,1,,,0,0,0,0,0,,0,7111972,7112064,,0.03,0,,28,0,,,0,0,,26,0,0,LATU 12,8; ALSO D11 (16); ALSO D14 (40); ALSO D18 (31); ALSO D24 (06); ALSO D25 (11); ALSO D41 (19); ALSO D48 (28); ALSO D49 (27),,,,,LCB (5); FS (14); RCB (5),LLB (06); LOLB (11); LILB (16); DLT (19); DRT (27); RILB (28); RE (31); RLB (40),3-3-5,ALSO D01 (FS); ALSO D02 (RCB); ALSO D11 (LILB); ALSO D12 (LCB); ALSO D14 (RLB); ALSO D18 (RE); ALSO D24 (LLB); ALSO D25 (LOLB); ALSO D41 (DLT); ALSO D48 (RILB); ALSO D49 (DRT),ALSO D01 (-1.0); ALSO D02 (0.0); ALSO D11 (-1.0); ALSO D12 (0.0); ALSO D14 (0.0); ALSO D18 (0.0); ALSO D24 (0.0); ALSO D25 (0.0); ALSO D41 (0.0); ALSO D48 (0.0); ALSO D49 (0.0),ALSO D01; ALSO D49,F,ALSO,7,,DLT (19); DRT (27); RE (31),,MISSED FG,+27,8,KICKOFF - RETURN,-16,,,-35,ALSO D11,,,,32,,,L,R,,,,,,LATU 12 (HB-L); ALSO D01 (FS); ALSO D11 (LILB),,,,,,,,,,LOLB (0); LLB (6); LILB (4); RILB (4); RLB (4),ALSO D01; ALSO D11,O,C,ALSO D01; ALSO D11,LWR^; TE-L; HB-L; TE-R; RWR^,2x2,,2-0-1-2,12,LATU 08; LATU 12; LATU 13; LATU 17; LATU 80,LATU 03 (QB); LATU 08 (LWR); LATU 12 (HB-L); LATU 13 (TE-L); LATU 17 (RWR); LATU 51 (C); LATU 58 (LT); LATU 76 (LG); LATU 77 (RT); LATU 78 (RG); LATU 80 (TE-R),LATU 03 (0.0); LATU 08 (0.0); LATU 12 (+1.0); LATU 13 (0.0); LATU 17 (0.0); LATU 51 (0.0); LATU 58 (0.0); LATU 76 (0.0); LATU 77 (0.0); LATU 78 (0.0); LATU 80 (0.0),LATU 08; LATU 12; LATU 17; LATU 80,T,LATU,LATU 08; LATU 17,,,,2b,,,,,,,LWR 0(-1); TE-L r; HB-L r; TE-R r; RWR r,0; -; -; -; -,LATU 08 0(-1); LATU 13 r; LATU 12 r; LATU 80 r; LATU 17 r,,,,,,,,,,,,,+33,RE,,RE,LATU 12,,,0,,,LATU 03,0,,,0,,HB-L,HB-L (-5),R,1; LATU 12 (HB-L),,,,OUTSIDE ZONE,,R,,-3,,S,,,,ALSO D48,,L;R,,,,LWR^(-17.5); RWR^(+6.5),,1,10,0,0,0,,false,3,3,1.743,2.51,,false,12,LATU 12,LATU 13; LATU 80,LATU 08; LATU 17,GUN WEAK,PRO - PRO,LWR; TE-L; HB-L; TE-R; RWR,2x2,PRO - PRO,NICKEL,ALSO D01; ALSO D02; ALSO D12; ALSO D14; ALSO D24,ALSO D11; ALSO D25; ALSO D48,ALSO D18; ALSO D41; ALSO D49,WIDE UNDER,,COVER 2,,65,,1.899,2.403,31166_7111983,31166-LATU-2
7112064,31166,2026-09-12,2026,02,411505,767,1,1,05:29,1,0,0,3,0,2,6,,0,,,,0,0,0,0,0,,0,7111983,7112100,,0.03,0,,29,0,1.3,1.5,0,0,,,0,0,,6; ALSO D11 (33); ALSO D18 (29); ALSO D25 (10); ALSO D26 (18); ALSO D41 (15); ALSO D49 (22),,C,,,LCB (8); SSL (8); FSR (12); SCBR (3); RCB (8),LOLB (10); SSL (12); LE (15); LILB (18); NT (22); RE (29); RLB (33),3-3-5,ALSO D01 (FSR); ALSO D02 (RCB); ALSO D08 (SCBR); ALSO D11 (RLB); ALSO D12 (LCB); ALSO D14 (SSL); ALSO D18 (RE); ALSO D25 (LOLB); ALSO D26 (LILB); ALSO D41 (LE); ALSO D49 (NT),ALSO D01 (0.0); ALSO D02 (0.0); ALSO D08 (0.0); ALSO D11 (0.0); ALSO D12 (0.0); ALSO D14 (0.0); ALSO D18 (0.0); ALSO D25 (+1.0); ALSO D26 (0.0); ALSO D41 (0.0); ALSO D49 (0.0),ALSO D08; ALSO D26,T,ALSO,10,,LE (15); NT (22); RE (29),,MISSED FG,+27,8,KICKOFF - RETURN,-16,6,SD,+33,,,,,0,,,R,L,,ALSO D25,BP,,,ALSO D25 (LOLB),,,,,,,,,,LOLB (0); LILB (3); RLB (4),,C,O,,LWR^; SLWR; TE-L; HB-R; RWR^,3x1,TE>SLWR,2-0-1-2,12,LATU 08; LATU 12; LATU 13; LATU 17; LATU 80,LATU 03 (QB); LATU 08 (RWR); LATU 12 (HB-R); LATU 13 (SLWR); LATU 17 (LWR); LATU 51 (C); LATU 58 (LT); LATU 76 (LG); LATU 77 (RT); LATU 78 (RG); LATU 80 (TE-L),LATU 03 (0.0); LATU 08 (0.0); LATU 12 (0.0); LATU 13 (0.0); LATU 17 (0.0); LATU 51 (0.0); LATU 58 (0.0); LATU 76 (0.0); LATU 77 (0.0); LATU 78 (0.0); LATU 80 (0.0),,F,LATU,LATU 08; LATU 17,,5; LATU 51 (C); LATU 58 (LT); LATU 76 (LG); LATU 77 (RT); LATU 78 (RG),,3b,,,6; ALSO D01; ALSO D02; ALSO D08; ALSO D11; ALSO D12; ALSO D14,,X,LATU 03 (QB),LWR 4(2); SLWR 4o(10); TE-L 4o(8); HB-R h21(-3); RWR 3i(11),4; 4; 4; H4; 3,LATU 17 4(2); LATU 13 4o(10); LATU 80 4o(8); LATU 12 h21(-3); LATU 08 3i(11),,,BATTED PASS,,,5; ALSO D18 (RE); ALSO D25 (LOLB); ALSO D26 (LILB); ALSO D41 (LE); ALSO D49 (NT),HURRY,,,,,,+33,,,,ALSO D25,,ALSO D25 (U),0,,,LATU 03,0,ALSO D25,,0,,HB-R,HB-R (-5),,1; LATU 12 (HB-R),,,,,,P,,-3,,S,,,,,,L,,ALSO D25 (R.E.O) LOLB,,LWR^(-17.5); SLWR(-7.5); RWR^(+19.5),,0,25,0,0,0,,false,3,3,4.253,-0.65,,false,12,LATU 12,LATU 13; LATU 80,LATU 08; LATU 17,GUN WEAK,TREY - OPEN,LWR; SLWR; TE-L; HB-R; RWR,3x1,TREY - OPEN,NICKEL,ALSO D01; ALSO D02; ALSO D08; ALSO D12; ALSO D14,ALSO D11; ALSO D25; ALSO D26,ALSO D18; ALSO D41; ALSO D49,ODD,,COVER 3,,33,,4.302,-0.58,31166_7112064,31166-LATU-2
7112100,31166,2026-09-12,2026,02,411505,793,1,2,05:26,1,,0,3,0,2,7,1,0,,,,0,0,0,0,1,,0,7112064,7112133,,0.03,0,,30,1,,,0,0,,1,0,0,LATU 00,7; ALSO D06 (28); ALSO D14 (06); ALSO D17 (34); ALSO D26 (17); ALSO D56 (19); ALSO D90 (12); ALSO D94 (27),,,,,LCB (2); FS (13); SCBR (6); RCB (6),LLB (06); LEO (12); LILB (17); DLT (19); DRT (27); RILB (28); ROLB (34),3-3-5,ALSO D01 (FS); ALSO D02 (RCB); ALSO D06 (RILB); ALSO D08 (SCBR); ALSO D12 (LCB); ALSO D14 (LLB); ALSO D17 (ROLB); ALSO D26 (LILB); ALSO D56 (DLT); ALSO D90 (LEO); ALSO D94 (DRT),ALSO D01 (0.0); ALSO D02 (0.0); ALSO D06 (0.0); ALSO D08 (0.0); ALSO D12 (0.0); ALSO D14 (0.0); ALSO D17 (0.0); ALSO D26 (0.0); ALSO D56 (+0.5); ALSO D90 (0.0); ALSO D94 (0.0),ALSO D06; ALSO D17; ALSO D56; ALSO D90; ALSO D94,T,ALSO,10,,LEO (12); DLT (19); DRT (27),,MISSED FG,+27,8,KICKOFF - RETURN,-16,,,+33,ALSO D56,,,,1,,,R,L,,,,,,ALSO D56 (DLT),,,,,,,,,,LLB (4); LILB (4); RILB (4); ROLB (0),,C,C,,LWR^; SLoWR; SLiWR; HB-L; RWR^,3x1,HB>SLiWR,3-0-2-0,20,LATU 00; LATU 02; LATU 05; LATU 06; LATU 16,LATU 00 (HB-L); LATU 02 (RWR); LATU 03 (QB); LATU 05 (LWR); LATU 06 (SLiWR); LATU 16 (SLoWR); LATU 51 (C); LATU 58 (LT); LATU 76 (LG); LATU 77 (RT); LATU 78 (RG),LATU 00 (0.0); LATU 02 (0.0); LATU 03 (0.0); LATU 05 (0.0); LATU 06 (0.0); LATU 16 (0.0); LATU 51 (0.0); LATU 58 (0.0); LATU 76 (0.0); LATU 77 (0.0); LATU 78 (0.0),LATU 00; LATU 02; LATU 05; LATU 06; LATU 16,F,LATU,LATU 02; LATU 05,,,,3b,,,,,,,LWR z; SLoWR 2(1)z; SLiWR 0u(-7); HB-L r; RWR r,-; 2; 0; -; -,LATU 05 z; LATU 16 2(1)z; LATU 06 0u(-7); LATU 00 r; LATU 02 r,,,,,,,,,,,,,+32,MR,,MR,ALSO D56,ALSO D12 > LATU 02,,0,,,LATU 03,0,,,0,,HB-L,HB-L (-6),R,1; LATU 00 (HB-L),,,,OUTSIDE ZONE,READ OPTION,R,,-3,LATU 06* (B:L),S,,ALSO D56,,ALSO D56,,,,,,LWR^(-11.5); SLoWR(-4.5); SLiWR(+5.5); RWR^(+18.5),,1,12,0,0,0,,false,3,3,3.603,-0.775,,false,20,LATU 00; LATU 06,,LATU 02; LATU 05; LATU 16,GUN STRONG,TRIPS - OPEN,LWR; SLoWR; SLiWR; HB-L; RWR,2x1,SLOT - OPEN,NICKEL,ALSO D01; ALSO D02; ALSO D08; ALSO D12; ALSO D14,ALSO D06; ALSO D17; ALSO D26,ALSO D56; ALSO D90; ALSO D94,WIDE OVER,,COVER 3,,33,,3.722,-0.684,31166_7112100,31166-LATU-2
7112133,31166,2026-09-12,2026,02,411505,819,1,3,04:52,1,1,0,3,0,2,8,5,0,,,,0,0,0,0,0,,0,7112100,7112188,,0.03,0,,31,0,,2.4,0,0,-1,-1,0,0,LATU 13,7; ALSO D06 (26); ALSO D14 (08); ALSO D17 (08); ALSO D48; ALSO D56 (17); ALSO D90 (35); ALSO D94 (27),,L,,,LCB (1); FS (12); SCBR (3); RCB (7),LOLB (08); LLB; LLB (08); DLT (17); RILB (26); DRT (27); ROLB (35),3-3-5,ALSO D02 (RCB); ALSO D06 (RILB); ALSO D08 (FS); ALSO D12 (LCB); ALSO D14 (LLB); ALSO D17 (LOLB); ALSO D24 (SCBR); ALSO D48 (LLB); ALSO D56 (DLT); ALSO D90 (ROLB); ALSO D94 (DRT),ALSO D02 (0.0); ALSO D06 (0.0); ALSO D08 (0.0); ALSO D12 (0.0); ALSO D14 (+0.5); ALSO D17 (0.0); ALSO D24 (0.0); ALSO D48 (0.0); ALSO D56 (0.0); ALSO D90 (0.0); ALSO D94 (0.0),ALSO D24; ALSO D48,T,ALSO,9,,DLT (17); DRT (27),,MISSED FG,+27,8,KICKOFF - RETURN,-16,8,SD,+32,ALSO D14,,,,5,,,R,L,,,,,,ALSO D14 (LLB),,,,,,,,,,LOLB (0); LLB (4); LLB (5); RILB (4); ROLB (0),,C,C,,LWR^; SLWR; HB-R; TE-R; RWR^,2x2,,3-0-1-1,11,LATU 02; LATU 05; LATU 06; LATU 13; LATU 16,LATU 02 (LWR); LATU 03 (QB); LATU 05 (RWR); LATU 06 (HB-R); LATU 13 (TE-R); LATU 16 (SLWR); LATU 51 (C); LATU 58 (LT); LATU 76 (LG); LATU 77 (RT); LATU 78 (RG),LATU 02 (0.0); LATU 03 (0.0); LATU 05 (0.0); LATU 06 (0.0); LATU 13 (0.0); LATU 16 (0.0); LATU 51 (0.0); LATU 58 (0.0); LATU 76 (0.0); LATU 77 (0.0); LATU 78 (0.0),LATU 13,F,LATU,LATU 02; LATU 05,,6; LATU 06 (HB-R); LATU 51 (C); LATU 58 (LT); LATU 76 (LG); LATU 77 (RT); LATU 78 (RG),,1b,ALSO D14,,7; ALSO D02; ALSO D06; ALSO D08; ALSO D12; ALSO D14; ALSO D24; ALSO D90,6,R,LATU 03 (QB),LWR 8i(10); SLWR 9o; HB-R kr; TE-R 3(7); RWR xd(2),8; 9; -; 3; X,LATU 02 8i(10); LATU 16 9o; LATU 06 kr; LATU 13 3(7); LATU 05 xd(2),TE-R,LATU 13,COMPLETE,3(7),3R,4; ALSO D17 (LOLB); ALSO D48 (LLB); ALSO D56 (DLT); ALSO D94 (DRT),,50,6R,,,,+27,,,,ALSO D14,ALSO D12 > LATU 05,,0,,,LATU 03,0,,,0,,HB-R,HB-R (-6),R,1; LATU 06 (HB-R),,,,,,P,,-3,LATU 06* (R:B),S,,ALSO D14,,ALSO D14,,R,,,,LWR^(-17.5); SLWR(-7.5); RWR^(+17.5),1; ALSO D14,0,11,0,0,0,,false,3,3,2.828,-1.041,Out,false,11,LATU 06,LATU 13,LATU 02; LATU 05; LATU 16,GUN STRONG,SLOT - PRO,LWR; SLWR; HB-R; TE-R; RWR,2x3,TREY - SLOT,NICKEL,ALSO D02; ALSO D08; ALSO D12; ALSO D14; ALSO D24,ALSO D06; ALSO D17; ALSO D48,ALSO D56; ALSO D90; ALSO D94,EVEN,,COVER 1,,32,,3.038,-1.293,31166_7112133,31166-LATU-2
7113265,31166,2026-09-12,2026,02,411505,1066,1,1,01:31,1,,0,10,0,3,1,1,0,,,,0,0,0,0,0,,0,7113258,7113278,,0.10,0,,41,0,,,0,0,,1,0,0,LATU 06,7; ALSO D11 (26); ALSO D14 (27); ALSO D17 (08); ALSO D26 (20); ALSO D41 (15); ALSO D56 (22); ALSO D90 (29),,,,,LCB (7); SS (7); SSR (10); SCBR (3); RCB (6),LOLB (08); LE (15); LILB (20); NT (22); RILB (26); SS (27); RE (29); SSR (44),3-3-5,ALSO D01 (SSR); ALSO D02 (RCB); ALSO D08 (SCBR); ALSO D11 (RILB); ALSO D12 (LCB); ALSO D14 (SS); ALSO D17 (LOLB); ALSO D26 (LILB); ALSO D41 (LE); ALSO D56 (NT); ALSO D90 (RE),ALSO D01 (0.0); ALSO D02 (0.0); ALSO D08 (0.0); ALSO D11 (+0.5); ALSO D12 (0.0); ALSO D14 (+0.5); ALSO D17 (0.0); ALSO D26 (-1.0); ALSO D41 (0.0); ALSO D56 (-0.5); ALSO D90 (0.0),DRIVE START,T,ALSO,10,,LE (15); NT (22); RE (29),,TOUCHDOWN,+0,4,KICKOFF - OOB,-35,,,-35,ALSO D26,,,,1,,,R,L,,,,,,LATU 06 (HB-L); LATU 51 (C); ALSO D11 (RILB); ALSO D14 (SS); ALSO D26 (LILB); ALSO D56 (NT),,,,,,,,,,LOLB (0); LILB (3); RILB (3),ALSO D26,C,O,ALSO D26; ALSO D56,LWR; SLWR^; HB-L; TE-R^; RWR,2x2,TE>RWR,2-0-1-2,12,LATU 02; LATU 05; LATU 06; LATU 19; LATU 86,LATU 02 (SLWR); LATU 03 (QB); LATU 05 (LWR); LATU 06 (HB-L); LATU 19 (RWR); LATU 51 (C); LATU 58 (LT); LATU 76 (LG); LATU 77 (RT); LATU 78 (RG); LATU 86 (TE-R),LATU 02 (0.0); LATU 03 (0.0); LATU 05 (0.0); LATU 06 (0.0); LATU 19 (0.0); LATU 51 (+0.5); LATU 58 (0.0); LATU 76 (0.0); LATU 77 (0.0); LATU 78 (0.0); LATU 86 (0.0),DRIVE START,F,LATU,LATU 02; LATU 86,,,,3b,,,,,,,,,,,,,,,,,,,,,,-36,LG,VOLUNTARY,RE,LATU 51; ALSO D11; ALSO D14,,,0,,,LATU 03,0,,,0,,HB-L,HB-L (-6),R,1; LATU 06 (HB-L),,,,PULL LEAD,LEAD,R,,-10,LATU 19* (L:Rx),S,,ALSO D14,,ALSO D14,ALSO D11,R,,,,LWR(-16.5); SLWR^(-5.5); RWR(+8.5),,0,8,0,0,0,,false,3,2,2.368,-0.589,,false,12,LATU 06,LATU 19; LATU 86,LATU 02; LATU 05,GUN WEAK,SLOT - PRO,LWR; SLWR; HB-L; TE-R; RWR,3x1,TREY - CLOSED,NICKEL,ALSO D01; ALSO D02; ALSO D08; ALSO D12; ALSO D14,ALSO D11; ALSO D17; ALSO D26,ALSO D41; ALSO D56; ALSO D90,ODD,,COVER 3,,65,,2.519,-0.727,31166_7113265,31166-LATU-3
7113278,31166,2026-09-12,2026,02,411505,1092,1,2,01:01,1,1,1,10,0,3,2,61,0,1,,,0,0,0,0,0,,0,7113265,7113292,,0.10,0,,42,1,,2.6,0,0,36,6,0,0,LATU 02,6; ALSO D11 (30); ALSO D17 (08); ALSO D26 (17); ALSO D41 (17); ALSO D56 (23); ALSO D90 (32),,L,,LATU 06,LCB (3); SSL (8); FSR (11); SCBR (5); RCB (6),LOLB (08); SSL (10); LILB (17); DLT (17); NRT (23); RLB (30); REO (32),3-3-5,ALSO D01 (FSR); ALSO D02 (RCB); ALSO D08 (SCBR); ALSO D11 (RLB); ALSO D12 (LCB); ALSO D14 (SSL); ALSO D17 (LOLB); ALSO D26 (LILB); ALSO D41 (DLT); ALSO D56 (NRT); ALSO D90 (REO),ALSO D01 (-1.0); ALSO D02 (0.0); ALSO D08 (0.0); ALSO D11 (0.0); ALSO D12 (0.0); ALSO D14 (0.0); ALSO D17 (0.0); ALSO D26 (0.0); ALSO D41 (0.0); ALSO D56 (0.0); ALSO D90 (0.0),,F,ALSO,9,,DLT (17); NRT (23); REO (32),,TOUCHDOWN,+0,4,KICKOFF - OOB,-35,8,SD,-36,ALSO D01,,,,61,,,R,L,,,,,,LATU 02 (LWR); LATU 03 (QB); ALSO D01 (FSR),,,,,,,,,,LOLB (0); LILB (4); RLB (3),,O,O,ALSO D01,LWR; SLWR^; HB-R; TE-R^; RWR,2x2,TE>RWR,2-0-1-2,12,LATU 02; LATU 05; LATU 06; LATU 19; LATU 86,LATU 02 (LWR); LATU 03 (QB); LATU 05 (SLWR); LATU 06 (HB-R); LATU 19 (RWR); LATU 51 (C); LATU 58 (LT); LATU 76 (LG); LATU 77 (RT); LATU 78 (RG); LATU 86 (TE-R),LATU 02 (+1.0); LATU 03 (+0.5); LATU 05 (0.0); LATU 06 (0.0); LATU 19 (0.0); LATU 51 (0.0); LATU 58 (0.0); LATU 76 (0.0); LATU 77 (0.0); LATU 78 (0.0); LATU 86 (0.0),,T,LATU,LATU 05; LATU 86,,5; LATU 51 (C); LATU 58 (LT); LATU 76 (LG); LATU 77 (RT); LATU 78 (RG),,2b,ALSO D01,,7; ALSO D01; ALSO D02; ALSO D08; ALSO D12; ALSO D14; ALSO D17; ALSO D26,25,M,LATU 03 (QB),LWR 8i(11); SLWR 39(5); HB-R ch2(-4); TE-R 3(10); RWR xd(2),8; 9; H2; 3; X,LATU 02 8i(11); LATU 05 39(5); LATU 06 ch2(-4); LATU 86 3(10); LATU 19 xd(2),LWR,LATU 02,COMPLETE,8i(11),XR,4; ALSO D11 (RLB); ALSO D41 (DLT); ALSO D56 (NRT); ALSO D90 (REO),,24,4,,,,+3,,,,LATU 02; LATU 03,,,0,,,LATU 03,0,,,0,,HB-R,HB-R (-5),,1; LATU 06 (HB-R),,,,,,P,,-10,LATU 19* (L:Rx),S,,,,ALSO D01,,R,,,,LWR(-17.5); SLWR^(-8.5); RWR(+12.5),,0,18,0,1,0,,false,3,2,1.779,4.402,Post,false,12,LATU 06,LATU 19; LATU 86,LATU 02; LATU 05,GUN STRONG,SLOT - PRO,LWR; SLWR; HB-R; TE-R; RWR,3x1,TREY - CLOSED,NICKEL,ALSO D01; ALSO D02; ALSO D08; ALSO D12; ALSO D14,ALSO D11; ALSO D17; ALSO D26,ALSO D41; ALSO D56; ALSO D90,OVER,,COVER 2,,64,,1.792,4.367,31166_7113278,31166-LATU-3
7113292,31166,2026-09-12,2026,02,411505,1120,1,1,00:26,1,1,0,10,0,3,3,1,0,,,,0,0,0,0,0,,1,7113278,7113460,,0.10,1,,43,0,,1.8,0,0,2,1,0,0,LATU 19,7; ALSO D08 (40); ALSO D11 (26); ALSO D17 (11); ALSO D26 (17); ALSO D41 (15); ALSO D56 (22); ALSO D90 (32),,R,,,LCB (1); SCBL (4); SCBR (3); RCB (1),LOLB (11); LE (15); LILB (17); NT (22); RILB (26); REO (32); RLB (40),3-3-5,ALSO D01 (SCBR); ALSO D02 (RCB); ALSO D08 (RLB); ALSO D11 (RILB); ALSO D12 (LCB); ALSO D14 (SCBL); ALSO D17 (LOLB); ALSO D26 (LILB); ALSO D41 (LE); ALSO D56 (NT); ALSO D90 (REO),ALSO D01 (0.0); ALSO D02 (0.0); ALSO D08 (0.0); ALSO D11 (0.0); ALSO D12 (0.0); ALSO D14 (+0.5); ALSO D17 (0.0); ALSO D26 (0.0); ALSO D41 (0.0); ALSO D56 (0.0); ALSO D90 (0.0),,T,ALSO,3,,LE (15); NT (22); REO (32),,TOUCHDOWN,+0,4,KICKOFF - OOB,-35,6,SD,+3,ALSO D14,,,,1,,,R,L,,,,,,LATU 19 (SRWR); ALSO D14 (SCBL),,,,,,,,,,LOLB (0); LILB (3); RILB (2); RLB (2),,O,O,,LWR^; SLWR; HB-L; SRWR; RWR^,2x2,TE>SRWR,3-0-1-1,11,LATU 02; LATU 05; LATU 06; LATU 16; LATU 19,LATU 02 (LWR); LATU 03 (QB); LATU 05 (RWR); LATU 06 (HB-L); LATU 16 (SLWR); LATU 19 (SRWR); LATU 51 (C); LATU 58 (LT); LATU 76 (LG); LATU 77 (RT); LATU 78 (RG),LATU 02 (0.0); LATU 03 (0.0); LATU 05 (0.0); LATU 06 (0.0); LATU 16 (0.0); LATU 19 (0.0); LATU 51 (0.0); LATU 58 (0.0); LATU 76 (0.0); LATU 77 (0.0); LATU 78 (0.0),LATU 16,F,LATU,LATU 02; LATU 05,,5; LATU 51 (C); LATU 58 (LT); LATU 76 (LG); LATU 77 (RT); LATU 78 (RG),,0b,ALSO D14,,5; ALSO D01; ALSO D02; ALSO D12; ALSO D14; ALSO D26,-1,M,LATU 03 (QB),LWR z; SLWR z; HB-L fr; SRWR xu(-3); RWR r,-; -; -; X; -,LATU 02 z; LATU 16 z; LATU 06 fr; LATU 19 xu(-3); LATU 05 r,SRWR,LATU 19,COMPLETE,xu(-3),SL,6; ALSO D08 (RLB); ALSO D11 (RILB); ALSO D17 (LOLB); ALSO D41 (LE); ALSO D56 (NT); ALSO D90 (REO),,21,4,,,LATU 06,+2,,,,ALSO D14,ALSO D02 > LATU 02; ALSO D12 > LATU 05,,0,,,LATU 03,0,,,0,,HB-L,HB-L (-6),,1; LATU 06 (HB-L),,,,INSIDE ZONE,,P,,-10,LATU 19* (R:L{R}),S,,ALSO D14,,ALSO D14,,,,,,LWR^(-13.5); SLWR(-4.5); SRWR(+11.5); RWR^(+16.5),,1,13,0,0,0,,false,3,2,6.181,-0.09,Under,false,11,LATU 06,LATU 19,LATU 02; LATU 05; LATU 16,GUN STRONG,SLOT - SLOT,LWR; SLWR; HB-L; SRWR; RWR,2x2,SLOT - SLOT,NICKEL,ALSO D01; ALSO D02; ALSO D08; ALSO D12; ALSO D14,ALSO D11; ALSO D17; ALSO D26,ALSO D41; ALSO D56; ALSO D90,ODD,SINGLE MUG,COVER 0,,3,,6.159,-0.45,31166_7113292,31166-LATU-3
7113460,31166,2026-09-12,2026,02,411505,1157,2,2,15:00,1,,0,10,0,3,4,2,0,1,,,0,0,0,0,0,,0,7113292,7113501,,0.10,0,,44,0,,,0,0,,1,0,0,LATU 06,9; ALSO D02 (04); ALSO D08 (10); ALSO D11 (12); ALSO D18 (15); ALSO D24 (07); ALSO D25 (36); ALSO D41 (29); ALSO D48 (22); ALSO D56 (22),,,,,SCBL (3); RCB (1),LLB (04); LOLB (07); LLB (10); LOLB (12); LE (15); NT (22); MLB (22); RE (29); ROLB (36),3-3-5,ALSO D02 (LLB); ALSO D08 (LLB); ALSO D11 (LOLB); ALSO D12 (RCB); ALSO D14 (SCBL); ALSO D18 (LE); ALSO D24 (LOLB); ALSO D25 (ROLB); ALSO D41 (RE); ALSO D48 (MLB); ALSO D56 (NT),ALSO D02 (0.0); ALSO D08 (0.0); ALSO D11 (-0.5); ALSO D12 (0.0); ALSO D14 (0.0); ALSO D18 (0.0); ALSO D24 (-1.0); ALSO D25 (0.0); ALSO D41 (0.0); ALSO D48 (0.0); ALSO D56 (0.0),ALSO D18; ALSO D24; ALSO D25; ALSO D48,F,ALSO,2,,LE (15); NT (22); RE (29),,TOUCHDOWN,+0,4,KICKOFF - OOB,-35,,,+2,ALSO D48,,,,2,,,L,R,,,,,,LATU 06 (HB); LATU 19 (TE-iR); LATU 78 (RG); ALSO D11 (LOLB); ALSO D24 (LOLB),,,,,,,,,,LOLB (1); LOLB (0); LLB (2); LLB (2); MLB (2); ROLB (0),,O,O,ALSO D11; ALSO D24,LWR^; SLWR; HB; TE-iR^; TE-oR,2x2,HB>SLWR; WR>TE-oR,2-0-2-1,21,LATU 00; LATU 06; LATU 08; LATU 16; LATU 19,LATU 00 (SLWR); LATU 03 (QB); LATU 06 (HB); LATU 08 (LWR); LATU 16 (TE-oR); LATU 19 (TE-iR); LATU 51 (C); LATU 58 (LT); LATU 76 (LG); LATU 77 (RT); LATU 78 (RG),LATU 00 (0.0); LATU 03 (0.0); LATU 06 (+0.5); LATU 08 (0.0); LATU 16 (0.0); LATU 19 (+0.5); LATU 51 (0.0); LATU 58 (0.0); LATU 76 (0.0); LATU 77 (0.0); LATU 78 (+0.5),LATU 00; LATU 08,T,LATU,LATU 08; LATU 19,,,,0b,,,,,,,,,,,,,,,,,,,,,,+0,RE,,RE,LATU 06; LATU 19; LATU 78,ALSO D12 > LATU 08,,0,,,LATU 03,0,,,0,,HB,HB (-4),R,1; LATU 06 (HB),,,,PULL LEAD,,R,,-10,LATU 00* (L:R{L}),,,,,,,R;R,LATU 06,,,LWR^(-21.5); SLWR(-9.5),,0,12,0,0,0,,false,3,2,6.091,0.909,,false,21,LATU 00; LATU 06,LATU 19,LATU 08; LATU 16,ACE,SLOT - WING,LWR; SLWR; HB; TE-iR; TE-oR,2x2,PRO - WING,NICKEL,ALSO D02; ALSO D08; ALSO D12; ALSO D14; ALSO D24,ALSO D11; ALSO D25; ALSO D48,ALSO D18; ALSO D41; ALSO D56,ODD,SINGLE MUG,COVER 0,,2,,5.709,1.291,31166_7113460,31166-LATU-3
7114242,31166,2026-09-12,2026,02,411505,1386,2,1,12:30,1,0,0,10,0,4,1,-6,0,,,,0,0,0,7,0,,1,7113955,7114334,,7.10,0,,53,1,4.0,6.9,0,0,,,0,0,LATU 03,7; ALSO D11 (18); ALSO D18 (15); ALSO D24 (06); ALSO D25 (35); ALSO D41 (29); ALSO D48 (25); ALSO D56 (22),,L,LATU 21,,LCB (7); SSL (10); SCBR (7); RCB (7),LLB (06); SSL (11); LE (15); LILB (18); NT (22); RILB (25); RE (29); ROLB (35),3-3-5,ALSO D02 (LCB); ALSO D08 (SSL); ALSO D11 (LILB); ALSO D12 (RCB); ALSO D14 (SCBR); ALSO D18 (LE); ALSO D24 (LLB); ALSO D25 (ROLB); ALSO D41 (RE); ALSO D48 (RILB); ALSO D56 (NT),ALSO D02 (0.0); ALSO D08 (0.0); ALSO D11 (0.0); ALSO D12 (0.0); ALSO D14 (0.0); ALSO D18 (0.0); ALSO D24 (0.0); ALSO D25 (0.0); ALSO D41 (0.0); ALSO D48 (0.0); ALSO D56 (+1.0),DRIVE START,T,ALSO,10,,LE (15); NT (22); RE (29),,PUNT,+46,6,DOWNS,-35,9,SL,-35,ALSO D41,ALSO D56,LATU 03,LATU 76,-6,,,L,R,,ALSO D41; ALSO D48,,,,LATU 03 (QB); LATU 76 (LG); ALSO D41 (RE); ALSO D48 (RILB); ALSO D56 (NT),,,,,,,,,,LLB (2); LILB (3); RILB (1); ROLB (0),,C,O,LATU 03,LWR^; SLWR; HB-L; TE-R; RWR^,2x2,,3-0-1-1,11,LATU 02; LATU 05; LATU 16; LATU 21; LATU 80,LATU 02 (LWR); LATU 03 (QB); LATU 05 (SLWR); LATU 16 (RWR); LATU 21 (HB-L); LATU 51 (C); LATU 58 (LT); LATU 76 (LG); LATU 77 (RT); LATU 78 (RG); LATU 80 (TE-R),LATU 02 (0.0); LATU 03 (-1.5); LATU 05 (0.0); LATU 16 (0.0); LATU 21 (0.0); LATU 51 (0.0); LATU 58 (0.0); LATU 76 (0.0); LATU 77 (0.0); LATU 78 (0.0); LATU 80 (0.0),DRIVE START,F,LATU,LATU 02; LATU 16,,6; LATU 51 (C); LATU 58 (LT); LATU 76 (LG); LATU 77 (RT); LATU 78 (RG); LATU 80 (TE-R),,3b,,,6; ALSO D02; ALSO D08; ALSO D12; ALSO D14; ALSO D24; ALSO D25,,X,LATU 03 (QB),LWR 8s(10); SLWR 8so(17); HB-L frkrh66(1); TE-R k; RWR xo(15),8; 8; H6; -; X,LATU 02 8s(10); LATU 05 8so(17); LATU 21 frkrh66(1); LATU 80 k; LATU 16 xo(15),,,SACK,,,5; ALSO D11 (LILB); ALSO D18 (LE); ALSO D41 (RE); ALSO D48 (RILB); ALSO D56 (NT),SACK,,,,,LATU 21,-29,,,,ALSO D56,,ALSO D41 (CU); ALSO D48 (CU); ALSO D56 (CU) LATU 03,0,,,LATU 03,1,ALSO D41; ALSO D48; ALSO D56,LATU 03,0,L,HB-L,HB-L (-5),R,1; LATU 21 (HB-L),,,,UNDEFINED,,P,ALSO D56,-3,LATU 05* (R:Lx),S,,ALSO D56,,,,R,,,,LWR^(-16.5); SLWR(-11.5); RWR^(+0.5),,0,13,0,0,0,,false,3,2,2.244,-1.654,,false,11,LATU 21,LATU 80,LATU 02; LATU 05; LATU 16,GUN WEAK,SLOT - PRO,LWR; SLWR; HB-L; TE-R; RWR,1x3,TREY - OPEN,NICKEL,ALSO D02; ALSO D08; ALSO D12; ALSO D14; ALSO D24,ALSO D11; ALSO D25; ALSO D48,ALSO D18; ALSO D41; ALSO D56,ODD,SINGLE MUG,COVER 3,,65,,2.519,-1.758,31166_7114242,31166-LATU-4
7114334,31166,2026-09-12,2026,02,411505,1419,2,2,11:45,0,,0,10,0,4,2,0,0,,,,0,0,0,7,1,,0,7114242,7114359,,7.10,0,,54,0,,,0,0,,2,0,0,LATU 21,6; ALSO D11 (17); ALSO D18 (14); ALSO D25 (36); ALSO D41 (28); ALSO D48 (26); ALSO D56 (22),,,,,LCB (7); SCBL (5); FSL (11); SSR (9); RCB (7),LE (14); LILB (17); NT (22); RILB (26); DRT (28); SSR (34); ROLB (36),3-3-5,ALSO D02 (LCB); ALSO D08 (FSL); ALSO D11 (LILB); ALSO D12 (RCB); ALSO D14 (SSR); ALSO D18 (LE); ALSO D24 (SCBL); ALSO D25 (ROLB); ALSO D41 (DRT); ALSO D48 (RILB); ALSO D56 (NT),ALSO D02 (0.0); ALSO D08 (0.0); ALSO D11 (0.0); ALSO D12 (0.0); ALSO D14 (0.0); ALSO D18 (+0.5); ALSO D24 (0.0); ALSO D25 (0.0); ALSO D41 (0.0); ALSO D48 (0.0); ALSO D56 (+0.5),,T,ALSO,16,,LE (14); NT (22); DRT (28),,PUNT,+46,6,DOWNS,-35,,,-29,ALSO D18,,,,0,,,L,R,,,,,,LATU 51 (C); ALSO D18 (LE); ALSO D56 (NT),,,,,,,,,,LILB (4); RILB (4); ROLB (0),,O,O,LATU 51,LWR; TE-L^; HB-R; SRWR; RWR^,2x2,,3-0-1-1,11,LATU 02; LATU 05; LATU 16; LATU 21; LATU 80,LATU 02 (RWR); LATU 03 (QB); LATU 05 (LWR); LATU 16 (SRWR); LATU 21 (HB-R); LATU 51 (C); LATU 58 (LT); LATU 76 (LG); LATU 77 (RT); LATU 78 (RG); LATU 80 (TE-L),LATU 02 (0.0); LATU 03 (0.0); LATU 05 (0.0); LATU 16 (0.0); LATU 21 (0.0); LATU 51 (-0.5); LATU 58 (0.0); LATU 76 (0.0); LATU 77 (0.0); LATU 78 (0.0); LATU 80 (0.0),,F,LATU,LATU 02; LATU 80,,,,4,,,,,,,LWR xg(-3); TE-L r; HB-R r; SRWR z; RWR z,X; -; -; -; -,LATU 05 xg(-3); LATU 80 r; LATU 21 r; LATU 16 z; LATU 02 z,,,,,,,,,,,,,-29,MR,,MR,ALSO D18; ALSO D56,,,0,,,LATU 03,0,,,0,,HB-R,HB-R (-5),L,1; LATU 21 (HB-R),,,,INSIDE ZONE,READ OPTION,R,,-3,LATU 05* (R:L{L}>L:R{L}); LATU 80 (L:R{L}),S,,ALSO D18,,ALSO D18,,L,,,,LWR(-12.5); SRWR(+4.5); RWR^(+12.5),,1,11,0,0,0,,false,3,2,0.59,-0.973,,false,11,LATU 21,LATU 80,LATU 02; LATU 05; LATU 16,GUN WEAK,SLOT - PRO,LWR; TE-L; HB-R; SRWR; RWR,2x2,SLOT - SLOT,NICKEL,ALSO D02; ALSO D08; ALSO D12; ALSO D14; ALSO D24,ALSO D11; ALSO D25; ALSO D48,ALSO D18; ALSO D41; ALSO D56,OVER,,COVER 4,,71,,0.761,-1.152,31166_7114334,31166-LATU-4
7114359,31166,2026-09-12,2026,02,411505,1445,2,3,11:06,1,1,1,10,0,4,3,21,0,1,,,0,0,0,7,0,,0,7114334,7114375,,7.10,0,,55,0,,3.5,0,0,1,0,0,0,LATU 05,7; ALSO D11 (04); ALSO D14 (27); ALSO D17 (41); ALSO D18 (22); ALSO D25 (08); ALSO D48 (17); ALSO D56 (32),,C,,LATU 13,LCB (8); SCBL (5); FSL (12); SS (8); RCB (7),LOLB (04); LOLB (08); LILB (17); NT (22); SS (27); REO (32); RLB (41),2-4-5,ALSO D02 (LCB); ALSO D08 (FSL); ALSO D11 (LOLB); ALSO D12 (RCB); ALSO D14 (SS); ALSO D17 (RLB); ALSO D18 (NT); ALSO D24 (SCBL); ALSO D25 (LOLB); ALSO D48 (LILB); ALSO D56 (REO),ALSO D02 (0.0); ALSO D08 (0.0); ALSO D11 (0.0); ALSO D12 (0.0); ALSO D14 (0.0); ALSO D17 (0.0); ALSO D18 (0.0); ALSO D24 (0.0); ALSO D25 (0.0); ALSO D48 (-0.5); ALSO D56 (0.0),ALSO D17,F,ALSO,16,,NT (22); REO (32),,PUNT,+46,6,DOWNS,-35,10,SD,-29,ALSO D14,,,,21,,,L,R,,,,,,LATU 03 (QB); LATU 05 (SRWR); ALSO D48 (LILB),,,,,,,,,,LOLB (0); LOLB (0); LILB (1); RLB (2),,C,O,ALSO D48,LWR^; HB-R; TE-R; SRWR^; RWR,1x3,,3-0-1-1,11,LATU 02; LATU 05; LATU 13; LATU 16; LATU 21,LATU 02 (LWR); LATU 03 (QB); LATU 05 (SRWR); LATU 13 (TE-R); LATU 16 (RWR); LATU 21 (HB-R); LATU 51 (C); LATU 58 (LT); LATU 76 (LG); LATU 77 (RT); LATU 78 (RG),LATU 02 (0.0); LATU 03 (+0.5); LATU 05 (+0.5); LATU 13 (0.0); LATU 16 (0.0); LATU 21 (0.0); LATU 51 (0.0); LATU 58 (0.0); LATU 76 (0.0); LATU 77 (0.0); LATU 78 (0.0),LATU 13,T,LATU,LATU 02; LATU 05,,6; LATU 21 (HB-R); LATU 51 (C); LATU 58 (LT); LATU 76 (LG); LATU 77 (RT); LATU 78 (RG),,3CRb,ALSO D48,,6; ALSO D02; ALSO D08; ALSO D12; ALSO D14; ALSO D24; ALSO D48,20,L,LATU 03 (QB),LWR 7i(26); HB-R kr; TE-R c1; SRWR xo(15); RWR xd(3),7; -; 3; X; X,LATU 02 7i(26); LATU 21 kr; LATU 13 c1; LATU 05 xo(15); LATU 16 xd(3),SRWR,LATU 05,COMPLETE,xo(15),XR,5; ALSO D11 (LOLB); ALSO D17 (RLB); ALSO D18 (NT); ALSO D25 (LOLB); ALSO D56 (REO),,7,2L,,,,+50,,,,LATU 03; LATU 05,,,0,,,LATU 03,0,,,0,,HB-R,HB-R (-5),R,1; LATU 21 (HB-R),,,,,,P,,-3,LATU 16* (R:L{R}),S,,,,ALSO D14,ALSO D08,R,,,,LWR^(-17.5); SRWR^(+5.5); RWR(+7.5),,0,,0,0,0,,false,3,2,-0.383,3.397,Over,false,11,LATU 21,LATU 13,LATU 02; LATU 05; LATU 16,GUN STRONG,TREY - OPEN,LWR; HB-R; TE-R; SRWR; RWR,1x3,TREY - OPEN,NICKEL,ALSO D02; ALSO D08; ALSO D12; ALSO D14; ALSO D24,ALSO D11; ALSO D17; ALSO D25; ALSO D48,ALSO D18; ALSO D56,ODD,SINGLE MUG,COVER 3 CLOUD,,71,,-0.391,3.896,31166_7114359,31166-LATU-4
7114375,31166,2026-09-12,2026,02,411505,1473,2,1,10:38,0,0,1,10,0,4,4,,0,,,,0,0,0,7,0,,0,7114359,7114436,,7.10,0,,56,0,,2.6,0,0,,,0,0,,7; ALSO D11 (09); ALSO D14 (39); ALSO D17 (12); ALSO D18 (16); ALSO D25 (35); ALSO D48 (22); ALSO D90 (26),,R,LATU 21,,LCB (8); SCBL (7); FS (13); RCB (7),LLB (09); LEO (12); DLT (16); MLB (22); DRT (26); ROLB (35); RLB (39),2-4-5,ALSO D02 (LCB); ALSO D08 (FS); ALSO D11 (LLB); ALSO D12 (RCB); ALSO D14 (RLB); ALSO D17 (LEO); ALSO D18 (DLT); ALSO D24 (SCBL); ALSO D25 (ROLB); ALSO D48 (MLB); ALSO D90 (DRT),ALSO D02 (0.0); ALSO D08 (0.0); ALSO D11 (0.0); ALSO D12 (0.0); ALSO D14 (0.0); ALSO D17 (0.0); ALSO D18 (0.0); ALSO D24 (0.0); ALSO D25 (+1.0); ALSO D48 (0.0); ALSO D90 (0.0),ALSO D90,T,ALSO,10,,LEO (12); DLT (16); DRT (26),,PUNT,+46,6,DOWNS,-35,7,SD,+50,,,,,0,,,L,R,,,NV,,,LATU 58 (LT); ALSO D25 (ROLB),,,,,,,,,,LLB (4); MLB (4); RLB (4); ROLB (0),,C,C,LATU 58,LWR^; HB-L; TE-R; SRWR; RWR^,1x3,,3-0-1-1,11,LATU 02; LATU 05; LATU 13; LATU 16; LATU 21,LATU 02 (LWR); LATU 03 (QB); LATU 05 (RWR); LATU 13 (TE-R); LATU 16 (SRWR); LATU 21 (HB-L); LATU 51 (C); LATU 58 (LT); LATU 76 (LG); LATU 77 (RT); LATU 78 (RG),LATU 02 (0.0); LATU 03 (0.0); LATU 05 (0.0); LATU 13 (0.0); LATU 16 (0.0); LATU 21 (0.0); LATU 51 (0.0); LATU 58 (-1.0); LATU 76 (0.0); LATU 77 (0.0); LATU 78 (0.0),,F,LATU,LATU 02; LATU 05,,5; LATU 51 (C); LATU 58 (LT); LATU 76 (LG); LATU 77 (RT); LATU 78 (RG),,3S,ALSO D02,,7; ALSO D02; ALSO D08; ALSO D11; ALSO D12; ALSO D14; ALSO D24; ALSO D48,30,R,LATU 03 (QB),LWR xd(2); HB-L klh7(-3); TE-R x6(9); SRWR 9s; RWR 29(8),X; H7; X; 9; 9,LATU 02 xd(2); LATU 21 klh7(-3); LATU 13 x6(9); LATU 16 9s; LATU 05 29(8),RWR,LATU 05,INCOMPLETE,29(8),9R,4; ALSO D17 (LEO); ALSO D18 (DLT); ALSO D25 (ROLB); ALSO D90 (DRT),,52,7R,,,,+50,,,,ALSO D25,,ALSO D25 (I) LATU 58,0,,,LATU 03,0,,,0,,HB-L,HB-L (-5),L,1; LATU 21 (HB-L),,,,,,P,,-3,,S,,,,,,R,,,,LWR^(-16.5); SRWR(+9.5); RWR^(+17.5),,0,,0,0,0,,true,3,2,3.014,-0.671,Sluggo,false,11,LATU 21,LATU 13,LATU 02; LATU 05; LATU 16,GUN WEAK,TREY - OPEN,LWR; HB-L; TE-R; SRWR; RWR,1x3,TREY - OPEN,NICKEL,ALSO D02; ALSO D08; ALSO D12; ALSO D14; ALSO D24,ALSO D11; ALSO D17; ALSO D25; ALSO D48,ALSO D18; ALSO D90,WIDE OVER,,COVER 3 SEAM,,50,,3.505,-0.75,31166_7114375,31166-LATU-4
7114436,31166,2026-09-12,2026,02,411505,1499,2,2,10:32,1,,0,10,1,4,5,4,0,,,,0,0,0,7,0,,0,7114375,7114457,,7.10,0,,57,0,,,0,0,,1,0,0,LATU 03,6; ALSO D11 (12); ALSO D25 (36); ALSO D48 (26); ALSO D49 (22); ALSO D90 (15); ALSO D94 (29),,,,,LCB (8); SCBL (4); FSL (11); SSR (9); RCB (7),LLB (12); LE (15); NT (22); RILB (26); RE (29); SSR (35); ROLB (36),3-3-5,ALSO D02 (LCB); ALSO D08 (FSL); ALSO D11 (LLB); ALSO D12 (RCB); ALSO D14 (SSR); ALSO D24 (SCBL); ALSO D25 (ROLB); ALSO D48 (RILB); ALSO D49 (NT); ALSO D90 (LE); ALSO D94 (RE),ALSO D02 (0.0); ALSO D08 (0.0); ALSO D11 (0.0); ALSO D12 (0.0); ALSO D14 (0.0); ALSO D24 (0.0); ALSO D25 (0.0); ALSO D48 (0.0); ALSO D49 (0.0); ALSO D90 (0.0); ALSO D94 (0.0),ALSO D49; ALSO D94,T,ALSO,10,,LE (15); NT (22); RE (29),,PUNT,+46,6,DOWNS,-35,,,+50,ALSO D25,,,,4,,,L,R,,,,,,,,,,,,,,,,LLB (4); RILB (4); ROLB (0),,O,O,,LWR^; SLWR; HB-L; SRWR; RWR^,2x2,HB>SLWR,3-0-2-0,20,LATU 00; LATU 08; LATU 12; LATU 17; LATU 84,LATU 00 (HB-L); LATU 03 (QB); LATU 08 (LWR); LATU 12 (SLWR); LATU 17 (RWR); LATU 51 (C); LATU 58 (LT); LATU 76 (LG); LATU 77 (RT); LATU 78 (RG); LATU 84 (SRWR),LATU 00 (0.0); LATU 03 (0.0); LATU 08 (0.0); LATU 12 (0.0); LATU 17 (0.0); LATU 51 (0.0); LATU 58 (0.0); LATU 76 (0.0); LATU 77 (0.0); LATU 78 (0.0); LATU 84 (0.0),LATU 00; LATU 08; LATU 12; LATU 17; LATU 84,F,LATU,LATU 08; LATU 17,,,,4b,,,,,,,LWR 3(6); SLWR xg(-7); HB-L kr; SRWR z; RWR 9z,3; X; -; -; 9,LATU 08 3(6); LATU 12 xg(-7); LATU 00 kr; LATU 84 z; LATU 17 9z,,,,,,,,,,,,,+46,ML,,ML,,,,0,,,LATU 03,0,,,0,,HB-L,HB-L (-5),R,1; LATU 00 (HB-L),,,,DRAW,LEAD;QB RUNS,R,,-3,LATU 12* (L:R{L}),S,,ALSO D25,,ALSO D25,,,,,,LWR^(-16.5); SLWR(-8.5); SRWR(+6.5); RWR^(+13.5),,1,11,0,0,0,,false,3,2,2.343,-0.084,,false,20,LATU 00; LATU 12,,LATU 08; LATU 17; LATU 84,GUN WEAK,SLOT - SLOT,LWR; SLWR; HB-L; SRWR; RWR,2x2,SLOT - SLOT,NICKEL,ALSO D02; ALSO D08; ALSO D12; ALSO D14; ALSO D24,ALSO D11; ALSO D25; ALSO D48,ALSO D49; ALSO D90; ALSO D94,ODD,,COVER 4,,50,,2.755,-0.31,31166_7114436,31166-LATU-4
7114457,31166,2026-09-12,2026,02,411505,1525,2,3,09:53,1,1,0,10,0,4,6,,0,,,,0,0,0,7,0,,0,7114436,7114470,,7.10,0,,58,1,,2.0,0,0,,,0,0,,6; ALSO D11 (17); ALSO D17 (28); ALSO D18 (22); ALSO D25 (08); ALSO D48 (19); ALSO D90 (35),,C,LATU 00,,LCB (6); SCBL (1); FS (13); SCBR (5); RCB (1),LOLB (08); LILB (17); LILB (19); NT (22); RILB (28); ROLB (35),2-4-5,ALSO D02 (LCB); ALSO D08 (SCBR); ALSO D11 (LILB); ALSO D12 (RCB); ALSO D14 (FS); ALSO D17 (RILB); ALSO D18 (NT); ALSO D24 (SCBL); ALSO D25 (LOLB); ALSO D48 (LILB); ALSO D90 (ROLB),ALSO D02 (0.0); ALSO D08 (0.0); ALSO D11 (0.0); ALSO D12 (0.0); ALSO D14 (0.0); ALSO D17 (0.0); ALSO D18 (0.0); ALSO D24 (0.0); ALSO D25 (0.0); ALSO D48 (0.0); ALSO D90 (0.0),ALSO D17; ALSO D18,T,ALSO,6,,NT (22),,PUNT,+46,6,DOWNS,-35,9,SD,+46,,,,,0,,,L,R,,,DP,,,LATU 08 (LWR); LATU 51 (C); LATU 78 (RG); ALSO D08 (SCBR); ALSO D17 (RILB),,,,,,,,,,LOLB (0); LILB (1); LILB (4); RILB (0); ROLB (0),,C,C,LATU 08; LATU 51; LATU 78,LWR^; SLWR; HB-R; SRWR; RWR^,2x2,TE>SLWR,3-0-1-1,11,LATU 00; LATU 08; LATU 13; LATU 17; LATU 84,LATU 00 (HB-R); LATU 03 (QB); LATU 08 (LWR); LATU 13 (SLWR); LATU 17 (RWR); LATU 51 (C); LATU 58 (LT); LATU 76 (LG); LATU 77 (RT); LATU 78 (RG); LATU 84 (SRWR),LATU 00 (0.0); LATU 03 (0.0); LATU 08 (-1.0); LATU 13 (0.0); LATU 17 (0.0); LATU 51 (-0.5); LATU 58 (0.0); LATU 76 (0.0); LATU 77 (0.0); LATU 78 (-0.5); LATU 84 (0.0),LATU 13,F,LATU,LATU 08; LATU 17,,5; LATU 51 (C); LATU 58 (LT); LATU 76 (LG); LATU 77 (RT); LATU 78 (RG),,1b,ALSO D08,,6; ALSO D02; ALSO D08; ALSO D12; ALSO D14; ALSO D24; ALSO D48,4,L,LATU 03 (QB),LWR 3i(9); SLWR 3o(3); HB-R krh2(-7); SRWR xl(7); RWR 6i(11),3; 3; H2; X; 6,LATU 08 3i(9); LATU 13 3o(3); LATU 00 krh2(-7); LATU 84 xl(7); LATU 17 6i(11),LWR,LATU 08,INCOMPLETE,3i(9),3R,5; ALSO D11 (LILB); ALSO D17 (RILB); ALSO D18 (NT); ALSO D25 (LOLB); ALSO D90 (ROLB),,3,2L,,,,+46,,,,,ALSO D12 > LATU 08; ALSO D24 > LATU 84,ALSO D17 (U) LATU 78,0,,,LATU 03,0,,,0,,HB-R,HB-R (-6),R,1; LATU 00 (HB-R),,,,,,P,,-3,LATU 13* (R:Lx),S,,,,,,,,,,LWR^(-19.5); SLWR(-10.5); SRWR(+5.5); RWR^(+12.5),,0,,0,0,0,,false,3,2,2.259,-1.949,Out,false,11,LATU 00,LATU 13,LATU 08; LATU 17; LATU 84,GUN STRONG,SLOT - SLOT,LWR; SLWR; HB-R; SRWR; RWR,1x3,TREY - OPEN,NICKEL,ALSO D02; ALSO D08; ALSO D12; ALSO D14; ALSO D24,ALSO D11; ALSO D17; ALSO D25; ALSO D48,ALSO D18; ALSO D90,ODD,DOUBLE MUG,COVER 1,,46,,2.445,-2.013,31166_7114457,31166-LATU-4
7115375,31166,2026-09-12,2026,02,411505,1781,2,1,05:30,1,,0,10,0,5,1,0,0,,,,0,0,0,7,1,,0,7115299,7115444,,7.10,0,,68,0,,,0,0,,1,0,0,LATU 06,7; ALSO D06 (16); ALSO D10 (35); ALSO D18 (14); ALSO D24 (05); ALSO D41 (29); ALSO D48 (26); ALSO D56 (22),,,,,SSL (7); FS (10); SSR (7); RCB (7),SSL (02); LLB (05); LE (14); LILB (16); NT (22); RILB (26); RE (29); SSR (32); ROLB (35),3-3-5,ALSO D02 (SSL); ALSO D06 (LILB); ALSO D08 (FS); ALSO D10 (ROLB); ALSO D12 (RCB); ALSO D14 (SSR); ALSO D18 (LE); ALSO D24 (LLB); ALSO D41 (RE); ALSO D48 (RILB); ALSO D56 (NT),ALSO D02 (0.0); ALSO D06 (0.0); ALSO D08 (0.0); ALSO D10 (0.0); ALSO D12 (0.0); ALSO D14 (0.0); ALSO D18 (+0.5); ALSO D24 (0.0); ALSO D41 (0.0); ALSO D48 (+1.0); ALSO D56 (0.0),DRIVE START,T,ALSO,10,,LE (14); NT (22); RE (29),,TOUCHDOWN,+0,7,PUNT - DOWNED,-5,,,-5,ALSO D48,,,,0,,,L,R,,,,,,LATU 76 (LG); LATU 80 (TE-iR); ALSO D18 (LE); ALSO D48 (RILB),,,,,,,,,,LLB (3); LILB (3); RILB (3); ROLB (0),,C,O,LATU 76; LATU 80,LWR^; SLWR; HB; TE-iR^; TE-oR,2x2,HB>SLWR; WR>TE-oR,2-0-2-1,21,LATU 00; LATU 02; LATU 06; LATU 16; LATU 80,LATU 00 (SLWR); LATU 02 (LWR); LATU 03 (QB); LATU 06 (HB); LATU 16 (TE-oR); LATU 51 (C); LATU 58 (LT); LATU 76 (LG); LATU 77 (RT); LATU 78 (RG); LATU 80 (TE-iR),LATU 00 (0.0); LATU 02 (0.0); LATU 03 (0.0); LATU 06 (0.0); LATU 16 (0.0); LATU 51 (0.0); LATU 58 (0.0); LATU 76 (-1.0); LATU 77 (0.0); LATU 78 (0.0); LATU 80 (-0.5),DRIVE START,F,LATU,LATU 02; LATU 80,,,,3b,,,,,,,,,,,,,,,,,,,,,,-5,RE,,RE,ALSO D18; ALSO D48,,,0,,,LATU 03,0,,,0,,HB,HB (-4),R,1; LATU 06 (HB),,,,TRIPLE OPTION,,R,,-3,LATU 00* (L:R{L}),,,ALSO D48,,ALSO D48,ALSO D18,R;R,,,,LWR^(-18.5); SLWR(-8.5),,0,15,0,0,0,,false,3,2,0.486,-0.478,,false,21,LATU 00; LATU 06,LATU 80,LATU 02; LATU 16,ACE,SLOT - WING,LWR; SLWR; HB; TE-iR; TE-oR,2x2,PRO - WING,NICKEL,ALSO D02; ALSO D08; ALSO D12; ALSO D14; ALSO D24,ALSO D06; ALSO D10; ALSO D48,ALSO D18; ALSO D41; ALSO D56,ODD,,COVER 3,,95,,-0.046,-0.966,31166_7115375,31166-LATU-5
7115444,31166,2026-09-12,2026,02,411505,1807,2,2,04:53,1,,0,10,0,5,2,8,0,,,,0,0,0,7,0,,0,7115375,7115475,,7.10,0,,69,0,,,0,0,,4,0,0,LATU 12,8; ALSO D06 (15); ALSO D10 (36); ALSO D14 (36); ALSO D18 (07); ALSO D24 (04); ALSO D41 (27); ALSO D48 (29); ALSO D56 (19),,,,,LCB (7); FS (14); RCB (7),LLB (04); LEO (07); LLB (15); DLT (19); DRT (27); ROLB (29); RLB (36); ROLB (36),3-3-5,ALSO D02 (LCB); ALSO D06 (LLB); ALSO D08 (FS); ALSO D10 (ROLB); ALSO D12 (RCB); ALSO D14 (RLB); ALSO D18 (LEO); ALSO D24 (LLB); ALSO D41 (DRT); ALSO D48 (ROLB); ALSO D56 (DLT),ALSO D02 (-1.0); ALSO D06 (-0.5); ALSO D08 (0.0); ALSO D10 (0.0); ALSO D12 (0.0); ALSO D14 (0.0); ALSO D18 (0.0); ALSO D24 (0.0); ALSO D41 (0.0); ALSO D48 (0.0); ALSO D56 (+0.5),,F,ALSO,10,,LEO (07); DLT (19); DRT (27),,TOUCHDOWN,+0,7,PUNT - DOWNED,-5,,,-5,ALSO D02,,,,8,,,L,R,,,,,,LATU 12 (HB-L); LATU 51 (C); LATU 78 (RG); ALSO D02 (LCB); ALSO D06 (LLB); ALSO D56 (DLT),,,,,,,,,,LLB (3); LLB (5); RLB (6); ROLB (0); ROLB (0),,C,C,LATU 51; ALSO D02; ALSO D06,LWR^; TE-L; HB-L; TE-R; RWR^,2x2,,2-0-1-2,12,LATU 02; LATU 05; LATU 12; LATU 19; LATU 80,LATU 02 (LWR); LATU 03 (QB); LATU 05 (RWR); LATU 12 (HB-L); LATU 19 (TE-L); LATU 51 (C); LATU 58 (LT); LATU 76 (LG); LATU 77 (RT); LATU 78 (RG); LATU 80 (TE-R),LATU 02 (0.0); LATU 03 (0.0); LATU 05 (0.0); LATU 12 (+0.5); LATU 19 (0.0); LATU 51 (-0.5); LATU 58 (0.0); LATU 76 (0.0); LATU 77 (0.0); LATU 78 (+0.5); LATU 80 (0.0),LATU 05; LATU 12; LATU 19,T,LATU,LATU 02; LATU 05,,,,3b,,,,,,,LWR 0(-1); TE-L r; HB-L r; TE-R r; RWR r,0; -; -; -; -,LATU 02 0(-1); LATU 19 r; LATU 12 r; LATU 80 r; LATU 05 r,,,,,,,,,,,,,-13,RT,,RT,LATU 12; LATU 78; ALSO D56,,,0,,,LATU 03,0,,,0,,HB-L,HB-L (-5),R,1; LATU 12 (HB-L),,,,OUTSIDE ZONE,,R,,-3,,S,,,,ALSO D08,,L;R,,,,LWR^(-18.5); RWR^(+8.5),,1,12,0,0,0,,false,3,2,0.008,-0.068,,false,12,LATU 12,LATU 19; LATU 80,LATU 02; LATU 05,GUN WEAK,PRO - PRO,LWR; TE-L; HB-L; TE-R; RWR,2x2,PRO - PRO,NICKEL,ALSO D02; ALSO D08; ALSO D12; ALSO D14; ALSO D24,ALSO D06; ALSO D10; ALSO D48,ALSO D18; ALSO D41; ALSO D56,WIDE UNDER,,COVER 3,,95,,-1.012,0.35,31166_7115444,31166-LATU-5
7115475,31166,2026-09-12,2026,02,411505,1833,2,3,04:15,1,,0,10,0,5,3,54,0,1,,,0,0,0,7,0,,0,7115444,7115531,,7.10,0,,70,0,,,0,0,,3,0,0,LATU 12,7; ALSO D06 (36); ALSO D10 (08); ALSO D14 (28); ALSO D18 (29); ALSO D41 (15); ALSO D48 (21); ALSO D56 (22),,,,,LCB (1); SS (7); FSR (11); SCBR (2); RCB (6),LOLB (08); LE (15); MLB (21); NT (22); SS (28); RE (29); ROLB (36),3-3-5,ALSO D02 (LCB); ALSO D06 (ROLB); ALSO D08 (FSR); ALSO D10 (LOLB); ALSO D12 (RCB); ALSO D14 (SS); ALSO D18 (RE); ALSO D24 (SCBR); ALSO D41 (LE); ALSO D48 (MLB); ALSO D56 (NT),ALSO D02 (0.0); ALSO D06 (-1.0); ALSO D08 (0.0); ALSO D10 (0.0); ALSO D12 (0.0); ALSO D14 (-1.0); ALSO D18 (0.0); ALSO D24 (0.0); ALSO D41 (0.0); ALSO D48 (0.0); ALSO D56 (0.0),,F,ALSO,2,,LE (15); NT (22); RE (29),,TOUCHDOWN,+0,7,PUNT - DOWNED,-5,,,-13,ALSO D08,,,,54,,,R,L,,,,,,LATU 06 (HB-R); LATU 12 (HB-L); LATU 58 (LT); ALSO D06 (ROLB); ALSO D14 (SS); ALSO D18 (RE),,,,,,,,,,LOLB (0); MLB (4); ROLB (0),,O,O,ALSO D06; ALSO D14,LWR^; SLWR; HB-L; HB-R; RWR^,2x1,,3-0-2-0,20,LATU 02; LATU 05; LATU 06; LATU 12; LATU 16,LATU 02 (RWR); LATU 03 (QB); LATU 05 (LWR); LATU 06 (HB-R); LATU 12 (HB-L); LATU 16 (SLWR); LATU 51 (C); LATU 58 (LT); LATU 76 (LG); LATU 77 (RT); LATU 78 (RG),LATU 02 (0.0); LATU 03 (0.0); LATU 05 (0.0); LATU 06 (+1.0); LATU 12 (+1.0); LATU 16 (0.0); LATU 51 (0.0); LATU 58 (0.0); LATU 76 (0.0); LATU 77 (0.0); LATU 78 (0.0),LATU 06; LATU 16,T,LATU,LATU 02; LATU 05,,,,6Rb,,,,,,,LWR 2(1)z; SLWR 0u(-4); HB-L r; HB-R r; RWR r,2; 0; -; -; -,LATU 05 2(1)z; LATU 16 0u(-4); LATU 12 r; LATU 06 r; LATU 02 r,,,,,,,,,,,,,+33,LT,,LT,LATU 06; LATU 12,ALSO D02 > LATU 02; ALSO D24 > LATU 16,,0,,,LATU 03,0,,,0,,HB-L; HB-R,HB-L (-6); HB-R (-5),R,2; LATU 06 (HB-R); LATU 12 (HB-L),,,,INSIDE ZONE,SPLIT,R,,-3,,S,,,,ALSO D08,,,,,,LWR^(-17.5); SLWR(-7.5); RWR^(+19.5),,1,11,0,0,0,,false,3,2,-0.06,3.711,,false,20,LATU 06; LATU 12,,LATU 02; LATU 05; LATU 16,GUN SPLIT,SLOT - OPEN,LWR; SLWR; HB-L; HB-R; RWR,2x1,SLOT - OPEN,NICKEL,ALSO D02; ALSO D08; ALSO D12; ALSO D14; ALSO D24,ALSO D06; ALSO D10; ALSO D48,ALSO D18; ALSO D41; ALSO D56,ODD,,COVER 6,,87,,-0.662,4.964,31166_7115475,31166-LATU-5
7115531,31166,2026-09-12,2026,02,411505,1859,2,1,03:32,0,,0,10,0,5,4,0,0,,,,0,0,0,7,1,,0,7115475,7115596,,7.10,0,,71,0,,,0,0,,3,0,0,LATU 03,6; ALSO D11 (28); ALSO D17 (08); ALSO D18 (38); ALSO D26 (17); ALSO D41 (18); ALSO D56 (26),,,,,SSL (7); FS (9); FSR (11); SCBR (6); RCB (7),LOLB (08); SSL (09); LILB (17); DLT (18); DRT (26); RILB (28); REO (38),3-3-5,ALSO D01 (FSR); ALSO D02 (SSL); ALSO D08 (SCBR); ALSO D11 (RILB); ALSO D12 (RCB); ALSO D14 (FS); ALSO D17 (LOLB); ALSO D18 (REO); ALSO D26 (LILB); ALSO D41 (DLT); ALSO D56 (DRT),ALSO D01 (0.0); ALSO D02 (0.0); ALSO D08 (0.0); ALSO D11 (0.0); ALSO D12 (0.0); ALSO D14 (0.0); ALSO D17 (0.0); ALSO D18 (+0.5); ALSO D26 (0.0); ALSO D41 (0.0); ALSO D56 (-0.5),ALSO D01; ALSO D11; ALSO D17; ALSO D26,T,ALSO,10,,DLT (18); DRT (26); REO (38),,TOUCHDOWN,+0,7,PUNT - DOWNED,-5,,,+33,ALSO D18,,,,0,,,R,L,,,,,,LATU 51 (C); ALSO D18 (REO); ALSO D56 (DRT),,,,,,,,,,LOLB (0); LILB (4); RILB (4),,O,O,ALSO D56,LWR; SLWR^; TE-L; HB-L; TE-R^,3x1,,2-0-1-2,12,LATU 06; LATU 08; LATU 17; LATU 19; LATU 80,LATU 03 (QB); LATU 06 (HB-L); LATU 08 (SLWR); LATU 17 (LWR); LATU 19 (TE-L); LATU 51 (C); LATU 58 (LT); LATU 76 (LG); LATU 77 (RT); LATU 78 (RG); LATU 80 (TE-R),LATU 03 (0.0); LATU 06 (0.0); LATU 08 (0.0); LATU 17 (0.0); LATU 19 (0.0); LATU 51 (+0.5); LATU 58 (0.0); LATU 76 (0.0); LATU 77 (0.0); LATU 78 (0.0); LATU 80 (0.0),LATU 08; LATU 17; LATU 19; LATU 80,F,LATU,LATU 08; LATU 80,,,,4,,,,,,,,,,,,,,,,,,,,,,+33,LE,,LE,LATU 51; ALSO D18,,,0,,,LATU 03,0,,,0,,HB-L,HB-L (-6),L,1; LATU 06 (HB-L),,,,OUTSIDE ZONE,SPEED OPTION,R,,-3,,S,,ALSO D18,,ALSO D18,,L;R,,,,LWR(-13.5); SLWR^(-5.5),,0,4,0,0,0,,false,3,2,3.651,-0.739,,false,12,LATU 06,LATU 19; LATU 80,LATU 08; LATU 17,GUN WEAK,TREY - CLOSED,LWR; SLWR; TE-L; HB-L; TE-R,3x1,TREY - CLOSED,NICKEL,ALSO D01; ALSO D02; ALSO D08; ALSO D12; ALSO D14,ALSO D11; ALSO D17; ALSO D26,ALSO D18; ALSO D41; ALSO D56,EVEN,,COVER 4,,33,,4.302,-0.58,31166_7115531,31166-LATU-5
7115596,31166,2026-09-12,2026,02,411505,1885,2,2,02:55,0,1,0,10,0,5,5,14,0,1,,,0,0,0,7,0,,1,7115531,7115867,,7.10,0,,72,0,,2.3,0,0,0,0,0,0,LATU 08,7; ALSO D11 (15); ALSO D17 (32); ALSO D24 (04); ALSO D48 (26); ALSO D49 (22); ALSO D90 (15); ALSO D94 (29),,L,,,LCB (7); FS (14); SSR (8); RCB (7),LLB (04); LLB (15); LE (15); NT (22); RILB (26); RE (29); ROLB (32); SSR (38),3-3-5,ALSO D02 (LCB); ALSO D08 (FS); ALSO D11 (LLB); ALSO D12 (RCB); ALSO D14 (SSR); ALSO D17 (ROLB); ALSO D24 (LLB); ALSO D48 (RILB); ALSO D49 (NT); ALSO D90 (LE); ALSO D94 (RE),ALSO D02 (0.0); ALSO D08 (0.0); ALSO D11 (0.0); ALSO D12 (-0.5); ALSO D14 (0.0); ALSO D17 (0.0); ALSO D24 (0.0); ALSO D48 (0.0); ALSO D49 (0.0); ALSO D90 (0.0); ALSO D94 (0.0),ALSO D24; ALSO D48; ALSO D49; ALSO D90; ALSO D94,F,ALSO,10,,LE (15); NT (22); RE (29),,TOUCHDOWN,+0,7,PUNT - DOWNED,-5,5,SD,+33,ALSO D12,,,,14,,,C,C,,,,,,LATU 03 (QB); LATU 08 (LWR); ALSO D12 (RCB),,,,,,,,,,LLB (4); LLB (2); RILB (4); ROLB (0),,C,C,ALSO D12,LWR^; HB-R; HB-R; TE-R; RWR^,1x2,,2-0-2-1,21,LATU 00; LATU 06; LATU 08; LATU 17; LATU 80,LATU 00 (HB-R); LATU 03 (QB); LATU 06 (HB-R); LATU 08 (LWR); LATU 17 (RWR); LATU 51 (C); LATU 58 (LT); LATU 76 (LG); LATU 77 (RT); LATU 78 (RG); LATU 80 (TE-R),LATU 00 (0.0); LATU 03 (+0.5); LATU 06 (0.0); LATU 08 (+0.5); LATU 17 (0.0); LATU 51 (0.0); LATU 58 (0.0); LATU 76 (0.0); LATU 77 (0.0); LATU 78 (0.0); LATU 80 (0.0),LATU 00,T,LATU,LATU 08; LATU 17,,5; LATU 51 (C); LATU 58 (LT); LATU 76 (LG); LATU 77 (RT); LATU 78 (RG),,3,ALSO D12,,7; ALSO D02; ALSO D08; ALSO D11; ALSO D12; ALSO D14; ALSO D24; ALSO D48,14,M,LATU 03 (QB),LWR 4(11); HB-R r; HB-R fl; TE-R r; RWR 0(-1),4; -; -; -; 0,LATU 08 4(11); LATU 00 r; LATU 06 fl; LATU 80 r; LATU 17 0(-1),LWR,LATU 08,COMPLETE,4(11),4R,4; ALSO D17 (ROLB); ALSO D49 (NT); ALSO D90 (LE); ALSO D94 (RE),,19,3L,,,LATU 06,+19,,,,LATU 03; LATU 08,,,0,,,LATU 03,0,,,0,,HB-R; HB-R,HB-R (-5); HB-R (-6),,2; LATU 00 (HB-R); LATU 06 (HB-R),,,,INSIDE ZONE,,P,,-3,,S,,,,ALSO D12,,R,,,,LWR^(-18.5); RWR^(+17.5),,1,9,0,0,0,,false,3,2,2.912,1.434,In,false,21,LATU 00; LATU 06,LATU 80,LATU 08; LATU 17,OTHER,PRO - OPEN,LWR; HB-R; HB-R; TE-R; RWR,1x2,PRO - OPEN,NICKEL,ALSO D02; ALSO D08; ALSO D12; ALSO D14; ALSO D24,ALSO D11; ALSO D17; ALSO D48,ALSO D49; ALSO D90; ALSO D94,ODD,,COVER 3,,33,,3.722,1.005,31166_7115596,31166-LATU-5
7115867,31166,2026-09-12,2026,02,411505,1913,2,1,02:27,1,,0,10,0,5,6,16,0,1,,,0,0,0,7,0,,0,7115596,7116698,,7.10,0,,73,0,,,0,0,,7,0,0,LATU 12,7; ALSO D11 (14); ALSO D14 (42); ALSO D17 (33); ALSO D48 (25); ALSO D49 (22); ALSO D90 (15); ALSO D94 (28),,,,,LCB (7); SCBL (3); FSL (12); RCB (7),LLB (14); LE (15); NT (22); RILB (25); DRT (28); ROLB (33); RLB (42),3-3-5,ALSO D01 (FSL); ALSO D02 (LCB); ALSO D11 (LLB); ALSO D12 (RCB); ALSO D14 (RLB); ALSO D17 (ROLB); ALSO D24 (SCBL); ALSO D48 (RILB); ALSO D49 (NT); ALSO D90 (LE); ALSO D94 (DRT),ALSO D01 (0.0); ALSO D02 (0.0); ALSO D11 (0.0); ALSO D12 (0.0); ALSO D14 (0.0); ALSO D17 (0.0); ALSO D24 (0.0); ALSO D48 (0.0); ALSO D49 (0.0); ALSO D90 (0.0); ALSO D94 (-0.5),ALSO D01,F,ALSO,10,,LE (15); NT (22); DRT (28),,TOUCHDOWN,+0,7,PUNT - DOWNED,-5,,,+19,ALSO D01,,,,16,,,L,R,,,,LATU 78,,LATU 12 (HB-R); LATU 51 (C); ALSO D94 (DRT),,,,,,,,,,LLB (4); RILB (4); RLB (4); ROLB (0),,C,C,ALSO D94,LWR^; HB-L; HB-R; SRWR; RWR^,1x2,,3-0-2-0,20,LATU 02; LATU 05; LATU 06; LATU 12; LATU 16,LATU 02 (LWR); LATU 03 (QB); LATU 05 (RWR); LATU 06 (HB-L); LATU 12 (HB-R); LATU 16 (SRWR); LATU 51 (C); LATU 58 (LT); LATU 76 (LG); LATU 77 (RT); LATU 78 (RG),LATU 02 (0.0); LATU 03 (0.0); LATU 05 (0.0); LATU 06 (0.0); LATU 12 (+0.5); LATU 16 (0.0); LATU 51 (+0.5); LATU 58 (0.0); LATU 76 (0.0); LATU 77 (0.0); LATU 78 (0.0),LATU 02; LATU 05; LATU 12; LATU 16,T,LATU,LATU 02; LATU 05,,,,3b,,,,,,,LWR r; HB-L r; HB-R r; SRWR 0(-3); RWR z,-; -; -; 0; -,LATU 02 r; LATU 06 r; LATU 12 r; LATU 16 0(-3); LATU 05 z,,,,,,,,,,,,,+3,ML,,ML,LATU 12; LATU 51,,,0,,,LATU 03,0,,,0,,HB-L; HB-R,HB-L (-5); HB-R (-5),L,2; LATU 06 (HB-L); LATU 12 (HB-R),,,,INSIDE ZONE,SPLIT,R,,-3,,S,,,,ALSO D01,,,,,,LWR^(-18.5); SRWR(+9.5); RWR^(+16.5),,1,20,0,0,0,,false,3,2,4.346,1.468,,false,20,LATU 06; LATU 12,,LATU 02; LATU 05; LATU 16,GUN SPLIT,SLOT - OPEN,LWR; HB-L; HB-R; SRWR; RWR,1x2,SLOT - OPEN,NICKEL,ALSO D01; ALSO D02; ALSO D12; ALSO D14; ALSO D24,ALSO D11; ALSO D17; ALSO D48,ALSO D49; ALSO D90; ALSO D94,UNDER,,COVER 3,,19,,4.727,1.432,31166_7115867,31166-LATU-5
7116698,31166,2026-09-12,2026,02,411505,1939,2,1,02:00,0,,0,10,0,5,7,3,0,1,,,0,0,0,7,0,,0,7115867,7116714,,7.10,0,,74,0,,,0,0,,1,0,0,LATU 06,9; ALSO D01 (10); ALSO D08 (06); ALSO D11 (17); ALSO D14 (36); ALSO D17 (31); ALSO D18 (12); ALSO D26 (26); ALSO D41 (25); ALSO D56 (19),LATU 86,,,,LCB (2); RCB (1),LOLB (06); LLB (10); LEO (12); LILB (17); DLT (19); DRT (25); RILB (26); RE (31); ROLB (36),3-3-5,ALSO D01 (LLB); ALSO D02 (LCB); ALSO D08 (LOLB); ALSO D11 (LILB); ALSO D12 (RCB); ALSO D14 (ROLB); ALSO D17 (RE); ALSO D18 (LEO); ALSO D26 (RILB); ALSO D41 (DRT); ALSO D56 (DLT),ALSO D01 (0.0); ALSO D02 (0.0); ALSO D08 (0.0); ALSO D11 (0.0); ALSO D12 (0.0); ALSO D14 (0.0); ALSO D17 (0.0); ALSO D18 (-0.5); ALSO D26 (0.0); ALSO D41 (0.0); ALSO D56 (0.0),ALSO D08; ALSO D18; ALSO D26; ALSO D41; ALSO D56,F,ALSO,3,,LEO (12); DLT (19); DRT (25); RE (31),,TOUCHDOWN,+0,7,PUNT - DOWNED,-5,,,+3,ALSO D01,,,,3,,,L,R,,,,,,LATU 06 (HB); LATU 19 (TE-iR); ALSO D18 (LEO),,,,,,,,,,LOLB (0); LLB (3); LILB (2); RILB (2); ROLB (0),,O,O,ALSO D18,LWR^; HB; TE-iR^; TE-oR; RWR,1x3,TE>RWR; WR>TE-oR,2-0-1-2,12,LATU 06; LATU 08; LATU 16; LATU 19; LATU 86,LATU 03 (QB); LATU 06 (HB); LATU 08 (LWR); LATU 16 (TE-oR); LATU 19 (TE-iR); LATU 51 (RG); LATU 58 (LT); LATU 60 (C); LATU 76 (LG); LATU 77 (RT); LATU 86 (RWR),LATU 03 (0.0); LATU 06 (+0.5); LATU 08 (0.0); LATU 16 (0.0); LATU 19 (+0.5); LATU 51 (0.0); LATU 58 (0.0); LATU 60 (0.0); LATU 76 (0.0); LATU 77 (0.0); LATU 86 (0.0),LATU 08; LATU 19; LATU 60; LATU 86,T,LATU,LATU 08; LATU 19,,,,0,,,,,,,,,,,,,,,,,,,,,,+0,RE,,RE,LATU 06; LATU 19,ALSO D12 > LATU 08,,0,,,LATU 03,0,,,0,,HB,HB (-3),R,1; LATU 06 (HB),,,,FB RUN,,R,,-3,LATU 86* (L:Rx),,,,,,,R;R,LATU 06,,,LWR^(-20.5); RWR(-5.5),,0,,0,0,0,,false,3,2,5.814,1.186,,false,12,LATU 06,LATU 19; LATU 86,LATU 08; LATU 16,ACE,TOAD WING - OPEN,LWR; HB; TE-iR; TE-oR; RWR,2x2,PRO - WING,NICKEL,ALSO D01; ALSO D02; ALSO D08; ALSO D12; ALSO D14,ALSO D11; ALSO D17; ALSO D26,ALSO D18; ALSO D41; ALSO D56,EVEN,DOUBLE MUG,COVER 0,,3,,6.159,0.841,31166_7116698,31166-LATU-5
7118741,31166,2026-09-12,2026,02,411505,2373,3,1,12:17,1,,0,17,0,6,1,-3,0,,,,0,0,0,14,1,,0,7118659,7118758,,14.17,0,,91,0,,,0,0,,0,0,0,LATU 00,6; ALSO D11 (11); ALSO D18 (17); ALSO D25 (32); ALSO D41 (27); ALSO D48 (24); ALSO D56 (22),,,,,LCB (7); SCBL (3); FS (13); SCBR (5); RCB (6),LOLB (11); DLT (17); NT (22); RILB (24); DRT (27); ROLB (32),3-3-5,ALSO D02 (LCB); ALSO D08 (FS); ALSO D11 (LOLB); ALSO D12 (RCB); ALSO D14 (SCBR); ALSO D18 (DLT); ALSO D24 (SCBL); ALSO D25 (ROLB); ALSO D41 (DRT); ALSO D48 (RILB); ALSO D56 (NT),ALSO D02 (0.0); ALSO D08 (0.0); ALSO D11 (0.0); ALSO D12 (0.0); ALSO D14 (+1.0); ALSO D18 (0.0); ALSO D24 (0.0); ALSO D25 (0.0); ALSO D41 (0.0); ALSO D48 (0.0); ALSO D56 (0.0),DRIVE START,T,ALSO,10,,DLT (17); NT (22); DRT (27),,PUNT,-17,5,KICKOFF - TB,-25,,,-25,ALSO D14,,,,-3,,,L,R,,,,,,LATU 58 (LT); ALSO D14 (SCBR),,,,,,,,,,LOLB (0); RILB (3); ROLB (0),,C,C,LATU 58,LWR^; SLWR; HB-R; SRWR; RWR^,2x2,TE>SLWR,3-0-1-1,11,LATU 00; LATU 02; LATU 05; LATU 16; LATU 19,LATU 00 (HB-R); LATU 02 (RWR); LATU 03 (QB); LATU 05 (LWR); LATU 16 (SRWR); LATU 19 (SLWR); LATU 51 (C); LATU 58 (LT); LATU 76 (LG); LATU 77 (RT); LATU 78 (RG),LATU 00 (0.0); LATU 02 (0.0); LATU 03 (0.0); LATU 05 (0.0); LATU 16 (0.0); LATU 19 (0.0); LATU 51 (0.0); LATU 58 (-1.0); LATU 76 (0.0); LATU 77 (0.0); LATU 78 (0.0),DRIVE START,F,LATU,LATU 02; LATU 05,,,,3b,,,,,,,LWR r; SLWR r; HB-R r; SRWR 0u(-3); RWR 2(1)z,-; -; -; 0; 2,LATU 05 r; LATU 19 r; LATU 00 r; LATU 16 0u(-3); LATU 02 2(1)z,,,,,,,,,,,,,-22,LT,,LT,ALSO D14,,,0,,,LATU 03,0,,,0,,HB-R,HB-R (-5),L,1; LATU 00 (HB-R),,,,INSIDE ZONE,READ OPTION;SPLIT,R,,-3,LATU 19* (L:R{L}),S,,ALSO D14,,ALSO D14,,,,,,LWR^(-18.5); SLWR(-12.5); SRWR(+8.5); RWR^(+17.5),,1,12,0,0,0,,false,3,3,1.356,-1.025,,false,11,LATU 00,LATU 19,LATU 02; LATU 05; LATU 16,GUN STRONG,SLOT - SLOT,LWR; SLWR; HB-R; SRWR; RWR,2x2,SLOT - SLOT,NICKEL,ALSO D02; ALSO D08; ALSO D12; ALSO D14; ALSO D24,ALSO D11; ALSO D25; ALSO D48,ALSO D18; ALSO D41; ALSO D56,BEAR,,COVER 3,,75,,1.727,-1.408,31166_7118741,31166-LATU-6
7118758,31166,2026-09-12,2026,02,411505,2399,3,2,11:45,0,,0,17,0,6,2,,0,,,,0,1,0,14,0,-5,0,7118741,7118790,,14.17,0,,92,0,,,0,0,,,0,0,,6; ALSO D11 (09); ALSO D18 (17); ALSO D25 (36); ALSO D41 (28); ALSO D48 (22); ALSO D56 (22),,,,,LCB (7); SCBL (3); SSL (10); SSR (8); RCB (7),SSL (00); LOLB (09); DLT (17); NT (22); MLB (22); DRT (28); SSR (32); ROLB (36),3-3-5,ALSO D02 (LCB); ALSO D08 (SSL); ALSO D11 (LOLB); ALSO D12 (RCB); ALSO D14 (SSR); ALSO D18 (DLT); ALSO D24 (SCBL); ALSO D25 (ROLB); ALSO D41 (DRT); ALSO D48 (MLB); ALSO D56 (NT),ALSO D02 (0.0); ALSO D08 (0.0); ALSO D11 (0.0); ALSO D12 (0.0); ALSO D14 (0.0); ALSO D18 (0.0); ALSO D24 (0.0); ALSO D25 (0.0); ALSO D41 (0.0); ALSO D48 (0.0); ALSO D56 (0.0),,,ALSO,13,,DLT (17); NT (22); DRT (28),,PUNT,-17,5,KICKOFF - TB,-25,,,-22,,,,,-5,,,L,R,,,,,,LATU 80 (TE-L),,,,,,,,,,LOLB (1); MLB (4); ROLB (0),,,,LATU 80,LWR; TE-L^; HB-L; SRWR; RWR^,2x2,TE>LWR,2-0-1-2,12,LATU 00; LATU 02; LATU 05; LATU 19; LATU 80,LATU 00 (HB-L); LATU 02 (RWR); LATU 03 (QB); LATU 05 (SRWR); LATU 19 (LWR); LATU 51 (C); LATU 58 (LT); LATU 76 (LG); LATU 77 (RT); LATU 78 (RG); LATU 80 (TE-L),LATU 00 (0.0); LATU 02 (0.0); LATU 03 (0.0); LATU 05 (0.0); LATU 19 (0.0); LATU 51 (0.0); LATU 58 (0.0); LATU 76 (0.0); LATU 77 (0.0); LATU 78 (0.0); LATU 80 (-1.0),LATU 80,,LATU,LATU 02; LATU 80,,,,,,,,,,,,,,,,,,,,,,,LATU 80 FST,,,-17,,,,,,,0,,,LATU 03,0,,,0,,HB-L,HB-L (-5),,1; LATU 00 (HB-L),,,,,,X,,-3,LATU 19* (R:Lx),S,,,,,,L,,,,LWR(-10.5); SRWR(+9.5); RWR^(+17.5),,0,14,0,0,0,,false,3,3,0.331,-0.36,,false,12,LATU 00,LATU 19; LATU 80,LATU 02; LATU 05,GUN STRONG,SLOT - PRO,LWR; TE-L; HB-L; SRWR; RWR,1x3,TREY - CLOSED,NICKEL,ALSO D02; ALSO D08; ALSO D12; ALSO D14; ALSO D24,ALSO D11; ALSO D25; ALSO D48,ALSO D18; ALSO D41; ALSO D56,BEAR,,,,78,,0.319,-0.654,31166_7118758,31166-LATU-6
7118790,31166,2026-09-12,2026,02,411505,2426,3,2,11:32,0,,0,17,0,6,3,,0,,,,0,1,0,14,0,-5,0,7118758,7118859,,14.17,0,,93,0,,,0,0,,,0,0,,8; ALSO D11 (08); ALSO D12 (36); ALSO D14 (26); ALSO D18 (17); ALSO D25 (36); ALSO D41 (28); ALSO D48 (22); ALSO D56 (22),,,,,LCB (7); SCBL (3); FSL (11); SS (7),LOLB (08); DLT (17); NT (22); MLB (22); SS (26); DRT (28); RLB (36); ROLB (36),3-3-5,ALSO D02 (LCB); ALSO D08 (FSL); ALSO D11 (LOLB); ALSO D12 (RLB); ALSO D14 (SS); ALSO D18 (DLT); ALSO D24 (SCBL); ALSO D25 (ROLB); ALSO D41 (DRT); ALSO D48 (MLB); ALSO D56 (NT),ALSO D02 (0.0); ALSO D08 (0.0); ALSO D11 (0.0); ALSO D12 (0.0); ALSO D14 (0.0); ALSO D18 (0.0); ALSO D24 (0.0); ALSO D25 (0.0); ALSO D41 (0.0); ALSO D48 (0.0); ALSO D56 (0.0),,,ALSO,18,,DLT (17); NT (22); DRT (28),,PUNT,-17,5,KICKOFF - TB,-25,,,-17,,,,,-5,,,L,R,,,,,,LATU 80 (TE-L),,,,,,,,,,LOLB (1); MLB (3); RLB (6); ROLB (0),,,,LATU 80,TE-L^; HB-R; TE-R; SRWR; RWR^,1x3,,2-0-1-2,12,LATU 00; LATU 02; LATU 05; LATU 19; LATU 80,LATU 00 (HB-R); LATU 02 (RWR); LATU 03 (QB); LATU 05 (SRWR); LATU 19 (TE-R); LATU 51 (C); LATU 58 (LT); LATU 76 (LG); LATU 77 (RT); LATU 78 (RG); LATU 80 (TE-L),LATU 00 (0.0); LATU 02 (0.0); LATU 03 (0.0); LATU 05 (0.0); LATU 19 (0.0); LATU 51 (0.0); LATU 58 (0.0); LATU 76 (0.0); LATU 77 (0.0); LATU 78 (0.0); LATU 80 (-1.0),,,LATU,LATU 02; LATU 80,,,,,,,,,,,,,,,,,,,,,,,LATU 80 FST,,,-12,,,,,,,0,,,LATU 03,0,,,0,,HB-R,HB-R (-6),,1; LATU 00 (HB-R),,,,,,X,,-3,LATU 02* (R:L{R}),S,,,,,,L;R,,,,SRWR(+7.5); RWR^(+10.5),,0,,0,0,0,,false,3,3,-0.029,-0.799,,false,12,LATU 00,LATU 19; LATU 80,LATU 02; LATU 05,GUN WEAK,TREY - CLOSED,TE-L; HB-R; TE-R; SRWR; RWR,1x3,TREY - CLOSED,NICKEL,ALSO D02; ALSO D08; ALSO D12; ALSO D14; ALSO D24,ALSO D11; ALSO D25; ALSO D48,ALSO D18; ALSO D41; ALSO D56,BEAR,,,,83,,-0.335,-0.565,31166_7118790,31166-LATU-6
7118859,31166,2026-09-12,2026,02,411505,2453,3,2,11:09,1,1,0,17,0,6,4,3,0,,,,0,0,0,14,0,,0,7118790,7118899,,14.17,0,,94,0,,2.0,0,0,0,0,0,0,LATU 13,6; ALSO D11 (08); ALSO D18 (16); ALSO D25 (37); ALSO D41 (28); ALSO D48 (22); ALSO D56 (22),,C,,,LCB (7); SCBL (2); FSL (11); SCBR (8); RCB (6),LOLB (08); DLT (16); NT (22); MLB (22); DRT (28); ROLB (37),3-3-5,ALSO D02 (LCB); ALSO D08 (FSL); ALSO D11 (LOLB); ALSO D12 (RCB); ALSO D14 (SCBR); ALSO D18 (DLT); ALSO D24 (SCBL); ALSO D25 (ROLB); ALSO D41 (DRT); ALSO D48 (MLB); ALSO D56 (NT),ALSO D02 (0.0); ALSO D08 (0.0); ALSO D11 (0.0); ALSO D12 (0.0); ALSO D14 (0.0); ALSO D18 (0.0); ALSO D24 (0.0); ALSO D25 (+0.5); ALSO D41 (0.0); ALSO D48 (0.0); ALSO D56 (0.0),,T,ALSO,23,,DLT (16); NT (22); DRT (28),,PUNT,-17,5,KICKOFF - TB,-25,9,SD,-12,ALSO D25,,,,3,,,L,R,,,,,,LATU 13 (SLWR); LATU 78 (RG); ALSO D18 (DLT); ALSO D25 (ROLB),,,,,,,,,,LOLB (0); MLB (3); ROLB (0),,O,O,LATU 78,LWR^; SLWR; HB-R; SRWR; RWR^,2x2,TE>SLWR,3-0-1-1,11,LATU 00; LATU 02; LATU 05; LATU 13; LATU 16,LATU 00 (HB-R); LATU 02 (LWR); LATU 03 (QB); LATU 05 (RWR); LATU 13 (SLWR); LATU 16 (SRWR); LATU 51 (C); LATU 58 (LT); LATU 76 (LG); LATU 77 (RT); LATU 78 (RG),LATU 00 (0.0); LATU 02 (0.0); LATU 03 (0.0); LATU 05 (0.0); LATU 13 (0.0); LATU 16 (0.0); LATU 51 (0.0); LATU 58 (0.0); LATU 76 (0.0); LATU 77 (0.0); LATU 78 (-0.5),LATU 13; LATU 16,F,LATU,LATU 02; LATU 05,,6; LATU 00 (HB-R); LATU 51 (C); LATU 58 (LT); LATU 76 (LG); LATU 77 (RT); LATU 78 (RG),,4b,ALSO D25,,7; ALSO D02; ALSO D08; ALSO D11; ALSO D12; ALSO D14; ALSO D24; ALSO D25,3,L,LATU 03 (QB),LWR 7i(18); SLWR 3o(3); HB-R kr; SRWR xo(13); RWR 86(12),7; 3; -; X; 8,LATU 02 7i(18); LATU 13 3o(3); LATU 00 kr; LATU 16 xo(13); LATU 05 86(12),SLWR,LATU 13,COMPLETE,3o(3),3R,4; ALSO D18 (DLT); ALSO D41 (DRT); ALSO D48 (MLB); ALSO D56 (NT),,3,2L,,,,-15,,,,ALSO D25,ALSO D24 > LATU 16,ALSO D18 (U) LATU 78,0,,,LATU 03,0,,,0,,HB-R,HB-R (-5),R,1; LATU 00 (HB-R),,,,,,P,,-3,LATU 13* (R:Lx),S,,ALSO D25,,ALSO D25,,,,,,LWR^(-19.5); SLWR(-10.5); SRWR(+6.5); RWR^(+13.5),,0,6,0,0,0,,false,3,3,-0.828,-0.595,Out,false,11,LATU 00,LATU 13,LATU 02; LATU 05; LATU 16,GUN STRONG,SLOT - SLOT,LWR; SLWR; HB-R; SRWR; RWR,1x3,TREY - OPEN,NICKEL,ALSO D02; ALSO D08; ALSO D12; ALSO D14; ALSO D24,ALSO D11; ALSO D25; ALSO D48,ALSO D18; ALSO D41; ALSO D56,BEAR,,COVER 4,,88,,-0.9,-0.771,31166_7118859,31166-LATU-6
7118899,31166,2026-09-12,2026,02,411505,2481,3,3,10:30,1,0,0,17,0,6,5,2,0,,,,0,0,0,14,0,,0,7118859,7118916,,14.17,0,,95,0,3.4,5.1,0,0,,1,0,0,LATU 03,6; ALSO D11 (08); ALSO D18 (16); ALSO D25 (37); ALSO D41 (28); ALSO D48 (22); ALSO D56 (22),,C,,LATU 19,LCB (8); SCBL (3); FSL (12); FSR (11); RCB (11),LOLB (08); DLT (16); NT (22); MLB (22); DRT (28); ROLB (37),3-3-5,ALSO D02 (LCB); ALSO D08 (FSL); ALSO D11 (LOLB); ALSO D12 (RCB); ALSO D14 (FSR); ALSO D18 (DLT); ALSO D24 (SCBL); ALSO D25 (ROLB); ALSO D41 (DRT); ALSO D48 (MLB); ALSO D56 (NT),ALSO D02 (0.0); ALSO D08 (0.0); ALSO D11 (+0.5); ALSO D12 (0.0); ALSO D14 (0.0); ALSO D18 (0.0); ALSO D24 (0.0); ALSO D25 (0.0); ALSO D41 (0.0); ALSO D48 (0.0); ALSO D56 (0.0),,T,ALSO,20,,DLT (16); NT (22); DRT (28),,PUNT,-17,5,KICKOFF - TB,-25,9,SL,-15,ALSO D11,,,,2,,,L,R,,,,,,ALSO D11 (LOLB),,,,,,,,,,LOLB (0); MLB (3); ROLB (0),,O,O,,LWR^; TE-L; HB-L; SRWR; RWR^,2x2,,3-0-1-1,11,LATU 00; LATU 02; LATU 05; LATU 16; LATU 19,LATU 00 (HB-L); LATU 02 (RWR); LATU 03 (QB); LATU 05 (LWR); LATU 16 (SRWR); LATU 19 (TE-L); LATU 51 (C); LATU 58 (LT); LATU 76 (LG); LATU 77 (RT); LATU 78 (RG),LATU 00 (0.0); LATU 02 (0.0); LATU 03 (0.0); LATU 05 (0.0); LATU 16 (0.0); LATU 19 (0.0); LATU 51 (0.0); LATU 58 (0.0); LATU 76 (0.0); LATU 77 (0.0); LATU 78 (0.0),LATU 19,F,LATU,LATU 02; LATU 05,,6; LATU 00 (HB-L); LATU 51 (C); LATU 58 (LT); LATU 76 (LG); LATU 77 (RT); LATU 78 (RG),,4b,,,7; ALSO D02; ALSO D08; ALSO D11; ALSO D12; ALSO D14; ALSO D24; ALSO D25,,X,LATU 03 (QB),LWR 6(14); TE-L c1; HB-L kl; SRWR x6(11); RWR 6i(14),6; 3; -; X; 6,LATU 05 6(14); LATU 19 c1; LATU 00 kl; LATU 16 x6(11); LATU 02 6i(14),,,RUN,,,4; ALSO D18 (DLT); ALSO D41 (DRT); ALSO D48 (MLB); ALSO D56 (NT),,,,,,,-17,QB SCRAMBLE,,QB SCRAMBLE,ALSO D11,,,0,,,LATU 03,1,,,0,L,HB-L,HB-L (-5),L,1; LATU 00 (HB-L),,,,,,P,,-3,LATU 00 (B:B),S,,ALSO D11,,ALSO D11,,L,,,,LWR^(-19.5); SRWR(+6.5); RWR^(+15.5),,0,9,0,0,0,,false,3,3,-1.423,-0.371,,false,11,LATU 00,LATU 19,LATU 02; LATU 05; LATU 16,GUN STRONG,SLOT - PRO,LWR; TE-L; HB-L; SRWR; RWR,2x2,SLOT - PRO,NICKEL,ALSO D02; ALSO D08; ALSO D12; ALSO D14; ALSO D24,ALSO D11; ALSO D25; ALSO D48,ALSO D18; ALSO D41; ALSO D56,BEAR,,COVER 4,,85,,-1.671,-0.113,31166_7118899,31166-LATU-6
7120335,31166,2026-09-12,2026,02,411505,2855,3,1,05:10,0,0,1,17,0,7,1,,0,,,,0,0,0,14,0,,0,7119947,7120401,,14.17,0,,109,0,,2.0,0,0,,,0,0,,6; ALSO D14 (40); ALSO D25 (32); ALSO D41 (17); ALSO D48 (20); ALSO D56 (25); ALSO D90 (12),,L,,,LCB (7); SCBoL (3); SCBiL (3); FS (14); RCB (1),LEO (12); DLT (17); LILB (20); DRT (25); ROLB (32); RLB (40),3-3-5,ALSO D02 (LCB); ALSO D08 (FS); ALSO D11 (SCBiL); ALSO D12 (RCB); ALSO D14 (RLB); ALSO D24 (SCBoL); ALSO D25 (ROLB); ALSO D41 (DLT); ALSO D48 (LILB); ALSO D56 (DRT); ALSO D90 (LEO),ALSO D02 (0.0); ALSO D08 (0.0); ALSO D11 (0.0); ALSO D12 (+0.5); ALSO D14 (0.0); ALSO D24 (0.0); ALSO D25 (+1.0); ALSO D41 (0.0); ALSO D48 (0.0); ALSO D56 (0.0); ALSO D90 (0.0),DRIVE START,T,ALSO,10,,LEO (12); DLT (17); DRT (25),,TOUCHDOWN,+0,2,FG - MISSED,-20,7,SD,-20,,,,,0,,,L,R,,,UT,,,LATU 03 (QB); LATU 58 (LT); ALSO D12 (RCB); ALSO D25 (ROLB),,,,,,,,,,LILB (4); RLB (5); ROLB (0),,C,C,LATU 03; LATU 58,LWR^; SRiWR; SRWR; SRoWR; RWR^,1x4,HB>SRiWR; TE>SRWR,3-0-1-1,11,LATU 02; LATU 05; LATU 12; LATU 16; LATU 19,LATU 02 (LWR); LATU 03 (QB); LATU 05 (RWR); LATU 12 (SRiWR); LATU 16 (SRoWR); LATU 19 (SRWR); LATU 51 (C); LATU 58 (LT); LATU 76 (LG); LATU 77 (RT); LATU 78 (RG),LATU 02 (0.0); LATU 03 (-0.5); LATU 05 (0.0); LATU 12 (0.0); LATU 16 (0.0); LATU 19 (0.0); LATU 51 (0.0); LATU 58 (-1.0); LATU 76 (0.0); LATU 77 (0.0); LATU 78 (0.0),DRIVE START,F,LATU,LATU 02; LATU 05,,5; LATU 51 (C); LATU 58 (LT); LATU 76 (LG); LATU 77 (RT); LATU 78 (RG),,3,ALSO D12,,7; ALSO D02; ALSO D08; ALSO D11; ALSO D12; ALSO D14; ALSO D24; ALSO D48,25,L,LATU 03 (QB),LWR 9o; SRiWR 0u(-6); SRWR 9s; SRoWR 26(3); RWR 26(4),9; 0; 9; 6; 6,LATU 02 9o; LATU 12 0u(-6); LATU 19 9s; LATU 16 26(3); LATU 05 26(4),LWR,LATU 02,INCOMPLETE,9o,9R,4; ALSO D25 (ROLB); ALSO D41 (DLT); ALSO D56 (DRT); ALSO D90 (LEO),,1,1L,,,,-20,,,,ALSO D12; ALSO D25,ALSO D12 > LATU 02,ALSO D25 (I) LATU 58,0,,,LATU 03,0,,,0,,EMPTY,,,,,,,,,P,,-3,LATU 12* (B:R),S,,,,,,,,,,LWR^(-19.5); SRiWR(-1.5); SRWR(+3.5); SRoWR(+9.5); RWR^(+17.5),,0,40,0,0,0,,false,3,3,1.365,-0.734,Go,false,11,LATU 12,LATU 19,LATU 02; LATU 05; LATU 16,GUN EMPTY,QUADS - OPEN,LWR; SRiWR; SRWR; SRoWR; RWR,1x3,TRIPS - OPEN,NICKEL,ALSO D02; ALSO D08; ALSO D12; ALSO D14; ALSO D24,ALSO D11; ALSO D25; ALSO D48,ALSO D41; ALSO D56; ALSO D90,WIDE OVER,,COVER 3,,80,,1.3,-0.975,31166_7120335,31166-LATU-7
7120401,31166,2026-09-12,2026,02,411505,2881,3,2,05:05,1,,0,17,0,7,2,80,0,1,,,0,0,0,14,0,,0,7120335,7120433,,14.17,0,,110,0,,,0,0,,77,0,0,LATU 12,8; ALSO D11 (19); ALSO D12 (40); ALSO D14 (24); ALSO D25 (36); ALSO D26 (27); ALSO D41 (29); ALSO D56 (22); ALSO D90 (15),,,,,LCB (7); SCBL (5); FSL (11); SS (8),LE (15); LILB (19); NT (22); SS (24); RILB (27); RE (29); ROLB (36); RLB (40),3-3-5,ALSO D01 (FSL); ALSO D02 (LCB); ALSO D08 (SCBL); ALSO D11 (LILB); ALSO D12 (RLB); ALSO D14 (SS); ALSO D25 (ROLB); ALSO D26 (RILB); ALSO D41 (RE); ALSO D56 (NT); ALSO D90 (LE),ALSO D01 (-1.5); ALSO D02 (0.0); ALSO D08 (0.0); ALSO D11 (0.0); ALSO D12 (0.0); ALSO D14 (-1.0); ALSO D25 (0.0); ALSO D26 (0.0); ALSO D41 (0.0); ALSO D56 (0.0); ALSO D90 (-0.5),ALSO D01; ALSO D26,F,ALSO,10,,LE (15); NT (22); RE (29),,TOUCHDOWN,+0,2,FG - MISSED,-20,,,-20,ALSO D14,,,,80,,,L,R,,,,,,LATU 02 (SRWR); LATU 12 (HB-L); LATU 77 (RT); ALSO D01 (FSL); ALSO D14 (SS); ALSO D90 (LE),,,,,,,,,,LILB (3); RILB (2); RLB (6); ROLB (0),ALSO D14,C,C,ALSO D01; ALSO D14; ALSO D90,TE-L^; HB-L; TE-R; SRWR; RWR^,1x3,,2-0-1-2,12,LATU 02; LATU 05; LATU 12; LATU 19; LATU 86,LATU 02 (SRWR); LATU 03 (QB); LATU 05 (RWR); LATU 12 (HB-L); LATU 19 (TE-L); LATU 51 (C); LATU 58 (LT); LATU 76 (LG); LATU 77 (RT); LATU 78 (RG); LATU 86 (TE-R),LATU 02 (+0.5); LATU 03 (0.0); LATU 05 (0.0); LATU 12 (+1.0); LATU 19 (0.0); LATU 51 (0.0); LATU 58 (0.0); LATU 76 (0.0); LATU 77 (+0.5); LATU 78 (0.0); LATU 86 (0.0),LATU 86,T,LATU,LATU 05; LATU 19,,,,3b,,,,,,,,,,,,,,,,,,,,,,+0,RE,,RE,LATU 02; LATU 12; LATU 77,,,0,,,LATU 03,0,,,0,,HB-L,HB-L (-6),R,1; LATU 12 (HB-L),,,,OUTSIDE ZONE,,R,,-3,,S,,,,,,L;R,LATU 12,,,SRWR(+7.5); RWR^(+15.5),,0,,0,0,0,,false,3,3,0.631,6.369,,false,12,LATU 12,LATU 19; LATU 86,LATU 02; LATU 05,GUN STRONG,TREY - CLOSED,TE-L; HB-L; TE-R; SRWR; RWR,1x3,TREY - CLOSED,NICKEL,ALSO D01; ALSO D02; ALSO D08; ALSO D12; ALSO D14,ALSO D11; ALSO D25; ALSO D26,ALSO D41; ALSO D56; ALSO D90,ODD,SINGLE MUG,COVER 3,,80,,0.325,6.675,31166_7120401,31166-LATU-7
7122801,31166,2026-09-12,2026,02,411505,3361,4,1,11:41,0,,0,24,0,8,1,1,0,,,,0,0,0,21,1,,0,7122355,7122811,,21.24,0,,128,0,,,0,0,,0,0,0,LATU 12,8; ALSO D11 (12); ALSO D14 (41); ALSO D18 (10); ALSO D24 (00); ALSO D25 (32); ALSO D41 (25); ALSO D48 (23); ALSO D56 (17),,,,,LCB (7); FSL (12); RCB (8),LLB (00); LEO (10); LLB (12); DLT (17); MLB (23); DRT (25); ROLB (32); RLB (41),3-3-5,ALSO D02 (LCB); ALSO D08 (FSL); ALSO D11 (LLB); ALSO D12 (RCB); ALSO D14 (RLB); ALSO D18 (LEO); ALSO D24 (LLB); ALSO D25 (ROLB); ALSO D41 (DRT); ALSO D48 (MLB); ALSO D56 (DLT),ALSO D02 (0.0); ALSO D08 (0.0); ALSO D11 (+0.5); ALSO D12 (0.0); ALSO D14 (0.0); ALSO D18 (+0.5); ALSO D24 (0.0); ALSO D25 (0.0); ALSO D41 (0.0); ALSO D48 (0.0); ALSO D56 (0.0),DRIVE START,T,ALSO,10,,LEO (10); DLT (17); DRT (25),,PUNT,-25,3,KICKOFF - RETURN,-20,,,-20,ALSO D11,,,,1,,,L,R,,,,ALSO D24,,ALSO D11 (LLB); ALSO D18 (LEO),,,,,,,,,,LLB (3); LLB (3); MLB (3); RLB (4); ROLB (0),,C,C,,LWR^; HB-L; HB-R; TE-R; RWR^,1x2,,2-0-2-1,21,LATU 02; LATU 05; LATU 06; LATU 12; LATU 19,LATU 02 (LWR); LATU 03 (QB); LATU 05 (RWR); LATU 06 (HB-L); LATU 12 (HB-R); LATU 19 (TE-R); LATU 51 (C); LATU 58 (LT); LATU 76 (LG); LATU 77 (RT); LATU 78 (RG),LATU 02 (0.0); LATU 03 (0.0); LATU 05 (0.0); LATU 06 (0.0); LATU 12 (0.0); LATU 19 (0.0); LATU 51 (0.0); LATU 58 (0.0); LATU 76 (0.0); LATU 77 (0.0); LATU 78 (0.0),DRIVE START,F,LATU,LATU 02; LATU 05,,,,3,,,,,,,,,,,,,,,,,,,,,,-21,RT,VOLUNTARY,ML,ALSO D11; ALSO D18,,,0,,,LATU 03,0,,,0,,HB-L; HB-R,HB-L (-5); HB-R (-5),L,2; LATU 06 (HB-L); LATU 12 (HB-R),,,,INSIDE ZONE,READ OPTION;SPLIT,R,,-3,,S,,ALSO D11,,ALSO D11,ALSO D18,R,,,,LWR^(-19.5); RWR^(+13.5),,0,14,0,0,0,,false,3,3,1.239,-0.591,,false,21,LATU 06; LATU 12,LATU 19,LATU 02; LATU 05,GUN SPLIT,PRO - OPEN,LWR; HB-L; HB-R; TE-R; RWR,1x2,PRO - OPEN,NICKEL,ALSO D02; ALSO D08; ALSO D12; ALSO D14; ALSO D24,ALSO D11; ALSO D25; ALSO D48,ALSO D18; ALSO D41; ALSO D56,WIDE OVER,,COVER 3,,80,,1.3,-0.813,31166_7122801,31166-LATU-8
7122811,31166,2026-09-12,2026,02,411505,3387,4,2,11:25,0,,0,24,0,8,2,4,0,,,,0,0,0,21,1,,0,7122801,7122822,,21.24,0,,129,0,,,0,0,,5,0,0,LATU 12,6; ALSO D14 (40); ALSO D18 (12); ALSO D25 (32); ALSO D41 (28); ALSO D48 (25); ALSO D56 (19),,,,,LCB (7); SCBoL (4); SCBiL (4); FSL (13); SSR (8),LEO (12); DLT (19); RILB (25); DRT (28); REO (32); SSR (34); ROLB (40),3-3-5,ALSO D01 (FSL); ALSO D02 (LCB); ALSO D08 (SCBoL); ALSO D11 (SCBiL); ALSO D12 (SSR); ALSO D14 (ROLB); ALSO D18 (LEO); ALSO D25 (REO); ALSO D41 (DRT); ALSO D48 (RILB); ALSO D56 (DLT),ALSO D01 (0.0); ALSO D02 (0.0); ALSO D08 (0.0); ALSO D11 (0.0); ALSO D12 (0.0); ALSO D14 (0.0); ALSO D18 (0.0); ALSO D25 (-0.5); ALSO D41 (-0.5); ALSO D48 (-0.5); ALSO D56 (0.0),ALSO D01,T,ALSO,9,,LEO (12); DLT (19); DRT (28); REO (32),,PUNT,-25,3,KICKOFF - RETURN,-20,,,-21,ALSO D25,,,,4,,,C,C,,,,,,LATU 12 (HB-L); LATU 19 (TE-L); LATU 51 (C); LATU 58 (LT); ALSO D25 (REO); ALSO D41 (DRT); ALSO D48 (RILB); ALSO D56 (DLT),,,,,,,,,,RILB (4); ROLB (1),ALSO D48,C,C,ALSO D25; ALSO D41; ALSO D48,TE-L^; HB-L; SRiWR; SRoWR; RWR^,1x3,,3-0-1-1,11,LATU 02; LATU 05; LATU 12; LATU 16; LATU 19,LATU 02 (RWR); LATU 03 (QB); LATU 05 (SRiWR); LATU 12 (HB-L); LATU 16 (SRoWR); LATU 19 (TE-L); LATU 51 (C); LATU 58 (LT); LATU 76 (LG); LATU 77 (RT); LATU 78 (RG),LATU 02 (0.0); LATU 03 (0.0); LATU 05 (0.0); LATU 12 (+0.5); LATU 16 (0.0); LATU 19 (+0.5); LATU 51 (0.0); LATU 58 (+0.5); LATU 76 (0.0); LATU 77 (0.0); LATU 78 (0.0),LATU 16,F,LATU,LATU 02; LATU 19,,,,3CR,,,,,,,,,,,,,,,,,,,,,,-25,LT,,LT,LATU 12; LATU 19; LATU 58,,,0,,,LATU 03,0,,,0,,HB-L,HB-L (-6),R,1; LATU 12 (HB-L),,,,INSIDE ZONE,READ OPTION,R,,-3,,S,,ALSO D01,,ALSO D01,,L,,,,SRiWR(+7.5); SRoWR(+12.5); RWR^(+18.5),,0,36,0,0,0,,false,3,3,0.648,-0.258,,false,11,LATU 12,LATU 19,LATU 02; LATU 05; LATU 16,GUN STRONG,TRIPS - CLOSED,TE-L; HB-L; SRiWR; SRoWR; RWR,1x3,TRIPS - CLOSED,NICKEL,ALSO D01; ALSO D02; ALSO D08; ALSO D12; ALSO D14,ALSO D11; ALSO D25; ALSO D48,ALSO D18; ALSO D41; ALSO D56,WIDE OVER,,COVER 3 CLOUD,,79,,0.487,-0.445,31166_7122811,31166-LATU-8
7122822,31166,2026-09-12,2026,02,411505,3413,4,3,10:48,1,1,1,24,0,8,3,,0,,,,0,0,0,21,0,,0,7122811,7122835,,21.24,0,,130,0,,2.8,0,0,,,0,0,,6; ALSO D11 (35); ALSO D18 (28); ALSO D25 (07); ALSO D41 (17); ALSO D48 (22); ALSO D56 (22),,C,,,LCB (6); SSL (7); SSR (10); SCBR (4); RCB (7),LOLB (07); SSL (10); DLT (17); NT (22); MLB (22); DRT (28); ROLB (35); SSR (44),3-3-5,ALSO D01 (SSR); ALSO D02 (LCB); ALSO D08 (SCBR); ALSO D11 (ROLB); ALSO D12 (RCB); ALSO D14 (SSL); ALSO D18 (DRT); ALSO D25 (LOLB); ALSO D41 (DLT); ALSO D48 (MLB); ALSO D56 (NT),ALSO D01 (0.0); ALSO D02 (-1.0); ALSO D08 (0.0); ALSO D11 (0.0); ALSO D12 (0.0); ALSO D14 (0.0); ALSO D18 (0.0); ALSO D25 (0.0); ALSO D41 (0.0); ALSO D48 (0.0); ALSO D56 (0.0),,T,ALSO,5,,DLT (17); NT (22); DRT (28),,PUNT,-25,3,KICKOFF - RETURN,-20,9,SD,-25,,,,,0,,,R,L,,,LC,,,LATU 05 (RWR); ALSO D02 (LCB),,,,,,,,,,LOLB (0); MLB (3); ROLB (0),,C,O,LATU 05; ALSO D02,LWR^; SLWR; HB-R; TE-R; RWR^,2x2,,3-0-1-1,11,LATU 02; LATU 05; LATU 06; LATU 16; LATU 19,LATU 02 (LWR); LATU 03 (QB); LATU 05 (RWR); LATU 06 (HB-R); LATU 16 (SLWR); LATU 19 (TE-R); LATU 51 (C); LATU 58 (LT); LATU 76 (LG); LATU 77 (RT); LATU 78 (RG),LATU 02 (0.0); LATU 03 (0.0); LATU 05 (-0.5); LATU 06 (0.0); LATU 16 (0.0); LATU 19 (0.0); LATU 51 (0.0); LATU 58 (0.0); LATU 76 (0.0); LATU 77 (0.0); LATU 78 (0.0),LATU 06,F,LATU,LATU 02; LATU 05,,6; LATU 06 (HB-R); LATU 51 (C); LATU 58 (LT); LATU 76 (LG); LATU 77 (RT); LATU 78 (RG),,3b,ALSO D02,,5; ALSO D01; ALSO D02; ALSO D08; ALSO D12; ALSO D14,39,R,LATU 03 (QB),LWR 26(5); SLWR 3(13); HB-R kr; TE-R xo(14); RWR 9y,6; 3; -; X; 9,LATU 02 26(5); LATU 16 3(13); LATU 06 kr; LATU 19 xo(14); LATU 05 9y,RWR,LATU 05,INCOMPLETE,9y,9R,6; ALSO D11 (ROLB); ALSO D18 (DRT); ALSO D25 (LOLB); ALSO D41 (DLT); ALSO D48 (MLB); ALSO D56 (NT),,51,6R,,,,-25,,,,,,,0,,,LATU 03,0,,,0,,HB-R,HB-R (-5),R,1; LATU 06 (HB-R),,,,,,P,,-3,LATU 06* (R:B),S,,,,,,R,,,,LWR^(-14.5); SLWR(-4.5); RWR^(+17.5),,0,10,0,0,0,,false,3,3,0.39,-1.76,Numbers go,false,11,LATU 06,LATU 19,LATU 02; LATU 05; LATU 16,GUN STRONG,SLOT - PRO,LWR; SLWR; HB-R; TE-R; RWR,2x3,TREY - SLOT,NICKEL,ALSO D01; ALSO D02; ALSO D08; ALSO D12; ALSO D14,ALSO D11; ALSO D25; ALSO D48,ALSO D18; ALSO D41; ALSO D56,BEAR,,COVER 3,,75,,0.042,-1.376,31166_7122822,31166-LATU-8
7123779,31166,2026-09-12,2026,02,411505,3732,4,1,04:37,0,,0,24,0,9,1,8,0,,,,0,0,0,21,1,,0,7123537,7123847,,21.24,0,,142,0,,,0,0,,0,0,0,LATU 12,6; ALSO D14 (06); ALSO D17 (12); ALSO D18 (34); ALSO D41 (27); ALSO D48 (23); ALSO D56 (21),,,,,LCB (7); FSR (12); SCBiR (3); SCBoR (3); RCB (7),LLB (06); LOLB (12); NLT (21); MLB (23); DRT (27); REO (34),3-3-5,ALSO D01 (FSR); ALSO D02 (RCB); ALSO D08 (SCBoR); ALSO D11 (SCBiR); ALSO D12 (LCB); ALSO D14 (LLB); ALSO D17 (LOLB); ALSO D18 (REO); ALSO D41 (DRT); ALSO D48 (MLB); ALSO D56 (NLT),ALSO D01 (0.0); ALSO D02 (0.0); ALSO D08 (0.0); ALSO D11 (-0.5); ALSO D12 (0.0); ALSO D14 (0.0); ALSO D17 (0.0); ALSO D18 (0.0); ALSO D41 (-0.5); ALSO D48 (0.0); ALSO D56 (+0.5),DRIVE START,F,ALSO,10,,NLT (21); DRT (27); REO (34),,TOUCHDOWN,+0,7,PUNT - DOWNED,-22,,,-22,ALSO D02,,,,8,,,R,L,,,,,,LATU 12 (HB-L); LATU 76 (LG); LATU 78 (RG); LATU 86 (SLiWR); ALSO D11 (SCBiR); ALSO D41 (DRT); ALSO D56 (NLT),,,,,,,,,,LOLB (0); LLB (3); MLB (3),,C,C,LATU 78; ALSO D11; ALSO D41,LWR^; SLoWR; SLiWR; HB-L; RWR^,3x1,TE>SLiWR,3-0-1-1,11,LATU 02; LATU 05; LATU 12; LATU 16; LATU 86,LATU 02 (RWR); LATU 03 (QB); LATU 05 (LWR); LATU 12 (HB-L); LATU 16 (SLoWR); LATU 51 (C); LATU 58 (LT); LATU 76 (LG); LATU 77 (RT); LATU 78 (RG); LATU 86 (SLiWR),LATU 02 (0.0); LATU 03 (0.0); LATU 05 (0.0); LATU 12 (+0.5); LATU 16 (0.0); LATU 51 (0.0); LATU 58 (0.0); LATU 76 (+0.5); LATU 77 (0.0); LATU 78 (-1.0); LATU 86 (0.0),DRIVE START,T,LATU,LATU 02; LATU 05,,,,3,,,,,,,,,,,,,,,,,,,,,,-30,LE,,LE,LATU 12; LATU 76; ALSO D56,,,0,,,LATU 03,0,,,0,,HB-L,HB-L (-6),L,1; LATU 12 (HB-L),,,,OUTSIDE ZONE,SPEED OPTION,R,,-3,LATU 12 (B:B),S,,,,ALSO D02,,,,,,LWR^(-15.5); SLoWR(-9.5); SLiWR(-5.5); RWR^(+18.5),,0,,0,0,0,,false,2,3,0.887,0.616,,false,11,LATU 12,LATU 86,LATU 02; LATU 05; LATU 16,GUN STRONG,TRIPS - OPEN,LWR; SLoWR; SLiWR; HB-L; RWR,3x1,TRIPS - OPEN,NICKEL,ALSO D01; ALSO D02; ALSO D08; ALSO D12; ALSO D14,ALSO D11; ALSO D17; ALSO D48,ALSO D18; ALSO D41; ALSO D56,OVER,,COVER 3,,78,,1.473,0.779,31166_7123779,31166-LATU-9
7123847,31166,2026-09-12,2026,02,411505,3758,4,2,04:03,0,,0,24,0,9,2,1,0,,,,0,0,0,21,0,,0,7123779,7123863,,21.24,0,,143,0,,,0,0,,0,0,0,LATU 12,7; ALSO D11 (16); ALSO D14 (38); ALSO D17 (33); ALSO D18 (12); ALSO D41 (27); ALSO D48 (26); ALSO D56 (21),,,,,LCB (8); SCBL (3); FSL (13); RCB (6),LEO (12); LILB (16); NLT (21); RILB (26); DRT (27); REO (33); RLB (38),3-3-5,ALSO D02 (RCB); ALSO D08 (FSL); ALSO D11 (LILB); ALSO D12 (LCB); ALSO D14 (RLB); ALSO D17 (REO); ALSO D18 (LEO); ALSO D24 (SCBL); ALSO D41 (DRT); ALSO D48 (RILB); ALSO D56 (NLT),ALSO D02 (0.0); ALSO D08 (0.0); ALSO D11 (0.0); ALSO D12 (0.0); ALSO D14 (0.0); ALSO D17 (0.0); ALSO D18 (0.0); ALSO D24 (0.0); ALSO D41 (0.0); ALSO D48 (+0.5); ALSO D56 (0.0),ALSO D24,F,ALSO,2,,LEO (12); NLT (21); DRT (27); REO (33),,TOUCHDOWN,+0,7,PUNT - DOWNED,-22,,,-30,ALSO D48,,,,1,,,L,R,,,,,,LATU 76 (LG); ALSO D48 (RILB),,,,,,,,,,LILB (3); RILB (4); RLB (3),,C,C,LATU 76,LWR^; TE-L; HB-R; SRWR; RWR^,2x2,,3-0-1-1,11,LATU 02; LATU 05; LATU 12; LATU 16; LATU 86,LATU 02 (RWR); LATU 03 (QB); LATU 05 (LWR); LATU 12 (HB-R); LATU 16 (SRWR); LATU 51 (C); LATU 58 (LT); LATU 76 (LG); LATU 77 (RT); LATU 78 (RG); LATU 86 (TE-L),LATU 02 (0.0); LATU 03 (0.0); LATU 05 (0.0); LATU 12 (0.0); LATU 16 (0.0); LATU 51 (0.0); LATU 58 (0.0); LATU 76 (-1.0); LATU 77 (0.0); LATU 78 (0.0); LATU 86 (0.0),,T,LATU,LATU 02; LATU 05,,,,3,,,,,,,LWR r; TE-L r; HB-R r; SRWR 0u(-3); RWR z,-; -; -; 0; -,LATU 05 r; LATU 86 r; LATU 12 r; LATU 16 0u(-3); LATU 02 z,,,,,,,,,,,,,-31,LE,,LE,ALSO D48,,,0,,,LATU 03,0,,,0,,HB-R,HB-R (-6),L,1; LATU 12 (HB-R),,,,PULL LEAD,,R,,-3,LATU 86* (L:R{L}),S,,ALSO D48,,ALSO D48,,L,,,,LWR^(-11.5); SRWR(+5.5); RWR^(+16.5),,1,11,0,0,0,,true,2,3,1.503,-0.472,,false,11,LATU 12,LATU 86,LATU 02; LATU 05; LATU 16,GUN WEAK,SLOT - PRO,LWR; TE-L; HB-R; SRWR; RWR,2x2,SLOT - SLOT,NICKEL,ALSO D02; ALSO D08; ALSO D12; ALSO D14; ALSO D24,ALSO D11; ALSO D17; ALSO D48,ALSO D18; ALSO D41; ALSO D56,OVER,,COVER 3,,70,,2.252,-0.767,31166_7123847,31166-LATU-9
7123863,31166,2026-09-12,2026,02,411505,3784,4,3,03:29,1,1,0,24,0,9,3,13,0,1,,,0,0,0,21,0,,0,7123847,7123927,,21.24,0,,144,0,,1.9,0,0,8,-2,0,0,LATU 16,7; ALSO D02 (38); ALSO D14 (37); ALSO D17 (32); ALSO D18 (11); ALSO D41 (26); ALSO D48 (23); ALSO D56 (18),,L,,,LCB (7); SCBoL (2); SCBiL (2); FS (12),LEO (11); DLT (18); MLB (23); DRT (26); REO (32); ROLB (37); RLB (38),3-3-5,ALSO D02 (RLB); ALSO D08 (FS); ALSO D11 (SCBiL); ALSO D12 (LCB); ALSO D14 (ROLB); ALSO D17 (REO); ALSO D18 (LEO); ALSO D24 (SCBoL); ALSO D41 (DRT); ALSO D48 (MLB); ALSO D56 (DLT),ALSO D02 (0.0); ALSO D08 (0.0); ALSO D11 (-0.5); ALSO D12 (0.0); ALSO D14 (0.0); ALSO D17 (0.0); ALSO D18 (0.0); ALSO D24 (0.0); ALSO D41 (0.0); ALSO D48 (0.0); ALSO D56 (0.0),,F,ALSO,1,,LEO (11); DLT (18); DRT (26); REO (32),,TOUCHDOWN,+0,7,PUNT - DOWNED,-22,7,SD,-31,ALSO D48,,,,13,,,L,R,,,,,,LATU 03 (QB); LATU 16 (SRoWR); ALSO D11 (SCBiL),,,,,,,,,,MLB (3); RLB (6); ROLB (1),,C,C,ALSO D11,TE-L^; HB-L; SRiWR; SRoWR; RWR^,1x3,,3-0-1-1,11,LATU 02; LATU 05; LATU 06; LATU 16; LATU 86,LATU 02 (RWR); LATU 03 (QB); LATU 05 (SRiWR); LATU 06 (HB-L); LATU 16 (SRoWR); LATU 51 (C); LATU 58 (LT); LATU 76 (LG); LATU 77 (RT); LATU 78 (RG); LATU 86 (TE-L),LATU 02 (0.0); LATU 03 (+0.5); LATU 05 (0.0); LATU 06 (0.0); LATU 16 (+0.5); LATU 51 (0.0); LATU 58 (0.0); LATU 76 (0.0); LATU 77 (0.0); LATU 78 (0.0); LATU 86 (0.0),LATU 06,T,LATU,LATU 02; LATU 86,,6; LATU 06 (HB-L); LATU 51 (C); LATU 58 (LT); LATU 76 (LG); LATU 77 (RT); LATU 78 (RG),,3b,ALSO D11,,6; ALSO D02; ALSO D08; ALSO D11; ALSO D12; ALSO D24; ALSO D48,5,M,LATU 03 (QB),TE-L 4(10); HB-L kl; SRiWR 1; SRoWR 26(4); RWR 9,4; -; 3; 6; 9,LATU 86 4(10); LATU 06 kl; LATU 05 1; LATU 16 26(4); LATU 02 9,SRoWR,LATU 16,COMPLETE,26(4),6R,5; ALSO D14 (ROLB); ALSO D17 (REO); ALSO D18 (LEO); ALSO D41 (DRT); ALSO D56 (DLT),,29,4,,,,-44,,,,LATU 03; LATU 16,ALSO D24 > LATU 16,,0,,,LATU 03,0,,,0,,HB-L,HB-L (-5),L,1; LATU 06 (HB-L),,,,,,P,,-3,LATU 05* (R:L{R}>L:R{R}),S,,,,ALSO D48,,L,,,,SRiWR(-1.5); SRoWR(+6.5); RWR^(+15.5),,0,13,0,0,0,,false,2,3,1.031,0.793,Slant-Hitch,false,11,LATU 06,LATU 86,LATU 02; LATU 05; LATU 16,GUN STRONG,TRIPS - CLOSED,TE-L; HB-L; SRiWR; SRoWR; RWR,1x3,TRIPS - CLOSED,NICKEL,ALSO D02; ALSO D08; ALSO D12; ALSO D14; ALSO D24,ALSO D11; ALSO D17; ALSO D48,ALSO D18; ALSO D41; ALSO D56,EVEN,,COVER 3,,69,,1.485,1.657,31166_7123863,31166-LATU-9
7123927,31166,2026-09-12,2026,02,411505,3812,4,1,02:49,0,1,1,24,0,9,4,36,0,1,,,0,0,0,21,0,,0,7123863,7124001,,21.24,0,,145,0,,2.6,0,0,2,1,0,0,LATU 84,7; ALSO D11 (17); ALSO D14 (40); ALSO D17 (33); ALSO D18 (11); ALSO D41 (28); ALSO D48 (26); ALSO D56 (19),,L,,,LCB (8); SCBL (3); FS (14); RCB (7),LEO (11); LILB (17); DLT (19); RILB (26); DRT (28); REO (33); RLB (40),3-3-5,ALSO D02 (RCB); ALSO D08 (FS); ALSO D11 (LILB); ALSO D12 (LCB); ALSO D14 (RLB); ALSO D17 (REO); ALSO D18 (LEO); ALSO D24 (SCBL); ALSO D41 (DRT); ALSO D48 (RILB); ALSO D56 (DLT),ALSO D02 (0.0); ALSO D08 (0.0); ALSO D11 (0.0); ALSO D12 (0.0); ALSO D14 (0.0); ALSO D17 (0.0); ALSO D18 (0.0); ALSO D24 (-1.0); ALSO D41 (0.0); ALSO D48 (0.0); ALSO D56 (0.0),,F,ALSO,10,,LEO (11); DLT (19); DRT (28); REO (33),,TOUCHDOWN,+0,7,PUNT - DOWNED,-22,9,SD,-44,ALSO D08,,,,36,,,C,C,,,,,,LATU 03 (QB); LATU 84 (SRWR); ALSO D24 (SCBL),,,,,,,,,,LILB (4); RILB (4); RLB (4),,C,C,ALSO D24,LWR^; TE-L; HB-L; SRWR; RWR^,2x2,,3-0-1-1,11,LATU 06; LATU 08; LATU 17; LATU 84; LATU 86,LATU 03 (QB); LATU 06 (HB-L); LATU 08 (RWR); LATU 17 (LWR); LATU 51 (C); LATU 58 (LT); LATU 76 (LG); LATU 77 (RT); LATU 78 (RG); LATU 84 (SRWR); LATU 86 (TE-L),LATU 03 (+1.0); LATU 06 (0.0); LATU 08 (0.0); LATU 17 (0.0); LATU 51 (0.0); LATU 58 (0.0); LATU 76 (0.0); LATU 77 (0.0); LATU 78 (0.0); LATU 84 (+1.0); LATU 86 (0.0),LATU 08; LATU 17; LATU 84,T,LATU,LATU 08; LATU 17,,6; LATU 06 (HB-L); LATU 51 (C); LATU 58 (LT); LATU 76 (LG); LATU 77 (RT); LATU 78 (RG),,3S,ALSO D24,,7; ALSO D02; ALSO D08; ALSO D11; ALSO D12; ALSO D14; ALSO D24; ALSO D48,34,R,LATU 03 (QB),LWR xd(2); TE-L 3(11); HB-L kl; SRWR 9o; RWR 4i(12),X; 3; -; 9; 4,LATU 17 xd(2); LATU 86 3(11); LATU 06 kl; LATU 84 9o; LATU 08 4i(12),SRWR,LATU 84,COMPLETE,9o,19R,4; ALSO D17 (REO); ALSO D18 (LEO); ALSO D41 (DRT); ALSO D56 (DLT),,50,6R,,,,+20,,,,LATU 03; LATU 84,,,0,,,LATU 03,0,,,0,,HB-L,HB-L (-5),L,1; LATU 06 (HB-L),,,,,,P,,-3,LATU 06* (L:B),S,,,,ALSO D08,,L,,,,LWR^(-12.5); SRWR(+12.5); RWR^(+18.5),,0,8,0,0,0,,false,2,3,1.824,2.201,Go,false,11,LATU 06,LATU 86,LATU 08; LATU 17; LATU 84,GUN STRONG,SLOT - PRO,LWR; TE-L; HB-L; SRWR; RWR,3x2,TREY - SLOT,NICKEL,ALSO D02; ALSO D08; ALSO D12; ALSO D14; ALSO D24,ALSO D11; ALSO D17; ALSO D48,ALSO D18; ALSO D41; ALSO D56,WIDE OVER,,COVER 3 SEAM,,56,,3.142,1.561,31166_7123927,31166-LATU-9
7124001,31166,2026-09-12,2026,02,411505,3840,4,1,02:18,0,,0,24,0,9,5,3,0,,,,0,0,0,21,1,,0,7123927,7124251,,21.24,0,,146,0,,,0,0,,3,0,0,LATU 06,7; ALSO D11 (33); ALSO D17 (13); ALSO D18 (36); ALSO D24 (42); ALSO D41 (27); ALSO D48 (18); ALSO D56 (22),,,,,LCB (7); SCBL (4); FS (11); RCB (5),LOLB (13); LILB (18); NT (22); DRT (27); RLB (33); ROLB (36); RLB (42),3-3-5,ALSO D02 (RCB); ALSO D08 (FS); ALSO D11 (RLB); ALSO D12 (LCB); ALSO D14 (SCBL); ALSO D17 (LOLB); ALSO D18 (ROLB); ALSO D24 (RLB); ALSO D41 (DRT); ALSO D48 (LILB); ALSO D56 (NT),ALSO D02 (0.0); ALSO D08 (0.0); ALSO D11 (0.0); ALSO D12 (0.0); ALSO D14 (0.0); ALSO D17 (0.0); ALSO D18 (-0.5); ALSO D24 (0.0); ALSO D41 (+0.5); ALSO D48 (0.0); ALSO D56 (0.0),,T,ALSO,10,,NT (22); DRT (27),,TOUCHDOWN,+0,7,PUNT - DOWNED,-22,,,+20,ALSO D41,,,,3,,,R,L,,,,,,LATU 51 (C); LATU 58 (LT); ALSO D18 (ROLB); ALSO D41 (DRT),,,,,,,,,,LOLB (0); LILB (4); RLB (4); RLB (4); ROLB (0),,C,C,LATU 51; ALSO D18,LWR^; TE-L; HB-R; SRWR; RWR^,2x2,,3-0-1-1,11,LATU 06; LATU 08; LATU 17; LATU 84; LATU 86,LATU 03 (QB); LATU 06 (HB-R); LATU 08 (RWR); LATU 17 (LWR); LATU 51 (C); LATU 58 (LT); LATU 76 (LG); LATU 77 (RT); LATU 78 (RG); LATU 84 (SRWR); LATU 86 (TE-L),LATU 03 (0.0); LATU 06 (0.0); LATU 08 (0.0); LATU 17 (0.0); LATU 51 (-0.5); LATU 58 (+0.5); LATU 76 (0.0); LATU 77 (0.0); LATU 78 (0.0); LATU 84 (0.0); LATU 86 (0.0),,F,LATU,LATU 08; LATU 17,,,,3,,,,,,,LWR r; TE-L r; HB-R r; SRWR 0u(-3); RWR z,-; -; -; 0; -,LATU 17 r; LATU 86 r; LATU 06 r; LATU 84 0u(-3); LATU 08 z,,,,,,,,,,,,,+17,ML,,ML,LATU 58; ALSO D41,,,0,,,LATU 03,0,,,0,,HB-R,HB-R (-6),L,1; LATU 06 (HB-R),,,,OUTSIDE ZONE,READ OPTION,R,,-3,Y,S,,ALSO D41,,ALSO D41,,L,,,,LWR^(-17.5); SRWR(+16.5); RWR^(+19.5),,1,19,0,0,0,,true,2,3,4.025,-0.076,,false,11,LATU 06,LATU 86,LATU 08; LATU 17; LATU 84,GUN WEAK,SLOT - PRO,LWR; TE-L; HB-R; SRWR; RWR,2x2,SLOT - PRO,NICKEL,ALSO D02; ALSO D08; ALSO D12; ALSO D14; ALSO D24,ALSO D11; ALSO D17; ALSO D48,ALSO D18; ALSO D41; ALSO D56,OVER,,COVER 3,,20,,4.703,-0.104,31166_7124001,31166-LATU-9
7124251,31166,2026-09-12,2026,02,411505,3866,4,2,02:00,0,,0,24,0,9,6,3,0,,,,0,0,0,21,1,,0,7124001,7124265,,21.24,0,,147,0,,,0,0,,2,0,0,LATU 12,6; ALSO D11 (26); ALSO D18 (36); ALSO D25 (12); ALSO D41 (27); ALSO D48 (18); ALSO D56 (19),,,,,LCB (2); SCBL (4); FS (11); SCBR (2); RCB (2),LOLB (12); LILB (18); DLT (19); RILB (26); DRT (27); REO (36),3-3-5,ALSO D02 (LCB); ALSO D08 (FS); ALSO D11 (RILB); ALSO D12 (RCB); ALSO D14 (SCBL); ALSO D18 (REO); ALSO D24 (SCBR); ALSO D25 (LOLB); ALSO D41 (DRT); ALSO D48 (LILB); ALSO D56 (DLT),ALSO D02 (0.0); ALSO D08 (0.0); ALSO D11 (0.0); ALSO D12 (0.0); ALSO D14 (0.0); ALSO D18 (0.0); ALSO D24 (0.0); ALSO D25 (+0.5); ALSO D41 (0.0); ALSO D48 (0.0); ALSO D56 (0.0),ALSO D25,T,ALSO,7,,DLT (19); DRT (27); REO (36),,TOUCHDOWN,+0,7,PUNT - DOWNED,-22,,,+17,ALSO D25,,,,3,,,L,R,,,,,,LATU 58 (LT); LATU 77 (RT); ALSO D25 (LOLB); ALSO D41 (DRT),,,,,,,,,,LOLB (0); LILB (3); RILB (3),,C,C,LATU 77,LWR^; SLWR; HB-L; SRWR; RWR^,2x2,TE>SRWR,3-0-1-1,11,LATU 02; LATU 05; LATU 12; LATU 16; LATU 19,LATU 02 (RWR); LATU 03 (QB); LATU 05 (LWR); LATU 12 (HB-L); LATU 16 (SLWR); LATU 19 (SRWR); LATU 51 (C); LATU 58 (LT); LATU 76 (LG); LATU 77 (RT); LATU 78 (RG),LATU 02 (0.0); LATU 03 (0.0); LATU 05 (0.0); LATU 12 (0.0); LATU 16 (0.0); LATU 19 (0.0); LATU 51 (0.0); LATU 58 (0.0); LATU 76 (0.0); LATU 77 (-0.5); LATU 78 (0.0),LATU 02; LATU 05; LATU 12; LATU 16; LATU 19,F,LATU,LATU 02; LATU 05,,,,3,,,,,,,LWR z; SLWR 0u(-3); HB-L r; SRWR r; RWR r,-; 0; -; -; -,LATU 05 z; LATU 16 0u(-3); LATU 12 r; LATU 19 r; LATU 02 r,,,,,,,,,,,,,+14,LT,,LT,ALSO D25,ALSO D02 > LATU 02; ALSO D12 > LATU 05; ALSO D24 > LATU 16,,0,,,LATU 03,0,,,0,,HB-L,HB-L (-5),R,1; LATU 12 (HB-L),,,,OUTSIDE ZONE,READ OPTION,R,,-3,LATU 19* (L:Rx),S,,ALSO D25,,ALSO D25,ALSO D11,,,,,LWR^(-20.5); SLWR(-16.5); SRWR(-1.5); RWR^(+14.5),,1,18,0,0,0,,false,2,3,3.949,-0.11,,false,11,LATU 12,LATU 19,LATU 02; LATU 05; LATU 16,GUN WEAK,SLOT - SLOT,LWR; SLWR; HB-L; SRWR; RWR,3x1,TREY - OPEN,NICKEL,ALSO D02; ALSO D08; ALSO D12; ALSO D14; ALSO D24,ALSO D11; ALSO D25; ALSO D48,ALSO D18; ALSO D41; ALSO D56,WIDE UNDER,,COVER 3,,17,,4.599,-0.098,31166_7124251,31166-LATU-9
7124265,31166,2026-09-12,2026,02,411505,3892,4,3,01:22,0,1,0,24,0,9,7,14,0,1,,,0,0,0,21,0,,1,7124251,7124319,,21.24,0,,148,0,,1.7,0,0,0,0,0,0,LATU 02,7; ALSO D11 (25); ALSO D14 (07); ALSO D18 (34); ALSO D25 (06); ALSO D41 (17); ALSO D48 (16); ALSO D56 (25),,L,,,LCB (1); FS (12); SCBR (2); RCB (2),LOLB (06); LLB (07); LILB (16); DLT (17); DRT (25); RILB (25); REO (34),3-3-5,ALSO D02 (LCB); ALSO D08 (FS); ALSO D11 (RILB); ALSO D12 (RCB); ALSO D14 (LLB); ALSO D18 (REO); ALSO D24 (SCBR); ALSO D25 (LOLB); ALSO D41 (DLT); ALSO D48 (LILB); ALSO D56 (DRT),ALSO D02 (0.0); ALSO D08 (0.0); ALSO D11 (0.0); ALSO D12 (-0.5); ALSO D14 (0.0); ALSO D18 (0.0); ALSO D24 (0.0); ALSO D25 (0.0); ALSO D41 (0.0); ALSO D48 (0.0); ALSO D56 (0.0),,F,ALSO,4,,DLT (17); DRT (25); REO (34),,TOUCHDOWN,+0,7,PUNT - DOWNED,-22,5,SD,+14,,,,,14,,,R,L,,,,,,LATU 02 (LWR); LATU 03 (QB); ALSO D12 (RCB),,,,,,,,,,LOLB (0); LLB (4); LILB (3); RILB (3),,C,C,ALSO D12,LWR^; SLWR; HB-R; TE-R; RWR^,2x2,,3-0-1-1,11,LATU 02; LATU 05; LATU 12; LATU 16; LATU 19,LATU 02 (LWR); LATU 03 (QB); LATU 05 (RWR); LATU 12 (HB-R); LATU 16 (SLWR); LATU 19 (TE-R); LATU 51 (C); LATU 58 (LT); LATU 76 (LG); LATU 77 (RT); LATU 78 (RG),LATU 02 (+1.0); LATU 03 (+1.0); LATU 05 (0.0); LATU 12 (0.0); LATU 16 (0.0); LATU 19 (0.0); LATU 51 (0.0); LATU 58 (0.0); LATU 76 (0.0); LATU 77 (0.0); LATU 78 (0.0),,T,LATU,LATU 02; LATU 05,,6; LATU 19 (TE-R); LATU 51 (C); LATU 58 (LT); LATU 76 (LG); LATU 77 (RT); LATU 78 (RG),,1,ALSO D12,,7; ALSO D02; ALSO D08; ALSO D11; ALSO D12; ALSO D14; ALSO D24; ALSO D48,16,L,LATU 03 (QB),LWR 9b(17); SLWR 8i(9); HB-R fl; TE-R k; RWR 9o,9; 8; -; -; 9,LATU 02 9b(17); LATU 16 8i(9); LATU 12 fl; LATU 19 k; LATU 05 9o,LWR,LATU 02,COMPLETE,9b(17),9B,4; ALSO D18 (REO); ALSO D25 (LOLB); ALSO D41 (DLT); ALSO D56 (DRT),,4,2L,,,LATU 12,+0,,,,LATU 02; LATU 03,ALSO D02 > LATU 05; ALSO D12 > LATU 02; ALSO D24 > LATU 16,,0,,,LATU 03,0,,,0,,HB-R,HB-R (-6),,1; LATU 12 (HB-R),,,,INSIDE ZONE,,P,,-3,LATU 12* (R:B),S,,,,,,R,LATU 02,,,LWR^(-17.5); SLWR(-8.5); RWR^(+16.5),,1,,0,0,0,,false,2,3,3.839,3.161,Back Shoulder Go,false,11,LATU 12,LATU 19,LATU 02; LATU 05; LATU 16,GUN STRONG,SLOT - PRO,LWR; SLWR; HB-R; TE-R; RWR,2x3,TREY - SLOT,NICKEL,ALSO D02; ALSO D08; ALSO D12; ALSO D14; ALSO D24,ALSO D11; ALSO D25; ALSO D48,ALSO D18; ALSO D41; ALSO D56,WIDE OVER,,COVER 1,,14,,4.501,2.499,31166_7124265,31166-LATU-9
7124637,31166,2026-09-12,2026,02,411505,4062,4,1,00:53,0,,0,24,0,10,1,-3,0,,,,0,0,0,28,0,,0,7124587,7124718,,28.24,0,,155,0,,,0,0,,0,0,0,LATU 03,11; ALSO D02 (04); ALSO D08 (15); ALSO D11 (15); ALSO D12 (40); ALSO D14 (32); ALSO D18 (15); ALSO D24 (10); ALSO D25 (35); ALSO D41 (30); ALSO D48 (26); ALSO D56 (22),,,,,,LOLB (04); LOLB (10); LLB (15); LLB (15); LE (15); NT (22); RILB (26); RE (30); RLB (32); ROLB (35); RLB (40),3-3-5,ALSO D02 (LOLB); ALSO D08 (LLB); ALSO D11 (LLB); ALSO D12 (RLB); ALSO D14 (RLB); ALSO D18 (LE); ALSO D24 (LOLB); ALSO D25 (ROLB); ALSO D41 (RE); ALSO D48 (RILB); ALSO D56 (NT),ALSO D02 (0.0); ALSO D08 (0.0); ALSO D11 (0.0); ALSO D12 (0.0); ALSO D14 (0.0); ALSO D18 (0.0); ALSO D24 (0.0); ALSO D25 (0.0); ALSO D41 (0.0); ALSO D48 (0.0); ALSO D56 (0.0),DRIVE START,,ALSO,10,,LE (15); NT (22); RE (30),,DOWNS,+44,5,DOWNS,+28,,,+28,,,,,-3,,,L,R,,,,,,,,,,,,,,,,LOLB (1); LOLB (0); LLB (5); LLB (3); RILB (2); RLB (6); RLB (4); ROLB (0),,O,O,,TE-L^; FB-L; HB; FB-R; TE-R^,1x1,WR>FB-L; WR>FB-R,2-0-1-2,12,LATU 00; LATU 02; LATU 05; LATU 19; LATU 80,LATU 00 (HB); LATU 02 (FB-L); LATU 03 (QB); LATU 05 (FB-R); LATU 19 (TE-R); LATU 51 (C); LATU 58 (LT); LATU 76 (LG); LATU 77 (RT); LATU 78 (RG); LATU 80 (TE-L),LATU 00 (0.0); LATU 02 (0.0); LATU 03 (0.0); LATU 05 (0.0); LATU 19 (0.0); LATU 51 (0.0); LATU 58 (0.0); LATU 76 (0.0); LATU 77 (0.0); LATU 78 (0.0); LATU 80 (0.0),DRIVE START,,LATU,LATU 19; LATU 80,,,,GL,,,,,,,,,,,,,,,,,,,,,,+31,QB KNEEL,,QB KNEEL,,,,0,,,LATU 03,0,,,0,,HB; FB-L; FB-R,HB (-10); FB-L (-1); FB-R (-1),U,3; LATU 00 (HB); LATU 02 (FB-L); LATU 05 (FB-R),,,,UNDEFINED,,R,,+4,,,,,,,,L;R,,,,,,0,13,0,0,0,TOOK A KNEE,false,2,3,3.437,-1.193,,false,12,LATU 00,LATU 19; LATU 80,LATU 02; LATU 05,VICTORY,CLOSED - CLOSED,TE-L; FB-L; HB; FB-R; TE-R,1x1,CLOSED - CLOSED,NICKEL,ALSO D02; ALSO D08; ALSO D12; ALSO D14; ALSO D24,ALSO D11; ALSO D25; ALSO D48,ALSO D18; ALSO D41; ALSO D56,ODD,SINGLE MUG,GOAL LINE,,28,,4.476,-0.877,31166_7124637,31166-LATU-10
7124718,31166,2026-09-12,2026,02,411505,4088,4,2,00:50,0,,0,24,0,10,2,-4,0,,,,0,0,0,28,0,,0,7124637,7124793,,28.24,0,,156,0,,,0,0,,0,0,0,LATU 03,11; ALSO D02 (06); ALSO D08 (12); ALSO D11 (18); ALSO D12 (44); ALSO D14 (32); ALSO D18 (19); ALSO D24 (10); ALSO D25 (34); ALSO D41 (29); ALSO D48 (26); ALSO D56 (22),,,,,,LOLB (06); LLB (10); LOLB (12); LILB (18); DLT (19); NT (22); RILB (26); RE (29); RLB (32); ROLB (34); RLB (44),3-3-5,ALSO D02 (LOLB); ALSO D08 (LOLB); ALSO D11 (LILB); ALSO D12 (RLB); ALSO D14 (RLB); ALSO D18 (DLT); ALSO D24 (LLB); ALSO D25 (ROLB); ALSO D41 (RE); ALSO D48 (RILB); ALSO D56 (NT),ALSO D02 (0.0); ALSO D08 (0.0); ALSO D11 (0.0); ALSO D12 (0.0); ALSO D14 (0.0); ALSO D18 (0.0); ALSO D24 (0.0); ALSO D25 (0.0); ALSO D41 (0.0); ALSO D48 (0.0); ALSO D56 (0.0),,,ALSO,13,,DLT (19); NT (22); RE (29),,DOWNS,+44,5,DOWNS,+28,,,+31,,,,,-4,,,L,R,,,,,,,,,,,,,,,,LOLB (1); LOLB (0); LLB (4); LILB (1); RILB (1); RLB (5); RLB (4); ROLB (0),,O,O,,TE-L^; FB-L; HB; FB-R; TE-R^,1x1,WR>FB-L; WR>FB-R,2-0-1-2,12,LATU 00; LATU 02; LATU 05; LATU 19; LATU 80,LATU 00 (HB); LATU 02 (FB-L); LATU 03 (QB); LATU 05 (FB-R); LATU 19 (TE-R); LATU 51 (C); LATU 58 (LT); LATU 76 (LG); LATU 77 (RT); LATU 78 (RG); LATU 80 (TE-L),LATU 00 (0.0); LATU 02 (0.0); LATU 03 (0.0); LATU 05 (0.0); LATU 19 (0.0); LATU 51 (0.0); LATU 58 (0.0); LATU 76 (0.0); LATU 77 (0.0); LATU 78 (0.0); LATU 80 (0.0),,,LATU,LATU 19; LATU 80,,,,GL,,,,,,,,,,,,,,,,,,,,,,+35,QB KNEEL,,QB KNEEL,,,,0,,,LATU 03,0,,,0,,HB; FB-L; FB-R,HB (-10); FB-L (-2); FB-R (-2),U,3; LATU 00 (HB); LATU 02 (FB-L); LATU 05 (FB-R),,,,UNDEFINED,,R,,+4,,,,,,,,L;R,,,,,,0,21,0,0,0,TOOK A KNEE,false,1,3,2.244,-0.599,,false,12,LATU 00,LATU 19; LATU 80,LATU 02; LATU 05,VICTORY,CLOSED - CLOSED,TE-L; FB-L; HB; FB-R; TE-R,1x1,CLOSED - CLOSED,NICKEL,ALSO D02; ALSO D08; ALSO D12; ALSO D14; ALSO D24,ALSO D11; ALSO D25; ALSO D48,ALSO D18; ALSO D41; ALSO D56,OVER,DOUBLE MUG,GOAL LINE,,31,,3.599,-1.278,31166_7124718,31166-LATU-10
7124793,31166,2026-09-12,2026,02,411505,4114,4,3,00:46,0,,0,24,0,10,3,-4,0,,,,0,0,0,28,0,,0,7124718,7124881,,28.24,0,,157,0,,,0,0,,0,0,0,LATU 03,11; ALSO D02 (06); ALSO D08 (12); ALSO D11 (18); ALSO D12 (43); ALSO D14 (32); ALSO D18 (19); ALSO D24 (09); ALSO D25 (35); ALSO D41 (28); ALSO D48 (25); ALSO D56 (22),,,,,,LLB (06); LLB (09); LOLB (12); LILB (18); DLT (19); NT (22); RILB (25); DRT (28); RLB (32); ROLB (35); RLB (43),3-3-5,ALSO D02 (LLB); ALSO D08 (LOLB); ALSO D11 (LILB); ALSO D12 (RLB); ALSO D14 (RLB); ALSO D18 (DLT); ALSO D24 (LLB); ALSO D25 (ROLB); ALSO D41 (DRT); ALSO D48 (RILB); ALSO D56 (NT),ALSO D02 (0.0); ALSO D08 (0.0); ALSO D11 (0.0); ALSO D12 (0.0); ALSO D14 (0.0); ALSO D18 (0.0); ALSO D24 (0.0); ALSO D25 (0.0); ALSO D41 (0.0); ALSO D48 (0.0); ALSO D56 (0.0),,,ALSO,17,,DLT (19); NT (22); DRT (28),,DOWNS,+44,5,DOWNS,+28,,,+35,,,,,-4,,,L,R,,,,,,,,,,,,,,,,LOLB (0); LLB (5); LLB (2); LILB (2); RILB (1); RLB (4); RLB (4); ROLB (0),,O,O,,TE-L^; FB-L; HB; FB-R; TE-R^,1x1,WR>FB-L; WR>FB-R,2-0-1-2,12,LATU 00; LATU 02; LATU 05; LATU 19; LATU 80,LATU 00 (HB); LATU 02 (FB-L); LATU 03 (QB); LATU 05 (FB-R); LATU 19 (TE-R); LATU 51 (C); LATU 58 (LT); LATU 76 (LG); LATU 77 (RT); LATU 78 (RG); LATU 80 (TE-L),LATU 00 (0.0); LATU 02 (0.0); LATU 03 (0.0); LATU 05 (0.0); LATU 19 (0.0); LATU 51 (0.0); LATU 58 (0.0); LATU 76 (0.0); LATU 77 (0.0); LATU 78 (0.0); LATU 80 (0.0),,,LATU,LATU 19; LATU 80,,,,GL,,,,,,,,,,,,,,,,,,,,,,+39,QB KNEEL,,QB KNEEL,,,,0,,,LATU 03,0,,,0,,HB; FB-L; FB-R,HB (-10); FB-L (-2); FB-R (-2),U,3; LATU 00 (HB); LATU 02 (FB-L); LATU 05 (FB-R),,,,UNDEFINED,,R,,+4,,,,,,,,L;R,,,,,,0,21,0,0,0,TOOK A KNEE,false,0,3,1.645,-1.436,,false,12,LATU 00,LATU 19; LATU 80,LATU 02; LATU 05,VICTORY,CLOSED - CLOSED,TE-L; FB-L; HB; FB-R; TE-R,1x1,CLOSED - CLOSED,NICKEL,ALSO D02; ALSO D08; ALSO D12; ALSO D14; ALSO D24,ALSO D11; ALSO D25; ALSO D48,ALSO D18; ALSO D41; ALSO D56,BEAR,DOUBLE MUG,GOAL LINE,,35,,2.321,-2.494,31166_7124793,31166-LATU-10
7124881,31166,2026-09-12,2026,02,411505,4140,4,4,00:03,0,,0,24,0,10,4,,0,,,,0,1,0,28,0,-5,0,7124793,7124984,,28.24,0,,158,0,,,0,0,,,0,0,,,,,,,,,X-X-X,,,,,ALSO,21,,,,DOWNS,+44,5,DOWNS,+28,,,+39,,,,,-5,,,L,R,,,,,,,,,,,,,,,,,,,,,,,,X-X-X-X,Unknown,,,,,,LATU,,,,,,,,,,,,,,,,,,,,,,,,DOG,,,+44,,,,,,,0,,,,0,,,0,,EMPTY,,,,,,,,,X,,+4,,,,,,,,,,,,,,0,0,0,0,0,,false,0,3,0.209,-0.101,,false,00,,,,OTHER,,,,,,,,,,,,,39,,-0.173,-0.661,31166_7124881,31166-LATU-10
7124984,31166,2026-09-12,2026,02,411505,4167,4,4,00:03,1,0,0,24,0,10,5,,0,,,,0,0,1,28,0,,0,7124881,,,28.24,0,,159,0,,3.5,0,0,,,0,0,,9; ALSO D01 (41); ALSO D08 (26); ALSO D11 (16); ALSO D14 (37); ALSO D18 (09); ALSO D25 (35); ALSO D41 (27); ALSO D48 (29); ALSO D56 (21),LATU 05,L,,,LCB (1); SS (7); RCB (9),LOLB (09); LILB (16); NLT (21); SS (26); DRT (27); RLB (29); ROLB (35); RLB (37); RLB (41),3-3-5,ALSO D01 (RLB); ALSO D02 (LCB); ALSO D08 (SS); ALSO D11 (LILB); ALSO D12 (RCB); ALSO D14 (RLB); ALSO D18 (LOLB); ALSO D25 (ROLB); ALSO D41 (DRT); ALSO D48 (RLB); ALSO D56 (NLT),ALSO D01 (0.0); ALSO D02 (0.0); ALSO D08 (0.0); ALSO D11 (0.0); ALSO D12 (0.0); ALSO D14 (0.0); ALSO D18 (0.0); ALSO D25 (0.0); ALSO D41 (0.0); ALSO D48 (0.0); ALSO D56 (+0.5),ALSO D01; ALSO D02; ALSO D08; ALSO D11; ALSO D12; ALSO D14; ALSO D18; ALSO D25; ALSO D41; ALSO D48; ALSO D56,T,ALSO,26,,NLT (21); DRT (27),,DOWNS,+44,5,DOWNS,+28,0,RL,+44,,,,,0,,,L,R,,,TA,,,LATU 77 (RT); ALSO D56 (NLT),,,,,,,,,,LOLB (0); LILB (3); RLB (3); RLB (3); RLB (4); ROLB (0),,O,O,LATU 77,LWR^; TE-oL; TE-iL^; HB-L; RWR,3x1,,2-0-1-2,12,LATU 02; LATU 05; LATU 06; LATU 19; LATU 80,LATU 02 (RWR); LATU 03 (QB); LATU 05 (LWR); LATU 06 (HB-L); LATU 19 (TE-oL); LATU 51 (C); LATU 58 (LT); LATU 76 (LG); LATU 77 (RT); LATU 78 (RG); LATU 80 (TE-iL),LATU 02 (0.0); LATU 03 (0.0); LATU 05 (0.0); LATU 06 (0.0); LATU 19 (0.0); LATU 51 (0.0); LATU 58 (0.0); LATU 76 (0.0); LATU 77 (-0.5); LATU 78 (0.0); LATU 80 (0.0),LATU 02; LATU 03; LATU 05; LATU 06; LATU 19; LATU 51; LATU 58; LATU 76; LATU 77; LATU 78; LATU 80,F,LATU,LATU 05; LATU 80,,8; LATU 06 (HB-L); LATU 19 (TE-oL); LATU 51 (C); LATU 58 (LT); LATU 76 (LG); LATU 77 (RT); LATU 78 (RG); LATU 80 (TE-iL),,0b,,,5; ALSO D01; ALSO D02; ALSO D08; ALSO D11; ALSO D12,,X,LATU 03 (QB),LWR 9y; TE-oL k; TE-iL k; HB-L kr; RWR 9o,9; -; -; -; 9,LATU 05 9y; LATU 19 k; LATU 80 k; LATU 06 kr; LATU 02 9o,,,THROWN AWAY,,,6; ALSO D14 (RLB); ALSO D18 (LOLB); ALSO D25 (ROLB); ALSO D41 (DRT); ALSO D48 (RLB); ALSO D56 (NLT),,,,,,,+44,,,,ALSO D56,ALSO D02 > LATU 02,ALSO D56 (I) LATU 77,0,,,LATU 03,1,,,0,,HB-L,HB-L (-6),R,1; LATU 06 (HB-L),,,,,,P,,+4,,S,,,,,,L;L,,,,LWR^(-17.5); RWR(+14.5),,0,20,0,0,0,,false,0,3,0.108,0.0,,false,12,LATU 06,LATU 19; LATU 80,LATU 02; LATU 05,GUN STRONG,TOAD WING - OPEN,LWR; TE-oL; TE-iL; HB-L; RWR,3x1,TOAD WING - OPEN,NICKEL,ALSO D01; ALSO D02; ALSO D08; ALSO D12; ALSO D14,ALSO D11; ALSO D25; ALSO D48,ALSO D18; ALSO D41; ALSO D56,OVER,,COVER 0,,44,,-0.834,0.0,31166_7124984,31166-LATU-10
7160814,31255,2026-09-19,2026,03,411559,324,1,1,11:59,0,,0,7,0,1,1,3,0,,,,0,0,0,0,1,,0,7160741,7160836,,7.00,0,,12,0,,,0,0,,2,0,0,OHUN 04,6; ALSO D05 (13); ALSO D18 (35); ALSO D25 (12); ALSO D41 (27); ALSO D48 (22); ALSO D56 (21),,,,,LCB (2); FSR (11); SCBiR (4); SCBoR (2); RCB (7),LOLB (12); LLB (13); NLT (21); MLB (22); DRT (27); REO (35),3-3-5,ALSO D02 (RCB); ALSO D05 (LLB); ALSO D08 (FSR); ALSO D11 (SCBiR); ALSO D12 (LCB); ALSO D18 (REO); ALSO D24 (SCBoR); ALSO D25 (LOLB); ALSO D41 (DRT); ALSO D48 (MLB); ALSO D56 (NLT),ALSO D02 (0.0); ALSO D05 (0.0); ALSO D08 (0.0); ALSO D11 (0.0); ALSO D12 (0.0); ALSO D18 (0.0); ALSO D24 (0.0); ALSO D25 (0.0); ALSO D41 (0.0); ALSO D48 (0.0); ALSO D56 (0.0),DRIVE START,T,ALSO,10,,NLT (21); DRT (27); REO (35),,TOUCHDOWN,+0,15,KICKOFF - RETURN,-22,,,-22,ALSO D41,,,,3,,,R,L,,,,,,OHUN 74 (LG); OHUN 76 (C); ALSO D41 (DRT); ALSO D56 (NLT),,,,,,,,,,LOLB (0); LLB (6); MLB (4),,C,C,,LWR^; SLoWR; SLiWR; HB-L; RWR^,3x1,TE>SLoWR,3-0-1-1,11,OHUN 03; OHUN 04; OHUN 12; OHUN 15; OHUN 86,OHUN 03 (RWR); OHUN 04 (HB-L); OHUN 09 (QB); OHUN 12 (LWR); OHUN 15 (SLiWR); OHUN 63 (RG); OHUN 72 (RT); OHUN 74 (LG); OHUN 75 (LT); OHUN 76 (C); OHUN 86 (SLoWR),OHUN 03 (0.0); OHUN 04 (0.0); OHUN 09 (0.0); OHUN 12 (0.0); OHUN 15 (0.0); OHUN 63 (0.0); OHUN 72 (0.0); OHUN 74 (0.0); OHUN 75 (0.0); OHUN 76 (0.0); OHUN 86 (0.0),DRIVE START,F,OHUN,OHUN 03; OHUN 12,,,,3S,,,,,,,LWR z; SLoWR z; SLiWR 1; HB-L r; RWR r,-; -; 3; -; -,OHUN 12 z; OHUN 86 z; OHUN 15 1; OHUN 04 r; OHUN 03 r,,,,,,,,,,,,,-25,ML,,ML,,ALSO D12 > OHUN 03; ALSO D24 > OHUN 86,,0,,,OHUN 09,0,,,0,,HB-L,HB-L (-5),R,1; OHUN 04 (HB-L),,,,INSIDE ZONE,READ OPTION,R,,-7,OHUN 04 (B:B),S,,ALSO D41,,ALSO D41,ALSO D48,,,,,LWR^(-16.5); SLoWR(-6.5); SLiWR(-3.5); RWR^(+16.5),,1,5,0,0,0,,false,3,3,-0.258,-0.612,,false,11,OHUN 04,OHUN 86,OHUN 03; OHUN 12; OHUN 15,GUN STRONG,TRIPS - OPEN,LWR; SLoWR; SLiWR; HB-L; RWR,3x1,TRIPS - OPEN,NICKEL,ALSO D02; ALSO D05; ALSO D08; ALSO D12; ALSO D24,ALSO D11; ALSO D25; ALSO D48,ALSO D18; ALSO D41; ALSO D56,OVER,,COVER 3 SEAM,,78,,0.012,-0.434,31255_7160814,31255-OHUN-1
7160836,31255,2026-09-19,2026,03,411559,350,1,2,11:36,0,0,1,7,0,1,2,,0,,,,0,1,0,0,0,0,1,7160814,7161038,,7.00,0,,13,0,2.2,2.5,0,0,,,0,0,,7; ALSO D11 (20); ALSO D18 (09); ALSO D24 (10); ALSO D25 (35); ALSO D41 (20); ALSO D48 (34); ALSO D56 (27),,R,,,LCB (1); FS (14); SCBR (6); RCB (7),LEO (09); LLB (10); LILB (20); DLT (20); DRT (27); RLB (34); ROLB (35),3-3-5,ALSO D02 (RCB); ALSO D05 (SCBR); ALSO D08 (FS); ALSO D11 (LILB); ALSO D12 (LCB); ALSO D18 (LEO); ALSO D24 (LLB); ALSO D25 (ROLB); ALSO D41 (DLT); ALSO D48 (RLB); ALSO D56 (DRT),ALSO D02 (0.0); ALSO D05 (0.0); ALSO D08 (0.0); ALSO D11 (0.0); ALSO D12 (-1.0); ALSO D18 (+1.5); ALSO D24 (0.0); ALSO D25 (0.0); ALSO D41 (0.0); ALSO D48 (0.0); ALSO D56 (0.0),,T,ALSO,7,,LEO (09); DLT (20); DRT (27),,TOUCHDOWN,+0,15,KICKOFF - RETURN,-22,6,SD,-25,,,,,0,,,R,L,,ALSO D18,PE,,,OHUN 03 (RWR); OHUN 72 (RT); ALSO D12 (LCB); ALSO D18 (LEO),,,,,,,,,,LLB (5); LILB (4); RLB (4); ROLB (0),,C,C,OHUN 72; ALSO D12,LWR^; SLWR; FB-L; HB; RWR^,2x1,TE>FB-L,3-0-1-1,11,OHUN 03; OHUN 04; OHUN 12; OHUN 15; OHUN 86,OHUN 03 (RWR); OHUN 04 (HB); OHUN 09 (QB); OHUN 12 (LWR); OHUN 15 (SLWR); OHUN 51 (C); OHUN 72 (RT); OHUN 74 (RG); OHUN 75 (LT); OHUN 76 (LG); OHUN 86 (FB-L),OHUN 03 (0.0); OHUN 04 (0.0); OHUN 09 (0.0); OHUN 12 (0.0); OHUN 15 (0.0); OHUN 51 (0.0); OHUN 72 (-1.5); OHUN 74 (0.0); OHUN 75 (0.0); OHUN 76 (0.0); OHUN 86 (0.0),OHUN 51,F,OHUN,OHUN 03; OHUN 12,,6; OHUN 51 (C); OHUN 72 (RT); OHUN 74 (RG); OHUN 75 (LT); OHUN 76 (LG); OHUN 86 (FB-L),,3S,ALSO D12,,7; ALSO D02; ALSO D05; ALSO D08; ALSO D11; ALSO D12; ALSO D24; ALSO D48,27,R,OHUN 09 (QB),LWR 4(12); SLWR xo(13); FB-L kl; HB flh31(2); RWR 9o,4; X; -; H5; 9,OHUN 12 4(12); OHUN 15 xo(13); OHUN 86 kl; OHUN 04 flh31(2); OHUN 03 9o,RWR,OHUN 03,INCOMPLETE,9o,9R,4; ALSO D18 (LEO); ALSO D25 (ROLB); ALSO D41 (DLT); ALSO D56 (DRT),HURRY,51,6R,(O) ALSO D12 DPI; (O) OHUN 72 OH,P,OHUN 04,-25,,,,ALSO D18,ALSO D12 > OHUN 03,ALSO D18 (I) OHUN 72,0,,,OHUN 09,0,ALSO D18,OHUN 72,0,,HB; FB-L,HB (-7); FB-L (-2),L,2; OHUN 04 (HB); OHUN 86 (FB-L),,,,UNDEFINED,,P,,-7,OHUN 15* (R:Lx),S,,,,,,,,,,LWR^(-16.5); SLWR(-6.5); RWR^(+17.5),,0,15,0,0,0,,false,3,3,-0.87,0.0,Go,false,11,OHUN 04,OHUN 86,OHUN 03; OHUN 12; OHUN 15,PISTOL I STRONG,SLOT - OPEN,LWR; SLWR; FB-L; HB; RWR,1x2,SLOT - OPEN,NICKEL,ALSO D02; ALSO D05; ALSO D08; ALSO D12; ALSO D24,ALSO D11; ALSO D25; ALSO D48,ALSO D18; ALSO D41; ALSO D56,WIDE OVER,,COVER 3 SEAM,,75,,-0.422,0.0,31255_7160836,31255-OHUN-1
7161038,31255,2026-09-19,2026,03,411559,398,1,2,11:29,0,,0,7,0,1,3,10,0,1,,,0,0,0,0,1,,0,7160836,7161060,,7.00,0,,14,0,,,0,0,,0,0,0,OHUN 09,7; ALSO D05 (10); ALSO D11 (38); ALSO D18 (34); ALSO D25 (09); ALSO D41 (27); ALSO D48 (23); ALSO D56 (21),,,,,LCB (2); FS (15); SCBR (5); RCB (9),LOLB (09); LLB (10); NLT (21); MLB (23); DRT (27); REO (34); RLB (38),3-3-5,ALSO D02 (RCB); ALSO D05 (LLB); ALSO D08 (FS); ALSO D11 (RLB); ALSO D12 (LCB); ALSO D18 (REO); ALSO D24 (SCBR); ALSO D25 (LOLB); ALSO D41 (DRT); ALSO D48 (MLB); ALSO D56 (NLT),ALSO D02 (0.0); ALSO D05 (0.0); ALSO D08 (0.0); ALSO D11 (0.0); ALSO D12 (0.0); ALSO D18 (-0.5); ALSO D24 (0.0); ALSO D25 (0.0); ALSO D41 (0.0); ALSO D48 (0.0); ALSO D56 (0.0),,F,ALSO,7,,NLT (21); DRT (27); REO (34),,TOUCHDOWN,+0,15,KICKOFF - RETURN,-22,,,-25,,,,,10,,,R,L,,,,,,OHUN 09 (QB); ALSO D18 (REO),,,,,,,,,,LOLB (0); LLB (4); MLB (4); RLB (4),,C,C,ALSO D18,LWR; SLWR^; TE-L; HB; RWR^,3x1,,3-0-1-1,11,OHUN 03; OHUN 04; OHUN 12; OHUN 15; OHUN 86,OHUN 03 (RWR); OHUN 04 (HB); OHUN 09 (QB); OHUN 12 (SLWR); OHUN 15 (LWR); OHUN 63 (RG); OHUN 72 (RT); OHUN 74 (LG); OHUN 75 (LT); OHUN 76 (C); OHUN 86 (TE-L),OHUN 03 (0.0); OHUN 04 (0.0); OHUN 09 (+0.5); OHUN 12 (0.0); OHUN 15 (0.0); OHUN 63 (0.0); OHUN 72 (0.0); OHUN 74 (0.0); OHUN 75 (0.0); OHUN 76 (0.0); OHUN 86 (0.0),OHUN 63,T,OHUN,OHUN 03; OHUN 12,,,,1,,,,,,,LWR 0u(-2); SLWR r; TE-L r; HB fl; RWR r,0; -; -; -; -,OHUN 15 0u(-2); OHUN 12 r; OHUN 86 r; OHUN 04 fl; OHUN 03 r,,,,,,,,,,,P,OHUN 04,-35,LE,,LE,OHUN 09,ALSO D12 > OHUN 03,,0,,,OHUN 09,0,,,0,,HB,HB (-7),L,1; OHUN 04 (HB),,,,MAN,READ OPTION,R,,-7,OHUN 15* (L:R{L}),S,,,,,,L,,,,LWR(-8.5); SLWR^(-6.5); RWR^(+17.5),,1,4,0,0,0,SLID,false,3,3,-0.87,1.81,,false,11,OHUN 04,OHUN 86,OHUN 03; OHUN 12; OHUN 15,PISTOL,TREY - OPEN,LWR; SLWR; TE-L; HB; RWR,3x1,TREY - OPEN,NICKEL,ALSO D02; ALSO D05; ALSO D08; ALSO D12; ALSO D24,ALSO D11; ALSO D25; ALSO D48,ALSO D18; ALSO D41; ALSO D56,OVER,,COVER 1,,75,,-0.422,1.597,31255_7161038,31255-OHUN-1
7161060,31255,2026-09-19,2026,03,411559,424,1,1,10:59,0,1,0,7,0,1,4,16,0,1,,,0,0,0,0,0,,0,7161038,7161132,,7.00,0,,15,0,1.8,3.2,0,0,0,0,0,0,OHUN 02,7; ALSO D05 (01); ALSO D11 (28); ALSO D18 (12); ALSO D25 (34); ALSO D41 (19); ALSO D48 (17); ALSO D56 (27),,L,,,LCB (7); FS (10); SCBR (5); RCB (7),LLB (01); LEO (12); LILB (17); DLT (19); DRT (27); RILB (28); ROLB (34),3-3-5,ALSO D02 (RCB); ALSO D05 (LLB); ALSO D08 (FS); ALSO D11 (RILB); ALSO D12 (LCB); ALSO D18 (LEO); ALSO D24 (SCBR); ALSO D25 (ROLB); ALSO D41 (DLT); ALSO D48 (LILB); ALSO D56 (DRT),ALSO D02 (0.0); ALSO D05 (0.0); ALSO D08 (0.0); ALSO D11 (0.0); ALSO D12 (-0.5); ALSO D18 (0.0); ALSO D24 (0.0); ALSO D25 (0.0); ALSO D41 (0.0); ALSO D48 (0.0); ALSO D56 (0.0),,F,ALSO,10,,LEO (12); DLT (19); DRT (27),,TOUCHDOWN,+0,15,KICKOFF - RETURN,-22,6,SR,-35,ALSO D12,,,,16,,,L,R,,ALSO D48,,,,OHUN 02 (RWR); OHUN 09 (QB); ALSO D12 (LCB); ALSO D48 (LILB),,,,,,,,,,LLB (5); LILB (4); RILB (4); ROLB (0),,C,C,ALSO D12,LWR^; SLWR; HB-L; TE-R; RWR^,2x2,,3-0-1-1,11,OHUN 02; OHUN 04; OHUN 12; OHUN 15; OHUN 86,OHUN 02 (RWR); OHUN 04 (HB-L); OHUN 09 (QB); OHUN 12 (LWR); OHUN 15 (SLWR); OHUN 63 (RG); OHUN 72 (RT); OHUN 74 (LG); OHUN 75 (LT); OHUN 76 (C); OHUN 86 (TE-R),OHUN 02 (+0.5); OHUN 04 (0.0); OHUN 09 (+0.5); OHUN 12 (0.0); OHUN 15 (0.0); OHUN 63 (0.0); OHUN 72 (0.0); OHUN 74 (0.0); OHUN 75 (0.0); OHUN 76 (0.0); OHUN 86 (0.0),OHUN 02,T,OHUN,OHUN 02; OHUN 12,,6; OHUN 63 (RG); OHUN 72 (RT); OHUN 74 (LG); OHUN 75 (LT); OHUN 76 (C); OHUN 86 (TE-R),,3,ALSO D12,,7; ALSO D02; ALSO D05; ALSO D08; ALSO D11; ALSO D12; ALSO D24; ALSO D48,16,R,OHUN 09 (QB),LWR 6(5); SLWR 2(2); HB-L h21(0); TE-R k; RWR 3(17),6; 2; H4; -; 3,OHUN 12 6(5); OHUN 15 2(2); OHUN 04 h21(0); OHUN 86 k; OHUN 02 3(17),RWR,OHUN 02,COMPLETE,3(17),3R,4; ALSO D18 (LEO); ALSO D25 (ROLB); ALSO D41 (DLT); ALSO D56 (DRT),HURRY,49,6R,,,,+49,,,,OHUN 02; OHUN 09,,ALSO D48 (CU),0,,,OHUN 09,1,ALSO D48,,0,R,HB-L,HB-L (-5),,1; OHUN 04 (HB-L),,,,,,P,,-7,,S,,,,ALSO D12,,R,,,,LWR^(-19.5); SLWR(-13.5); RWR^(+13.5),,0,18,0,0,0,,true,3,3,0.94,1.108,Out,false,11,OHUN 04,OHUN 86,OHUN 02; OHUN 12; OHUN 15,GUN WEAK,SLOT - PRO,LWR; SLWR; HB-L; TE-R; RWR,2x2,SLOT - PRO,NICKEL,ALSO D02; ALSO D05; ALSO D08; ALSO D12; ALSO D24,ALSO D11; ALSO D25; ALSO D48,ALSO D18; ALSO D41; ALSO D56,WIDE UNDER,,COVER 3,,65,,1.175,1.275,31255_7161060,31255-OHUN-1
7161132,31255,2026-09-19,2026,03,411559,452,1,1,10:30,1,,0,7,0,1,5,6,0,,,,0,0,0,0,1,,0,7161060,7161232,,7.00,0,,16,0,,,0,0,,5,0,0,OHUN 04,8; ALSO D05 (13); ALSO D08 (44); ALSO D11 (26); ALSO D17 (07); ALSO D18 (33); ALSO D41 (17); ALSO D48 (13); ALSO D49 (23),,,,,LCB (6); SS (8); FSR (12); RCB (6),LEO (07); LLB (13); SS (13); DLT (17); NRT (23); RILB (26); REO (33); RLB (44),3-3-5,ALSO D01 (FSR); ALSO D02 (RCB); ALSO D05 (SS); ALSO D08 (RLB); ALSO D11 (RILB); ALSO D12 (LCB); ALSO D17 (LEO); ALSO D18 (REO); ALSO D41 (DLT); ALSO D48 (LLB); ALSO D49 (NRT),ALSO D01 (0.0); ALSO D02 (0.0); ALSO D05 (0.0); ALSO D08 (0.0); ALSO D11 (0.0); ALSO D12 (0.0); ALSO D17 (0.0); ALSO D18 (0.0); ALSO D41 (0.0); ALSO D48 (0.0); ALSO D49 (0.0),ALSO D01; ALSO D17; ALSO D49,F,ALSO,10,,LEO (07); DLT (17); NRT (23); REO (33),,TOUCHDOWN,+0,15,KICKOFF - RETURN,-22,,,+49,ALSO D48,,,,6,,,R,L,,,,,,OHUN 04 (HB-L); OHUN 74 (LG); OHUN 84 (TE-R); OHUN 86 (TE-L); ALSO D17 (LEO); ALSO D41 (DLT); ALSO D48 (LLB),,,,,,,,,,LLB (4); RILB (4); RLB (2),,C,O,,LWR^; TE-L; HB-L; TE-R^; RWR,2x2,,2-0-1-2,12,OHUN 02; OHUN 04; OHUN 12; OHUN 84; OHUN 86,OHUN 02 (RWR); OHUN 04 (HB-L); OHUN 09 (QB); OHUN 12 (LWR); OHUN 63 (RG); OHUN 72 (RT); OHUN 74 (LG); OHUN 75 (LT); OHUN 76 (C); OHUN 84 (TE-R); OHUN 86 (TE-L),OHUN 02 (0.0); OHUN 04 (+0.5); OHUN 09 (0.0); OHUN 12 (0.0); OHUN 63 (0.0); OHUN 72 (0.0); OHUN 74 (0.0); OHUN 75 (0.0); OHUN 76 (0.0); OHUN 84 (0.0); OHUN 86 (0.0),OHUN 84,T,OHUN,OHUN 12; OHUN 84,,,,3b,,,,,,,,,,,,,,,,,,,,,,+43,RE,,RE,OHUN 04,,,0,,,OHUN 09,0,,,0,,HB-L,HB-L (-5),R,1; OHUN 04 (HB-L),,,,COUNTER,CROSS LEAD;READ OPTION,R,,-7,,S,,,,ALSO D49,ALSO D11,L;R,,,,LWR^(-10.5); RWR(+17.5),,0,10,0,0,0,,false,3,3,2.048,0.188,,false,12,OHUN 04,OHUN 84; OHUN 86,OHUN 02; OHUN 12,GUN WEAK,PRO - PRO,LWR; TE-L; HB-L; TE-R; RWR,2x2,PRO - PRO,NICKEL,ALSO D01; ALSO D02; ALSO D05; ALSO D08; ALSO D12,ALSO D11; ALSO D17; ALSO D48,ALSO D18; ALSO D41; ALSO D49,OVER,,COVER 3,,49,,2.45,0.386,31255_7161132,31255-OHUN-1
7161232,31255,2026-09-19,2026,03,411559,478,1,2,09:44,0,,0,7,0,1,6,,0,,,,0,1,0,0,0,-5,0,7161132,7161244,,7.00,0,,17,0,,,0,0,,,0,0,,7; ALSO D05 (02); ALSO D11 (33); ALSO D17 (10); ALSO D18 (33); ALSO D48 (19); ALSO D49 (23); ALSO D94 (17),,,,,SSL (7); FSR (12); SCBR (2); RCB (1),LOLB (02); SSL (08); LEO (10); DLT (17); LILB (19); NRT (23); REO (33); RLB (33),3-3-5,ALSO D01 (FSR); ALSO D02 (RCB); ALSO D05 (LOLB); ALSO D08 (SCBR); ALSO D11 (RLB); ALSO D12 (SSL); ALSO D17 (LEO); ALSO D18 (REO); ALSO D48 (LILB); ALSO D49 (NRT); ALSO D94 (DLT),ALSO D01 (0.0); ALSO D02 (0.0); ALSO D05 (0.0); ALSO D08 (0.0); ALSO D11 (0.0); ALSO D12 (0.0); ALSO D17 (0.0); ALSO D18 (0.0); ALSO D48 (0.0); ALSO D49 (0.0); ALSO D94 (0.0),ALSO D94,,ALSO,4,,LEO (10); DLT (17); NRT (23); REO (33),,TOUCHDOWN,+0,15,KICKOFF - RETURN,-22,,,+43,,,,,-5,,,R,L,,,,,,OHUN 76 (C),,,,,,,,,,LOLB (0); LILB (3); RLB (3),,,,OHUN 76,LWR^; SLWR; TE-L; HB-R; TE-R^,3x1,,2-0-1-2,12,OHUN 04; OHUN 12; OHUN 15; OHUN 84; OHUN 86,OHUN 04 (HB-R); OHUN 09 (QB); OHUN 12 (LWR); OHUN 15 (SLWR); OHUN 63 (RG); OHUN 72 (RT); OHUN 74 (LG); OHUN 75 (LT); OHUN 76 (C); OHUN 84 (TE-L); OHUN 86 (TE-R),OHUN 04 (0.0); OHUN 09 (0.0); OHUN 12 (0.0); OHUN 15 (0.0); OHUN 63 (0.0); OHUN 72 (0.0); OHUN 74 (0.0); OHUN 75 (0.0); OHUN 76 (-1.0); OHUN 84 (0.0); OHUN 86 (0.0),OHUN 15,,OHUN,OHUN 12; OHUN 86,,,,,,,,,,,,,,,,,,,,,,,OHUN 76 FST,,,+48,,,,,ALSO D02 > OHUN 12; ALSO D08 > OHUN 15,,0,,,OHUN 09,0,,,0,,HB-R,HB-R (-5),,1; OHUN 04 (HB-R),,,,,,X,,-7,OHUN 04 (B:B); OHUN 84* (R:Lx),S,,,,,,L;R,,,,LWR^(-15.5); SLWR(-6.5),,0,6,0,0,0,,false,3,3,2.236,-0.817,,false,12,OHUN 04,OHUN 84; OHUN 86,OHUN 12; OHUN 15,GUN STRONG,TREY - CLOSED,LWR; SLWR; TE-L; HB-R; TE-R,2x2,SLOT - WING,NICKEL,ALSO D01; ALSO D02; ALSO D05; ALSO D08; ALSO D12,ALSO D11; ALSO D17; ALSO D48,ALSO D18; ALSO D49; ALSO D94,OVER,,,,43,,2.836,-1.061,31255_7161232,31255-OHUN-1
7161244,31255,2026-09-19,2026,03,411559,505,1,2,09:34,1,1,0,7,0,1,7,11,0,1,,,0,0,0,0,0,,0,7161232,7161297,,7.00,0,,18,0,,2.0,0,0,7,7,0,0,OHUN 04,7; ALSO D05 (08); ALSO D11 (29); ALSO D17 (05); ALSO D18 (37); ALSO D48 (20); ALSO D49 (16); ALSO D94 (27),,L,,,LCB (8); SCBiR (5); SCBoR (5); RCB (7),LOLB (05); LLB (08); DLT (16); LILB (20); DRT (27); ROLB (29); REO (37),3-3-5,ALSO D02 (RCB); ALSO D05 (LLB); ALSO D08 (SCBiR); ALSO D11 (ROLB); ALSO D12 (LCB); ALSO D17 (LOLB); ALSO D18 (REO); ALSO D24 (SCBoR); ALSO D48 (LILB); ALSO D49 (DLT); ALSO D94 (DRT),ALSO D02 (0.0); ALSO D05 (0.0); ALSO D08 (0.0); ALSO D11 (0.0); ALSO D12 (0.0); ALSO D17 (0.0); ALSO D18 (0.0); ALSO D24 (-1.0); ALSO D48 (0.0); ALSO D49 (0.0); ALSO D94 (0.0),ALSO D24,F,ALSO,9,,DLT (16); DRT (27); REO (37),,TOUCHDOWN,+0,15,KICKOFF - RETURN,-22,7,SD,+48,ALSO D24,,,,11,,,R,L,,,,,,OHUN 04 (LWR); ALSO D24 (SCBoR),,,,,,,,,,LOLB (0); LLB (6); LILB (1); ROLB (1),ALSO D24,C,O,ALSO D24,LWR; SLoWR^; SLiWR; TE-R; RWR^,3x2,HB>LWR,3-0-1-1,11,OHUN 02; OHUN 04; OHUN 12; OHUN 15; OHUN 86,OHUN 02 (RWR); OHUN 04 (LWR); OHUN 09 (QB); OHUN 12 (SLoWR); OHUN 15 (SLiWR); OHUN 63 (RG); OHUN 72 (RT); OHUN 74 (LG); OHUN 75 (LT); OHUN 76 (C); OHUN 86 (TE-R),OHUN 02 (0.0); OHUN 04 (+0.5); OHUN 09 (0.0); OHUN 12 (0.0); OHUN 15 (0.0); OHUN 63 (0.0); OHUN 72 (0.0); OHUN 74 (0.0); OHUN 75 (0.0); OHUN 76 (0.0); OHUN 86 (0.0),OHUN 02,T,OHUN,OHUN 02; OHUN 12,,6; OHUN 63 (RG); OHUN 72 (RT); OHUN 74 (LG); OHUN 75 (LT); OHUN 76 (C); OHUN 86 (TE-R),,3b,ALSO D24,,7; ALSO D02; ALSO D05; ALSO D08; ALSO D12; ALSO D17; ALSO D24; ALSO D48,4,L,OHUN 09 (QB),LWR 6(4); SLoWR 7o(13); SLiWR 2(3); TE-R k; RWR 6(5),6; 7; 2; -; 6,OHUN 04 6(4); OHUN 12 7o(13); OHUN 15 2(3); OHUN 86 k; OHUN 02 6(5),LWR,OHUN 04,COMPLETE,6(4),6R,4; ALSO D11 (ROLB); ALSO D18 (REO); ALSO D49 (DLT); ALSO D94 (DRT),,7,2L,,,,+37,,,,OHUN 04,,,0,,,OHUN 09,0,,,0,,EMPTY,,,,,,,,,P,,-7,OHUN 86* (R:L{R}),S,,,,ALSO D02,,R,,,,LWR(-15.5); SLoWR^(-6.5); SLiWR(-2.5); RWR^(+19.5),,0,15,0,0,0,,false,3,3,1.419,1.598,Hitch,false,11,OHUN 04,OHUN 86,OHUN 02; OHUN 12; OHUN 15,GUN EMPTY,TRIPS - PRO,LWR; SLoWR; SLiWR; TE-R; RWR,3x2,TRIPS - SLOT,NICKEL,ALSO D02; ALSO D05; ALSO D08; ALSO D12; ALSO D24,ALSO D11; ALSO D17; ALSO D48,ALSO D18; ALSO D49; ALSO D94,EVEN,SINGLE MUG,COVER 3,,48,,1.775,1.449,31255_7161244,31255-OHUN-1
7161297,31255,2026-09-19,2026,03,411559,533,1,1,08:54,1,0,0,7,0,1,8,-5,0,,,,0,0,0,0,0,,0,7161244,7161377,,7.00,0,,19,0,1.9,2.9,0,0,,,0,0,OHUN 09,6; ALSO D11 (11); ALSO D17 (32); ALSO D48 (22); ALSO D56 (22); ALSO D90 (12); ALSO D94 (28),,C,,,LCB (8); SCBL (2); FSL (11); SCBR (9); RCB (6),LOLB (11); LEO (12); NT (22); MLB (22); DRT (28); ROLB (32),3-3-5,ALSO D02 (RCB); ALSO D05 (SCBR); ALSO D08 (FSL); ALSO D11 (LOLB); ALSO D12 (LCB); ALSO D17 (ROLB); ALSO D24 (SCBL); ALSO D48 (MLB); ALSO D56 (NT); ALSO D90 (LEO); ALSO D94 (DRT),ALSO D02 (0.0); ALSO D05 (0.0); ALSO D08 (0.0); ALSO D11 (+0.5); ALSO D12 (0.0); ALSO D17 (0.0); ALSO D24 (0.0); ALSO D48 (0.0); ALSO D56 (0.0); ALSO D90 (0.0); ALSO D94 (0.0),ALSO D56; ALSO D90,T,ALSO,10,,LEO (12); NT (22); DRT (28),,TOUCHDOWN,+0,15,KICKOFF - RETURN,-22,7,SD,+37,ALSO D11,,,,-5,,,L,R,,,,,,OHUN 63 (RG); ALSO D11 (LOLB),,,,,,,,,,LOLB (0); MLB (3); ROLB (0),,C,O,OHUN 63,LWR^; SLWR; HB-L; SRWR; RWR^,2x2,TE>SLWR,3-0-1-1,11,OHUN 02; OHUN 04; OHUN 12; OHUN 15; OHUN 86,OHUN 02 (RWR); OHUN 04 (HB-L); OHUN 09 (QB); OHUN 12 (LWR); OHUN 15 (SRWR); OHUN 63 (RG); OHUN 72 (RT); OHUN 74 (LG); OHUN 75 (LT); OHUN 76 (C); OHUN 86 (SLWR),OHUN 02 (0.0); OHUN 04 (0.0); OHUN 09 (0.0); OHUN 12 (0.0); OHUN 15 (0.0); OHUN 63 (-1.0); OHUN 72 (0.0); OHUN 74 (0.0); OHUN 75 (0.0); OHUN 76 (0.0); OHUN 86 (0.0),,F,OHUN,OHUN 02; OHUN 12,,6; OHUN 04 (HB-L); OHUN 63 (RG); OHUN 72 (RT); OHUN 74 (LG); OHUN 75 (LT); OHUN 76 (C),,3b,,,6; ALSO D02; ALSO D05; ALSO D08; ALSO D12; ALSO D17; ALSO D48,,X,OHUN 09 (QB),LWR xd(2); SLWR 4(10); HB-L kr; SRWR 7(11); RWR 8s(22),X; 4; -; 7; 8,OHUN 12 xd(2); OHUN 86 4(10); OHUN 04 kr; OHUN 15 7(11); OHUN 02 8s(22),,,SACK,,,5; ALSO D11 (LOLB); ALSO D24 (SCBL); ALSO D56 (NT); ALSO D90 (LEO); ALSO D94 (DRT),SACK,,,,,,+42,,,,ALSO D11,ALSO D24 > OHUN 15,ALSO D11 (U) OHUN 63,0,,,OHUN 09,0,ALSO D11,OHUN 63,0,,HB-L,HB-L (-5),R,1; OHUN 04 (HB-L),,,,,,P,ALSO D11,-7,OHUN 86* (L:R{L}),S,,ALSO D11,,,,,,ALSO D11 (R.C.N.) LOLB,,LWR^(-13.5); SLWR(-13.5); SRWR(+7.5); RWR^(+13.5),,0,5,0,0,0,,false,3,3,3.017,-1.384,,false,11,OHUN 04,OHUN 86,OHUN 02; OHUN 12; OHUN 15,GUN WEAK,SLOT - SLOT,LWR; SLWR; HB-L; SRWR; RWR,2x2,SLOT - SLOT,NICKEL,ALSO D02; ALSO D05; ALSO D08; ALSO D12; ALSO D24,ALSO D11; ALSO D17; ALSO D48,ALSO D56; ALSO D90; ALSO D94,UNDER,,COVER 3,,37,,3.224,-1.458,31255_7161297,31255-OHUN-1
7161377,31255,2026-09-19,2026,03,411559,556,1,2,08:27,0,1,0,7,0,1,9,5,0,,,,0,0,0,0,0,,0,7161297,7161393,,7.00,0,,20,0,,1.4,0,0,0,0,0,0,OHUN 02,6; ALSO D11 (27); ALSO D17 (22); ALSO D48 (21); ALSO D56 (15); ALSO D90 (22); ALSO D94 (29),,L,,,LCB (8); SSL (8); SSR (10); SCBR (3); RCB (6),SSL (06); LE (15); MLB (21); NT (22); MLB (22); RILB (27); RE (29); SSR (35),3-3-5,ALSO D02 (RCB); ALSO D05 (SSL); ALSO D08 (SSR); ALSO D11 (RILB); ALSO D12 (LCB); ALSO D17 (MLB); ALSO D24 (SCBR); ALSO D48 (MLB); ALSO D56 (LE); ALSO D90 (NT); ALSO D94 (RE),ALSO D02 (0.0); ALSO D05 (0.0); ALSO D08 (0.0); ALSO D11 (0.0); ALSO D12 (0.0); ALSO D17 (0.0); ALSO D24 (0.0); ALSO D48 (0.0); ALSO D56 (0.0); ALSO D90 (0.0); ALSO D94 (0.0),,T,ALSO,15,,LE (15); NT (22); RE (29),,TOUCHDOWN,+0,15,KICKOFF - RETURN,-22,7,SD,+42,ALSO D12,,,,5,,,L,R,,,,,,OHUN 02 (RWR); ALSO D12 (LCB),,,,,,,,,,MLB (2); MLB (4); RILB (3),,C,O,,LWR; SLWR^; HB-L; TE-R; RWR^,2x2,,3-0-1-1,11,OHUN 02; OHUN 04; OHUN 12; OHUN 15; OHUN 86,OHUN 02 (RWR); OHUN 04 (HB-L); OHUN 09 (QB); OHUN 12 (SLWR); OHUN 15 (LWR); OHUN 63 (RG); OHUN 72 (RT); OHUN 74 (LG); OHUN 75 (LT); OHUN 76 (C); OHUN 86 (TE-R),OHUN 02 (0.0); OHUN 04 (0.0); OHUN 09 (0.0); OHUN 12 (0.0); OHUN 15 (0.0); OHUN 63 (0.0); OHUN 72 (0.0); OHUN 74 (0.0); OHUN 75 (0.0); OHUN 76 (0.0); OHUN 86 (0.0),,F,OHUN,OHUN 02; OHUN 12,,6; OHUN 63 (RG); OHUN 72 (RT); OHUN 74 (LG); OHUN 75 (LT); OHUN 76 (C); OHUN 86 (TE-R),,3,ALSO D12,,8; ALSO D02; ALSO D05; ALSO D08; ALSO D11; ALSO D12; ALSO D17; ALSO D24; ALSO D48,5,M,OHUN 09 (QB),LWR 4(9); SLWR 4(10); HB-L fr; TE-R k; RWR 6(5),4; 4; -; -; 6,OHUN 15 4(9); OHUN 12 4(10); OHUN 04 fr; OHUN 86 k; OHUN 02 6(5),RWR,OHUN 02,COMPLETE,6(5),6R,3; ALSO D56 (LE); ALSO D90 (NT); ALSO D94 (RE),,36,5R,,,OHUN 04,+37,,,,,,,0,,,OHUN 09,0,,,0,,HB-L,HB-L (-5),,1; OHUN 04 (HB-L),,,,,,P,,-7,,S,,ALSO D12,,ALSO D12,,R,,,,LWR(-16.5); SLWR^(-14.5); RWR^(+9.5),,0,,0,0,0,,false,3,3,1.633,-0.595,Hitch,false,11,OHUN 04,OHUN 86,OHUN 02; OHUN 12; OHUN 15,GUN WEAK,SLOT - PRO,LWR; SLWR; HB-L; TE-R; RWR,2x2,SLOT - PRO,NICKEL,ALSO D02; ALSO D05; ALSO D08; ALSO D12; ALSO D24,ALSO D11; ALSO D17; ALSO D48,ALSO D56; ALSO D90; ALSO D94,ODD,SINGLE MUG,COVER 3,,42,,1.766,-0.26,31255_7161377,31255-OHUN-1
7161393,31255,2026-09-19,2026,03,411559,584,1,3,07:47,0,1,0,7,0,1,10,14,0,1,,,0,0,0,0,0,,0,7161377,7161452,,7.00,0,,21,0,,2.7,0,0,6,2,0,0,OHUN 15,7; ALSO D11 (22); ALSO D17 (36); ALSO D24 (10); ALSO D48 (36); ALSO D56 (27); ALSO D90 (08); ALSO D94 (18),,L,,,LCB (8); FS (13); SCBoR (4); RCB (6),LOLB (08); LLB (10); DLT (18); MLB (22); DRT (27); RLB (36); ROLB (36),3-3-5,ALSO D02 (RCB); ALSO D05 (SCBoR); ALSO D08 (FS); ALSO D11 (MLB); ALSO D12 (LCB); ALSO D17 (ROLB); ALSO D24 (LLB); ALSO D48 (RLB); ALSO D56 (DRT); ALSO D90 (LOLB); ALSO D94 (DLT),ALSO D02 (-1.0); ALSO D05 (0.0); ALSO D08 (0.0); ALSO D11 (0.0); ALSO D12 (0.0); ALSO D17 (0.0); ALSO D24 (0.0); ALSO D48 (-0.5); ALSO D56 (0.0); ALSO D90 (0.0); ALSO D94 (0.0),,F,ALSO,10,,DLT (18); DRT (27),,TOUCHDOWN,+0,15,KICKOFF - RETURN,-22,8,SD,+37,ALSO D08,,,,14,,,R,L,,,,,,OHUN 15 (SLoWR); ALSO D02 (RCB); ALSO D48 (RLB),,,,,,,,,,LOLB (0); LLB (4); MLB (4); RLB (4); ROLB (0),ALSO D02,C,C,ALSO D02; ALSO D48,LWR^; SLoWR; SLiWR; HB-L; RWR^,3x1,TE>SLiWR,3-0-1-1,11,OHUN 02; OHUN 04; OHUN 12; OHUN 15; OHUN 86,OHUN 02 (RWR); OHUN 04 (HB-L); OHUN 09 (QB); OHUN 12 (LWR); OHUN 15 (SLoWR); OHUN 63 (RG); OHUN 72 (RT); OHUN 74 (LG); OHUN 75 (LT); OHUN 76 (C); OHUN 86 (SLiWR),OHUN 02 (0.0); OHUN 04 (0.0); OHUN 09 (0.0); OHUN 12 (0.0); OHUN 15 (+0.5); OHUN 63 (0.0); OHUN 72 (0.0); OHUN 74 (0.0); OHUN 75 (0.0); OHUN 76 (0.0); OHUN 86 (0.0),,T,OHUN,OHUN 02; OHUN 12,,5; OHUN 63 (RG); OHUN 72 (RT); OHUN 74 (LG); OHUN 75 (LT); OHUN 76 (C),,3,ALSO D48,,7; ALSO D02; ALSO D05; ALSO D08; ALSO D11; ALSO D12; ALSO D24; ALSO D48,8,M,OHUN 09 (QB),LWR 6(16); SLoWR 36(8); SLiWR 9s; HB-L h66(2); RWR 3(11),6; 3; 9; H6; 3,OHUN 12 6(16); OHUN 15 36(8); OHUN 86 9s; OHUN 04 h66(2); OHUN 02 3(11),SLoWR,OHUN 15,COMPLETE,36(8),6R,4; ALSO D17 (ROLB); ALSO D56 (DRT); ALSO D90 (LOLB); ALSO D94 (DLT),,21,4,,,,+23,,,,OHUN 15,,,0,,,OHUN 09,0,,,0,,HB-L,HB-L (-5),,1; OHUN 04 (HB-L),,,,,,P,,-7,OHUN 15* (R:Lx),S,,,,ALSO D48,,,,,,LWR^(-17.5); SLoWR(-6.5); SLiWR(-2.5); RWR^(+17.5),,0,5,0,0,0,,false,3,3,1.038,3.045,Out-Hitch,false,11,OHUN 04,OHUN 86,OHUN 02; OHUN 12; OHUN 15,GUN STRONG,TRIPS - OPEN,LWR; SLoWR; SLiWR; HB-L; RWR,2x2,SLOT - SLOT,NICKEL,ALSO D02; ALSO D05; ALSO D08; ALSO D12; ALSO D24,ALSO D11; ALSO D17; ALSO D48,ALSO D56; ALSO D90; ALSO D94,WIDE OVER,,COVER 3,,37,,1.506,2.4,31255_7161393,31255-OHUN-1
7161452,31255,2026-09-19,2026,03,411559,612,1,1,06:59,1,0,0,7,0,1,11,4,0,,,,0,0,0,0,0,,0,7161393,7161812,,7.00,0,,22,0,3.4,5.2,0,0,,1,0,0,OHUN 09,6; ALSO D11 (09); ALSO D18 (17); ALSO D25 (35); ALSO D41 (28); ALSO D48 (22); ALSO D56 (22),,C,,,LCB (2); SCBL (3); SSL (10); SCBR (7); RCB (5),SSL (00); LOLB (09); DLT (17); NT (22); MLB (22); DRT (28); ROLB (35),3-3-5,ALSO D01 (SSL); ALSO D02 (RCB); ALSO D05 (SCBR); ALSO D11 (LOLB); ALSO D12 (LCB); ALSO D18 (DLT); ALSO D24 (SCBL); ALSO D25 (ROLB); ALSO D41 (DRT); ALSO D48 (MLB); ALSO D56 (NT),ALSO D01 (0.0); ALSO D02 (0.0); ALSO D05 (0.0); ALSO D11 (0.0); ALSO D12 (0.0); ALSO D18 (0.0); ALSO D24 (0.0); ALSO D25 (0.0); ALSO D41 (0.0); ALSO D48 (0.0); ALSO D56 (0.0),ALSO D01; ALSO D18; ALSO D25; ALSO D41,F,ALSO,10,,DLT (17); NT (22); DRT (28),,TOUCHDOWN,+0,15,KICKOFF - RETURN,-22,8,SR,+23,ALSO D02,,,,4,,,C,C,,ALSO D25,,,,ALSO D25 (ROLB),,,,,,,,,,LOLB (0); MLB (2); ROLB (0),,O,O,,LWR^; SLWR; HB-R; SRWR; RWR^,2x2,TE>SLWR,3-0-1-1,11,OHUN 02; OHUN 12; OHUN 15; OHUN 24; OHUN 86,OHUN 02 (RWR); OHUN 09 (QB); OHUN 12 (LWR); OHUN 15 (SRWR); OHUN 24 (HB-R); OHUN 63 (RG); OHUN 72 (RT); OHUN 74 (LG); OHUN 75 (LT); OHUN 76 (C); OHUN 86 (SLWR),OHUN 02 (0.0); OHUN 09 (0.0); OHUN 12 (0.0); OHUN 15 (0.0); OHUN 24 (0.0); OHUN 63 (0.0); OHUN 72 (0.0); OHUN 74 (0.0); OHUN 75 (0.0); OHUN 76 (0.0); OHUN 86 (0.0),OHUN 24,T,OHUN,OHUN 02; OHUN 12,,6; OHUN 24 (HB-R); OHUN 63 (RG); OHUN 72 (RT); OHUN 74 (LG); OHUN 75 (LT); OHUN 76 (C),,4b,,,7; ALSO D01; ALSO D02; ALSO D05; ALSO D11; ALSO D12; ALSO D24; ALSO D25,,X,OHUN 09 (QB),LWR 6(4); SLWR 2(5); HB-R kr; SRWR xo(20); RWR 46(5),6; 2; -; X; 4,OHUN 12 6(4); OHUN 86 2(5); OHUN 24 kr; OHUN 15 xo(20); OHUN 02 46(5),,,RUN,,,4; ALSO D18 (DLT); ALSO D41 (DRT); ALSO D48 (MLB); ALSO D56 (NT),HURRY,,,,,,+19,QB SCRAMBLE,,QB SCRAMBLE,,ALSO D12 > OHUN 02,ALSO D25 (P),0,,ALSO D25,OHUN 09,1,ALSO D25,,0,C,HB-R,HB-R (-5),R,1; OHUN 24 (HB-R),,,,,,P,,-7,OHUN 24 (B:B),S,,ALSO D02,,ALSO D02,,,,,,LWR^(-15.5); SLWR(-10.5); SRWR(+11.5); RWR^(+16.5),,0,2,0,0,0,,false,3,3,4.083,-0.054,,false,11,OHUN 24,OHUN 86,OHUN 02; OHUN 12; OHUN 15,GUN STRONG,SLOT - SLOT,LWR; SLWR; HB-R; SRWR; RWR,2x2,SLOT - SLOT,NICKEL,ALSO D01; ALSO D02; ALSO D05; ALSO D12; ALSO D24,ALSO D11; ALSO D25; ALSO D48,ALSO D18; ALSO D41; ALSO D56,BEAR,SINGLE MUG,COVER 4,,23,,3.906,0.028,31255_7161452,31255-OHUN-1
7161812,31255,2026-09-19,2026,03,411559,638,1,2,06:11,1,0,0,7,0,1,12,,0,,,,0,0,0,0,0,,1,7161452,7161835,,7.00,0,,23,0,2.5,3.4,0,0,,,0,0,,7; ALSO D02 (36); ALSO D11 (12); ALSO D18 (36); ALSO D25 (10); ALSO D41 (27); ALSO D48 (24); ALSO D56 (21),,C,,,LCB (2); SCBL (3); SSL (9); SSR (9),SSL (00); LOLB (10); LLB (12); NLT (21); RILB (24); DRT (27); RLB (36); ROLB (36); SSR (44),3-3-5,ALSO D01 (SSL); ALSO D02 (RLB); ALSO D05 (SSR); ALSO D08 (SCBL); ALSO D11 (LLB); ALSO D12 (LCB); ALSO D18 (ROLB); ALSO D25 (LOLB); ALSO D41 (DRT); ALSO D48 (RILB); ALSO D56 (NLT),ALSO D01 (0.0); ALSO D02 (0.0); ALSO D05 (0.0); ALSO D08 (0.0); ALSO D11 (0.0); ALSO D12 (0.0); ALSO D18 (0.0); ALSO D25 (0.0); ALSO D41 (0.0); ALSO D48 (0.0); ALSO D56 (0.0),ALSO D08,T,ALSO,6,,NLT (21); DRT (27),,TOUCHDOWN,+0,15,KICKOFF - RETURN,-22,0,RL,+19,,,,,0,,,L,R,,ALSO D41,TA,,,ALSO D41 (DRT),,,,,,,,,,LOLB (0); LLB (4); RILB (4); RLB (6); ROLB (0),,C,O,,TE-L^; HB; TE-R; SRWR; RWR^,1x3,,2-0-1-2,12,OHUN 03; OHUN 15; OHUN 24; OHUN 84; OHUN 86,OHUN 03 (RWR); OHUN 09 (QB); OHUN 15 (SRWR); OHUN 24 (HB); OHUN 63 (RG); OHUN 72 (RT); OHUN 74 (LG); OHUN 75 (LT); OHUN 76 (C); OHUN 84 (TE-R); OHUN 86 (TE-L),OHUN 03 (0.0); OHUN 09 (0.0); OHUN 15 (0.0); OHUN 24 (0.0); OHUN 63 (0.0); OHUN 72 (0.0); OHUN 74 (0.0); OHUN 75 (0.0); OHUN 76 (0.0); OHUN 84 (0.0); OHUN 86 (0.0),OHUN 03; OHUN 84,F,OHUN,OHUN 03; OHUN 86,,5; OHUN 63 (RG); OHUN 72 (RT); OHUN 74 (LG); OHUN 75 (LT); OHUN 76 (C),,3b,,,7; ALSO D01; ALSO D02; ALSO D05; ALSO D11; ALSO D12; ALSO D18; ALSO D48,,X,OHUN 09 (QB),TE-L 7(7); HB fl; TE-R xu(-2); SRWR 2(0); RWR 2(1),7; -; X; 2; 2,OHUN 86 7(7); OHUN 24 fl; OHUN 84 xu(-2); OHUN 15 2(0); OHUN 03 2(1),,,THROWN AWAY,,,4; ALSO D08 (SCBL); ALSO D25 (LOLB); ALSO D41 (DRT); ALSO D56 (NLT),HURRY,,,,P,OHUN 24,+19,,,,,ALSO D12 > OHUN 03,ALSO D41 (U),0,,,OHUN 09,0,ALSO D41,,0,,HB,HB (-7),,1; OHUN 24 (HB),,,,MAN,,P,,-7,,S,,,,,,L;R,,ALSO D41 (L.C.D.) DRT,,SRWR(+7.5); RWR^(+15.5),,1,8,0,0,0,,false,3,2,4.029,-0.567,,false,12,OHUN 24,OHUN 84; OHUN 86,OHUN 03; OHUN 15,PISTOL,TREY - CLOSED,TE-L; HB; TE-R; SRWR; RWR,1x3,TREY - CLOSED,NICKEL,ALSO D01; ALSO D02; ALSO D05; ALSO D08; ALSO D12,ALSO D11; ALSO D25; ALSO D48,ALSO D18; ALSO D41; ALSO D56,OVER,,COVER 3,,19,,3.934,-0.774,31255_7161812,31255-OHUN-1
7161835,31255,2026-09-19,2026,03,411559,664,1,3,06:05,0,1,0,7,0,1,13,11,0,1,,,0,0,0,0,0,,0,7161812,7161884,,7.00,0,,24,0,,1.9,0,0,3,3,0,0,OHUN 03,7; ALSO D05 (07); ALSO D11 (36); ALSO D18 (35); ALSO D25 (08); ALSO D41 (27); ALSO D48 (22); ALSO D56 (21),,L,OHUN 04,,LCB (2); SCBL (6); FS (14); RCB (2),LLB (07); LOLB (08); NLT (21); MLB (22); DRT (27); REO (35); RLB (36),3-3-5,ALSO D01 (SCBL); ALSO D02 (RCB); ALSO D05 (LLB); ALSO D11 (RLB); ALSO D12 (LCB); ALSO D18 (REO); ALSO D24 (FS); ALSO D25 (LOLB); ALSO D41 (DRT); ALSO D48 (MLB); ALSO D56 (NLT),ALSO D01 (0.0); ALSO D02 (0.0); ALSO D05 (0.0); ALSO D11 (0.0); ALSO D12 (-0.5); ALSO D18 (0.0); ALSO D24 (0.0); ALSO D25 (0.0); ALSO D41 (0.0); ALSO D48 (0.0); ALSO D56 (0.0),ALSO D24,F,ALSO,6,,NLT (21); DRT (27); REO (35),,TOUCHDOWN,+0,15,KICKOFF - RETURN,-22,6,SD,+19,ALSO D12,,,,11,,,L,R,,,,,,OHUN 03 (RWR); OHUN 09 (QB); ALSO D12 (LCB),,,,,,,,,,LOLB (0); LLB (4); MLB (4); RLB (4),,C,C,ALSO D12,LWR^; TE-L; HB-R; SRWR; RWR^,2x2,,3-0-1-1,11,OHUN 03; OHUN 04; OHUN 12; OHUN 15; OHUN 86,OHUN 03 (RWR); OHUN 04 (HB-R); OHUN 09 (QB); OHUN 12 (LWR); OHUN 15 (SRWR); OHUN 63 (RG); OHUN 72 (RT); OHUN 74 (LG); OHUN 75 (LT); OHUN 76 (C); OHUN 86 (TE-L),OHUN 03 (+0.5); OHUN 04 (0.0); OHUN 09 (+0.5); OHUN 12 (0.0); OHUN 15 (0.0); OHUN 63 (0.0); OHUN 72 (0.0); OHUN 74 (0.0); OHUN 75 (0.0); OHUN 76 (0.0); OHUN 86 (0.0),OHUN 04; OHUN 12,T,OHUN,OHUN 03; OHUN 12,,5; OHUN 63 (RG); OHUN 72 (RT); OHUN 74 (LG); OHUN 75 (LT); OHUN 76 (C),,1,ALSO D12,,7; ALSO D01; ALSO D02; ALSO D05; ALSO D11; ALSO D12; ALSO D24; ALSO D48,8,M,OHUN 09 (QB),LWR 6(7); TE-L 26(4); HB-R krh66(2); SRWR 1; RWR 2(2),6; 6; H6; 3; 2,OHUN 12 6(7); OHUN 86 26(4); OHUN 04 krh66(2); OHUN 15 1; OHUN 03 2(2),RWR,OHUN 03,COMPLETE,2(2),2R,4; ALSO D18 (REO); ALSO D25 (LOLB); ALSO D41 (DRT); ALSO D56 (NLT),,31,4,,,,+8,,,,OHUN 03; OHUN 09,ALSO D02 > OHUN 12; ALSO D12 > OHUN 03,,0,,,OHUN 09,0,,,0,,HB-R,HB-R (-5),R,1; OHUN 04 (HB-R),,,,,,P,,-7,OHUN 15* (L:Rx),S,,,,ALSO D12,,L,,,,LWR^(-19.5); SRWR(+7.5); RWR^(+13.5),1; ALSO D12,0,4,0,0,0,,false,3,2,3.462,1.701,Slant,false,11,OHUN 04,OHUN 86,OHUN 03; OHUN 12; OHUN 15,GUN WEAK,SLOT - PRO,LWR; TE-L; HB-R; SRWR; RWR,3x1,TREY - OPEN,NICKEL,ALSO D01; ALSO D02; ALSO D05; ALSO D12; ALSO D24,ALSO D11; ALSO D25; ALSO D48,ALSO D18; ALSO D41; ALSO D56,OVER,,COVER 1,,19,,3.16,1.532,31255_7161835,31255-OHUN-1
7161884,31255,2026-09-19,2026,03,411559,692,1,1,05:26,0,,0,7,0,1,14,3,0,,,,0,0,0,0,0,,0,7161835,7161936,,7.00,0,,25,0,,,0,0,,2,0,0,OHUN 04,7; ALSO D05 (36); ALSO D11 (09); ALSO D18 (34); ALSO D25 (11); ALSO D41 (17); ALSO D48 (21); ALSO D56 (23),,,,,LCB (7); SCBL (2); SSL (8); RCB (1),SSL (08); LLB (09); LEO (11); DLT (17); MLB (21); NRT (23); REO (34); RLB (36),3-3-5,ALSO D01 (SSL); ALSO D02 (RCB); ALSO D05 (RLB); ALSO D11 (LLB); ALSO D12 (LCB); ALSO D18 (REO); ALSO D24 (SCBL); ALSO D25 (LEO); ALSO D41 (DLT); ALSO D48 (MLB); ALSO D56 (NRT),ALSO D01 (0.0); ALSO D02 (0.0); ALSO D05 (0.0); ALSO D11 (0.0); ALSO D12 (0.0); ALSO D18 (0.0); ALSO D24 (0.0); ALSO D25 (+0.5); ALSO D41 (-0.5); ALSO D48 (0.0); ALSO D56 (+0.5),,T,ALSO,8,,LEO (11); DLT (17); NRT (23); REO (34),,TOUCHDOWN,+0,15,KICKOFF - RETURN,-22,,,+8,ALSO D25,,,,3,,,C,C,,,,,,OHUN 72 (RT); OHUN 76 (C); OHUN 86 (TE-R); ALSO D25 (LEO); ALSO D41 (DLT); ALSO D56 (NRT),,,,,,,,,,LLB (4); MLB (4); RLB (4),,C,C,OHUN 76; OHUN 86; ALSO D41,LWR^; HB; TE-R; SRWR; RWR^,1x3,,3-0-1-1,11,OHUN 03; OHUN 04; OHUN 12; OHUN 15; OHUN 86,OHUN 03 (RWR); OHUN 04 (HB); OHUN 09 (QB); OHUN 12 (LWR); OHUN 15 (SRWR); OHUN 63 (RG); OHUN 72 (RT); OHUN 74 (LG); OHUN 75 (LT); OHUN 76 (C); OHUN 86 (TE-R),OHUN 03 (0.0); OHUN 04 (0.0); OHUN 09 (0.0); OHUN 12 (0.0); OHUN 15 (0.0); OHUN 63 (0.0); OHUN 72 (+0.5); OHUN 74 (0.0); OHUN 75 (0.0); OHUN 76 (-0.5); OHUN 86 (-0.5),,F,OHUN,OHUN 03; OHUN 12,,,,1,,,,,,,LWR r; HB r; TE-R r; SRWR 0u(-2); RWR z,-; -; -; 0; -,OHUN 12 r; OHUN 04 r; OHUN 86 r; OHUN 15 0u(-2); OHUN 03 z,,,,,,,,,,,P,,+5,RT,,RT,OHUN 72; ALSO D25; ALSO D56,ALSO D02 > OHUN 12; ALSO D24 > OHUN 15,,0,,,OHUN 09,0,,,0,,HB,HB (-7),R,1; OHUN 04 (HB),,,,MAN,,R,,-7,,S,,ALSO D25,,ALSO D25,ALSO D56,R,,,,LWR^(-13.5); SRWR(+11.5); RWR^(+16.5),,1,7,0,0,0,,true,3,2,5.163,-0.127,,false,11,OHUN 04,OHUN 86,OHUN 03; OHUN 12; OHUN 15,PISTOL,TREY - OPEN,LWR; HB; TE-R; SRWR; RWR,1x3,TREY - OPEN,NICKEL,ALSO D01; ALSO D02; ALSO D05; ALSO D12; ALSO D24,ALSO D11; ALSO D25; ALSO D48,ALSO D18; ALSO D41; ALSO D56,OVER,,COVER 1,,8,,4.692,-0.094,31255_7161884,31255-OHUN-1
7161936,31255,2026-09-19,2026,03,411559,718,1,2,04:41,1,1,0,7,0,1,15,5,0,1,,,0,0,0,0,0,,0,7161884,7161949,,7.00,0,,26,0,,2.0,0,0,0,0,0,0,OHUN 15,7; ALSO D11 (21); ALSO D18 (35); ALSO D24 (02); ALSO D25 (09); ALSO D41 (17); ALSO D48 (40); ALSO D56 (25),,L,,,LCB (2); SCBL (5); SCBR (6); RCB (2),LLB (02); LOLB (09); DLT (17); MLB (21); DRT (25); REO (35); RLB (40),3-3-5,ALSO D01 (SCBL); ALSO D02 (RCB); ALSO D05 (SCBR); ALSO D11 (MLB); ALSO D12 (LCB); ALSO D18 (REO); ALSO D24 (LLB); ALSO D25 (LOLB); ALSO D41 (DLT); ALSO D48 (RLB); ALSO D56 (DRT),ALSO D01 (-1.0); ALSO D02 (0.0); ALSO D05 (0.0); ALSO D11 (0.0); ALSO D12 (0.0); ALSO D18 (0.0); ALSO D24 (0.0); ALSO D25 (0.0); ALSO D41 (0.0); ALSO D48 (0.0); ALSO D56 (0.0),,F,ALSO,5,,DLT (17); DRT (25); REO (35),,TOUCHDOWN,+0,15,KICKOFF - RETURN,-22,6,SD,+5,,,,,5,,,C,C,,,,,,OHUN 09 (QB); OHUN 15 (SRWR); ALSO D01 (SCBL),,,,,,,,,,LOLB (0); LLB (2); MLB (3); RLB (3),,O,O,ALSO D01,LWR^; SLWR; HB-R; SRWR; RWR^,2x2,TE>SLWR,3-0-1-1,11,OHUN 03; OHUN 04; OHUN 12; OHUN 15; OHUN 86,OHUN 03 (RWR); OHUN 04 (HB-R); OHUN 09 (QB); OHUN 12 (LWR); OHUN 15 (SRWR); OHUN 63 (RG); OHUN 72 (RT); OHUN 74 (LG); OHUN 75 (LT); OHUN 76 (C); OHUN 86 (SLWR),OHUN 03 (0.0); OHUN 04 (0.0); OHUN 09 (+0.5); OHUN 12 (0.0); OHUN 15 (+0.5); OHUN 63 (0.0); OHUN 72 (0.0); OHUN 74 (0.0); OHUN 75 (0.0); OHUN 76 (0.0); OHUN 86 (0.0),,T,OHUN,OHUN 03; OHUN 12,,6; OHUN 04 (HB-R); OHUN 63 (RG); OHUN 72 (RT); OHUN 74 (LG); OHUN 75 (LT); OHUN 76 (C),,0b,ALSO D01,,5; ALSO D01; ALSO D02; ALSO D05; ALSO D11; ALSO D12,6,M,OHUN 09 (QB),LWR 2(0); SLWR 63(5); HB-R kr; SRWR 12(2); RWR 2(0),2; 3; -; 4; 2,OHUN 12 2(0); OHUN 86 63(5); OHUN 04 kr; OHUN 15 12(2); OHUN 03 2(0),SRWR,OHUN 15,COMPLETE,12(2),12R,6; ALSO D18 (REO); ALSO D24 (LLB); ALSO D25 (LOLB); ALSO D41 (DLT); ALSO D48 (RLB); ALSO D56 (DRT),,33,4,,,,+0,,,,OHUN 09; OHUN 15,ALSO D02 > OHUN 12; ALSO D12 > OHUN 03,,0,,,OHUN 09,0,,,0,,HB-R,HB-R (-5),R,1; OHUN 04 (HB-R),,,,,,P,,-7,OHUN 04 (B:B),S,,,,,,,OHUN 15,,,LWR^(-18.5); SLWR(-11.5); SRWR(+10.5); RWR^(+15.5),,0,4,0,0,0,,false,3,2,5.036,1.964,Whip-In,false,11,OHUN 04,OHUN 86,OHUN 03; OHUN 12; OHUN 15,GUN STRONG,SLOT - SLOT,LWR; SLWR; HB-R; SRWR; RWR,2x2,SLOT - SLOT,NICKEL,ALSO D01; ALSO D02; ALSO D05; ALSO D12; ALSO D24,ALSO D11; ALSO D25; ALSO D48,ALSO D18; ALSO D41; ALSO D56,WIDE OVER,,COVER 0,,5,,4.598,2.402,31255_7161936,31255-OHUN-1
7162796,31255,2026-09-19,2026,03,411559,1019,1,1,01:33,1,,0,14,0,2,1,2,0,,,,0,0,0,7,1,,0,7162740,7162804,,14.07,0,,38,0,,,0,0,,2,0,0,OHUN 04,5; ALSO D11 (25); ALSO D17 (09); ALSO D18 (33); ALSO D41 (26); ALSO D56 (18),,,,,LCB (7); SCBL (3); SSL (9); FSR (11); SCBR (2); RCB (7),SSL (08); LEO (09); DLT (18); RILB (25); DRT (26); REO (33),3-3-5,ALSO D02 (RCB); ALSO D05 (SSL); ALSO D08 (FSR); ALSO D11 (RILB); ALSO D12 (LCB); ALSO D17 (LEO); ALSO D18 (REO); ALSO D24 (SCBR); ALSO D41 (DRT); ALSO D48 (SCBL); ALSO D56 (DLT),ALSO D02 (0.0); ALSO D05 (0.0); ALSO D08 (0.0); ALSO D11 (0.0); ALSO D12 (0.0); ALSO D17 (0.0); ALSO D18 (+0.5); ALSO D24 (0.0); ALSO D41 (0.0); ALSO D48 (+0.5); ALSO D56 (0.0),DRIVE START,T,ALSO,10,,LEO (09); DLT (18); DRT (26); REO (33),,INTERCEPTION,-36,4,KICKOFF - RETURN,-22,,,-22,ALSO D18,,,,2,,,R,L,,,,,,OHUN 74 (LG); OHUN 76 (C); OHUN 84 (SRWR); ALSO D18 (REO); ALSO D41 (DRT); ALSO D48 (SCBL),,,,,,,,,,RILB (4),,C,O,OHUN 84,LWR^; SLWR; HB; SRWR; RWR^,2x2,TE>SRWR,3-0-1-1,11,OHUN 03; OHUN 04; OHUN 12; OHUN 15; OHUN 84,OHUN 03 (RWR); OHUN 04 (HB); OHUN 09 (QB); OHUN 12 (LWR); OHUN 15 (SLWR); OHUN 63 (RG); OHUN 72 (RT); OHUN 74 (LG); OHUN 75 (LT); OHUN 76 (C); OHUN 84 (SRWR),OHUN 03 (0.0); OHUN 04 (0.0); OHUN 09 (0.0); OHUN 12 (0.0); OHUN 15 (0.0); OHUN 63 (0.0); OHUN 72 (0.0); OHUN 74 (0.0); OHUN 75 (0.0); OHUN 76 (0.0); OHUN 84 (-0.5),DRIVE START,F,OHUN,OHUN 03; OHUN 12,,,,3b,,,,,,,LWR z; SLWR 0u(0); HB r; SRWR r; RWR r,-; 0; -; -; -,OHUN 12 z; OHUN 15 0u(0); OHUN 04 r; OHUN 84 r; OHUN 03 r,,,,,,,,,,,P,,-24,LG,,LG,ALSO D18; ALSO D48,ALSO D24 > OHUN 15,,0,,,OHUN 09,0,,,0,,HB,HB (-7),L,1; OHUN 04 (HB),,,,MAN,CROSS LEAD;READ OPTION,R,,-7,OHUN 84* (R:L{R}),S,,ALSO D18,,ALSO D18,ALSO D48,,,,,LWR^(-14.5); SLWR(-6.5); SRWR(+15.5); RWR^(+16.5),,1,4,0,0,0,,false,3,2,-0.196,-0.602,,false,11,OHUN 04,OHUN 84,OHUN 03; OHUN 12; OHUN 15,PISTOL,SLOT - SLOT,LWR; SLWR; HB; SRWR; RWR,2x2,SLOT - SLOT,NICKEL,ALSO D02; ALSO D05; ALSO D08; ALSO D12; ALSO D24,ALSO D11; ALSO D17; ALSO D48,ALSO D18; ALSO D41; ALSO D56,EVEN,,COVER 3,,78,,0.012,-0.62,31255_7162796,31255-OHUN-2
7162804,31255,2026-09-19,2026,03,411559,1045,1,2,00:49,1,,0,14,0,2,2,3,0,,,,0,0,0,7,1,,0,7162796,7162847,,14.07,0,,39,0,,,0,0,,3,0,0,OHUN 04,6; ALSO D11 (09); ALSO D17 (37); ALSO D18 (16); ALSO D41 (28); ALSO D48 (22); ALSO D56 (22),,,,,LCB (7); SCBL (2); FSL (11); SSR (8); RCB (7),LOLB (09); DLT (16); NT (22); MLB (22); DRT (28); ROLB (37); SSR (38),3-3-5,ALSO D02 (RCB); ALSO D05 (SSR); ALSO D08 (FSL); ALSO D11 (LOLB); ALSO D12 (LCB); ALSO D17 (ROLB); ALSO D18 (DLT); ALSO D24 (SCBL); ALSO D41 (DRT); ALSO D48 (MLB); ALSO D56 (NT),ALSO D02 (0.0); ALSO D05 (0.0); ALSO D08 (0.0); ALSO D11 (-0.5); ALSO D12 (0.0); ALSO D17 (0.0); ALSO D18 (0.0); ALSO D24 (0.0); ALSO D41 (0.0); ALSO D48 (0.0); ALSO D56 (0.0),,T,ALSO,8,,DLT (16); NT (22); DRT (28),,INTERCEPTION,-36,4,KICKOFF - RETURN,-22,,,-24,ALSO D24,,,,3,,,R,L,,,,,,OHUN 63 (RG); OHUN 72 (RT); ALSO D11 (LOLB); ALSO D18 (DLT),,,,,,,,,,LOLB (0); MLB (5); ROLB (0),,C,O,ALSO D11,LWR^; TE-L; HB; SRWR; RWR^,2x2,,3-0-1-1,11,OHUN 02; OHUN 03; OHUN 04; OHUN 15; OHUN 84,OHUN 02 (LWR); OHUN 03 (RWR); OHUN 04 (HB); OHUN 09 (QB); OHUN 15 (SRWR); OHUN 63 (RG); OHUN 72 (RT); OHUN 74 (LG); OHUN 75 (LT); OHUN 76 (C); OHUN 84 (TE-L),OHUN 02 (0.0); OHUN 03 (0.0); OHUN 04 (0.0); OHUN 09 (0.0); OHUN 15 (0.0); OHUN 63 (0.0); OHUN 72 (+0.5); OHUN 74 (0.0); OHUN 75 (0.0); OHUN 76 (0.0); OHUN 84 (0.0),OHUN 02,F,OHUN,OHUN 02; OHUN 03,,,,3b,,,,,,,LWR r; TE-L r; HB r; SRWR 0u(0); RWR z,-; -; -; 0; -,OHUN 02 r; OHUN 84 r; OHUN 04 r; OHUN 15 0u(0); OHUN 03 z,,,,,,,,,,,P,,-27,RG,,RG,OHUN 72,ALSO D24 > OHUN 15,,0,,,OHUN 09,0,,,0,,HB,HB (-7),L,1; OHUN 04 (HB),,,,MAN,READ OPTION,R,,-7,Y,S,,ALSO D24,,ALSO D24,,L,,,,LWR^(-12.5); SRWR(+14.5); RWR^(+20.5),,1,3,0,0,0,,false,3,2,-0.798,-0.125,,false,11,OHUN 04,OHUN 84,OHUN 02; OHUN 03; OHUN 15,PISTOL,SLOT - PRO,LWR; TE-L; HB; SRWR; RWR,2x2,SLOT - PRO,NICKEL,ALSO D02; ALSO D05; ALSO D08; ALSO D12; ALSO D24,ALSO D11; ALSO D17; ALSO D48,ALSO D18; ALSO D41; ALSO D56,BEAR,,COVER 3,,76,,-0.608,-0.556,31255_7162804,31255-OHUN-2
7162847,31255,2026-09-19,2026,03,411559,1071,1,3,00:08,0,0,0,14,0,2,3,9,0,1,,,0,0,0,7,0,,0,7162804,7163138,,14.07,0,,40,1,2.7,5.1,0,0,,0,0,0,OHUN 09,6; ALSO D11 (18); ALSO D17 (37); ALSO D18 (10); ALSO D41 (16); ALSO D48 (38); ALSO D56 (25),,R,,,LCB (7); SCBL (2); FSL (11); SCBR (2); RCB (8),LEO (10); DLT (16); LILB (18); DRT (25); ROLB (37); RLB (38),3-3-5,ALSO D02 (SCBR); ALSO D05 (RCB); ALSO D08 (FSL); ALSO D11 (LILB); ALSO D12 (LCB); ALSO D17 (ROLB); ALSO D18 (LEO); ALSO D24 (SCBL); ALSO D41 (DLT); ALSO D48 (RLB); ALSO D56 (DRT),ALSO D02 (0.0); ALSO D05 (0.0); ALSO D08 (0.0); ALSO D11 (0.0); ALSO D12 (0.0); ALSO D17 (0.0); ALSO D18 (0.0); ALSO D24 (0.0); ALSO D41 (0.0); ALSO D48 (0.0); ALSO D56 (0.0),,F,ALSO,5,,LEO (10); DLT (16); DRT (25),,INTERCEPTION,-36,4,KICKOFF - RETURN,-22,7,SL,-27,,,,,9,,,R,L,,,,,,OHUN 09 (QB),,,,,,,,,,LILB (4); RLB (5); ROLB (0),,C,C,,LWR; SLWR^; HB-R; SRWR; RWR^,2x2,TE>LWR,3-0-1-1,11,OHUN 02; OHUN 03; OHUN 04; OHUN 15; OHUN 84,OHUN 02 (RWR); OHUN 03 (SLWR); OHUN 04 (HB-R); OHUN 09 (QB); OHUN 15 (SRWR); OHUN 63 (RG); OHUN 72 (RT); OHUN 74 (LG); OHUN 75 (LT); OHUN 76 (C); OHUN 84 (LWR),OHUN 02 (0.0); OHUN 03 (0.0); OHUN 04 (0.0); OHUN 09 (+0.5); OHUN 15 (0.0); OHUN 63 (0.0); OHUN 72 (0.0); OHUN 74 (0.0); OHUN 75 (0.0); OHUN 76 (0.0); OHUN 84 (0.0),,T,OHUN,OHUN 02; OHUN 03,,5; OHUN 63 (RG); OHUN 72 (RT); OHUN 74 (LG); OHUN 75 (LT); OHUN 76 (C),,3S,,,7; ALSO D02; ALSO D05; ALSO D08; ALSO D11; ALSO D12; ALSO D24; ALSO D48,,X,OHUN 09 (QB),LWR 9; SLWR 2(1); HB-R h76(1); SRWR 9o; RWR xo(18),9; 2; H7; 9; X,OHUN 84 9; OHUN 03 2(1); OHUN 04 h76(1); OHUN 15 9o; OHUN 02 xo(18),,,RUN,,,4; ALSO D17 (ROLB); ALSO D18 (LEO); ALSO D41 (DLT); ALSO D56 (DRT),,,,,,,-36,QB SCRAMBLE,,QB SCRAMBLE,OHUN 09,ALSO D02 > OHUN 03; ALSO D24 > OHUN 15,,0,,,OHUN 09,1,,,0,C,HB-R,HB-R (-4),,1; OHUN 04 (HB-R),,,,,,P,,-7,OHUN 84* (R:Lx),S,,,,,,,,,,LWR(-14.5); SLWR^(-6.5); SRWR(+14.5); RWR^(+17.5),,0,6,0,0,0,SLID,false,3,2,-0.923,1.985,,false,11,OHUN 04,OHUN 84,OHUN 02; OHUN 03; OHUN 15,GUN WEAK,SLOT - SLOT,LWR; SLWR; HB-R; SRWR; RWR,1x3,TREY - OPEN,NICKEL,ALSO D02; ALSO D05; ALSO D08; ALSO D12; ALSO D24,ALSO D11; ALSO D17; ALSO D48,ALSO D18; ALSO D41; ALSO D56,WIDE UNDER,,COVER 3 SEAM,,73,,-1.164,2.425,31255_7162847,31255-OHUN-2
7163138,31255,2026-09-19,2026,03,411559,1106,2,1,15:00,0,0,1,14,0,2,4,,0,,,,0,0,0,7,0,15,1,7162847,7163182,,14.07,0,,41,0,2.6,3.5,0,0,,,0,0,,8; ALSO D05 (08); ALSO D08 (44); ALSO D11 (27); ALSO D17 (13); ALSO D18 (35); ALSO D41 (17); ALSO D48 (20); ALSO D56 (25),,L,,,LCB (6); FS (15); RCB (7),LLB (08); LE (13); DLT (17); LILB (20); DRT (25); RILB (27); REO (35); RLB (44),3-3-5,ALSO D01 (FS); ALSO D02 (RCB); ALSO D05 (LLB); ALSO D08 (RLB); ALSO D11 (RILB); ALSO D12 (LCB); ALSO D17 (LE); ALSO D18 (REO); ALSO D41 (DLT); ALSO D48 (LILB); ALSO D56 (DRT),ALSO D01 (+0.5); ALSO D02 (0.0); ALSO D05 (0.0); ALSO D08 (0.0); ALSO D11 (0.0); ALSO D12 (0.0); ALSO D17 (0.0); ALSO D18 (0.0); ALSO D41 (0.0); ALSO D48 (+0.5); ALSO D56 (0.0),ALSO D01,T,ALSO,10,,LE (13); DLT (17); DRT (25); REO (35),,INTERCEPTION,-36,4,KICKOFF - RETURN,-22,9,SD,-36,,,,,0,,,R,L,,ALSO D48,IF,,ALSO D01,OHUN 09 (QB); OHUN 22 (HB); OHUN 84 (FB-L); ALSO D01 (FS); ALSO D48 (LILB),,,,,,,,,,LLB (4); LILB (3); RILB (3); RLB (3),,C,C,OHUN 09; OHUN 22; OHUN 84,LWR^; FB-L; HB; TE-R^; RWR,1x2,TE>FB-L,2-0-1-2,12,OHUN 02; OHUN 03; OHUN 22; OHUN 33; OHUN 84,OHUN 02 (RWR); OHUN 03 (LWR); OHUN 09 (QB); OHUN 22 (HB); OHUN 33 (TE-R); OHUN 63 (RG); OHUN 72 (RT); OHUN 74 (LG); OHUN 75 (LT); OHUN 76 (C); OHUN 84 (FB-L),OHUN 02 (0.0); OHUN 03 (0.0); OHUN 09 (-1.0); OHUN 22 (-0.5); OHUN 33 (0.0); OHUN 63 (0.0); OHUN 72 (0.0); OHUN 74 (0.0); OHUN 75 (0.0); OHUN 76 (0.0); OHUN 84 (-1.0),OHUN 22; OHUN 33,F,OHUN,OHUN 03; OHUN 33,,7; OHUN 22 (HB); OHUN 33 (TE-R); OHUN 63 (RG); OHUN 72 (RT); OHUN 74 (LG); OHUN 75 (LT); OHUN 76 (C),,3,ALSO D01,,7; ALSO D01; ALSO D02; ALSO D05; ALSO D08; ALSO D11; ALSO D12; ALSO D48,21,M,OHUN 09 (QB),LWR xo(19); FB-L h21(-2); HB frkr; TE-R k; RWR 9s,X; H4; -; -; 9,OHUN 03 xo(19); OHUN 84 h21(-2); OHUN 22 frkr; OHUN 33 k; OHUN 02 9s,LWR,OHUN 03,INTERCEPTION,xo(19),XR,4; ALSO D17 (LE); ALSO D18 (REO); ALSO D41 (DLT); ALSO D56 (DRT),HURRY,40,5R,OHUN 84 UNR,P,OHUN 22,-36,,,,ALSO D01; ALSO D48,,ALSO D48 (BOR) OHUN 22,0,,,OHUN 09,0,ALSO D48,OHUN 22,0,,HB; FB-L,HB (-7); FB-L (-2),R,2; OHUN 22 (HB); OHUN 84 (FB-L),,,,MAN,,P,,-7,OHUN 02* (R:L{R}); OHUN 84 (L:B),S,,,,,,R,,,,LWR^(-8.5); RWR(+17.5),,0,8,0,0,1,,false,3,2,1.062,-5.093,Over,false,12,OHUN 22,OHUN 33; OHUN 84,OHUN 02; OHUN 03,PISTOL I WEAK,PRO - OPEN,LWR; FB-L; HB; TE-R; RWR,2x2,PRO - PRO,NICKEL,ALSO D01; ALSO D02; ALSO D05; ALSO D08; ALSO D12,ALSO D11; ALSO D17; ALSO D48,ALSO D18; ALSO D41; ALSO D56,WIDE OVER,,COVER 3,,64,,1.261,-5.446,31255_7163138,31255-OHUN-2
7163584,31255,2026-09-19,2026,03,411559,1241,2,1,14:16,1,,0,21,0,3,1,3,0,,,,0,0,0,7,0,,0,7163503,7163654,,21.07,0,,46,0,,,0,0,,3,0,0,OHUN 04,6; ALSO D11 (11); ALSO D25 (37); ALSO D48 (22); ALSO D49 (22); ALSO D90 (16); ALSO D94 (27),,,,,LCB (6); SCBL (3); FSL (11); SSR (8); RCB (8),LOLB (11); DLT (16); NT (22); MLB (22); DRT (27); ROLB (37); SSR (37),3-3-5,ALSO D02 (LCB); ALSO D05 (SSR); ALSO D08 (FSL); ALSO D11 (LOLB); ALSO D12 (RCB); ALSO D24 (SCBL); ALSO D25 (ROLB); ALSO D48 (MLB); ALSO D49 (NT); ALSO D90 (DLT); ALSO D94 (DRT),ALSO D02 (0.0); ALSO D05 (0.0); ALSO D08 (0.0); ALSO D11 (-0.5); ALSO D12 (0.0); ALSO D24 (0.0); ALSO D25 (0.0); ALSO D48 (0.0); ALSO D49 (+0.5); ALSO D90 (+0.5); ALSO D94 (0.0),DRIVE START,T,ALSO,10,,DLT (16); NT (22); DRT (27),,FUMBLE,+0,9,KICKOFF - RETURN,-29,,,-29,ALSO D49,,,,3,,,C,C,,,,,,OHUN 63 (RG); OHUN 72 (RT); OHUN 76 (LG); ALSO D11 (LOLB); ALSO D49 (NT); ALSO D90 (DLT),,,,,,,,,,LOLB (0); MLB (4); ROLB (0),,C,O,OHUN 63; OHUN 76; ALSO D11,LWR^; TE-L; HB; SRWR; RWR^,2x2,,3-0-1-1,11,OHUN 03; OHUN 04; OHUN 12; OHUN 15; OHUN 33,OHUN 03 (LWR); OHUN 04 (HB); OHUN 09 (QB); OHUN 12 (RWR); OHUN 15 (SRWR); OHUN 33 (TE-L); OHUN 51 (C); OHUN 63 (RG); OHUN 72 (RT); OHUN 75 (LT); OHUN 76 (LG),OHUN 03 (0.0); OHUN 04 (0.0); OHUN 09 (0.0); OHUN 12 (0.0); OHUN 15 (0.0); OHUN 33 (0.0); OHUN 51 (0.0); OHUN 63 (-0.5); OHUN 72 (+0.5); OHUN 75 (0.0); OHUN 76 (-0.5),DRIVE START,F,OHUN,OHUN 03; OHUN 12,,,,3b,,,,,,,LWR r; TE-L r; HB r; SRWR 0u(0); RWR z,-; -; -; 0; -,OHUN 03 r; OHUN 33 r; OHUN 04 r; OHUN 15 0u(0); OHUN 12 z,,,,,,,,,,,P,,-32,ML,,ML,OHUN 72; ALSO D49; ALSO D90,,,0,,,OHUN 09,0,,,0,,HB,HB (-7),L,1; OHUN 04 (HB),,,,MAN,,R,,-14,,S,,ALSO D49,,ALSO D49,ALSO D48,L,,,,LWR^(-14.5); SRWR(+10.5); RWR^(+16.5),,1,4,0,0,0,,false,3,2,0.42,-0.59,,false,11,OHUN 04,OHUN 33,OHUN 03; OHUN 12; OHUN 15,PISTOL,SLOT - PRO,LWR; TE-L; HB; SRWR; RWR,2x2,SLOT - PRO,NICKEL,ALSO D02; ALSO D05; ALSO D08; ALSO D12; ALSO D24,ALSO D11; ALSO D25; ALSO D48,ALSO D49; ALSO D90; ALSO D94,BEAR,,COVER 3,,71,,0.646,-0.412,31255_7163584,31255-OHUN-3
7163654,31255,2026-09-19,2026,03,411559,1267,2,2,13:43,1,0,0,21,0,3,2,19,0,1,,,0,0,0,7,0,10,1,7163584,7163731,,21.07,0,,47,0,2.4,3.9,0,0,,0,0,0,OHUN 09,6; ALSO D11 (21); ALSO D25 (33); ALSO D48 (28); ALSO D49 (22); ALSO D90 (15); ALSO D94 (28),,L,,,LCB (1); SCBL (5); FSL (12); SSR (8); RCB (2),LE (15); MLB (21); NT (22); DRT (28); RILB (28); ROLB (33); SSR (36),3-3-5,ALSO D02 (LCB); ALSO D05 (SSR); ALSO D08 (FSL); ALSO D11 (MLB); ALSO D12 (RCB); ALSO D24 (SCBL); ALSO D25 (ROLB); ALSO D48 (RILB); ALSO D49 (NT); ALSO D90 (LE); ALSO D94 (DRT),ALSO D02 (-1.0); ALSO D05 (0.0); ALSO D08 (0.0); ALSO D11 (0.0); ALSO D12 (0.0); ALSO D24 (0.0); ALSO D25 (0.0); ALSO D48 (0.0); ALSO D49 (+1.5); ALSO D90 (0.0); ALSO D94 (0.0),,F,ALSO,7,,LE (15); NT (22); DRT (28),,FUMBLE,+0,9,KICKOFF - RETURN,-29,6,SR,-32,,,,,29,,,C,C,,ALSO D49,,,,OHUN 02 (RWR); OHUN 09 (QB); OHUN 63 (RG); ALSO D02 (LCB); ALSO D49 (NT),,,,,,,,,,MLB (3); RILB (4); ROLB (0),,C,C,OHUN 63; ALSO D02,LWR^; FB-L; HB; SRWR; RWR^,1x2,TE>FB-L,3-0-1-1,11,OHUN 02; OHUN 03; OHUN 04; OHUN 15; OHUN 33,OHUN 02 (RWR); OHUN 03 (LWR); OHUN 04 (HB); OHUN 09 (QB); OHUN 15 (SRWR); OHUN 33 (FB-L); OHUN 51 (C); OHUN 63 (RG); OHUN 72 (RT); OHUN 75 (LT); OHUN 76 (LG),OHUN 02 (0.0); OHUN 03 (0.0); OHUN 04 (0.0); OHUN 09 (+0.5); OHUN 15 (0.0); OHUN 33 (0.0); OHUN 51 (0.0); OHUN 63 (-1.5); OHUN 72 (0.0); OHUN 75 (0.0); OHUN 76 (0.0),OHUN 02,T,OHUN,OHUN 02; OHUN 03,,7; OHUN 04 (HB); OHUN 33 (FB-L); OHUN 51 (C); OHUN 63 (RG); OHUN 72 (RT); OHUN 75 (LT); OHUN 76 (LG),,1b,,,6; ALSO D02; ALSO D05; ALSO D08; ALSO D11; ALSO D12; ALSO D24,,X,OHUN 09 (QB),LWR 9s; FB-L kl; HB frkl; SRWR 9o; RWR 8si(13),9; -; -; 9; 8,OHUN 03 9s; OHUN 33 kl; OHUN 04 frkl; OHUN 15 9o; OHUN 02 8si(13),,,RUN,,,5; ALSO D25 (ROLB); ALSO D48 (RILB); ALSO D49 (NT); ALSO D90 (LE); ALSO D94 (DRT),HURRY,,,ALSO D02 DH,P,OHUN 04,+39,QB SCRAMBLE,,QB SCRAMBLE,OHUN 09; ALSO D49,ALSO D02 > OHUN 02; ALSO D12 > OHUN 03,ALSO D49 (O) OHUN 63,0,,,OHUN 09,1,ALSO D49,OHUN 63,0,C,HB; FB-L,HB (-7); FB-L (-2),L:L,2; OHUN 04 (HB); OHUN 33 (FB-L),,,,UNDEFINED,,P,,-14,,S,,,,ALSO D08,,,,,,LWR^(-14.5); SRWR(+10.5); RWR^(+13.5),,0,14,0,0,0,,false,3,2,-0.17,3.061,,false,11,OHUN 04,OHUN 33,OHUN 02; OHUN 03; OHUN 15,PISTOL I WEAK,SLOT - OPEN,LWR; FB-L; HB; SRWR; RWR,1x2,SLOT - OPEN,NICKEL,ALSO D02; ALSO D05; ALSO D08; ALSO D12; ALSO D24,ALSO D11; ALSO D25; ALSO D48,ALSO D49; ALSO D90; ALSO D94,UNDER,,COVER 1,,68,,0.234,2.873,31255_7163654,31255-OHUN-3
7163731,31255,2026-09-19,2026,03,411559,1304,2,1,13:17,1,,0,21,0,3,3,-3,0,,,,0,0,0,7,0,,0,7163654,7164534,,21.07,0,,48,0,,,0,0,,0,0,0,OHUN 22,6; ALSO D11 (27); ALSO D25 (10); ALSO D48 (20); ALSO D49 (19); ALSO D90 (34); ALSO D94 (27),,,,,LCB (1); SSL (7); FSR (11); SCBR (4); RCB (8),LOLB (10); SSL (12); DLT (19); LILB (20); DRT (27); RILB (27); REO (34),3-3-5,ALSO D02 (LCB); ALSO D05 (SSL); ALSO D08 (FSR); ALSO D11 (RILB); ALSO D12 (RCB); ALSO D24 (SCBR); ALSO D25 (LOLB); ALSO D48 (LILB); ALSO D49 (DLT); ALSO D90 (REO); ALSO D94 (DRT),ALSO D02 (0.0); ALSO D05 (0.0); ALSO D08 (0.0); ALSO D11 (0.0); ALSO D12 (0.0); ALSO D24 (0.0); ALSO D25 (+0.5); ALSO D48 (0.0); ALSO D49 (+1.0); ALSO D90 (0.0); ALSO D94 (0.0),,T,ALSO,10,,DLT (19); DRT (27); REO (34),,FUMBLE,+0,9,KICKOFF - RETURN,-29,,,+39,ALSO D49,,,,-3,,,R,L,,,,,,OHUN 33 (FB-L); OHUN 63 (RG); OHUN 72 (RT); ALSO D25 (LOLB); ALSO D49 (DLT),,,,,,,,,,LOLB (0); LILB (3); RILB (3),,C,O,OHUN 63; OHUN 72,LWR^; SLWR; FB-L; HB; RWR^,2x1,TE>FB-L,3-0-1-1,11,OHUN 02; OHUN 03; OHUN 15; OHUN 22; OHUN 33,OHUN 02 (RWR); OHUN 03 (LWR); OHUN 09 (QB); OHUN 15 (SLWR); OHUN 22 (HB); OHUN 33 (FB-L); OHUN 51 (C); OHUN 63 (RG); OHUN 72 (RT); OHUN 75 (LT); OHUN 76 (LG),OHUN 02 (0.0); OHUN 03 (0.0); OHUN 09 (0.0); OHUN 15 (0.0); OHUN 22 (0.0); OHUN 33 (0.0); OHUN 51 (0.0); OHUN 63 (-1.0); OHUN 72 (-0.5); OHUN 75 (0.0); OHUN 76 (0.0),OHUN 22,F,OHUN,OHUN 02; OHUN 03,,,,3b,,,,,,,LWR z; SLWR 0u(0); FB-L r; HB r; RWR r,-; 0; -; -; -,OHUN 03 z; OHUN 15 0u(0); OHUN 33 r; OHUN 22 r; OHUN 02 r,,,,,,,,,,,P,,+42,RT,,RT,ALSO D25; ALSO D49,ALSO D02 > OHUN 02,,0,,,OHUN 09,0,,,0,,HB; FB-L,HB (-7); FB-L (-2),R,2; OHUN 22 (HB); OHUN 33 (FB-L),,,,MAN,CROSS LEAD,R,,-14,OHUN 33* (L:B),S,,ALSO D49,,ALSO D49,ALSO D25,,,,,LWR^(-14.5); SLWR(-6.5); RWR^(+17.5),,1,7,0,0,0,,false,3,2,2.891,-1.223,,false,11,OHUN 22,OHUN 33,OHUN 02; OHUN 03; OHUN 15,PISTOL I STRONG,SLOT - OPEN,LWR; SLWR; FB-L; HB; RWR,3x1,TRIPS - OPEN,NICKEL,ALSO D02; ALSO D05; ALSO D08; ALSO D12; ALSO D24,ALSO D11; ALSO D25; ALSO D48,ALSO D49; ALSO D90; ALSO D94,WIDE OVER,,COVER 3,,39,,3.107,-1.208,31255_7163731,31255-OHUN-3
7164534,31255,2026-09-19,2026,03,411559,1330,2,2,12:38,1,0,0,21,0,3,4,10,0,,,,0,0,0,7,0,,0,7163731,7163801,,21.07,0,,49,0,2.6,4.5,0,0,,4,0,0,OHUN 09,6; ALSO D11 (26); ALSO D25 (33); ALSO D48 (08); ALSO D49 (21); ALSO D90 (12); ALSO D94 (28),,C,,,LCB (4); SCBL (8); FS (13); SCBR (8); RCB (2),LOLB (08); LEO (12); NLT (21); RILB (26); DRT (28); ROLB (33),3-3-5,ALSO D02 (LCB); ALSO D05 (SCBL); ALSO D08 (FS); ALSO D11 (RILB); ALSO D12 (RCB); ALSO D24 (SCBR); ALSO D25 (ROLB); ALSO D48 (LOLB); ALSO D49 (NLT); ALSO D90 (LEO); ALSO D94 (DRT),ALSO D02 (0.0); ALSO D05 (0.0); ALSO D08 (0.0); ALSO D11 (-1.0); ALSO D12 (0.0); ALSO D24 (0.0); ALSO D25 (0.0); ALSO D48 (0.0); ALSO D49 (0.0); ALSO D90 (+1.5); ALSO D94 (0.0),,F,ALSO,13,,LEO (12); NLT (21); DRT (28),,FUMBLE,+0,9,KICKOFF - RETURN,-29,8,SL,+42,ALSO D49,,,,10,,,R,L,,ALSO D90,,,,OHUN 09 (QB); OHUN 63 (RG); ALSO D11 (RILB); ALSO D90 (LEO),,,,,,,,,,LOLB (0); RILB (4); ROLB (0),ALSO D11,O,C,OHUN 63; ALSO D11,LWR^; SLWR; HB-L; SRWR; RWR^,2x2,TE>SRWR,3-0-1-1,11,OHUN 02; OHUN 03; OHUN 15; OHUN 22; OHUN 33,OHUN 02 (RWR); OHUN 03 (LWR); OHUN 09 (QB); OHUN 15 (SLWR); OHUN 22 (HB-L); OHUN 33 (SRWR); OHUN 51 (C); OHUN 63 (RG); OHUN 72 (RT); OHUN 75 (LT); OHUN 76 (LG),OHUN 02 (0.0); OHUN 03 (0.0); OHUN 09 (+0.5); OHUN 15 (0.0); OHUN 22 (0.0); OHUN 33 (0.0); OHUN 51 (0.0); OHUN 63 (-1.5); OHUN 72 (0.0); OHUN 75 (0.0); OHUN 76 (0.0),,T,OHUN,OHUN 02; OHUN 03,,6; OHUN 22 (HB-L); OHUN 51 (C); OHUN 63 (RG); OHUN 72 (RT); OHUN 75 (LT); OHUN 76 (LG),,6Lb,,,7; ALSO D02; ALSO D05; ALSO D08; ALSO D11; ALSO D12; ALSO D24; ALSO D25,,X,OHUN 09 (QB),LWR 4(12); SLWR 6(11); HB-L kl; SRWR 3(7); RWR 7(13),4; 6; -; 3; 7,OHUN 03 4(12); OHUN 15 6(11); OHUN 22 kl; OHUN 33 3(7); OHUN 02 7(13),,,RUN,,,4; ALSO D48 (LOLB); ALSO D49 (NLT); ALSO D90 (LEO); ALSO D94 (DRT),HURRY,,,,,,+32,QB SCRAMBLE,,QB SCRAMBLE,OHUN 09; ALSO D90,ALSO D12 > OHUN 03,ALSO D90 (I) OHUN 63,0,,,OHUN 09,1,ALSO D90,OHUN 63,0,L,HB-L,HB-L (-5),L,1; OHUN 22 (HB-L),,,,,,P,,-14,,S,,,,ALSO D49,,,,,,LWR^(-14.5); SLWR(-6.5); SRWR(+13.5); RWR^(+17.5),,0,7,0,0,0,,false,3,2,1.668,0.786,,false,11,OHUN 22,OHUN 33,OHUN 02; OHUN 03; OHUN 15,GUN STRONG,SLOT - SLOT,LWR; SLWR; HB-L; SRWR; RWR,2x2,SLOT - SLOT,NICKEL,ALSO D02; ALSO D05; ALSO D08; ALSO D12; ALSO D24,ALSO D11; ALSO D25; ALSO D48,ALSO D49; ALSO D90; ALSO D94,OVER,,COVER 6,,42,,1.899,0.985,31255_7164534,31255-OHUN-3
7163801,31255,2026-09-19,2026,03,411559,1356,2,3,11:49,1,,0,21,0,3,5,5,0,1,,,0,0,0,7,1,,0,7164534,7163812,,21.07,0,,50,0,,,0,0,,2,0,0,OHUN 04,7; ALSO D05 (06); ALSO D11 (34); ALSO D17 (11); ALSO D18 (37); ALSO D41 (27); ALSO D48 (20); ALSO D56 (21),,,,,LCB (1); FSR (12); SCBR (2); RCB (7),LLB (06); LOLB (11); LILB (20); NLT (21); DRT (27); RLB (34); ROLB (37),3-3-5,ALSO D02 (LCB); ALSO D05 (LLB); ALSO D08 (FSR); ALSO D11 (RLB); ALSO D12 (RCB); ALSO D17 (LOLB); ALSO D18 (ROLB); ALSO D24 (SCBR); ALSO D41 (DRT); ALSO D48 (LILB); ALSO D56 (NLT),ALSO D02 (0.0); ALSO D05 (0.0); ALSO D08 (0.0); ALSO D11 (0.0); ALSO D12 (0.0); ALSO D17 (0.0); ALSO D18 (0.0); ALSO D24 (0.0); ALSO D41 (-0.5); ALSO D48 (0.0); ALSO D56 (0.0),ALSO D17; ALSO D18; ALSO D41; ALSO D56,F,ALSO,3,,NLT (21); DRT (27),,FUMBLE,+0,9,KICKOFF - RETURN,-29,,,+32,ALSO D11,,,,5,,,R,L,,,,,,OHUN 04 (HB); OHUN 33 (TE-L); OHUN 63 (RG); ALSO D17 (LOLB); ALSO D41 (DRT),,,,,,,,,,LOLB (0); LLB (4); LILB (4); RLB (4); ROLB (0),,C,C,OHUN 63; ALSO D41,LWR^; SLWR; TE-L; HB; RWR^,3x1,,3-0-1-1,11,OHUN 02; OHUN 03; OHUN 04; OHUN 15; OHUN 33,OHUN 02 (RWR); OHUN 03 (LWR); OHUN 04 (HB); OHUN 09 (QB); OHUN 15 (SLWR); OHUN 33 (TE-L); OHUN 51 (C); OHUN 63 (RG); OHUN 72 (RT); OHUN 75 (LT); OHUN 76 (LG),OHUN 02 (0.0); OHUN 03 (0.0); OHUN 04 (+0.5); OHUN 09 (0.0); OHUN 15 (0.0); OHUN 33 (+0.5); OHUN 51 (0.0); OHUN 63 (-0.5); OHUN 72 (0.0); OHUN 75 (0.0); OHUN 76 (0.0),OHUN 04,T,OHUN,OHUN 02; OHUN 03,,,,3b,,,,,,,LWR z; SLWR 0u(0); TE-L r; HB r; RWR r,-; 0; -; -; -,OHUN 03 z; OHUN 15 0u(0); OHUN 33 r; OHUN 04 r; OHUN 02 r,,,,,,,,,,,P,,+27,LG,,LG,OHUN 04; OHUN 33,ALSO D02 > OHUN 02,,0,,,OHUN 09,0,,,0,,HB,HB (-7),L,1; OHUN 04 (HB),,,,MAN,READ OPTION,R,,-14,,S,,,,ALSO D11,ALSO D48,L,,,,LWR^(-15.5); SLWR(-8.5); RWR^(+16.5),,1,3,0,0,0,,false,3,2,2.454,1.316,,false,11,OHUN 04,OHUN 33,OHUN 02; OHUN 03; OHUN 15,PISTOL,TREY - OPEN,LWR; SLWR; TE-L; HB; RWR,3x1,TREY - OPEN,NICKEL,ALSO D02; ALSO D05; ALSO D08; ALSO D12; ALSO D24,ALSO D11; ALSO D17; ALSO D48,ALSO D18; ALSO D41; ALSO D56,OVER,,COVER 3,,32,,2.884,0.851,31255_7163801,31255-OHUN-3
7163812,31255,2026-09-19,2026,03,411559,1382,2,1,11:09,1,1,0,21,0,3,6,24,0,1,,,0,0,0,7,0,,0,7163801,7163863,,21.07,1,,51,0,,2.0,0,0,25,5,0,0,OHUN 02,5; ALSO D11 (33); ALSO D18 (28); ALSO D41 (17); ALSO D48 (21); ALSO D56 (22),,C,,,LCB (6); SCBL (3); SSL (9); FSR (12); SCBR (2); RCB (7),SSL (03); DLT (17); MLB (21); NT (22); DRT (28); ROLB (33),3-3-5,ALSO D02 (LCB); ALSO D05 (SSL); ALSO D08 (FSR); ALSO D11 (ROLB); ALSO D12 (RCB); ALSO D17 (SCBL); ALSO D18 (DRT); ALSO D24 (SCBR); ALSO D41 (DLT); ALSO D48 (MLB); ALSO D56 (NT),ALSO D02 (-0.5); ALSO D05 (-1.0); ALSO D08 (0.0); ALSO D11 (0.0); ALSO D12 (0.0); ALSO D17 (-0.5); ALSO D18 (0.0); ALSO D24 (0.0); ALSO D41 (0.0); ALSO D48 (0.0); ALSO D56 (0.0),,F,ALSO,10,,DLT (17); NT (22); DRT (28),,FUMBLE,+0,9,KICKOFF - RETURN,-29,8,SD,+27,ALSO D05,,,,24,,,R,L,,,,,,OHUN 02 (RWR); OHUN 33 (SRWR); OHUN 63 (RG); ALSO D02 (LCB); ALSO D05 (SSL); ALSO D17 (SCBL),,,,,,,,,,MLB (5); ROLB (0),ALSO D05,C,O,ALSO D02; ALSO D05; ALSO D17,LWR^; SLWR; HB-L; SRWR; RWR^,2x2,TE>SRWR,3-0-1-1,11,OHUN 02; OHUN 03; OHUN 04; OHUN 15; OHUN 33,OHUN 02 (RWR); OHUN 03 (LWR); OHUN 04 (HB-L); OHUN 09 (QB); OHUN 15 (SLWR); OHUN 33 (SRWR); OHUN 51 (C); OHUN 63 (RG); OHUN 72 (RT); OHUN 75 (LT); OHUN 76 (LG),OHUN 02 (+1.0); OHUN 03 (0.0); OHUN 04 (0.0); OHUN 09 (0.0); OHUN 15 (0.0); OHUN 33 (+0.5); OHUN 51 (0.0); OHUN 63 (+0.5); OHUN 72 (0.0); OHUN 75 (0.0); OHUN 76 (0.0),,T,OHUN,OHUN 02; OHUN 03,,5; OHUN 51 (C); OHUN 63 (RG); OHUN 72 (RT); OHUN 75 (LT); OHUN 76 (LG),,3b,ALSO D17,,7; ALSO D02; ALSO D05; ALSO D08; ALSO D12; ALSO D17; ALSO D24; ALSO D48,-1,M,OHUN 09 (QB),LWR 0u(-2); SLWR z; HB-L h3(-6); SRWR z; RWR 0t(-1),0; -; H3; -; 0,OHUN 03 0u(-2); OHUN 15 z; OHUN 04 h3(-6); OHUN 33 z; OHUN 02 0t(-1),RWR,OHUN 02,COMPLETE,0t(-1),0R,4; ALSO D11 (ROLB); ALSO D18 (DRT); ALSO D41 (DLT); ALSO D56 (NT),,43,5R,,,,+3,,,,OHUN 02; OHUN 33; OHUN 63,,,0,,,OHUN 09,0,,,0,,HB-L,HB-L (-5),,1; OHUN 04 (HB-L),,,,,,P,,-14,OHUN 04 (B:B),S,,,,ALSO D48,,,,,,LWR^(-16.5); SLWR(-8.5); SRWR(+13.5); RWR^(+18.5),,0,7,0,0,0,,false,3,2,3.77,2.188,Tunnel,false,11,OHUN 04,OHUN 33,OHUN 02; OHUN 03; OHUN 15,GUN STRONG,SLOT - SLOT,LWR; SLWR; HB-L; SRWR; RWR,2x2,SLOT - SLOT,NICKEL,ALSO D02; ALSO D05; ALSO D08; ALSO D12; ALSO D24,ALSO D11; ALSO D17; ALSO D48,ALSO D18; ALSO D41; ALSO D56,BEAR,,COVER 3,,27,,3.735,2.108,31255_7163812,31255-OHUN-3
7163863,31255,2026-09-19,2026,03,411559,1410,2,1,10:17,0,,0,21,0,3,7,1,0,,,,0,0,0,7,1,,0,7163812,7163950,,21.07,0,,52,0,,,0,0,,2,0,0,OHUN 04,9; ALSO D01 (37); ALSO D05 (05); ALSO D08 (41); ALSO D11 (31); ALSO D17 (10); ALSO D18 (34); ALSO D41 (27); ALSO D48 (22); ALSO D56 (19),,,,,LCB (1); RCB (3),LLB (05); LOLB (10); DLT (19); MLB (22); DRT (27); RLB (31); REO (34); RLB (37); RLB (41),3-3-5,ALSO D01 (RLB); ALSO D02 (LCB); ALSO D05 (LLB); ALSO D08 (RLB); ALSO D11 (RLB); ALSO D12 (RCB); ALSO D17 (LOLB); ALSO D18 (REO); ALSO D41 (DRT); ALSO D48 (MLB); ALSO D56 (DLT),ALSO D01 (0.0); ALSO D02 (0.0); ALSO D05 (+0.5); ALSO D08 (0.0); ALSO D11 (0.0); ALSO D12 (0.0); ALSO D17 (0.0); ALSO D18 (0.0); ALSO D41 (0.0); ALSO D48 (0.0); ALSO D56 (0.0),ALSO D01,T,ALSO,3,,DLT (19); DRT (27); REO (34),,FUMBLE,+0,9,KICKOFF - RETURN,-29,,,+3,ALSO D05,,,,1,,,R,L,,,,,,OHUN 33 (FB-L); ALSO D05 (LLB),,,,,,,,,,LOLB (0); LLB (3); MLB (3); RLB (4); RLB (3); RLB (3),,O,O,OHUN 33,LWR; TE-L^; FB-L; HB; RWR^,2x1,TE>FB-L,2-0-1-2,12,OHUN 02; OHUN 03; OHUN 04; OHUN 33; OHUN 86,OHUN 02 (LWR); OHUN 03 (RWR); OHUN 04 (HB); OHUN 09 (QB); OHUN 33 (FB-L); OHUN 51 (C); OHUN 63 (RG); OHUN 72 (RT); OHUN 75 (LT); OHUN 76 (LG); OHUN 86 (TE-L),OHUN 02 (0.0); OHUN 03 (0.0); OHUN 04 (0.0); OHUN 09 (0.0); OHUN 33 (-1.0); OHUN 51 (0.0); OHUN 63 (0.0); OHUN 72 (0.0); OHUN 75 (0.0); OHUN 76 (0.0); OHUN 86 (0.0),OHUN 86,F,OHUN,OHUN 03; OHUN 86,,,,0,,,,,,,,,,,,,,,,,,,,P,,+2,RG,,RG,ALSO D05,ALSO D02 > OHUN 03,,0,,,OHUN 09,0,,,0,,HB; FB-L,HB (-7); FB-L (-2),R,2; OHUN 04 (HB); OHUN 33 (FB-L),,,,MAN,CROSS LEAD;READ OPTION,R,,-14,OHUN 33* (L:B),S,,ALSO D05,,ALSO D05,ALSO D18,L,,,,LWR(-8.5); RWR^(+20.5),,0,2,0,0,0,,false,3,2,5.958,-0.199,,false,12,OHUN 04,OHUN 33; OHUN 86,OHUN 02; OHUN 03,PISTOL I STRONG,PRO - OPEN,LWR; TE-L; FB-L; HB; RWR,3x1,TOAD WING - OPEN,NICKEL,ALSO D01; ALSO D02; ALSO D05; ALSO D08; ALSO D12,ALSO D11; ALSO D17; ALSO D48,ALSO D18; ALSO D41; ALSO D56,WIDE OVER,,COVER 0,,3,,5.843,-0.546,31255_7163863,31255-OHUN-3
7163950,31255,2026-09-19,2026,03,411559,1436,2,2,09:41,0,,0,21,0,3,8,1,0,,,,0,0,0,7,1,,0,7163863,7164029,,21.07,0,,53,0,,,0,0,,1,0,0,OHUN 04,9; ALSO D01 (39); ALSO D05 (06); ALSO D08 (41); ALSO D11 (34); ALSO D17 (10); ALSO D18 (31); ALSO D41 (27); ALSO D48 (22); ALSO D56 (19),,,,,LCB (2); RCB (1),LLB (06); LOLB (10); DLT (19); MLB (22); DRT (27); RE (31); RLB (34); RLB (39); ROLB (41),3-3-5,ALSO D01 (RLB); ALSO D02 (LCB); ALSO D05 (LLB); ALSO D08 (ROLB); ALSO D11 (RLB); ALSO D12 (RCB); ALSO D17 (LOLB); ALSO D18 (RE); ALSO D41 (DRT); ALSO D48 (MLB); ALSO D56 (DLT),ALSO D01 (0.0); ALSO D02 (0.0); ALSO D05 (+0.5); ALSO D08 (0.0); ALSO D11 (0.0); ALSO D12 (0.0); ALSO D17 (0.0); ALSO D18 (0.0); ALSO D41 (0.0); ALSO D48 (-0.5); ALSO D56 (0.0),,F,ALSO,2,,DLT (19); DRT (27); RE (31),,FUMBLE,+0,9,KICKOFF - RETURN,-29,,,+2,ALSO D05,,,,1,,,R,L,,,,,,OHUN 33 (TE-iL); OHUN 72 (RT); ALSO D05 (LLB); ALSO D48 (MLB),,,,,,,,,,LOLB (0); LLB (3); MLB (2); RLB (4); RLB (3); ROLB (0),,O,C,OHUN 33; ALSO D48,LWR; TE-oL^; TE-iL; HB; RWR^,3x1,,2-0-1-2,12,OHUN 02; OHUN 03; OHUN 04; OHUN 33; OHUN 86,OHUN 02 (LWR); OHUN 03 (RWR); OHUN 04 (HB); OHUN 09 (QB); OHUN 33 (TE-iL); OHUN 63 (RG); OHUN 72 (RT); OHUN 74 (LG); OHUN 75 (LT); OHUN 76 (C); OHUN 86 (TE-oL),OHUN 02 (0.0); OHUN 03 (0.0); OHUN 04 (0.0); OHUN 09 (0.0); OHUN 33 (-1.0); OHUN 63 (0.0); OHUN 72 (+0.5); OHUN 74 (0.0); OHUN 75 (0.0); OHUN 76 (0.0); OHUN 86 (0.0),OHUN 74,T,OHUN,OHUN 03; OHUN 86,,,,0,,,,,,,,,,,,,,,,,,,,P,,+1,RG,,RG,OHUN 72; ALSO D05,ALSO D02 > OHUN 03; ALSO D12 > OHUN 02,,0,,,OHUN 09,0,,,0,,HB,HB (-7),R,1; OHUN 04 (HB),,,,MAN,CROSS LEAD;READ OPTION,R,,-14,,S,,ALSO D05,,ALSO D05,,L;L,,,,LWR(-8.5); RWR^(+16.5),,0,3,0,0,0,,false,3,2,5.759,-0.215,,false,12,OHUN 04,OHUN 33; OHUN 86,OHUN 02; OHUN 03,PISTOL,TOAD WING - OPEN,LWR; TE-oL; TE-iL; HB; RWR,3x1,TOAD WING - OPEN,NICKEL,ALSO D01; ALSO D02; ALSO D05; ALSO D08; ALSO D12,ALSO D11; ALSO D17; ALSO D48,ALSO D18; ALSO D41; ALSO D56,WIDE OVER,SINGLE MUG,COVER 0,,2,,5.297,-0.116,31255_7163950,31255-OHUN-3
7164029,31255,2026-09-19,2026,03,411559,1462,2,3,08:54,0,,0,21,0,3,9,1,0,,,,0,0,0,7,0,,0,7163950,7164101,,21.07,0,,54,0,,,0,0,,0,0,0,OHUN 09,9; ALSO D01 (34); ALSO D05 (10); ALSO D08 (44); ALSO D11 (38); ALSO D17 (18); ALSO D18 (27); ALSO D41 (23); ALSO D48 (23); ALSO D56 (21),,,,,LCB (1); RCB (1),LOLB (10); DLT (18); NLT (21); NRT (23); MLB (23); DRT (27); RLB (34); ROLB (38); ROLB (44),3-3-5,ALSO D01 (RLB); ALSO D02 (LCB); ALSO D05 (LOLB); ALSO D08 (ROLB); ALSO D11 (ROLB); ALSO D12 (RCB); ALSO D17 (DLT); ALSO D18 (DRT); ALSO D41 (NRT); ALSO D48 (MLB); ALSO D56 (NLT),ALSO D01 (0.0); ALSO D02 (0.0); ALSO D05 (0.0); ALSO D08 (0.0); ALSO D11 (0.0); ALSO D12 (0.0); ALSO D17 (+0.5); ALSO D18 (0.0); ALSO D41 (0.0); ALSO D48 (0.0); ALSO D56 (0.0),,T,ALSO,1,,DLT (18); NLT (21); NRT (23); DRT (27),,FUMBLE,+0,9,KICKOFF - RETURN,-29,,,+1,,,OHUN 09,ALSO D17,1,,,R,L,,,,,,OHUN 09 (QB); OHUN 76 (C); ALSO D17 (DLT),,,,,,,,,,LOLB (0); MLB (3); RLB (3); ROLB (1); ROLB (0),,O,C,OHUN 76,LWR; TE-oL; TE-iL^; HB; RWR^,3x1,,2-0-1-2,12,OHUN 02; OHUN 03; OHUN 04; OHUN 33; OHUN 86,OHUN 02 (LWR); OHUN 03 (RWR); OHUN 04 (HB); OHUN 09 (QB); OHUN 33 (TE-oL); OHUN 63 (RG); OHUN 72 (RT); OHUN 74 (LG); OHUN 75 (LT); OHUN 76 (C); OHUN 86 (TE-iL),OHUN 02 (0.0); OHUN 03 (0.0); OHUN 04 (0.0); OHUN 09 (0.0); OHUN 33 (0.0); OHUN 63 (0.0); OHUN 72 (0.0); OHUN 74 (0.0); OHUN 75 (0.0); OHUN 76 (-1.0); OHUN 86 (0.0),,F,OHUN,OHUN 03; OHUN 86,,,,0,,,,,,,,,,,,,,,,,,,,P,,+0,QB FUMBLE,,QB FUMBLE,ALSO D17,ALSO D02 > OHUN 03; ALSO D12 > OHUN 02,,0,,,OHUN 09,0,,,0,,HB,HB (-6),L,1; OHUN 04 (HB),,,,MAN,,R,,-14,OHUN 33 (R:L{L}),S,,,,,,L;L,,,,LWR(-8.5); RWR^(+18.5),,0,2,0,0,1,SELF FUMBLE,false,3,2,5.544,-6.734,,false,12,OHUN 04,OHUN 33; OHUN 86,OHUN 02; OHUN 03,PISTOL,TOAD WING - OPEN,LWR; TE-oL; TE-iL; HB; RWR,3x1,TOAD WING - OPEN,NICKEL,ALSO D01; ALSO D02; ALSO D05; ALSO D08; ALSO D12,ALSO D11; ALSO D17; ALSO D48,ALSO D18; ALSO D41; ALSO D56,DOUBLE PLUG,,COVER 0,,1,,5.181,-6.481,31255_7164029,31255-OHUN-3
7166097,31255,2026-09-19,2026,03,411559,2025,2,1,00:45,1,,0,24,0,4,1,7,0,,,,0,0,0,7,1,,0,7165945,7167636,,24.07,0,,75,0,,,0,0,,6,0,0,OHUN 04,7; ALSO D05 (07); ALSO D11 (36); ALSO D17 (36); ALSO D18 (19); ALSO D25 (12); ALSO D48 (22); ALSO D90 (28),,,,,LCB (7); FS (12); SCBR (8); RCB (5),LLB (07); LEO (12); DLT (19); MLB (22); DRT (28); RLB (36); ROLB (36),2-4-5,ALSO D02 (RCB); ALSO D05 (LLB); ALSO D08 (FS); ALSO D11 (RLB); ALSO D12 (LCB); ALSO D17 (ROLB); ALSO D18 (DLT); ALSO D24 (SCBR); ALSO D25 (LEO); ALSO D48 (MLB); ALSO D90 (DRT),ALSO D02 (0.0); ALSO D05 (0.0); ALSO D08 (0.0); ALSO D11 (0.0); ALSO D12 (0.0); ALSO D17 (0.0); ALSO D18 (0.0); ALSO D24 (0.0); ALSO D25 (0.0); ALSO D48 (0.0); ALSO D90 (0.0),DRIVE START,F,ALSO,10,,LEO (12); DLT (19); DRT (28),,END OF HALF,-19,1,KICKOFF - RETURN,-12,,,-12,ALSO D25,,,,7,,,C,C,,,,,,OHUN 04 (HB); OHUN 63 (RG); OHUN 76 (C); ALSO D18 (DLT); ALSO D25 (LEO),,,,,,,,,,LLB (5); MLB (3); RLB (3); ROLB (0),,C,C,OHUN 63; OHUN 76,LWR^; SLWR; TE-L; HB; RWR^,3x1,,3-0-1-1,11,OHUN 03; OHUN 04; OHUN 12; OHUN 15; OHUN 84,OHUN 03 (LWR); OHUN 04 (HB); OHUN 09 (QB); OHUN 12 (RWR); OHUN 15 (SLWR); OHUN 63 (RG); OHUN 72 (RT); OHUN 74 (LG); OHUN 75 (LT); OHUN 76 (C); OHUN 84 (TE-L),OHUN 03 (0.0); OHUN 04 (+0.5); OHUN 09 (0.0); OHUN 12 (0.0); OHUN 15 (0.0); OHUN 63 (-0.5); OHUN 72 (0.0); OHUN 74 (0.0); OHUN 75 (0.0); OHUN 76 (-0.5); OHUN 84 (0.0),DRIVE START,T,OHUN,OHUN 03; OHUN 12,,,,3b,,,,,,,LWR z; SLWR 0u(0); TE-L r; HB r; RWR r,-; 0; -; -; -,OHUN 03 z; OHUN 15 0u(0); OHUN 84 r; OHUN 04 r; OHUN 12 r,,,,,,,,,,,P,,-19,MR,,MR,OHUN 04,,,0,,,OHUN 09,0,,,0,,HB,HB (-7),L,1; OHUN 04 (HB),,,,MAN,READ OPTION,R,,-17,,S,,,,ALSO D25,ALSO D18,L,,,,LWR^(-16.5); SLWR(-9.5); RWR^(+18.5),,1,13,0,0,0,,false,3,1,0.229,0.0,,false,11,OHUN 04,OHUN 84,OHUN 03; OHUN 12; OHUN 15,PISTOL,TREY - OPEN,LWR; SLWR; TE-L; HB; RWR,3x1,TREY - OPEN,NICKEL,ALSO D02; ALSO D05; ALSO D08; ALSO D12; ALSO D24,ALSO D11; ALSO D17; ALSO D25; ALSO D48,ALSO D18; ALSO D90,WIDE OVER,,COVER 3,,88,,-0.895,0.0,31255_7166097,31255-OHUN-4
7167720,31255,2026-09-19,2026,03,411559,2086,3,1,14:48,0,1,0,24,0,5,1,8,0,,,,0,0,0,7,0,,0,7167636,7167789,,24.07,0,,77,0,,1.8,0,0,0,0,0,0,OHUN 03,6; ALSO D11 (21); ALSO D18 (33); ALSO D24 (32); ALSO D25 (09); ALSO D41 (24); ALSO D56 (16),,R,,,LCB (8); SCBoL (5); SCBiL (4); FS (16); RCB (7),LOLB (09); DLT (16); MLB (21); DRT (24); RLB (32); REO (33),3-3-5,ALSO D02 (LCB); ALSO D05 (SCBoL); ALSO D08 (FS); ALSO D11 (MLB); ALSO D12 (RCB); ALSO D18 (REO); ALSO D24 (RLB); ALSO D25 (LOLB); ALSO D41 (DRT); ALSO D48 (SCBiL); ALSO D56 (DLT),ALSO D02 (0.0); ALSO D05 (0.0); ALSO D08 (0.0); ALSO D11 (0.0); ALSO D12 (0.0); ALSO D18 (0.0); ALSO D24 (0.0); ALSO D25 (0.0); ALSO D41 (0.0); ALSO D48 (0.0); ALSO D56 (0.0),DRIVE START,F,ALSO,10,,DLT (16); DRT (24); REO (33),,TOUCHDOWN,+0,2,KICKOFF - RETURN,+41,6,SD,+41,ALSO D12,,,,8,,,L,R,,,,,,OHUN 76 (C),,,,,,,,,,LOLB (0); MLB (4); RLB (4),,C,C,OHUN 76,LWR^; HB-L; SRiWR; SRoWR; RWR^,1x3,TE>SRiWR,3-0-1-1,11,OHUN 02; OHUN 03; OHUN 04; OHUN 15; OHUN 86,OHUN 02 (RWR); OHUN 03 (LWR); OHUN 04 (HB-L); OHUN 09 (QB); OHUN 15 (SRoWR); OHUN 63 (RG); OHUN 72 (RT); OHUN 74 (LG); OHUN 75 (LT); OHUN 76 (C); OHUN 86 (SRiWR),OHUN 02 (0.0); OHUN 03 (0.0); OHUN 04 (0.0); OHUN 09 (0.0); OHUN 15 (0.0); OHUN 63 (0.0); OHUN 72 (0.0); OHUN 74 (0.0); OHUN 75 (0.0); OHUN 76 (-0.5); OHUN 86 (0.0),DRIVE START,T,OHUN,OHUN 02; OHUN 03,,5; OHUN 63 (RG); OHUN 72 (RT); OHUN 74 (LG); OHUN 75 (LT); OHUN 76 (C),,3,ALSO D24,,7; ALSO D02; ALSO D05; ALSO D08; ALSO D11; ALSO D12; ALSO D24; ALSO D48,8,M,OHUN 09 (QB),LWR 2(4); HB-L h3(-5); SRiWR 1; SRoWR 26(5); RWR 26(9),2; H3; 3; 6; 6,OHUN 03 2(4); OHUN 04 h3(-5); OHUN 86 1; OHUN 15 26(5); OHUN 02 26(9),LWR,OHUN 03,COMPLETE,2(4),4R,4; ALSO D18 (REO); ALSO D25 (LOLB); ALSO D41 (DRT); ALSO D56 (DLT),,14,3L,,,,+33,,,,,,,0,,,OHUN 09,0,,,0,,HB-L,HB-L (-5),,1; OHUN 04 (HB-L),,,,,,P,,-17,OHUN 15* (L:Rx); OHUN 86* (R:B>B:R),S,,,,ALSO D12,ALSO D24,,,,,LWR^(-17.5); SRiWR(-3.5); SRoWR(+7.5); RWR^(+15.5),1; ALSO D24,0,5,0,0,0,,false,3,3,2.894,0.766,Slant,false,11,OHUN 04,OHUN 86,OHUN 02; OHUN 03; OHUN 15,GUN WEAK,TRIPS - OPEN,LWR; HB-L; SRiWR; SRoWR; RWR,2x2,SLOT - PRO,NICKEL,ALSO D02; ALSO D05; ALSO D08; ALSO D12; ALSO D24,ALSO D11; ALSO D25; ALSO D48,ALSO D18; ALSO D41; ALSO D56,WIDE OVER,,COVER 3,,41,,2.985,1.003,31255_7167720,31255-OHUN-5
7167789,31255,2026-09-19,2026,03,411559,2114,3,2,14:07,0,,0,24,0,5,2,33,0,1,,,0,0,0,7,1,,0,7167720,7167798,,24.07,0,,78,0,,,0,0,,33,0,0,OHUN 04,7; ALSO D05 (38); ALSO D11 (07); ALSO D18 (10); ALSO D25 (33); ALSO D41 (27); ALSO D48 (22); ALSO D56 (18),,,,,LCB (6); SCBL (1); FS (15); RCB (1),LLB (07); LEO (10); DLT (18); MLB (22); DRT (27); ROLB (33); RLB (38),3-3-5,ALSO D02 (LCB); ALSO D05 (RLB); ALSO D08 (FS); ALSO D11 (LLB); ALSO D12 (RCB); ALSO D18 (LEO); ALSO D24 (SCBL); ALSO D25 (ROLB); ALSO D41 (DRT); ALSO D48 (MLB); ALSO D56 (DLT),ALSO D02 (0.0); ALSO D05 (0.0); ALSO D08 (-1.0); ALSO D11 (-0.5); ALSO D12 (0.0); ALSO D18 (0.0); ALSO D24 (0.0); ALSO D25 (0.0); ALSO D41 (-0.5); ALSO D48 (0.0); ALSO D56 (-0.5),,F,ALSO,2,,LEO (10); DLT (18); DRT (27),,TOUCHDOWN,+0,2,KICKOFF - RETURN,+41,,,+33,ALSO D48,,,,33,,,L,R,,,,,,OHUN 04 (HB); OHUN 63 (RG); OHUN 72 (RT); OHUN 74 (LG); ALSO D08 (FS); ALSO D11 (LLB); ALSO D41 (DRT); ALSO D56 (DLT),,,,,,,,,,LLB (3); MLB (4); RLB (4); ROLB (0),,C,C,ALSO D08; ALSO D11; ALSO D41; ALSO D56,LWR^; HB; TE-R; SRWR; RWR^,1x3,,3-0-1-1,11,OHUN 02; OHUN 03; OHUN 04; OHUN 15; OHUN 86,OHUN 02 (RWR); OHUN 03 (LWR); OHUN 04 (HB); OHUN 09 (QB); OHUN 15 (SRWR); OHUN 63 (RG); OHUN 72 (RT); OHUN 74 (LG); OHUN 75 (LT); OHUN 76 (C); OHUN 86 (TE-R),OHUN 02 (0.0); OHUN 03 (0.0); OHUN 04 (+1.0); OHUN 09 (0.0); OHUN 15 (0.0); OHUN 63 (+0.5); OHUN 72 (+1.0); OHUN 74 (+0.5); OHUN 75 (0.0); OHUN 76 (0.0); OHUN 86 (0.0),,T,OHUN,OHUN 02; OHUN 03,,,,3S,,,,,,,LWR r; HB r; TE-R r; SRWR 0u(0); RWR z,-; -; -; 0; -,OHUN 03 r; OHUN 04 r; OHUN 86 r; OHUN 15 0u(0); OHUN 02 z,,,,,,,,,,,P,,+0,RG,,RG,OHUN 04; OHUN 63; OHUN 72; OHUN 74,ALSO D12 > OHUN 03; ALSO D24 > OHUN 15,,0,,,OHUN 09,0,,,0,,HB,HB (-7),R,1; OHUN 04 (HB),,,,MAN,READ OPTION,R,,-17,,S,,,,,,R,OHUN 04,,,LWR^(-16.5); SRWR(+7.5); RWR^(+15.5),,1,7,0,0,0,,false,3,3,3.66,3.34,,false,11,OHUN 04,OHUN 86,OHUN 02; OHUN 03; OHUN 15,PISTOL,TREY - OPEN,LWR; HB; TE-R; SRWR; RWR,1x3,TREY - OPEN,NICKEL,ALSO D02; ALSO D05; ALSO D08; ALSO D12; ALSO D24,ALSO D11; ALSO D25; ALSO D48,ALSO D18; ALSO D41; ALSO D56,WIDE UNDER,,COVER 3 SEAM,,33,,3.988,3.012,31255_7167789,31255-OHUN-5
7168451,31255,2026-09-19,2026,03,411559,2304,3,1,12:39,1,,0,24,0,6,1,6,0,1,,,0,0,0,14,1,10,0,7168365,7168530,,24.14,0,,85,0,,,0,0,,5,0,0,OHUN 04,7; ALSO D05 (39); ALSO D11 (09); ALSO D17 (31); ALSO D18 (16); ALSO D41 (27); ALSO D48 (22); ALSO D56 (22),,,,,LCB (7); SCBL (3); FSL (12); RCB (8),LOLB (09); DLT (16); NT (22); MLB (22); DRT (27); ROLB (31); RLB (39),3-3-5,ALSO D02 (LCB); ALSO D05 (RLB); ALSO D08 (FSL); ALSO D11 (LOLB); ALSO D12 (RCB); ALSO D17 (ROLB); ALSO D18 (DLT); ALSO D24 (SCBL); ALSO D41 (DRT); ALSO D48 (MLB); ALSO D56 (NT),ALSO D02 (0.0); ALSO D05 (0.0); ALSO D08 (0.0); ALSO D11 (0.0); ALSO D12 (0.0); ALSO D17 (0.0); ALSO D18 (0.0); ALSO D24 (-1.0); ALSO D41 (-0.5); ALSO D48 (0.0); ALSO D56 (0.0),DRIVE START,F,ALSO,10,,DLT (16); NT (22); DRT (27),,TOUCHDOWN,+0,2,PUNT - OOB,+25,,,+25,ALSO D41,,,,16,,,R,L,,,,,,OHUN 04 (HB); OHUN 12 (RWR); OHUN 63 (RG); OHUN 74 (LG); ALSO D11 (LOLB); ALSO D24 (SCBL); ALSO D41 (DRT),,,,,,,,,,LOLB (0); MLB (4); RLB (4); ROLB (0),ALSO D41,C,C,OHUN 63; ALSO D24; ALSO D41,LWR^; HB; FB-R; SRWR; RWR^,1x2,TE>FB-R,3-0-1-1,11,OHUN 03; OHUN 04; OHUN 12; OHUN 15; OHUN 84,OHUN 03 (LWR); OHUN 04 (HB); OHUN 09 (QB); OHUN 12 (RWR); OHUN 15 (SRWR); OHUN 63 (RG); OHUN 72 (RT); OHUN 74 (LG); OHUN 75 (LT); OHUN 76 (C); OHUN 84 (FB-R),OHUN 03 (0.0); OHUN 04 (+0.5); OHUN 09 (0.0); OHUN 12 (0.0); OHUN 15 (0.0); OHUN 63 (-0.5); OHUN 72 (0.0); OHUN 74 (0.0); OHUN 75 (0.0); OHUN 76 (0.0); OHUN 84 (0.0),DRIVE START,T,OHUN,OHUN 03; OHUN 12,,,,3b,,,,,,,LWR r; HB r; FB-R r; SRWR 0u(0); RWR z,-; -; -; 0; -,OHUN 03 r; OHUN 04 r; OHUN 84 r; OHUN 15 0u(0); OHUN 12 z,,,,,,,,,,ALSO D24 UNRd,P,,+9,ML,,ML,OHUN 04,,,0,,,OHUN 09,0,,,0,,HB; FB-R,HB (-7); FB-R (-2),L,2; OHUN 04 (HB); OHUN 84 (FB-R),,,,MAN,CROSS LEAD;READ OPTION,R,,-10,OHUN 84* (R:B),S,,,,ALSO D05,ALSO D11,,,,,LWR^(-16.5); SRWR(+7.5); RWR^(+15.5),,1,4,0,0,0,,false,3,3,3.934,1.123,,false,11,OHUN 04,OHUN 84,OHUN 03; OHUN 12; OHUN 15,PISTOL I STRONG,SLOT - OPEN,LWR; HB; FB-R; SRWR; RWR,1x3,TREY - OPEN,NICKEL,ALSO D02; ALSO D05; ALSO D08; ALSO D12; ALSO D24,ALSO D11; ALSO D17; ALSO D48,ALSO D18; ALSO D41; ALSO D56,BEAR,,COVER 3,,25,,3.823,0.687,31255_7168451,31255-OHUN-6
7168530,31255,2026-09-19,2026,03,411559,2341,3,1,12:17,0,1,0,24,0,6,2,9,0,1,,,0,0,0,14,0,,1,7168451,7168847,,24.14,0,,86,0,,1.6,0,0,4,2,0,0,OHUN 15,7; ALSO D05 (06); ALSO D11 (26); ALSO D17 (11); ALSO D18 (34); ALSO D41 (27); ALSO D48 (16); ALSO D56 (18),,R,,,LCB (1); FS (9); SCBR (1); RCB (7),LLB (06); LEO (11); LILB (16); DLT (18); RILB (26); DRT (27); ROLB (34),3-3-5,ALSO D02 (SCBR); ALSO D05 (LLB); ALSO D08 (FS); ALSO D11 (RILB); ALSO D12 (RCB); ALSO D17 (LEO); ALSO D18 (ROLB); ALSO D34 (LCB); ALSO D41 (DRT); ALSO D48 (LILB); ALSO D56 (DLT),ALSO D02 (-1.0); ALSO D05 (0.0); ALSO D08 (0.0); ALSO D11 (0.0); ALSO D12 (0.0); ALSO D17 (0.0); ALSO D18 (0.0); ALSO D34 (0.0); ALSO D41 (0.0); ALSO D48 (0.0); ALSO D56 (0.0),ALSO D34,F,ALSO,9,,LEO (11); DLT (18); DRT (27),,TOUCHDOWN,+0,2,PUNT - OOB,+25,6,SD,+9,ALSO D02,,,,9,,,C,C,,,,,,OHUN 15 (SLWR); ALSO D02 (SCBR),,,,,,,,,,LLB (3); LILB (3); RILB (3); ROLB (0),,C,C,ALSO D02,LWR^; SLWR; HB-L; TE-R; RWR^,2x2,,3-0-1-1,11,OHUN 02; OHUN 03; OHUN 04; OHUN 15; OHUN 84,OHUN 02 (RWR); OHUN 03 (LWR); OHUN 04 (HB-L); OHUN 09 (QB); OHUN 15 (SLWR); OHUN 63 (RG); OHUN 72 (RT); OHUN 74 (LG); OHUN 75 (LT); OHUN 76 (C); OHUN 84 (TE-R),OHUN 02 (0.0); OHUN 03 (0.0); OHUN 04 (0.0); OHUN 09 (0.0); OHUN 15 (+0.5); OHUN 63 (0.0); OHUN 72 (0.0); OHUN 74 (0.0); OHUN 75 (0.0); OHUN 76 (0.0); OHUN 84 (0.0),OHUN 02,T,OHUN,OHUN 02; OHUN 03,,5; OHUN 63 (RG); OHUN 72 (RT); OHUN 74 (LG); OHUN 75 (LT); OHUN 76 (C),,1,ALSO D02,,7; ALSO D02; ALSO D05; ALSO D08; ALSO D11; ALSO D12; ALSO D34; ALSO D48,5,M,OHUN 09 (QB),LWR 6(14); SLWR 2(0); HB-L fr; TE-R r; RWR r,6; 2; -; -; -,OHUN 03 6(14); OHUN 15 2(0); OHUN 04 fr; OHUN 84 r; OHUN 02 r,SLWR,OHUN 15,COMPLETE,2(0),2R,4; ALSO D17 (LEO); ALSO D18 (ROLB); ALSO D41 (DRT); ALSO D56 (DLT),,16,3L,,,OHUN 04,+0,,,,OHUN 15,ALSO D02 > OHUN 15; ALSO D34 > OHUN 02,,0,,,OHUN 09,0,,,0,,HB-L,HB-L (-5),,1; OHUN 04 (HB-L),,,,OUTSIDE ZONE,,P,,-10,OHUN 04 (B:B),S,,,,,,R,OHUN 15,,,LWR^(-18.5); SLWR(-13.5); RWR^(+9.5),,1,12,0,0,0,,false,3,3,5.057,1.943,Slant,false,11,OHUN 04,OHUN 84,OHUN 02; OHUN 03; OHUN 15,GUN WEAK,SLOT - PRO,LWR; SLWR; HB-L; TE-R; RWR,2x2,SLOT - PRO,NICKEL,ALSO D02; ALSO D05; ALSO D08; ALSO D12; ALSO D34,ALSO D11; ALSO D17; ALSO D48,ALSO D18; ALSO D41; ALSO D56,WIDE UNDER,,COVER 1,,9,,4.51,2.49,31255_7168530,31255-OHUN-6
7169985,31255,2026-09-19,2026,03,411559,2725,3,1,08:03,0,1,0,31,0,7,1,6,0,1,,,0,0,0,21,0,15,0,7169851,7170051,,31.21,0,,101,0,,1.3,0,0,1,0,0,0,OHUN 03,6; ALSO D11 (10); ALSO D25 (33); ALSO D48 (22); ALSO D49 (24); ALSO D90 (13); ALSO D94 (18),,L,,,LCB (7); SCBL (4); SSL (10); SSR (8); RCB (5),SSL (00); LLB (10); LE (13); DLT (18); MLB (22); DRT (24); SSR (32); ROLB (33),3-3-5,ALSO D01 (SSL); ALSO D02 (SCBL); ALSO D05 (SSR); ALSO D11 (LLB); ALSO D12 (LCB); ALSO D25 (ROLB); ALSO D34 (RCB); ALSO D48 (MLB); ALSO D49 (DRT); ALSO D90 (LE); ALSO D94 (DLT),ALSO D01 (0.0); ALSO D02 (0.0); ALSO D05 (0.0); ALSO D11 (0.0); ALSO D12 (0.0); ALSO D25 (0.0); ALSO D34 (-1.0); ALSO D48 (0.0); ALSO D49 (0.0); ALSO D90 (0.0); ALSO D94 (0.0),DRIVE START,F,ALSO,10,,LE (13); DLT (18); DRT (24),,PUNT,+43,6,KICKOFF - FC,-25,6,SD,-25,ALSO D34,,,,21,,,L,R,,,,,,OHUN 03 (LWR); ALSO D34 (RCB),,,,,,,,,,LLB (4); MLB (4); ROLB (0),,C,O,ALSO D34,LWR^; HB-L; TE-R; SRWR; RWR^,1x3,,3-0-1-1,11,OHUN 03; OHUN 04; OHUN 12; OHUN 15; OHUN 33,OHUN 03 (LWR); OHUN 04 (HB-L); OHUN 09 (QB); OHUN 12 (RWR); OHUN 15 (SRWR); OHUN 33 (TE-R); OHUN 63 (RG); OHUN 72 (RT); OHUN 74 (LG); OHUN 75 (LT); OHUN 76 (C),OHUN 03 (0.0); OHUN 04 (0.0); OHUN 09 (0.0); OHUN 12 (0.0); OHUN 15 (0.0); OHUN 33 (0.0); OHUN 63 (0.0); OHUN 72 (0.0); OHUN 74 (0.0); OHUN 75 (0.0); OHUN 76 (0.0),DRIVE START,T,OHUN,OHUN 03; OHUN 12,,6; OHUN 33 (TE-R); OHUN 63 (RG); OHUN 72 (RT); OHUN 74 (LG); OHUN 75 (LT); OHUN 76 (C),,3,ALSO D25,,8; ALSO D01; ALSO D02; ALSO D05; ALSO D11; ALSO D12; ALSO D25; ALSO D34; ALSO D48,5,L,OHUN 09 (QB),LWR 6(5); HB-L h21(-2); TE-R k; SRWR 7(10); RWR 8(10),6; H4; -; 7; 8,OHUN 03 6(5); OHUN 04 h21(-2); OHUN 33 k; OHUN 15 7(10); OHUN 12 8(10),LWR,OHUN 03,COMPLETE,6(5),6R,3; ALSO D49 (DRT); ALSO D90 (LE); ALSO D94 (DLT),,8,2L,ALSO D34 UNRd,,,-46,,,,,,,0,,,OHUN 09,0,,,0,,HB-L,HB-L (-5),,1; OHUN 04 (HB-L),,,,,,P,,-10,OHUN 04 (B:B),S,,,,ALSO D34,ALSO D25,R,,,,LWR^(-16.5); SRWR(+7.5); RWR^(+16.5),,0,11,0,0,0,,false,3,3,-0.26,2.122,Hitch,false,11,OHUN 04,OHUN 33,OHUN 03; OHUN 12; OHUN 15,GUN WEAK,TREY - OPEN,LWR; HB-L; TE-R; SRWR; RWR,1x3,TREY - OPEN,NICKEL,ALSO D01; ALSO D02; ALSO D05; ALSO D12; ALSO D34,ALSO D11; ALSO D25; ALSO D48,ALSO D49; ALSO D90; ALSO D94,WIDE OVER,,COVER 3,,75,,0.285,1.793,31255_7169985,31255-OHUN-7
7170051,31255,2026-09-19,2026,03,411559,2764,3,1,07:43,1,1,0,31,0,7,2,9,0,,,,0,0,0,21,0,,1,7169985,7170071,,31.21,1,,102,0,,1.5,0,0,8,3,0,0,OHUN 15,7; ALSO D05 (31); ALSO D11 (19); ALSO D25 (35); ALSO D48 (25); ALSO D49 (24); ALSO D90 (08); ALSO D94 (17),,L,,,LCB (7); SCBL (4); FSL (12); SS (8); RCB (6),LEO (08); DLT (17); LILB (19); DRT (24); RILB (25); SS (31); ROLB (35),3-3-5,ALSO D01 (FSL); ALSO D02 (SCBL); ALSO D05 (SS); ALSO D11 (LILB); ALSO D12 (RCB); ALSO D25 (ROLB); ALSO D34 (LCB); ALSO D48 (RILB); ALSO D49 (DRT); ALSO D90 (LEO); ALSO D94 (DLT),ALSO D01 (0.0); ALSO D02 (-0.5); ALSO D05 (0.0); ALSO D11 (0.0); ALSO D12 (0.0); ALSO D25 (0.0); ALSO D34 (0.0); ALSO D48 (0.0); ALSO D49 (0.0); ALSO D90 (0.0); ALSO D94 (0.0),,F,ALSO,10,,LEO (08); DLT (17); DRT (24),,PUNT,+43,6,KICKOFF - FC,-25,4,SD,-46,ALSO D02,,,,9,,,L,R,,,,,,OHUN 02 (RWR); OHUN 15 (SRWR); ALSO D02 (SCBL); ALSO D34 (LCB),,,,,,,,,,LILB (3); RILB (3); ROLB (0),,C,O,OHUN 02; ALSO D02,LWR^; HB; TE-R; SRWR; RWR^,1x3,,3-0-1-1,11,OHUN 02; OHUN 03; OHUN 04; OHUN 15; OHUN 33,OHUN 02 (RWR); OHUN 03 (LWR); OHUN 04 (HB); OHUN 09 (QB); OHUN 15 (SRWR); OHUN 33 (TE-R); OHUN 63 (RG); OHUN 72 (RT); OHUN 74 (LG); OHUN 75 (LT); OHUN 76 (C),OHUN 02 (-0.5); OHUN 03 (0.0); OHUN 04 (0.0); OHUN 09 (0.0); OHUN 15 (+0.5); OHUN 33 (0.0); OHUN 63 (0.0); OHUN 72 (0.0); OHUN 74 (0.0); OHUN 75 (0.0); OHUN 76 (0.0),OHUN 02,T,OHUN,OHUN 02; OHUN 03,,6; OHUN 33 (TE-R); OHUN 63 (RG); OHUN 72 (RT); OHUN 74 (LG); OHUN 75 (LT); OHUN 76 (C),,3b,ALSO D02,,6; ALSO D01; ALSO D02; ALSO D05; ALSO D12; ALSO D34; ALSO D48,1,M,OHUN 09 (QB),LWR n; HB fr; TE-R n; SRWR 0u(0); RWR z,-; -; -; 0; -,OHUN 03 n; OHUN 04 fr; OHUN 33 n; OHUN 15 0u(0); OHUN 02 z,SRWR,OHUN 15,COMPLETE,0u(0),0R,5; ALSO D11 (LILB); ALSO D25 (ROLB); ALSO D49 (DRT); ALSO D90 (LEO); ALSO D94 (DLT),,42,5R,,P,OHUN 04,+45,,,,OHUN 15,,,0,,,OHUN 09,0,,,0,,HB,HB (-7),,1; OHUN 04 (HB),,,,MAN,,P,,-10,,S,,,,ALSO D02,ALSO D34,R,,,,LWR^(-16.5); SRWR(+7.5); RWR^(+14.5),,1,12,0,0,0,,false,3,3,1.862,0.808,Bubble,false,11,OHUN 04,OHUN 33,OHUN 02; OHUN 03; OHUN 15,PISTOL,TREY - OPEN,LWR; HB; TE-R; SRWR; RWR,1x3,TREY - OPEN,NICKEL,ALSO D01; ALSO D02; ALSO D05; ALSO D12; ALSO D34,ALSO D11; ALSO D25; ALSO D48,ALSO D49; ALSO D90; ALSO D94,WIDE OVER,,COVER 3,,54,,2.078,1.455,31255_7170051,31255-OHUN-7
7170071,31255,2026-09-19,2026,03,411559,2792,3,2,07:20,0,,0,31,0,7,3,5,0,1,,,0,0,0,21,0,,0,7170051,7170133,,31.21,0,,103,0,,,0,0,,3,0,0,OHUN 04,7; ALSO D05 (30); ALSO D11 (34); ALSO D25 (11); ALSO D48 (21); ALSO D49 (16); ALSO D90 (30); ALSO D94 (22),,,,,LCB (2); SS (7); SSR (8); SCBR (3); RCB (1),LOLB (11); DLT (16); MLB (21); NT (22); SS (30); RE (30); RLB (34); SSR (44),3-3-5,ALSO D01 (SSR); ALSO D02 (SCBR); ALSO D05 (SS); ALSO D11 (RLB); ALSO D12 (LCB); ALSO D25 (LOLB); ALSO D34 (RCB); ALSO D48 (MLB); ALSO D49 (DLT); ALSO D90 (RE); ALSO D94 (NT),ALSO D01 (0.0); ALSO D02 (0.0); ALSO D05 (0.0); ALSO D11 (0.0); ALSO D12 (0.0); ALSO D25 (0.0); ALSO D34 (0.0); ALSO D48 (0.0); ALSO D49 (0.0); ALSO D90 (0.0); ALSO D94 (0.0),,F,ALSO,1,,DLT (16); NT (22); RE (30),,PUNT,+43,6,KICKOFF - FC,-25,,,+45,ALSO D05,,,,5,,,R,L,,,,,,OHUN 04 (HB-L); OHUN 75 (LT); ALSO D90 (RE),,,,,,,,,,LOLB (0); MLB (3); RLB (3),,C,O,,LWR; SLWR^; TE-L; HB-L; RWR^,3x1,,3-0-1-1,11,OHUN 02; OHUN 03; OHUN 04; OHUN 15; OHUN 33,OHUN 02 (RWR); OHUN 03 (SLWR); OHUN 04 (HB-L); OHUN 09 (QB); OHUN 15 (LWR); OHUN 33 (TE-L); OHUN 63 (RG); OHUN 72 (RT); OHUN 74 (LG); OHUN 75 (LT); OHUN 76 (C),OHUN 02 (0.0); OHUN 03 (0.0); OHUN 04 (+0.5); OHUN 09 (0.0); OHUN 15 (0.0); OHUN 33 (0.0); OHUN 63 (0.0); OHUN 72 (0.0); OHUN 74 (0.0); OHUN 75 (0.0); OHUN 76 (0.0),,T,OHUN,OHUN 02; OHUN 03,,,,3,,,,,,,LWR 0u(-2); SLWR 1z; TE-L r; HB-L r; RWR r,0; 3; -; -; -,OHUN 15 0u(-2); OHUN 03 1z; OHUN 33 r; OHUN 04 r; OHUN 02 r,,,,,,,,,,,,,+40,LT,,LT,OHUN 04,ALSO D12 > OHUN 02; ALSO D34 > OHUN 15,,0,,,OHUN 09,0,,,0,,HB-L,HB-L (-5),R,1; OHUN 04 (HB-L),,,,INSIDE ZONE,,R,,-10,,S,,,,ALSO D05,ALSO D90,L,,,,LWR(-9.5); SLWR^(-6.5); RWR^(+17.5),,1,27,0,0,0,,true,3,3,2.67,0.217,,false,11,OHUN 04,OHUN 33,OHUN 02; OHUN 03; OHUN 15,GUN STRONG,TREY - OPEN,LWR; SLWR; TE-L; HB-L; RWR,3x1,TREY - OPEN,NICKEL,ALSO D01; ALSO D02; ALSO D05; ALSO D12; ALSO D34,ALSO D11; ALSO D25; ALSO D48,ALSO D49; ALSO D90; ALSO D94,UNDER,,COVER 3,,45,,3.533,-0.486,31255_7170071,31255-OHUN-7
7170133,31255,2026-09-19,2026,03,411559,2818,3,1,06:58,0,0,0,31,0,7,4,2,0,,,,0,0,0,21,0,,0,7170071,7170148,,31.21,0,,104,0,2.9,4.7,0,0,,1,0,0,OHUN 09,7; ALSO D05 (07); ALSO D11 (28); ALSO D25 (11); ALSO D48 (19); ALSO D49 (20); ALSO D90 (35); ALSO D94 (27),,L,OHUN 04,,LCB (2); FS (11); SCBR (5); RCB (1),LLB (07); LOLB (11); LILB (19); DLT (20); DRT (27); RILB (28); REO (35),3-3-5,ALSO D01 (FS); ALSO D02 (SCBR); ALSO D05 (LLB); ALSO D11 (RILB); ALSO D12 (LCB); ALSO D25 (LOLB); ALSO D34 (RCB); ALSO D48 (LILB); ALSO D49 (DLT); ALSO D90 (REO); ALSO D94 (DRT),ALSO D01 (0.0); ALSO D02 (0.0); ALSO D05 (0.0); ALSO D11 (0.0); ALSO D12 (0.0); ALSO D25 (+0.5); ALSO D34 (0.0); ALSO D48 (0.0); ALSO D49 (0.0); ALSO D90 (+1.0); ALSO D94 (0.0),,T,ALSO,10,,DLT (20); DRT (27); REO (35),,PUNT,+43,6,KICKOFF - FC,-25,8,SR,+40,ALSO D48,,,,2,,,R,L,,ALSO D25; ALSO D90,,,,OHUN 33 (TE-R); OHUN 75 (LT); ALSO D25 (LOLB); ALSO D90 (REO),,,,,,,,,,LOLB (0); LLB (5); LILB (4); RILB (4),,C,C,OHUN 33; OHUN 75,LWR; SLWR^; HB-L; TE-R; RWR^,2x2,,3-0-1-1,11,OHUN 02; OHUN 03; OHUN 04; OHUN 15; OHUN 33,OHUN 02 (RWR); OHUN 03 (SLWR); OHUN 04 (HB-L); OHUN 09 (QB); OHUN 15 (LWR); OHUN 33 (TE-R); OHUN 63 (RG); OHUN 72 (RT); OHUN 74 (LG); OHUN 75 (LT); OHUN 76 (C),OHUN 02 (0.0); OHUN 03 (0.0); OHUN 04 (0.0); OHUN 09 (0.0); OHUN 15 (0.0); OHUN 33 (-0.5); OHUN 63 (0.0); OHUN 72 (0.0); OHUN 74 (0.0); OHUN 75 (-1.5); OHUN 76 (0.0),,F,OHUN,OHUN 02; OHUN 03,,6; OHUN 33 (TE-R); OHUN 63 (RG); OHUN 72 (RT); OHUN 74 (LG); OHUN 75 (LT); OHUN 76 (C),,3S,,,7; ALSO D01; ALSO D02; ALSO D05; ALSO D11; ALSO D12; ALSO D34; ALSO D48,,X,OHUN 09 (QB),LWR 4(7); SLWR 4(10); HB-L frkrh2(-3); TE-R k; RWR 6(17),4; 4; H2; -; 6,OHUN 15 4(7); OHUN 03 4(10); OHUN 04 frkrh2(-3); OHUN 33 k; OHUN 02 6(17),,,RUN,,,4; ALSO D25 (LOLB); ALSO D49 (DLT); ALSO D90 (REO); ALSO D94 (DRT),HURRY,,,,,OHUN 04,+38,QB SCRAMBLE,,QB SCRAMBLE,ALSO D25; ALSO D90,ALSO D12 > OHUN 02; ALSO D34 > OHUN 15,ALSO D25 (I) OHUN 33; ALSO D90 (I) OHUN 75,0,,,OHUN 09,1,ALSO D25; ALSO D90,OHUN 33; OHUN 75,0,R,HB-L,HB-L (-5),R,1; OHUN 04 (HB-L),,,,,,P,,-10,,S,,ALSO D48,,ALSO D48,,R,,,,LWR(-9.5); SLWR^(-7.5); RWR^(+17.5),,0,27,0,0,0,,true,3,3,2.887,-0.857,,false,11,OHUN 04,OHUN 33,OHUN 02; OHUN 03; OHUN 15,GUN WEAK,SLOT - PRO,LWR; SLWR; HB-L; TE-R; RWR,2x2,SLOT - PRO,NICKEL,ALSO D01; ALSO D02; ALSO D05; ALSO D12; ALSO D34,ALSO D11; ALSO D25; ALSO D48,ALSO D49; ALSO D90; ALSO D94,WIDE UNDER,,COVER 3 SEAM,,40,,3.047,-0.428,31255_7170133,31255-OHUN-7
7170148,31255,2026-09-19,2026,03,411559,2844,3,2,06:14,0,1,0,31,0,7,5,,0,,,,0,0,0,21,0,,0,7170133,7170193,,31.21,0,,105,0,,2.2,0,0,,,0,0,,6; ALSO D11 (25); ALSO D17 (12); ALSO D18 (29); ALSO D41 (16); ALSO D48 (17); ALSO D56 (22),,R,,,LCB (2); FS (13); SCBiR (4); SCBoR (5); RCB (1),LOLB (12); DLT (16); LILB (17); NT (22); RILB (25); RE (29),3-3-5,ALSO D01 (SCBiR); ALSO D05 (FS); ALSO D11 (RILB); ALSO D12 (LCB); ALSO D17 (LOLB); ALSO D18 (RE); ALSO D24 (SCBoR); ALSO D34 (RCB); ALSO D41 (DLT); ALSO D48 (LILB); ALSO D56 (NT),ALSO D01 (0.0); ALSO D05 (0.0); ALSO D11 (0.0); ALSO D12 (0.0); ALSO D17 (0.0); ALSO D18 (0.0); ALSO D24 (0.0); ALSO D34 (0.0); ALSO D41 (0.0); ALSO D48 (0.0); ALSO D56 (0.0),ALSO D17; ALSO D18; ALSO D24; ALSO D41; ALSO D56,T,ALSO,8,,DLT (16); NT (22); RE (29),,PUNT,+43,6,KICKOFF - FC,-25,6,SD,+38,,,,,0,,,R,L,,,DP,,,OHUN 15 (SLoWR),,,,,,,,,,LOLB (0); LILB (4); RILB (4),,C,C,OHUN 15,LWR^; SLoWR; SLiWR; HB-R; RWR^,3x1,TE>SLiWR,3-0-1-1,11,OHUN 02; OHUN 03; OHUN 04; OHUN 15; OHUN 33,OHUN 02 (RWR); OHUN 03 (LWR); OHUN 04 (HB-R); OHUN 09 (QB); OHUN 15 (SLoWR); OHUN 33 (SLiWR); OHUN 63 (RG); OHUN 72 (RT); OHUN 74 (LG); OHUN 75 (LT); OHUN 76 (C),OHUN 02 (0.0); OHUN 03 (0.0); OHUN 04 (0.0); OHUN 09 (0.0); OHUN 15 (-0.5); OHUN 33 (0.0); OHUN 63 (0.0); OHUN 72 (0.0); OHUN 74 (0.0); OHUN 75 (0.0); OHUN 76 (0.0),,F,OHUN,OHUN 02; OHUN 03,,6; OHUN 04 (HB-R); OHUN 63 (RG); OHUN 72 (RT); OHUN 74 (LG); OHUN 75 (LT); OHUN 76 (C),,1,ALSO D24,,7; ALSO D01; ALSO D05; ALSO D11; ALSO D12; ALSO D24; ALSO D34; ALSO D48,6,M,OHUN 09 (QB),LWR 9o; SLoWR 2(4); SLiWR 2(2); HB-R kr; RWR 8i(11),9; 2; 2; -; 8,OHUN 03 9o; OHUN 15 2(4); OHUN 33 2(2); OHUN 04 kr; OHUN 02 8i(11),SLoWR,OHUN 15,INCOMPLETE,2(4),4R,4; ALSO D17 (LOLB); ALSO D18 (RE); ALSO D41 (DLT); ALSO D56 (NT),,26,4,,,,+38,,,,,ALSO D12 > OHUN 02; ALSO D34 > OHUN 03,,0,,,OHUN 09,0,,,0,,HB-R,HB-R (-5),R,1; OHUN 04 (HB-R),,,,,,P,,-10,OHUN 04 (B:B); OHUN 33* (L:B>B:L),S,,,,,,,,,,LWR^(-14.5); SLoWR(-6.5); SLiWR(-1.5); RWR^(+17.5),,0,6,0,0,0,,false,3,3,2.03,-1.154,Slant,false,11,OHUN 04,OHUN 33,OHUN 02; OHUN 03; OHUN 15,GUN WEAK,TRIPS - OPEN,LWR; SLoWR; SLiWR; HB-R; RWR,3x1,TREY - OPEN,NICKEL,ALSO D01; ALSO D05; ALSO D12; ALSO D24; ALSO D34,ALSO D11; ALSO D17; ALSO D48,ALSO D18; ALSO D41; ALSO D56,UNDER,,COVER 1,,38,,2.619,-0.996,31255_7170148,31255-OHUN-7
7170193,31255,2026-09-19,2026,03,411559,2870,3,3,06:09,0,1,0,31,0,7,6,-5,0,,,,0,0,0,21,0,,0,7170148,7170261,,31.21,1,,106,0,1.6,2.0,0,0,1,1,0,0,OHUN 24,6; ALSO D11 (27); ALSO D17 (35); ALSO D18 (22); ALSO D25 (17); ALSO D48 (21); ALSO D90 (10),,C,,,LCB (1); FSR (12); SCBiR (4); SCBoR (1); RCB (1),LEO (10); LILB (17); MLB (21); NT (22); RILB (27); ROLB (35),2-4-5,ALSO D01 (SCBiR); ALSO D05 (FSR); ALSO D11 (RILB); ALSO D12 (LCB); ALSO D17 (ROLB); ALSO D18 (NT); ALSO D24 (SCBoR); ALSO D25 (LILB); ALSO D34 (RCB); ALSO D48 (MLB); ALSO D90 (LEO),ALSO D01 (0.0); ALSO D05 (0.0); ALSO D11 (0.0); ALSO D12 (0.0); ALSO D17 (0.0); ALSO D18 (0.0); ALSO D24 (0.0); ALSO D25 (+0.5); ALSO D34 (0.0); ALSO D48 (0.0); ALSO D90 (+1.0),ALSO D25; ALSO D90,T,ALSO,8,,LEO (10); NT (22),,PUNT,+43,6,KICKOFF - FC,-25,7,SD,+38,ALSO D25,,,,-5,,,R,L,,ALSO D90,,,,OHUN 63 (RG); OHUN 72 (RT); ALSO D25 (LILB); ALSO D48 (MLB); ALSO D90 (LEO),,,,,,,,,,LILB (3); MLB (1); RILB (1); ROLB (0),,C,C,OHUN 63; OHUN 72,LWR^; SLoWR; SLiWR; HB-R; RWR^,3x1,TE>SLiWR,3-0-1-1,11,OHUN 02; OHUN 03; OHUN 15; OHUN 24; OHUN 33,OHUN 02 (RWR); OHUN 03 (LWR); OHUN 09 (QB); OHUN 15 (SLoWR); OHUN 24 (HB-R); OHUN 33 (SLiWR); OHUN 63 (RG); OHUN 72 (RT); OHUN 74 (LG); OHUN 75 (LT); OHUN 76 (C),OHUN 02 (0.0); OHUN 03 (0.0); OHUN 09 (0.0); OHUN 15 (0.0); OHUN 24 (0.0); OHUN 33 (0.0); OHUN 63 (-1.0); OHUN 72 (-1.5); OHUN 74 (0.0); OHUN 75 (0.0); OHUN 76 (0.0),OHUN 24,F,OHUN,OHUN 02; OHUN 03,,5; OHUN 63 (RG); OHUN 72 (RT); OHUN 74 (LG); OHUN 75 (LT); OHUN 76 (C),,1,ALSO D48,,8; ALSO D01; ALSO D05; ALSO D11; ALSO D12; ALSO D24; ALSO D25; ALSO D34; ALSO D48,-6,M,OHUN 09 (QB),LWR z; SLoWR z; SLiWR z; HB-R h0(-6); RWR z,-; -; -; H0; -,OHUN 03 z; OHUN 15 z; OHUN 33 z; OHUN 24 h0(-6); OHUN 02 z,HB-R,OHUN 24,COMPLETE,h0(-6),H0,3; ALSO D17 (ROLB); ALSO D18 (NT); ALSO D90 (LEO),HURRY,44,5R,,,,+43,,,,ALSO D25; ALSO D90,ALSO D12 > OHUN 02; ALSO D24 > OHUN 15; ALSO D34 > OHUN 03,ALSO D90 (I) OHUN 72,0,,,OHUN 09,0,ALSO D90,OHUN 72,0,,HB-R,HB-R (-5),,1; OHUN 24 (HB-R),,,,,,P,,-10,OHUN 33* (L:B>B:L),S,,ALSO D25,,ALSO D25,,,,,,LWR^(-14.5); SLoWR(-6.5); SLiWR(+0.5); RWR^(+17.5),,0,3,0,0,0,,false,3,3,0.876,-2.133,Screen,false,11,OHUN 24,OHUN 33,OHUN 02; OHUN 03; OHUN 15,GUN WEAK,TRIPS - OPEN,LWR; SLoWR; SLiWR; HB-R; RWR,3x1,TREY - OPEN,NICKEL,ALSO D01; ALSO D05; ALSO D12; ALSO D24; ALSO D34,ALSO D11; ALSO D17; ALSO D25; ALSO D48,ALSO D18; ALSO D90,ODD,DOUBLE MUG,COVER 1,,38,,1.623,-2.45,31255_7170193,31255-OHUN-7
7170802,31255,2026-09-19,2026,03,411559,3119,3,1,03:03,1,0,0,31,0,8,1,-4,0,,,,0,0,0,21,0,,0,7170688,7170812,,31.21,0,,115,0,2.3,4.6,0,0,,,0,0,OHUN 09,7; ALSO D05 (16); ALSO D11 (35); ALSO D17 (11); ALSO D18 (27); ALSO D41 (17); ALSO D48 (22); ALSO D56 (22),,C,,,LCB (6); SS (8); SSR (10); SCBR (2); RCB (7),LOLB (11); SS (16); DLT (17); NT (22); MLB (22); DRT (27); ROLB (35); SSR (44),3-3-5,ALSO D05 (SS); ALSO D08 (SSR); ALSO D11 (ROLB); ALSO D12 (LCB); ALSO D17 (LOLB); ALSO D18 (DRT); ALSO D24 (SCBR); ALSO D34 (RCB); ALSO D41 (DLT); ALSO D48 (MLB); ALSO D56 (NT),ALSO D05 (0.0); ALSO D08 (0.0); ALSO D11 (0.0); ALSO D12 (0.0); ALSO D17 (0.0); ALSO D18 (0.0); ALSO D24 (+0.5); ALSO D34 (0.0); ALSO D41 (0.0); ALSO D48 (0.0); ALSO D56 (-0.5),DRIVE START,T,ALSO,10,,DLT (17); NT (22); DRT (27),,PUNT,-48,3,PUNT - RETURN,-47,9,SL,-47,ALSO D24,,,,-4,,,R,L,,ALSO D11; ALSO D56,,,,OHUN 09 (QB); ALSO D11 (ROLB); ALSO D24 (SCBR); ALSO D56 (NT),,,,,,,,,,LOLB (0); MLB (4); ROLB (0),ALSO D56,C,O,ALSO D56,LWR^; SLWR; TE-L; HB-R; RWR^,3x1,,3-0-1-1,11,OHUN 02; OHUN 03; OHUN 15; OHUN 22; OHUN 86,OHUN 02 (LWR); OHUN 03 (RWR); OHUN 09 (QB); OHUN 15 (SLWR); OHUN 22 (HB-R); OHUN 63 (RG); OHUN 72 (RT); OHUN 74 (LG); OHUN 75 (LT); OHUN 76 (C); OHUN 86 (TE-L),OHUN 02 (0.0); OHUN 03 (0.0); OHUN 09 (0.0); OHUN 15 (0.0); OHUN 22 (0.0); OHUN 63 (0.0); OHUN 72 (0.0); OHUN 74 (0.0); OHUN 75 (0.0); OHUN 76 (0.0); OHUN 86 (0.0),DRIVE START,F,OHUN,OHUN 02; OHUN 03,,7; OHUN 22 (HB-R); OHUN 63 (RG); OHUN 72 (RT); OHUN 74 (LG); OHUN 75 (LT); OHUN 76 (C); OHUN 86 (TE-L),,3b,,,6; ALSO D05; ALSO D08; ALSO D12; ALSO D17; ALSO D34; ALSO D48,,X,OHUN 09 (QB),LWR 46(14); SLWR x6(13); TE-L k; HB-R kr; RWR 4(20),4; X; -; -; 4,OHUN 02 46(14); OHUN 15 x6(13); OHUN 86 k; OHUN 22 kr; OHUN 03 4(20),,,SACK,,,5; ALSO D11 (ROLB); ALSO D18 (DRT); ALSO D24 (SCBR); ALSO D41 (DLT); ALSO D56 (NT),SACK,,,,,,-43,,,,ALSO D24,,ALSO D11 (CU); ALSO D24 (CU); ALSO D56 (CU),0,,,OHUN 09,1,ALSO D11; ALSO D24; ALSO D56,,0,L,HB-R,HB-R (-5),R,1; OHUN 22 (HB-R),,,,,,P,ALSO D24,-10,OHUN 22 (B:B),S,,ALSO D24,,,,L,,,,LWR^(-13.5); SLWR(-6.5); RWR^(+17.5),,0,9,0,0,0,,false,3,3,1.895,-1.576,,false,11,OHUN 22,OHUN 86,OHUN 02; OHUN 03; OHUN 15,GUN WEAK,TREY - OPEN,LWR; SLWR; TE-L; HB-R; RWR,3x1,TREY - OPEN,NICKEL,ALSO D05; ALSO D08; ALSO D12; ALSO D24; ALSO D34,ALSO D11; ALSO D17; ALSO D48,ALSO D18; ALSO D41; ALSO D56,BEAR,,COVER 3,,53,,2.154,-1.514,31255_7170802,31255-OHUN-8
7170812,31255,2026-09-19,2026,03,411559,3142,3,2,02:16,0,,0,31,0,8,2,5,0,,,,0,0,0,21,1,,0,7170802,7170863,,31.21,0,,116,0,,,0,0,,2,0,0,OHUN 22,5; ALSO D11 (23); ALSO D17 (34); ALSO D18 (11); ALSO D41 (27); ALSO D56 (20),,,,,LCB (6); SCBL (4); SSL (9); FS (14); SCBR (8); RCB (5),SSL (00); LEO (11); DLT (20); MLB (23); DRT (27); ROLB (34),3-3-5,ALSO D05 (SSL); ALSO D08 (FS); ALSO D11 (MLB); ALSO D12 (LCB); ALSO D17 (ROLB); ALSO D18 (LEO); ALSO D24 (SCBR); ALSO D34 (RCB); ALSO D41 (DRT); ALSO D48 (SCBL); ALSO D56 (DLT),ALSO D05 (0.0); ALSO D08 (0.0); ALSO D11 (0.0); ALSO D12 (0.0); ALSO D17 (0.0); ALSO D18 (0.0); ALSO D24 (0.0); ALSO D34 (0.0); ALSO D41 (0.0); ALSO D48 (0.0); ALSO D56 (0.0),,T,ALSO,14,,LEO (11); DLT (20); DRT (27),,PUNT,-48,3,PUNT - RETURN,-47,,,-43,ALSO D11,,,,5,,,C,C,,,,,,OHUN 63 (RG); ALSO D18 (LEO),,,,,,,,,,MLB (5); ROLB (0),,O,C,,LWR^; SLWR; HB-R; SRWR; RWR^,2x2,TE>SRWR,3-0-1-1,11,OHUN 02; OHUN 03; OHUN 15; OHUN 22; OHUN 86,OHUN 02 (LWR); OHUN 03 (RWR); OHUN 09 (QB); OHUN 15 (SLWR); OHUN 22 (HB-R); OHUN 63 (RG); OHUN 72 (RT); OHUN 74 (LG); OHUN 75 (LT); OHUN 76 (C); OHUN 86 (SRWR),OHUN 02 (0.0); OHUN 03 (0.0); OHUN 09 (0.0); OHUN 15 (0.0); OHUN 22 (0.0); OHUN 63 (0.0); OHUN 72 (0.0); OHUN 74 (0.0); OHUN 75 (0.0); OHUN 76 (0.0); OHUN 86 (0.0),,F,OHUN,OHUN 02; OHUN 03,,,,6L,,,,,,,,,,,,,,,,,,,,,,-48,MR,,MR,,,,0,,,OHUN 09,0,,,0,,HB-R,HB-R (-5),L,1; OHUN 22 (HB-R),,,,INSIDE ZONE,READ OPTION,R,,-10,OHUN 22 (B:B),S,,ALSO D11,,ALSO D11,ALSO D17,,,,,LWR^(-16.5); SLWR(-9.5); SRWR(+11.5); RWR^(+18.5),,0,2,0,0,0,,false,3,3,0.319,-0.4,,false,11,OHUN 22,OHUN 86,OHUN 02; OHUN 03; OHUN 15,GUN WEAK,SLOT - SLOT,LWR; SLWR; HB-R; SRWR; RWR,2x2,SLOT - SLOT,NICKEL,ALSO D05; ALSO D08; ALSO D12; ALSO D24; ALSO D34,ALSO D11; ALSO D17; ALSO D48,ALSO D18; ALSO D41; ALSO D56,WIDE OVER,,COVER 6,,57,,0.64,-0.299,31255_7170812,31255-OHUN-8
7170863,31255,2026-09-19,2026,03,411559,3168,3,3,01:29,1,0,0,31,0,8,3,,0,,,,0,0,0,21,0,,0,7170812,7170929,,31.21,0,,117,0,,2.4,0,0,,,0,0,,7; ALSO D05 (31); ALSO D11 (17); ALSO D17 (10); ALSO D18 (21); ALSO D25 (21); ALSO D48 (27); ALSO D90 (33),,C,,,LCB (1); SCBL (7); FSL (11); SS (8); RCB (1),LOLB (10); LILB (17); NLT (21); MLB (21); RILB (27); SS (31); REO (33),2-4-5,ALSO D05 (SS); ALSO D08 (FSL); ALSO D11 (LILB); ALSO D12 (RCB); ALSO D17 (LOLB); ALSO D18 (NLT); ALSO D24 (SCBL); ALSO D25 (MLB); ALSO D34 (LCB); ALSO D48 (RILB); ALSO D90 (REO),ALSO D05 (0.0); ALSO D08 (0.0); ALSO D11 (0.0); ALSO D12 (0.0); ALSO D17 (0.0); ALSO D18 (0.0); ALSO D24 (0.0); ALSO D25 (+1.0); ALSO D34 (0.0); ALSO D48 (0.0); ALSO D90 (0.0),ALSO D25; ALSO D90,T,ALSO,9,,NLT (21); REO (33),,PUNT,-48,3,PUNT - RETURN,-47,8,SD,-48,,,,,0,,,L,R,,,BP,,,ALSO D25 (MLB),,,,,,,,,,LOLB (0); LILB (1); MLB (3); RILB (1),,O,C,,LWR^; HB-L; SRiWR; SRoWR; RWR^,1x3,TE>SRiWR,3-0-1-1,11,OHUN 02; OHUN 03; OHUN 04; OHUN 15; OHUN 84,OHUN 02 (LWR); OHUN 03 (RWR); OHUN 04 (HB-L); OHUN 09 (QB); OHUN 15 (SRoWR); OHUN 63 (RG); OHUN 72 (RT); OHUN 74 (LG); OHUN 75 (LT); OHUN 76 (C); OHUN 84 (SRiWR),OHUN 02 (0.0); OHUN 03 (0.0); OHUN 04 (0.0); OHUN 09 (0.0); OHUN 15 (0.0); OHUN 63 (0.0); OHUN 72 (0.0); OHUN 74 (0.0); OHUN 75 (0.0); OHUN 76 (0.0); OHUN 84 (0.0),OHUN 04; OHUN 84,F,OHUN,OHUN 02; OHUN 03,,6; OHUN 04 (HB-L); OHUN 63 (RG); OHUN 72 (RT); OHUN 74 (LG); OHUN 75 (LT); OHUN 76 (C),,4b,,,7; ALSO D05; ALSO D08; ALSO D11; ALSO D12; ALSO D17; ALSO D24; ALSO D34,,X,OHUN 09 (QB),LWR 6o(16); HB-L kl; SRiWR 9s; SRoWR 4(12); RWR 9o,6; -; 9; 4; 9,OHUN 02 6o(16); OHUN 04 kl; OHUN 84 9s; OHUN 15 4(12); OHUN 03 9o,,,BATTED PASS,,,4; ALSO D18 (NLT); ALSO D25 (MLB); ALSO D48 (RILB); ALSO D90 (REO),,,,,,,-48,,,,ALSO D25,ALSO D12 > OHUN 02; ALSO D34 > OHUN 03,,0,,,OHUN 09,0,,,0,,HB-L,HB-L (-5),L,1; OHUN 04 (HB-L),,,,,,P,,-10,OHUN 84* (R:B>B:R),S,,,,,,,,,,LWR^(-17.5); SRiWR(-0.5); SRoWR(+7.5); RWR^(+16.5),,0,0,0,0,0,,false,3,3,-0.081,-1.251,,false,11,OHUN 04,OHUN 84,OHUN 02; OHUN 03; OHUN 15,GUN WEAK,TRIPS - OPEN,LWR; HB-L; SRiWR; SRoWR; RWR,1x3,TREY - OPEN,NICKEL,ALSO D05; ALSO D08; ALSO D12; ALSO D24; ALSO D34,ALSO D11; ALSO D17; ALSO D25; ALSO D48,ALSO D18; ALSO D90,ODD,DOUBLE MUG,COVER 4,,52,,0.341,-1.712,31255_7170863,31255-OHUN-8
7172118,31255,2026-09-19,2026,03,411559,3665,4,1,08:11,1,0,0,38,0,9,1,,0,,,,0,0,0,21,0,,1,7171895,7172133,,38.21,0,,136,0,,2.1,0,0,,,0,0,,6; ALSO D11 (09); ALSO D18 (16); ALSO D25 (35); ALSO D41 (28); ALSO D48 (18); ALSO D56 (22),,C,,,LCB (7); SCBoL (2); FSL (11); SSR (10); RCB (1),LOLB (09); DLT (16); LILB (18); NT (22); DRT (28); SSR (33); ROLB (35),3-3-5,ALSO D01 (FSL); ALSO D02 (LCB); ALSO D05 (SSR); ALSO D11 (LOLB); ALSO D12 (RCB); ALSO D18 (DLT); ALSO D24 (SCBoL); ALSO D25 (ROLB); ALSO D41 (DRT); ALSO D48 (LILB); ALSO D56 (NT),ALSO D01 (0.0); ALSO D02 (0.0); ALSO D05 (0.0); ALSO D11 (0.0); ALSO D12 (0.0); ALSO D18 (0.0); ALSO D24 (0.0); ALSO D25 (0.0); ALSO D41 (0.0); ALSO D48 (0.0); ALSO D56 (0.0),DRIVE START,T,ALSO,10,,DLT (16); NT (22); DRT (28),,TOUCHDOWN,+0,10,KICKOFF - RETURN,-37,0,RR,-37,,,,,0,,,C,C,,,OT,,,OHUN 07 (QB),,,,,,,,,,LOLB (0); LILB (3); ROLB (0),,C,O,OHUN 07,LWR^; HB-R; SRiWR; SRoWR; RWR^,1x3,TE>SRoWR,3-0-1-1,11,OHUN 02; OHUN 03; OHUN 04; OHUN 15; OHUN 84,OHUN 02 (RWR); OHUN 03 (LWR); OHUN 04 (HB-R); OHUN 07 (QB); OHUN 15 (SRiWR); OHUN 51 (C); OHUN 63 (RG); OHUN 72 (RT); OHUN 75 (LT); OHUN 76 (LG); OHUN 84 (SRoWR),OHUN 02 (0.0); OHUN 03 (0.0); OHUN 04 (0.0); OHUN 07 (-0.5); OHUN 15 (0.0); OHUN 51 (0.0); OHUN 63 (0.0); OHUN 72 (0.0); OHUN 75 (0.0); OHUN 76 (0.0); OHUN 84 (0.0),DRIVE START,F,OHUN,OHUN 02; OHUN 03,,7; OHUN 02 (RWR); OHUN 51 (C); OHUN 63 (RG); OHUN 72 (RT); OHUN 75 (LT); OHUN 76 (LG); OHUN 84 (SRoWR),,3b,ALSO D24,,6; ALSO D01; ALSO D02; ALSO D05; ALSO D12; ALSO D24; ALSO D25,1,R,OHUN 07 (QB),LWR 2(1); HB-R fl; SRiWR 1; SRoWR z; RWR z,2; -; 3; -; -,OHUN 03 2(1); OHUN 04 fl; OHUN 15 1; OHUN 84 z; OHUN 02 z,SRiWR,OHUN 15,INCOMPLETE,1,1R,5; ALSO D11 (LOLB); ALSO D18 (DLT); ALSO D41 (DRT); ALSO D48 (LILB); ALSO D56 (NT),,45,6R,,,OHUN 04,-37,,,,,ALSO D12 > OHUN 03; ALSO D24 > OHUN 84,,0,,,OHUN 07,0,,,0,,HB-R,HB-R (-5),,1; OHUN 04 (HB-R),,,,INSIDE ZONE,,P,,-17,OHUN 04 (B:B),S,,,,,,,,,,LWR^(-15.5); SRiWR(+5.5); SRoWR(+9.5); RWR^(+17.5),,1,12,0,0,0,,false,3,3,1.265,-0.659,Flat,false,11,OHUN 04,OHUN 84,OHUN 02; OHUN 03; OHUN 15,GUN STRONG,TRIPS - OPEN,LWR; HB-R; SRiWR; SRoWR; RWR,1x3,TRIPS - OPEN,NICKEL,ALSO D01; ALSO D02; ALSO D05; ALSO D12; ALSO D24,ALSO D11; ALSO D25; ALSO D48,ALSO D18; ALSO D41; ALSO D56,BEAR,,COVER 3,,63,,1.346,-0.939,31255_7172118,31255-OHUN-9
7172133,31255,2026-09-19,2026,03,411559,3691,4,2,08:07,1,0,1,38,0,9,2,,0,,,,0,0,0,21,0,,0,7172118,7172200,,38.21,0,,137,0,,2.3,0,0,,,0,0,,6; ALSO D11 (14); ALSO D18 (15); ALSO D25 (36); ALSO D41 (29); ALSO D48 (22); ALSO D56 (22),,C,,,LCB (6); SCBL (3); FSL (11); FS (10); RCB (2),LLB (14); LE (15); NT (22); MLB (22); RE (29); ROLB (36),3-3-5,ALSO D01 (FSL); ALSO D02 (LCB); ALSO D05 (FS); ALSO D11 (LLB); ALSO D12 (RCB); ALSO D18 (LE); ALSO D24 (SCBL); ALSO D25 (ROLB); ALSO D41 (RE); ALSO D48 (MLB); ALSO D56 (NT),ALSO D01 (0.0); ALSO D02 (0.0); ALSO D05 (0.0); ALSO D11 (0.0); ALSO D12 (+0.5); ALSO D18 (+0.5); ALSO D24 (0.0); ALSO D25 (0.0); ALSO D41 (0.0); ALSO D48 (0.0); ALSO D56 (0.0),,T,ALSO,10,,LE (15); NT (22); RE (29),,TOUCHDOWN,+0,10,KICKOFF - RETURN,-37,7,SD,-37,,,,,0,,,C,C,,,RC,,,OHUN 07 (QB); OHUN 63 (RG); ALSO D12 (RCB); ALSO D18 (LE),,,,,,,,,,LLB (3); MLB (4); ROLB (0),,C,O,OHUN 07; OHUN 63,LWR^; HB-L; TE-R; SRWR^; RWR,1x3,,3-0-1-1,11,OHUN 02; OHUN 03; OHUN 04; OHUN 15; OHUN 84,OHUN 02 (SRWR); OHUN 03 (LWR); OHUN 04 (HB-L); OHUN 07 (QB); OHUN 15 (RWR); OHUN 51 (C); OHUN 63 (RG); OHUN 72 (RT); OHUN 75 (LT); OHUN 76 (LG); OHUN 84 (TE-R),OHUN 02 (0.0); OHUN 03 (0.0); OHUN 04 (0.0); OHUN 07 (-0.5); OHUN 15 (0.0); OHUN 51 (0.0); OHUN 63 (-0.5); OHUN 72 (0.0); OHUN 75 (0.0); OHUN 76 (0.0); OHUN 84 (0.0),,F,OHUN,OHUN 02; OHUN 03,,7; OHUN 04 (HB-L); OHUN 51 (C); OHUN 63 (RG); OHUN 72 (RT); OHUN 75 (LT); OHUN 76 (LG); OHUN 84 (TE-R),,3b,ALSO D12,,5; ALSO D01; ALSO D02; ALSO D05; ALSO D12; ALSO D48,29,L,OHUN 07 (QB),LWR 9o; HB-L kr; TE-R k; SRWR 9s; RWR 6(12),9; -; -; 9; 6,OHUN 03 9o; OHUN 04 kr; OHUN 84 k; OHUN 02 9s; OHUN 15 6(12),LWR,OHUN 03,INCOMPLETE,9o,9R,6; ALSO D11 (LLB); ALSO D18 (LE); ALSO D24 (SCBL); ALSO D25 (ROLB); ALSO D41 (RE); ALSO D56 (NT),,3,2L,,,,-37,,,,ALSO D12; ALSO D18,ALSO D12 > OHUN 03,ALSO D18 (I) OHUN 63,0,,,OHUN 07,0,,,0,,HB-L,HB-L (-5),R,1; OHUN 04 (HB-L),,,,,,P,,-17,,S,,,,,,R,,,,LWR^(-14.5); SRWR^(+11.5); RWR(+13.5),,0,9,0,0,0,,false,3,3,0.606,-0.83,Go,false,11,OHUN 04,OHUN 84,OHUN 02; OHUN 03; OHUN 15,GUN WEAK,TREY - OPEN,LWR; HB-L; TE-R; SRWR; RWR,1x3,TREY - OPEN,NICKEL,ALSO D01; ALSO D02; ALSO D05; ALSO D12; ALSO D24,ALSO D11; ALSO D25; ALSO D48,ALSO D18; ALSO D41; ALSO D56,ODD,,COVER 3,,63,,0.407,-1.134,31255_7172133,31255-OHUN-9
7172200,31255,2026-09-19,2026,03,411559,3717,4,3,08:02,1,,0,38,1,9,3,11,0,1,,,0,0,0,21,0,,0,7172133,7172279,,38.21,0,,138,1,,,0,0,,3,0,0,OHUN 07,6; ALSO D11 (18); ALSO D17 (10); ALSO D18 (22); ALSO D25 (39); ALSO D48 (28); ALSO D90 (32),,,,,LCB (7); SCBL (2); FSL (11); SSR (8); RCB (6),LOLB (10); LILB (18); NT (22); RILB (28); REO (32); SSR (36); ROLB (39),2-4-5,ALSO D01 (FSL); ALSO D02 (LCB); ALSO D05 (SSR); ALSO D11 (LILB); ALSO D12 (RCB); ALSO D17 (LOLB); ALSO D18 (NT); ALSO D24 (SCBL); ALSO D25 (ROLB); ALSO D48 (RILB); ALSO D90 (REO),ALSO D01 (0.0); ALSO D02 (0.0); ALSO D05 (0.0); ALSO D11 (0.0); ALSO D12 (0.0); ALSO D17 (0.0); ALSO D18 (0.0); ALSO D24 (0.0); ALSO D25 (0.0); ALSO D48 (0.0); ALSO D90 (0.0),ALSO D17; ALSO D90,F,ALSO,10,,NT (22); REO (32),,TOUCHDOWN,+0,10,KICKOFF - RETURN,-37,,,-37,ALSO D17,,,,11,,,C,C,,,,,,OHUN 07 (QB); OHUN 51 (C); ALSO D90 (REO),,,,,,,,,,LOLB (0); LILB (3); RILB (3); ROLB (0),,C,O,,LWR^; HB-L; SRiWR; SRoWR; RWR^,1x3,TE>SRiWR,3-0-1-1,11,OHUN 02; OHUN 03; OHUN 04; OHUN 15; OHUN 84,OHUN 02 (RWR); OHUN 03 (LWR); OHUN 04 (HB-L); OHUN 07 (QB); OHUN 15 (SRoWR); OHUN 51 (C); OHUN 63 (RG); OHUN 72 (RT); OHUN 75 (LT); OHUN 76 (LG); OHUN 84 (SRiWR),OHUN 02 (0.0); OHUN 03 (0.0); OHUN 04 (0.0); OHUN 07 (+0.5); OHUN 15 (0.0); OHUN 51 (0.0); OHUN 63 (0.0); OHUN 72 (0.0); OHUN 75 (0.0); OHUN 76 (0.0); OHUN 84 (0.0),,T,OHUN,OHUN 02; OHUN 03,,,,3b,,,,,,,,,,,,,,,,,,,,,,-48,RT,,RT,OHUN 07,,,0,,,OHUN 07,0,,,0,,HB-L,HB-L (-5),R,1; OHUN 04 (HB-L),,,,DRAW,LEAD;QB RUNS,R,,-17,OHUN 04 (B:B),S,,,,ALSO D17,ALSO D01,,,,,LWR^(-15.5); SRiWR(+5.5); SRoWR(+9.5); RWR^(+15.5),,0,4,0,0,0,,false,3,3,-0.224,2.187,,false,11,OHUN 04,OHUN 84,OHUN 02; OHUN 03; OHUN 15,GUN WEAK,TRIPS - OPEN,LWR; HB-L; SRiWR; SRoWR; RWR,1x3,TRIPS - OPEN,NICKEL,ALSO D01; ALSO D02; ALSO D05; ALSO D12; ALSO D24,ALSO D11; ALSO D17; ALSO D25; ALSO D48,ALSO D18; ALSO D90,ODD,,COVER 3,,63,,-0.727,2.957,31255_7172200,31255-OHUN-9
7172279,31255,2026-09-19,2026,03,411559,3743,4,1,07:31,1,1,0,38,0,9,4,17,0,1,,,0,0,0,21,0,,0,7172200,7172296,,38.21,0,,139,0,3.6,3.8,0,0,6,2,0,0,OHUN 15,5; ALSO D11 (27); ALSO D17 (34); ALSO D18 (18); ALSO D25 (11); ALSO D90 (28),,L,,,LCB (6); SCBL (4); FSL (11); SSR (10); SCBR (2); RCB (7),LOLB (11); DLT (18); RILB (27); DRT (28); REO (34); SSR (44),2-4-5,ALSO D01 (SSR); ALSO D02 (LCB); ALSO D05 (FSL); ALSO D11 (RILB); ALSO D12 (RCB); ALSO D17 (REO); ALSO D18 (DLT); ALSO D24 (SCBR); ALSO D25 (LOLB); ALSO D48 (SCBL); ALSO D90 (DRT),ALSO D01 (0.0); ALSO D02 (0.0); ALSO D05 (0.0); ALSO D11 (-0.5); ALSO D12 (0.0); ALSO D17 (+0.5); ALSO D18 (0.0); ALSO D24 (0.0); ALSO D25 (0.0); ALSO D48 (0.0); ALSO D90 (0.0),,F,ALSO,10,,DLT (18); DRT (28); REO (34),,TOUCHDOWN,+0,10,KICKOFF - RETURN,-37,7,SD,-48,ALSO D05,,,,17,,,R,L,,ALSO D17,,,,OHUN 07 (QB); OHUN 15 (SLWR); OHUN 75 (LT); ALSO D11 (RILB); ALSO D17 (REO),,,,,,,,,,LOLB (0); RILB (4),,C,O,OHUN 75; ALSO D11,LWR^; SLWR; HB-L; SRWR; RWR^,2x2,TE>SRWR,3-0-1-1,11,OHUN 02; OHUN 03; OHUN 04; OHUN 15; OHUN 84,OHUN 02 (RWR); OHUN 03 (LWR); OHUN 04 (HB-L); OHUN 07 (QB); OHUN 15 (SLWR); OHUN 51 (C); OHUN 63 (RG); OHUN 72 (RT); OHUN 75 (LT); OHUN 76 (LG); OHUN 84 (SRWR),OHUN 02 (0.0); OHUN 03 (0.0); OHUN 04 (0.0); OHUN 07 (+0.5); OHUN 15 (+0.5); OHUN 51 (0.0); OHUN 63 (0.0); OHUN 72 (0.0); OHUN 75 (-0.5); OHUN 76 (0.0); OHUN 84 (0.0),,T,OHUN,OHUN 02; OHUN 03,,6; OHUN 04 (HB-L); OHUN 51 (C); OHUN 63 (RG); OHUN 72 (RT); OHUN 75 (LT); OHUN 76 (LG),,3b,ALSO D11,,7; ALSO D01; ALSO D02; ALSO D05; ALSO D11; ALSO D12; ALSO D25; ALSO D48,11,M,OHUN 07 (QB),LWR 6(16); SLWR 6o(13); HB-L kl; SRWR 3(5); RWR 4(18),6; 6; -; 3; 4,OHUN 03 6(16); OHUN 15 6o(13); OHUN 04 kl; OHUN 84 3(5); OHUN 02 4(18),SLWR,OHUN 15,COMPLETE,6o(13),5R,4; ALSO D17 (REO); ALSO D18 (DLT); ALSO D24 (SCBR); ALSO D90 (DRT),HURRY,23,4,,,,+35,,,,OHUN 07; OHUN 15; ALSO D17,ALSO D24 > OHUN 15,ALSO D17 (O) OHUN 75,0,,,OHUN 07,0,ALSO D17,OHUN 75,0,,HB-L,HB-L (-5),L,1; OHUN 04 (HB-L),,,,,,P,,-17,,S,,,,ALSO D05,,,,,,LWR^(-14.5); SLWR(-6.5); SRWR(+14.5); RWR^(+19.5),,0,19,0,0,0,,true,3,3,1.963,1.282,Hitch,false,11,OHUN 04,OHUN 84,OHUN 02; OHUN 03; OHUN 15,GUN STRONG,SLOT - SLOT,LWR; SLWR; HB-L; SRWR; RWR,2x2,SLOT - SLOT,NICKEL,ALSO D01; ALSO D02; ALSO D05; ALSO D12; ALSO D24,ALSO D11; ALSO D17; ALSO D25; ALSO D48,ALSO D18; ALSO D90,WIDE OVER,,COVER 3,,52,,2.23,1.106,31255_7172279,31255-OHUN-9
7172296,31255,2026-09-19,2026,03,411559,3771,4,1,07:06,0,0,1,38,0,9,5,,0,,,,0,0,0,21,0,,0,7172279,7172346,,38.21,0,,140,0,,2.4,0,0,,,0,0,,6; ALSO D11 (28); ALSO D17 (34); ALSO D18 (18); ALSO D25 (07); ALSO D48 (16); ALSO D90 (27),,L,OHUN 04,,LCB (8); SCBL (7); FS (15); SCBR (2); RCB (8),LOLB (07); LILB (16); DLT (18); DRT (27); RILB (28); ROLB (34),2-4-5,ALSO D01 (FS); ALSO D02 (LCB); ALSO D05 (SCBL); ALSO D11 (RILB); ALSO D12 (RCB); ALSO D17 (ROLB); ALSO D18 (DLT); ALSO D24 (SCBR); ALSO D25 (LOLB); ALSO D48 (LILB); ALSO D90 (DRT),ALSO D01 (0.0); ALSO D02 (+0.5); ALSO D05 (0.0); ALSO D11 (0.0); ALSO D12 (0.0); ALSO D17 (0.0); ALSO D18 (0.0); ALSO D24 (0.0); ALSO D25 (0.0); ALSO D48 (0.0); ALSO D90 (0.0),,T,ALSO,10,,DLT (18); DRT (27),,TOUCHDOWN,+0,10,KICKOFF - RETURN,-37,6,SD,+35,,,,,0,,,C,C,,,BR,,,OHUN 07 (QB); ALSO D02 (LCB),,,,,,,,,,LOLB (0); LILB (5); RILB (5); ROLB (0),,C,C,OHUN 07,LWR^; SLWR; HB-L; SRWR; RWR^,2x2,TE>SRWR,3-0-1-1,11,OHUN 02; OHUN 03; OHUN 04; OHUN 15; OHUN 84,OHUN 02 (RWR); OHUN 03 (LWR); OHUN 04 (HB-L); OHUN 07 (QB); OHUN 15 (SLWR); OHUN 51 (C); OHUN 63 (RG); OHUN 72 (RT); OHUN 75 (LT); OHUN 76 (LG); OHUN 84 (SRWR),OHUN 02 (0.0); OHUN 03 (0.0); OHUN 04 (0.0); OHUN 07 (-0.5); OHUN 15 (0.0); OHUN 51 (0.0); OHUN 63 (0.0); OHUN 72 (0.0); OHUN 75 (0.0); OHUN 76 (0.0); OHUN 84 (0.0),,F,OHUN,OHUN 02; OHUN 03,,5; OHUN 51 (C); OHUN 63 (RG); OHUN 72 (RT); OHUN 75 (LT); OHUN 76 (LG),,3S,ALSO D02,,7; ALSO D01; ALSO D02; ALSO D05; ALSO D11; ALSO D12; ALSO D24; ALSO D48,33,R,OHUN 07 (QB),LWR 339(15); SLWR 9si; HB-L klh66(2); SRWR 9s; RWR 9o,9; 9; H6; 9; 9,OHUN 03 339(15); OHUN 15 9si; OHUN 04 klh66(2); OHUN 84 9s; OHUN 02 9o,RWR,OHUN 02,INCOMPLETE,9o,9R,4; ALSO D17 (ROLB); ALSO D18 (DLT); ALSO D25 (LOLB); ALSO D90 (DRT),,53,7R,,,,+35,,,,ALSO D02,ALSO D24 > OHUN 15,,0,,,OHUN 07,0,,,0,,HB-L,HB-L (-4),L,1; OHUN 04 (HB-L),,,,,,P,,-17,,S,,,,,,,,,,LWR^(-17.5); SLWR(-10.5); SRWR(+10.5); RWR^(+16.5),,0,25,0,0,0,,true,3,3,3.245,-0.717,Go,false,11,OHUN 04,OHUN 84,OHUN 02; OHUN 03; OHUN 15,GUN STRONG,SLOT - SLOT,LWR; SLWR; HB-L; SRWR; RWR,2x2,SLOT - SLOT,NICKEL,ALSO D01; ALSO D02; ALSO D05; ALSO D12; ALSO D24,ALSO D11; ALSO D17; ALSO D25; ALSO D48,ALSO D18; ALSO D90,WIDE OVER,,COVER 3 SEAM,,35,,3.336,-0.716,31255_7172296,31255-OHUN-9
7172346,31255,2026-09-19,2026,03,411559,3797,4,2,06:59,0,,0,38,0,9,6,,0,,,,0,1,0,21,0,-5,0,7172296,7172407,,38.21,0,,141,0,,,0,0,,,0,0,,6; ALSO D11 (33); ALSO D25 (11); ALSO D41 (16); ALSO D48 (21); ALSO D56 (22); ALSO D85 (27),,,,,LCB (8); SCBL (8); FSR (12); SCBR (2); RCB (8),LOLB (11); DLT (16); MLB (21); NT (22); DRT (27); ROLB (33),3-3-5,ALSO D02 (LCB); ALSO D05 (SCBL); ALSO D08 (FSR); ALSO D11 (ROLB); ALSO D12 (RCB); ALSO D24 (SCBR); ALSO D25 (LOLB); ALSO D41 (DLT); ALSO D48 (MLB); ALSO D56 (NT); ALSO D85 (DRT),ALSO D02 (0.0); ALSO D05 (0.0); ALSO D08 (0.0); ALSO D11 (0.0); ALSO D12 (0.0); ALSO D24 (0.0); ALSO D25 (0.0); ALSO D41 (0.0); ALSO D48 (0.0); ALSO D56 (0.0); ALSO D85 (0.0),ALSO D08; ALSO D41; ALSO D56; ALSO D85,,ALSO,10,,DLT (16); NT (22); DRT (27),,TOUCHDOWN,+0,10,KICKOFF - RETURN,-37,,,+35,,,,,-5,,,C,C,,,,,,OHUN 07 (QB),,,,,,,,,,LOLB (0); MLB (5); ROLB (0),,,,OHUN 07,LWR^; SLWR; HB-L; SRWR; RWR^,2x2,TE>SRWR,3-0-1-1,11,OHUN 03; OHUN 04; OHUN 12; OHUN 15; OHUN 33,OHUN 03 (LWR); OHUN 04 (HB-L); OHUN 07 (QB); OHUN 12 (RWR); OHUN 15 (SLWR); OHUN 33 (SRWR); OHUN 51 (C); OHUN 63 (RG); OHUN 72 (RT); OHUN 75 (LT); OHUN 76 (LG),OHUN 03 (0.0); OHUN 04 (0.0); OHUN 07 (-0.5); OHUN 12 (0.0); OHUN 15 (0.0); OHUN 33 (0.0); OHUN 51 (0.0); OHUN 63 (0.0); OHUN 72 (0.0); OHUN 75 (0.0); OHUN 76 (0.0),OHUN 12; OHUN 33,,OHUN,OHUN 03; OHUN 12,,,,,,,,,,,,,,,,,,,,,,,OHUN 07 DOG,,,+40,,,,,ALSO D24 > OHUN 15,,0,,,OHUN 07,0,,,0,,HB-L,HB-L (-4),,1; OHUN 04 (HB-L),,,,,,X,,-17,OHUN 04 (B:B),S,,,,,,,,,,LWR^(-18.5); SLWR(-12.5); SRWR(+10.5); RWR^(+17.5),,0,0,0,0,0,,false,3,3,2.528,-0.652,,false,11,OHUN 04,OHUN 33,OHUN 03; OHUN 12; OHUN 15,GUN STRONG,SLOT - SLOT,LWR; SLWR; HB-L; SRWR; RWR,2x2,SLOT - SLOT,NICKEL,ALSO D02; ALSO D05; ALSO D08; ALSO D12; ALSO D24,ALSO D11; ALSO D25; ALSO D48,ALSO D41; ALSO D56; ALSO D85,BEAR,,,,35,,2.62,-0.71,31255_7172346,31255-OHUN-9
7172407,31255,2026-09-19,2026,03,411559,3824,4,2,06:59,1,0,0,38,0,9,7,18,0,1,,,0,0,0,21,0,,0,7172346,7172417,,38.21,0,,142,0,3.3,5.5,0,0,,1,0,0,OHUN 07,6; ALSO D11 (35); ALSO D25 (08); ALSO D41 (16); ALSO D48 (22); ALSO D56 (22); ALSO D85 (27),,C,,,LCB (7); SCBL (9); FSR (12); SCBR (3); RCB (8),LOLB (08); DLT (16); NT (22); MLB (22); DRT (27); ROLB (35),3-3-5,ALSO D02 (LCB); ALSO D05 (SCBL); ALSO D08 (FSR); ALSO D11 (ROLB); ALSO D12 (RCB); ALSO D24 (SCBR); ALSO D25 (LOLB); ALSO D41 (DLT); ALSO D48 (MLB); ALSO D56 (NT); ALSO D85 (DRT),ALSO D02 (0.0); ALSO D05 (0.0); ALSO D08 (0.0); ALSO D11 (+0.5); ALSO D12 (0.0); ALSO D24 (0.0); ALSO D25 (-1.0); ALSO D41 (0.0); ALSO D48 (0.0); ALSO D56 (0.0); ALSO D85 (0.0),,F,ALSO,15,,DLT (16); NT (22); DRT (27),,TOUCHDOWN,+0,10,KICKOFF - RETURN,-37,6,SR,+40,ALSO D48,,,,18,,,C,C,,ALSO D11,,,,OHUN 04 (HB-L); OHUN 07 (QB); ALSO D11 (ROLB); ALSO D25 (LOLB),,,,,,,,,,LOLB (0); MLB (5); ROLB (0),ALSO D25,O,O,OHUN 04; ALSO D25,LWR^; SLWR; HB-L; SRWR; RWR^,2x2,TE>SRWR,3-0-1-1,11,OHUN 03; OHUN 04; OHUN 12; OHUN 15; OHUN 33,OHUN 03 (LWR); OHUN 04 (HB-L); OHUN 07 (QB); OHUN 12 (RWR); OHUN 15 (SLWR); OHUN 33 (SRWR); OHUN 51 (C); OHUN 63 (RG); OHUN 72 (RT); OHUN 75 (LT); OHUN 76 (LG),OHUN 03 (0.0); OHUN 04 (-0.5); OHUN 07 (+0.5); OHUN 12 (0.0); OHUN 15 (0.0); OHUN 33 (0.0); OHUN 51 (0.0); OHUN 63 (0.0); OHUN 72 (0.0); OHUN 75 (0.0); OHUN 76 (0.0),,T,OHUN,OHUN 03; OHUN 12,,6; OHUN 04 (HB-L); OHUN 51 (C); OHUN 63 (RG); OHUN 72 (RT); OHUN 75 (LT); OHUN 76 (LG),,4b,,,7; ALSO D02; ALSO D05; ALSO D08; ALSO D12; ALSO D24; ALSO D25; ALSO D48,,X,OHUN 07 (QB),LWR 6(6); SLWR 9so; HB-L kl; SRWR 8(8); RWR 8(10),6; 9; -; 8; 8,OHUN 03 6(6); OHUN 15 9so; OHUN 04 kl; OHUN 33 8(8); OHUN 12 8(10),,,RUN,,,4; ALSO D11 (ROLB); ALSO D41 (DLT); ALSO D56 (NT); ALSO D85 (DRT),HURRY,,,,,,+22,QB SCRAMBLE,,QB SCRAMBLE,OHUN 07; ALSO D11,,ALSO D11 (BOL) OHUN 04,0,,,OHUN 07,1,ALSO D11,OHUN 04,0,C,HB-L,HB-L (-4),L,1; OHUN 04 (HB-L),,,,,,P,,-17,OHUN 04 (B:B),S,,,,ALSO D48,,,,,,LWR^(-17.5); SLWR(-11.5); SRWR(+10.5); RWR^(+17.5),,0,13,0,0,0,,false,3,3,1.876,2.27,,false,11,OHUN 04,OHUN 33,OHUN 03; OHUN 12; OHUN 15,GUN STRONG,SLOT - SLOT,LWR; SLWR; HB-L; SRWR; RWR,2x2,SLOT - SLOT,NICKEL,ALSO D02; ALSO D05; ALSO D08; ALSO D12; ALSO D24,ALSO D11; ALSO D25; ALSO D48,ALSO D41; ALSO D56; ALSO D85,BEAR,,COVER 4,,40,,1.91,2.036,31255_7172407,31255-OHUN-9
7172417,31255,2026-09-19,2026,03,411559,3850,4,1,06:19,1,,0,38,0,9,8,7,0,,,,0,0,0,21,1,-10,0,7172407,7172645,,38.21,0,,143,0,,,0,0,,0,0,0,OHUN 07,7; ALSO D05 (18); ALSO D11 (25); ALSO D25 (10); ALSO D41 (27); ALSO D48 (17); ALSO D56 (18); ALSO D85 (35),,,,,LCB (1); SS (7); FS (13); SCBR (4); RCB (7),LOLB (10); LILB (17); DLT (18); SS (18); RILB (25); DRT (27); REO (35),3-3-5,ALSO D02 (LCB); ALSO D05 (SS); ALSO D08 (FS); ALSO D11 (RILB); ALSO D12 (RCB); ALSO D24 (SCBR); ALSO D25 (LOLB); ALSO D41 (DRT); ALSO D48 (LILB); ALSO D56 (DLT); ALSO D85 (REO),ALSO D02 (0.0); ALSO D05 (0.0); ALSO D08 (0.0); ALSO D11 (0.0); ALSO D12 (0.0); ALSO D24 (0.0); ALSO D25 (-1.0); ALSO D41 (0.0); ALSO D48 (0.0); ALSO D56 (0.0); ALSO D85 (0.0),,F,ALSO,10,,DLT (18); DRT (27); REO (35),,TOUCHDOWN,+0,10,KICKOFF - RETURN,-37,,,+22,,,,,-3,,,R,L,,,,,,OHUN 07 (QB); OHUN 33 (FB-L); ALSO D05 (SS); ALSO D25 (LOLB),,,,,,,,,,LOLB (0); LILB (4); RILB (3),,C,C,OHUN 33; ALSO D25,LWR^; SLWR; FB-L; HB; RWR^,2x1,TE>FB-L,3-0-1-1,11,OHUN 03; OHUN 04; OHUN 12; OHUN 15; OHUN 33,OHUN 03 (LWR); OHUN 04 (HB); OHUN 07 (QB); OHUN 12 (RWR); OHUN 15 (SLWR); OHUN 33 (FB-L); OHUN 51 (C); OHUN 63 (RG); OHUN 72 (RT); OHUN 75 (LT); OHUN 76 (LG),OHUN 03 (0.0); OHUN 04 (0.0); OHUN 07 (+0.5); OHUN 12 (0.0); OHUN 15 (0.0); OHUN 33 (-1.0); OHUN 51 (0.0); OHUN 63 (0.0); OHUN 72 (0.0); OHUN 75 (0.0); OHUN 76 (0.0),,T,OHUN,OHUN 03; OHUN 12,,,,3b,,,,,,,,,,,,,,,,,,,OHUN 33 OH,P,,+25,RE,,RE,OHUN 07,ALSO D02 > OHUN 12,,0,,,OHUN 07,0,,,0,,HB; FB-L,HB (-7); FB-L (-2),R,2; OHUN 04 (HB); OHUN 33 (FB-L),,,,MAN,CROSS LEAD;READ OPTION,R,,-17,OHUN 33 (L:B),S,,,,,,,,,,LWR^(-13.5); SLWR(-6.5); RWR^(+17.5),,0,4,0,0,0,PENALTY,false,3,3,4.146,-0.613,,false,11,OHUN 04,OHUN 33,OHUN 03; OHUN 12; OHUN 15,PISTOL I STRONG,SLOT - OPEN,LWR; SLWR; FB-L; HB; RWR,3x1,TREY - OPEN,NICKEL,ALSO D02; ALSO D05; ALSO D08; ALSO D12; ALSO D24,ALSO D11; ALSO D25; ALSO D48,ALSO D41; ALSO D56; ALSO D85,WIDE OVER,,COVER 3,,22,,3.946,-0.476,31255_7172417,31255-OHUN-9
7172645,31255,2026-09-19,2026,03,411559,3887,4,1,06:12,1,1,0,38,0,9,9,15,0,1,,,0,0,0,21,0,,0,7172417,7172748,,38.21,1,,144,0,1.7,2.5,0,0,21,14,0,0,OHUN 03,6; ALSO D11 (35); ALSO D17 (28); ALSO D18 (22); ALSO D25 (10); ALSO D48 (20); ALSO D90 (16),,C,,,LCB (6); SCBL (8); FSR (11); SCBR (3); RCB (7),LOLB (10); DLT (16); LILB (20); NT (22); DRT (28); ROLB (35),2-4-5,ALSO D02 (RCB); ALSO D05 (SCBL); ALSO D08 (FSR); ALSO D11 (ROLB); ALSO D12 (LCB); ALSO D17 (DRT); ALSO D18 (NT); ALSO D24 (SCBR); ALSO D25 (LOLB); ALSO D48 (LILB); ALSO D90 (DLT),ALSO D02 (0.0); ALSO D05 (-1.0); ALSO D08 (0.0); ALSO D11 (+0.5); ALSO D12 (-0.5); ALSO D17 (0.0); ALSO D18 (0.0); ALSO D24 (0.0); ALSO D25 (0.0); ALSO D48 (-0.5); ALSO D90 (0.0),ALSO D17; ALSO D18; ALSO D90,F,ALSO,13,,DLT (16); NT (22); DRT (28),,TOUCHDOWN,+0,10,KICKOFF - RETURN,-37,7,SD,+25,ALSO D05,,,,15,,,R,L,ALSO D11,,,,,OHUN 03 (RWR); OHUN 51 (C); OHUN 84 (SRWR); ALSO D05 (SCBL); ALSO D11 (ROLB); ALSO D12 (LCB); ALSO D48 (LILB),,,,,,,,,,LOLB (0); LILB (4); ROLB (0),ALSO D05,O,O,ALSO D05; ALSO D12; ALSO D48,LWR^; SLWR; HB-R; SRWR; RWR^,2x2,TE>SRWR,3-0-1-1,11,OHUN 02; OHUN 03; OHUN 15; OHUN 24; OHUN 84,OHUN 02 (SLWR); OHUN 03 (RWR); OHUN 07 (QB); OHUN 15 (LWR); OHUN 24 (HB-R); OHUN 51 (C); OHUN 63 (RG); OHUN 72 (RT); OHUN 75 (LT); OHUN 76 (LG); OHUN 84 (SRWR),OHUN 02 (0.0); OHUN 03 (+0.5); OHUN 07 (0.0); OHUN 15 (0.0); OHUN 24 (0.0); OHUN 51 (+0.5); OHUN 63 (0.0); OHUN 72 (0.0); OHUN 75 (0.0); OHUN 76 (0.0); OHUN 84 (+0.5),OHUN 02; OHUN 24; OHUN 84,T,OHUN,OHUN 03; OHUN 15,,6; OHUN 51 (C); OHUN 63 (RG); OHUN 72 (RT); OHUN 75 (LT); OHUN 76 (LG); OHUN 84 (SRWR),,4b,ALSO D12,,7; ALSO D02; ALSO D05; ALSO D08; ALSO D12; ALSO D24; ALSO D25; ALSO D48,-6,R,OHUN 07 (QB),LWR z; SLWR z; HB-R z; SRWR 1z; RWR 0t(-2),-; -; -; 3; 0,OHUN 15 z; OHUN 02 z; OHUN 24 z; OHUN 84 1z; OHUN 03 0t(-2),RWR,OHUN 03,COMPLETE,0t(-2),0R,4; ALSO D11 (ROLB); ALSO D17 (DRT); ALSO D18 (NT); ALSO D90 (DLT),HIT,46,6R,,,,+10,,,,OHUN 03; OHUN 51; OHUN 84; ALSO D11,,ALSO D11 (U),0,,,OHUN 07,0,ALSO D11,,0,,HB-R,HB-R (-5),,1; OHUN 24 (HB-R),,,,,,P,,-17,OHUN 24 (B:B>B:B),S,,,,ALSO D24,,,,ALSO D11 (L.E.D.) ROLB,,LWR^(-14.5); SLWR(-6.5); SRWR(+14.5); RWR^(+20.5),,0,2,0,0,0,,false,2,3,3.533,1.332,Tunnel,false,11,OHUN 24,OHUN 84,OHUN 02; OHUN 03; OHUN 15,GUN WEAK,SLOT - SLOT,LWR; SLWR; HB-R; SRWR; RWR,2x2,SLOT - SLOT,NICKEL,ALSO D02; ALSO D05; ALSO D08; ALSO D12; ALSO D24,ALSO D11; ALSO D17; ALSO D25; ALSO D48,ALSO D18; ALSO D90,BEAR,,COVER 4,,25,,3.47,0.872,31255_7172645,31255-OHUN-9
7172748,31255,2026-09-19,2026,03,411559,3915,4,1,05:27,0,1,0,38,0,9,10,10,0,1,,,0,0,0,21,0,,0,7172645,7172819,,38.21,0,,145,1,,2.8,0,0,0,0,0,0,OHUN 84,7; ALSO D05 (18); ALSO D11 (25); ALSO D17 (35); ALSO D18 (18); ALSO D25 (12); ALSO D48 (10); ALSO D90 (29),,L,,,LCB (2); SS (8); SCBiR (3); SCBoR (2); RCB (1),LLB (10); LOLB (12); DLT (18); SS (18); RILB (25); RE (29); ROLB (35),2-4-5,ALSO D02 (RCB); ALSO D05 (SS); ALSO D08 (SCBiR); ALSO D11 (RILB); ALSO D12 (LCB); ALSO D17 (ROLB); ALSO D18 (DLT); ALSO D24 (SCBoR); ALSO D25 (LOLB); ALSO D48 (LLB); ALSO D90 (RE),ALSO D02 (0.0); ALSO D05 (0.0); ALSO D08 (-1.0); ALSO D11 (0.0); ALSO D12 (0.0); ALSO D17 (0.0); ALSO D18 (0.0); ALSO D24 (0.0); ALSO D25 (0.0); ALSO D48 (0.0); ALSO D90 (0.0),,F,ALSO,10,,DLT (18); RE (29),,TOUCHDOWN,+0,10,KICKOFF - RETURN,-37,7,SD,+10,,,,,10,,,R,L,,,,,,OHUN 07 (QB); OHUN 84 (SLiWR); ALSO D08 (SCBiR),,,,,,,,,,LOLB (0); LLB (4); RILB (3); ROLB (0),,C,C,ALSO D08,LWR^; SLoWR; SLiWR; HB-R; RWR^,3x1,TE>SLiWR,3-0-1-1,11,OHUN 02; OHUN 03; OHUN 15; OHUN 24; OHUN 84,OHUN 02 (LWR); OHUN 03 (RWR); OHUN 07 (QB); OHUN 15 (SLoWR); OHUN 24 (HB-R); OHUN 51 (C); OHUN 63 (RG); OHUN 72 (RT); OHUN 75 (LT); OHUN 76 (LG); OHUN 84 (SLiWR),OHUN 02 (0.0); OHUN 03 (0.0); OHUN 07 (+0.5); OHUN 15 (0.0); OHUN 24 (0.0); OHUN 51 (0.0); OHUN 63 (0.0); OHUN 72 (0.0); OHUN 75 (0.0); OHUN 76 (0.0); OHUN 84 (+0.5),,T,OHUN,OHUN 02; OHUN 03,,6; OHUN 24 (HB-R); OHUN 51 (C); OHUN 63 (RG); OHUN 72 (RT); OHUN 75 (LT); OHUN 76 (LG),,1,ALSO D08,,7; ALSO D02; ALSO D05; ALSO D08; ALSO D11; ALSO D12; ALSO D24; ALSO D48,15,M,OHUN 07 (QB),LWR 6(7); SLoWR 0t(-5); SLiWR 19(2); HB-R kr; RWR 99,6; 0; 9; -; 9,OHUN 02 6(7); OHUN 15 0t(-5); OHUN 84 19(2); OHUN 24 kr; OHUN 03 99,SLiWR,OHUN 84,COMPLETE,19(2),9T,4; ALSO D17 (ROLB); ALSO D18 (DLT); ALSO D25 (LOLB); ALSO D90 (RE),,12,3L,,,,+0,,,,OHUN 07; OHUN 84,ALSO D02 > OHUN 02; ALSO D12 > OHUN 03; ALSO D24 > OHUN 15,,0,,,OHUN 07,0,,,0,,HB-R,HB-R (-5),R,1; OHUN 24 (HB-R),,,,,,P,,-17,,S,,,,,,,OHUN 84,,,LWR^(-13.5); SLoWR(-6.5); SLiWR(-1.5); RWR^(+17.5),,0,0,0,0,0,,false,2,3,4.865,2.135,Flat & Up,false,11,OHUN 24,OHUN 84,OHUN 02; OHUN 03; OHUN 15,GUN WEAK,TRIPS - OPEN,LWR; SLoWR; SLiWR; HB-R; RWR,3x1,TRIPS - OPEN,NICKEL,ALSO D02; ALSO D05; ALSO D08; ALSO D12; ALSO D24,ALSO D11; ALSO D17; ALSO D25; ALSO D48,ALSO D18; ALSO D90,WIDE OVER,,COVER 1,,10,,4.342,2.658,31255_7172748,31255-OHUN-9
7173292,31255,2026-09-19,2026,03,411559,4089,4,1,04:17,1,1,0,38,0,10,1,2,0,,,,0,0,0,29,0,,0,7173172,7173303,,38.29,0,,152,0,1.5,2.2,0,0,7,0,2,0,OHUN 04,6; ALSO D11 (09); ALSO D18 (17); ALSO D25 (35); ALSO D41 (28); ALSO D48 (21); ALSO D56 (22),,C,,,LCB (8); SCBL (2); SSL (10); SSR (9); RCB (7),SSL (00); LOLB (09); DLT (17); MLB (21); NT (22); DRT (28); SSR (34); ROLB (35),3-3-5,ALSO D01 (SSL); ALSO D02 (LCB); ALSO D05 (SSR); ALSO D11 (LOLB); ALSO D12 (RCB); ALSO D18 (DLT); ALSO D24 (SCBL); ALSO D25 (ROLB); ALSO D41 (DRT); ALSO D48 (MLB); ALSO D56 (NT),ALSO D01 (+0.5); ALSO D02 (0.0); ALSO D05 (0.0); ALSO D11 (0.0); ALSO D12 (0.0); ALSO D18 (0.0); ALSO D24 (0.0); ALSO D25 (0.0); ALSO D41 (0.0); ALSO D48 (0.0); ALSO D56 (0.0),DRIVE START,T,ALSO,10,,DLT (17); NT (22); DRT (28),,DOWNS,-10,4,PUNT - FC,-10,6,SR,-10,ALSO D01,,,,2,,,L,R,,ALSO D24,,,,ALSO D01 (SSL); ALSO D24 (SCBL),,,,,,,,,,LOLB (0); MLB (4); ROLB (0),,C,O,,LWR^; HB-L; TE-R; SRWR; RWR^,1x3,,3-0-1-1,11,OHUN 03; OHUN 04; OHUN 12; OHUN 15; OHUN 33,OHUN 03 (RWR); OHUN 04 (HB-L); OHUN 07 (QB); OHUN 12 (LWR); OHUN 15 (SRWR); OHUN 33 (TE-R); OHUN 63 (RG); OHUN 72 (RT); OHUN 74 (LG); OHUN 75 (LT); OHUN 76 (C),OHUN 03 (0.0); OHUN 04 (0.0); OHUN 07 (0.0); OHUN 12 (0.0); OHUN 15 (0.0); OHUN 33 (0.0); OHUN 63 (0.0); OHUN 72 (0.0); OHUN 74 (0.0); OHUN 75 (0.0); OHUN 76 (0.0),DRIVE START,F,OHUN,OHUN 03; OHUN 12,,6; OHUN 33 (TE-R); OHUN 63 (RG); OHUN 72 (RT); OHUN 74 (LG); OHUN 75 (LT); OHUN 76 (C),,3b,ALSO D01,,6; ALSO D01; ALSO D02; ALSO D05; ALSO D12; ALSO D25; ALSO D48,-5,M,OHUN 07 (QB),LWR z; HB-L h0(-6); TE-R k; SRWR z; RWR z,-; H0; -; -; -,OHUN 12 z; OHUN 04 h0(-6); OHUN 33 k; OHUN 15 z; OHUN 03 z,HB-L,OHUN 04,COMPLETE,h0(-6),H2,5; ALSO D11 (LOLB); ALSO D18 (DLT); ALSO D24 (SCBL); ALSO D41 (DRT); ALSO D56 (NT),HURRY,35,5R,,,,-12,,,,ALSO D01,ALSO D24 > OHUN 15,ALSO D24 (U),0,,,OHUN 07,1,ALSO D24,,0,R,HB-L,HB-L (-5),,1; OHUN 04 (HB-L),,,,,,P,,-9,,S,,ALSO D01,,ALSO D01,ALSO D48,R,,ALSO D24 (R.E.O.) SCBL,,LWR^(-16.5); SRWR(+9.5); RWR^(+16.5),,0,12,0,0,0,,false,2,1,-0.028,-0.302,Screen,false,11,OHUN 04,OHUN 33,OHUN 03; OHUN 12; OHUN 15,GUN WEAK,TREY - OPEN,LWR; HB-L; TE-R; SRWR; RWR,1x3,TREY - OPEN,NICKEL,ALSO D01; ALSO D02; ALSO D05; ALSO D12; ALSO D24,ALSO D11; ALSO D25; ALSO D48,ALSO D18; ALSO D41; ALSO D56,BEAR,,COVER 3,,90,,-1.072,-0.61,31255_7173292,31255-OHUN-10
7173303,31255,2026-09-19,2026,03,411559,4117,4,2,03:53,1,0,0,38,0,10,2,-9,0,,,,0,0,0,29,0,,0,7173292,7173307,,38.29,0,,153,0,2.4,3.5,0,0,,,2,0,OHUN 07,5; ALSO D11 (28); ALSO D18 (29); ALSO D41 (14); ALSO D48 (16); ALSO D56 (22),,C,,,LCB (7); SCBL (2); SSL (10); SSR (10); SCBR (2); RCB (8),SSL (10); LE (14); LILB (16); NT (22); RILB (28); RE (29); SSR (44),3-3-5,ALSO D01 (SSR); ALSO D02 (LCB); ALSO D05 (SSL); ALSO D11 (RILB); ALSO D12 (RCB); ALSO D18 (RE); ALSO D24 (SCBR); ALSO D25 (SCBL); ALSO D41 (LE); ALSO D48 (LILB); ALSO D56 (NT),ALSO D01 (0.0); ALSO D02 (0.0); ALSO D05 (0.0); ALSO D11 (0.0); ALSO D12 (0.0); ALSO D18 (0.0); ALSO D24 (+0.5); ALSO D25 (0.0); ALSO D41 (0.0); ALSO D48 (0.0); ALSO D56 (0.0),,T,ALSO,8,,LE (14); NT (22); RE (29),,DOWNS,-10,4,PUNT - FC,-10,7,SD,-12,ALSO D24,,,,-9,,,R,L,,,,,,ALSO D24 (SCBR),,,,,,,,,,LILB (4); RILB (4),,C,O,,LWR^; SLWR; HB-L; SRWR; RWR^,2x2,TE>SRWR,3-0-1-1,11,OHUN 02; OHUN 03; OHUN 04; OHUN 15; OHUN 33,OHUN 02 (LWR); OHUN 03 (RWR); OHUN 04 (HB-L); OHUN 07 (QB); OHUN 15 (SLWR); OHUN 33 (SRWR); OHUN 63 (RG); OHUN 72 (RT); OHUN 74 (LG); OHUN 75 (LT); OHUN 76 (C),OHUN 02 (0.0); OHUN 03 (0.0); OHUN 04 (0.0); OHUN 07 (0.0); OHUN 15 (0.0); OHUN 33 (0.0); OHUN 63 (0.0); OHUN 72 (0.0); OHUN 74 (0.0); OHUN 75 (0.0); OHUN 76 (0.0),OHUN 02,F,OHUN,OHUN 02; OHUN 03,,6; OHUN 04 (HB-L); OHUN 63 (RG); OHUN 72 (RT); OHUN 74 (LG); OHUN 75 (LT); OHUN 76 (C),,3b,,,5; ALSO D01; ALSO D02; ALSO D05; ALSO D12; ALSO D25,,X,OHUN 07 (QB),LWR 6(14); SLWR 9s; HB-L kl; SRWR 6o(18); RWR 6(20),6; 9; -; 6; 6,OHUN 02 6(14); OHUN 15 9s; OHUN 04 kl; OHUN 33 6o(18); OHUN 03 6(20),,,SACK,,,6; ALSO D11 (RILB); ALSO D18 (RE); ALSO D24 (SCBR); ALSO D41 (LE); ALSO D48 (LILB); ALSO D56 (NT),SACK,,,,,,-3,,,,ALSO D24,ALSO D24 > OHUN 15; ALSO D25 > OHUN 33,ALSO D24 (U),0,,,OHUN 07,1,ALSO D24,,0,,HB-L,HB-L (-5),L,1; OHUN 04 (HB-L),,,,,,P,ALSO D24,-9,,S,,ALSO D24,,,,,,ALSO D24 (L.E.O) SCBR,,LWR^(-14.5); SLWR(-6.5); SRWR(+13.5); RWR^(+16.5),,0,26,0,0,0,,true,2,1,-0.33,-1.444,,false,11,OHUN 04,OHUN 33,OHUN 02; OHUN 03; OHUN 15,GUN STRONG,SLOT - SLOT,LWR; SLWR; HB-L; SRWR; RWR,2x2,SLOT - SLOT,NICKEL,ALSO D01; ALSO D02; ALSO D05; ALSO D12; ALSO D24,ALSO D11; ALSO D25; ALSO D48,ALSO D18; ALSO D41; ALSO D56,ODD,,COVER 3,,88,,-1.682,-1.866,31255_7173303,31255-OHUN-10
7173307,31255,2026-09-19,2026,03,411559,4140,4,3,03:18,1,1,0,38,0,10,3,7,0,,,,0,0,0,29,0,,0,7173303,7173415,,38.29,1,,154,0,,1.9,0,0,8,7,2,0,OHUN 15,6; ALSO D05 (03); ALSO D18 (12); ALSO D25 (35); ALSO D41 (16); ALSO D48 (20); ALSO D56 (26),,L,,,LCB (8); FS (16); SCBiR (4); SCBoR (3); RCB (12),LLB (03); LEO (12); DLT (16); LILB (20); DRT (26); ROLB (35),3-3-5,ALSO D01 (FS); ALSO D02 (LCB); ALSO D05 (LLB); ALSO D11 (SCBiR); ALSO D12 (RCB); ALSO D18 (LEO); ALSO D24 (SCBoR); ALSO D25 (ROLB); ALSO D41 (DLT); ALSO D48 (LILB); ALSO D56 (DRT),ALSO D01 (0.0); ALSO D02 (0.0); ALSO D05 (0.0); ALSO D11 (+0.5); ALSO D12 (0.0); ALSO D18 (0.0); ALSO D24 (0.0); ALSO D25 (0.0); ALSO D41 (0.0); ALSO D48 (0.0); ALSO D56 (0.0),,T,ALSO,17,,LEO (12); DLT (16); DRT (26),,DOWNS,-10,4,PUNT - FC,-10,8,SD,-3,ALSO D11,,,,7,,,R,L,,,,,,OHUN 15 (SLoWR); ALSO D11 (SCBiR),,,,,,,,,,LLB (4); LILB (4); ROLB (0),,C,C,,LWR^; SLoWR; SLiWR; HB-R; RWR^,3x1,TE>SLiWR,3-0-1-1,11,OHUN 02; OHUN 03; OHUN 04; OHUN 15; OHUN 33,OHUN 02 (LWR); OHUN 03 (RWR); OHUN 04 (HB-R); OHUN 07 (QB); OHUN 15 (SLoWR); OHUN 33 (SLiWR); OHUN 63 (RG); OHUN 72 (RT); OHUN 74 (LG); OHUN 75 (LT); OHUN 76 (C),OHUN 02 (0.0); OHUN 03 (0.0); OHUN 04 (0.0); OHUN 07 (0.0); OHUN 15 (0.0); OHUN 33 (0.0); OHUN 63 (0.0); OHUN 72 (0.0); OHUN 74 (0.0); OHUN 75 (0.0); OHUN 76 (0.0),,F,OHUN,OHUN 02; OHUN 03,,6; OHUN 33 (SLiWR); OHUN 63 (RG); OHUN 72 (RT); OHUN 74 (LG); OHUN 75 (LT); OHUN 76 (C),,3b,ALSO D24,,7; ALSO D01; ALSO D02; ALSO D11; ALSO D12; ALSO D24; ALSO D25; ALSO D48,-1,M,OHUN 07 (QB),LWR 9z; SLoWR 0t(-2); SLiWR z; HB-R h2(-5); RWR z,9; 0; -; H2; -,OHUN 02 9z; OHUN 15 0t(-2); OHUN 33 z; OHUN 04 h2(-5); OHUN 03 z,SLoWR,OHUN 15,COMPLETE,0t(-2),0R,4; ALSO D05 (LLB); ALSO D18 (LEO); ALSO D41 (DLT); ALSO D56 (DRT),,23,4,,,,-10,,,,ALSO D11,,,0,,,OHUN 07,0,,,0,,HB-R,HB-R (-5),,1; OHUN 04 (HB-R),,,,,,P,,-9,,S,,ALSO D11,,ALSO D11,,,,,,LWR^(-14.5); SLoWR(-6.5); SLiWR(-1.5); RWR^(+17.5),,0,16,0,0,0,,false,2,1,-1.774,1.042,Tunnel,false,11,OHUN 04,OHUN 33,OHUN 02; OHUN 03; OHUN 15,GUN WEAK,TRIPS - OPEN,LWR; SLoWR; SLiWR; HB-R; RWR,3x1,TRIPS - OPEN,NICKEL,ALSO D01; ALSO D02; ALSO D05; ALSO D12; ALSO D24,ALSO D11; ALSO D25; ALSO D48,ALSO D18; ALSO D41; ALSO D56,WIDE UNDER,,COVER 3,,97,,-3.548,-0.454,31255_7173307,31255-OHUN-10
7173415,31255,2026-09-19,2026,03,411559,4168,4,4,02:51,1,0,0,38,0,10,4,,0,,,,0,0,0,29,0,,0,7173307,7173468,,38.29,0,,155,0,,1.9,0,0,,,2,0,,6; ALSO D11 (16); ALSO D17 (10); ALSO D18 (22); ALSO D25 (22); ALSO D48 (28); ALSO D90 (35),,C,,,LCB (7); SCBL (3); FSL (12); FS (9); RCB (9),LOLB (10); LILB (16); NT (22); MLB (22); RILB (28); REO (35),2-4-5,ALSO D01 (FSL); ALSO D02 (LCB); ALSO D05 (FS); ALSO D11 (LILB); ALSO D12 (RCB); ALSO D17 (LOLB); ALSO D18 (NT); ALSO D24 (SCBL); ALSO D25 (MLB); ALSO D48 (RILB); ALSO D90 (REO),ALSO D01 (0.0); ALSO D02 (0.0); ALSO D05 (0.0); ALSO D11 (0.0); ALSO D12 (0.0); ALSO D17 (0.0); ALSO D18 (0.0); ALSO D24 (0.0); ALSO D25 (0.0); ALSO D48 (0.0); ALSO D90 (0.0),ALSO D17; ALSO D90,T,ALSO,10,,NT (22); REO (35),,DOWNS,-10,4,PUNT - FC,-10,7,SD,-10,,,,,0,,,L,R,,,IF,,,OHUN 07 (QB),,,,,,,,,,LOLB (0); LILB (1); MLB (3); RILB (1),,O,O,OHUN 07,LWR^; HB-L; SRiWR; SRoWR; RWR^,1x3,TE>SRiWR,3-0-1-1,11,OHUN 02; OHUN 03; OHUN 04; OHUN 15; OHUN 33,OHUN 02 (LWR); OHUN 03 (RWR); OHUN 04 (HB-L); OHUN 07 (QB); OHUN 15 (SRoWR); OHUN 33 (SRiWR); OHUN 63 (RG); OHUN 72 (RT); OHUN 74 (LG); OHUN 75 (LT); OHUN 76 (C),OHUN 02 (0.0); OHUN 03 (0.0); OHUN 04 (0.0); OHUN 07 (-0.5); OHUN 15 (0.0); OHUN 33 (0.0); OHUN 63 (0.0); OHUN 72 (0.0); OHUN 74 (0.0); OHUN 75 (0.0); OHUN 76 (0.0),,F,OHUN,OHUN 02; OHUN 03,,6; OHUN 04 (HB-L); OHUN 63 (RG); OHUN 72 (RT); OHUN 74 (LG); OHUN 75 (LT); OHUN 76 (C),,4b,ALSO D12,,6; ALSO D01; ALSO D02; ALSO D05; ALSO D12; ALSO D17; ALSO D24,11,L,OHUN 07 (QB),LWR 3(11); HB-L kr; SRiWR xo(14); SRoWR 4(12); RWR 4(12),3; -; X; 4; 4,OHUN 02 3(11); OHUN 04 kr; OHUN 33 xo(14); OHUN 15 4(12); OHUN 03 4(12),LWR,OHUN 02,INCOMPLETE,3(11),3R,5; ALSO D11 (LILB); ALSO D18 (NT); ALSO D25 (MLB); ALSO D48 (RILB); ALSO D90 (REO),,2,2L,,,,-10,,,,,,,0,,,OHUN 07,0,,,0,,HB-L,HB-L (-5),R,1; OHUN 04 (HB-L),,,,,,P,,-9,,S,,,,,,,,,,LWR^(-17.5); SRiWR(+2.5); SRoWR(+7.5); RWR^(+16.5),,0,17,0,0,0,,false,1,1,-0.732,-4.05,Out,false,11,OHUN 04,OHUN 33,OHUN 02; OHUN 03; OHUN 15,GUN WEAK,TRIPS - OPEN,LWR; HB-L; SRiWR; SRoWR; RWR,1x3,TRIPS - OPEN,NICKEL,ALSO D01; ALSO D02; ALSO D05; ALSO D12; ALSO D24,ALSO D11; ALSO D17; ALSO D25; ALSO D48,ALSO D18; ALSO D90,ODD,DOUBLE MUG,COVER 4,,90,,-4.002,-0.908,31255_7173415,31255-OHUN-10
7173983,31255,2026-09-19,2026,03,411559,4348,4,1,01:05,1,1,0,41,0,11,1,4,1,,,,0,0,0,29,0,,0,7173918,7174047,,41.29,0,,162,0,,2.4,0,0,0,0,0,0,OHUN 85,6; ALSO D11 (09); ALSO D17 (16); ALSO D18 (22); ALSO D25 (34); ALSO D48 (22); ALSO D90 (30),,C,,,LCB (8); SCBL (4); FSL (12); SCBR (9); RCB (7),LOLB (09); DLT (16); NT (22); MLB (22); RE (30); ROLB (34),2-4-5,ALSO D01 (FSL); ALSO D02 (LCB); ALSO D05 (SCBR); ALSO D11 (LOLB); ALSO D12 (RCB); ALSO D17 (DLT); ALSO D18 (NT); ALSO D24 (SCBL); ALSO D25 (ROLB); ALSO D48 (MLB); ALSO D90 (RE),ALSO D01 (0.0); ALSO D02 (0.0); ALSO D05 (0.0); ALSO D11 (0.0); ALSO D12 (0.0); ALSO D17 (+0.5); ALSO D18 (0.0); ALSO D24 (0.0); ALSO D25 (0.0); ALSO D48 (0.0); ALSO D90 (0.0),DRIVE START,F,ALSO,10,,DLT (16); NT (22); RE (30),,TOUCHDOWN,+0,6,KICKOFF - RETURN,-30,7,SD,-30,,,,,4,,,L,R,,,,,,OHUN 72 (RT); ALSO D17 (DLT),,,,,,,,,,LOLB (0); MLB (5); ROLB (0),,O,O,OHUN 72,LWR^; SLWR; HB-R; SRWR; RWR^,2x2,TE>SLWR,3-0-1-1,11,OHUN 02; OHUN 03; OHUN 11; OHUN 22; OHUN 85,OHUN 02 (LWR); OHUN 03 (RWR); OHUN 07 (QB); OHUN 11 (SRWR); OHUN 22 (HB-R); OHUN 51 (C); OHUN 63 (RG); OHUN 72 (RT); OHUN 74 (LG); OHUN 75 (LT); OHUN 85 (SLWR),OHUN 02 (0.0); OHUN 03 (0.0); OHUN 07 (0.0); OHUN 11 (0.0); OHUN 22 (0.0); OHUN 51 (0.0); OHUN 63 (0.0); OHUN 72 (-0.5); OHUN 74 (0.0); OHUN 75 (0.0); OHUN 85 (0.0),DRIVE START,T,OHUN,OHUN 02; OHUN 03,,6; OHUN 22 (HB-R); OHUN 51 (C); OHUN 63 (RG); OHUN 72 (RT); OHUN 74 (LG); OHUN 75 (LT),,4b,ALSO D05,,7; ALSO D01; ALSO D02; ALSO D05; ALSO D12; ALSO D24; ALSO D25; ALSO D48,4,L,OHUN 07 (QB),LWR 7(10); SLWR 3(5); HB-R kr; SRWR 8(8); RWR 4(15),7; 3; -; 8; 4,OHUN 02 7(10); OHUN 85 3(5); OHUN 22 kr; OHUN 11 8(8); OHUN 03 4(15),SLWR,OHUN 85,COMPLETE,3(5),3R,4; ALSO D11 (LOLB); ALSO D17 (DLT); ALSO D18 (NT); ALSO D90 (RE),,1,1L,,,,-34,,,,ALSO D17,,ALSO D17 (I) OHUN 72,0,,,OHUN 07,0,,,0,,HB-R,HB-R (-4),R,1; OHUN 22 (HB-R),,,,,,P,,-12,,S,,,,,,,,,,LWR^(-17.5); SLWR(-14.5); SRWR(+7.5); RWR^(+15.5),,0,9,0,0,0,RAN OUT OF BOUNDS,false,1,0,0.747,0.082,Out,false,11,OHUN 22,OHUN 85,OHUN 02; OHUN 03; OHUN 11,GUN STRONG,SLOT - SLOT,LWR; SLWR; HB-R; SRWR; RWR,2x2,SLOT - SLOT,NICKEL,ALSO D01; ALSO D02; ALSO D05; ALSO D12; ALSO D24,ALSO D11; ALSO D17; ALSO D25; ALSO D48,ALSO D18; ALSO D90,OVER,,COVER 4,,70,,0.735,-0.196,31255_7173983,31255-OHUN-11
7174047,31255,2026-09-19,2026,03,411559,4376,4,2,01:01,1,1,0,41,0,11,2,4,1,,,,0,0,0,29,0,,0,7173983,7174057,,41.29,0,,163,0,1.6,2.4,0,0,0,0,0,0,OHUN 85,6; ALSO D11 (16); ALSO D17 (11); ALSO D18 (22); ALSO D25 (34); ALSO D48 (28); ALSO D90 (35),,C,,,LCB (8); SCBoL (3); SCBiL (4); FS (15); RCB (2),LOLB (11); LILB (16); NT (22); RILB (28); RLB (34); ROLB (35),2-4-5,ALSO D01 (SCBiL); ALSO D02 (LCB); ALSO D05 (FS); ALSO D11 (LILB); ALSO D12 (RCB); ALSO D17 (LOLB); ALSO D18 (NT); ALSO D24 (SCBoL); ALSO D25 (RLB); ALSO D48 (RILB); ALSO D90 (ROLB),ALSO D01 (0.0); ALSO D02 (0.0); ALSO D05 (0.0); ALSO D11 (0.0); ALSO D12 (0.0); ALSO D17 (0.0); ALSO D18 (0.0); ALSO D24 (+0.5); ALSO D25 (0.0); ALSO D48 (0.0); ALSO D90 (0.0),,F,ALSO,6,,NT (22),,TOUCHDOWN,+0,6,KICKOFF - RETURN,-30,6,SR,-34,ALSO D24,,,,4,,,L,R,ALSO D01,,,,,ALSO D01 (SCBiL); ALSO D24 (SCBoL),,,,,,,,,,LOLB (0); LILB (3); RILB (4); RLB (3); ROLB (0),,C,C,,LWR^; HB-R; SRiWR; SRoWR; RWR^,1x3,TE>SRiWR,3-0-1-1,11,OHUN 02; OHUN 03; OHUN 11; OHUN 22; OHUN 85,OHUN 02 (LWR); OHUN 03 (RWR); OHUN 07 (QB); OHUN 11 (SRoWR); OHUN 22 (HB-R); OHUN 51 (C); OHUN 63 (RG); OHUN 72 (RT); OHUN 74 (LG); OHUN 75 (LT); OHUN 85 (SRiWR),OHUN 02 (0.0); OHUN 03 (0.0); OHUN 07 (0.0); OHUN 11 (0.0); OHUN 22 (0.0); OHUN 51 (0.0); OHUN 63 (0.0); OHUN 72 (0.0); OHUN 74 (0.0); OHUN 75 (0.0); OHUN 85 (0.0),,T,OHUN,OHUN 02; OHUN 03,,6; OHUN 22 (HB-R); OHUN 51 (C); OHUN 63 (RG); OHUN 72 (RT); OHUN 74 (LG); OHUN 75 (LT),,3b,ALSO D24,,6; ALSO D02; ALSO D05; ALSO D12; ALSO D24; ALSO D25; ALSO D90,4,R,OHUN 07 (QB),LWR 9; HB-R kr; SRiWR 3o(5); SRoWR 7i(12); RWR 8s(12),9; -; 3; 7; 8,OHUN 02 9; OHUN 22 kr; OHUN 85 3o(5); OHUN 11 7i(12); OHUN 03 8s(12),SRiWR,OHUN 85,COMPLETE,3o(5),3R,5; ALSO D01 (SCBiL); ALSO D11 (LILB); ALSO D17 (LOLB); ALSO D18 (NT); ALSO D48 (RILB),HIT,45,6R,,,,-38,,,,ALSO D24,ALSO D12 > OHUN 02,ALSO D01 (U),0,,,OHUN 07,1,ALSO D01,,0,R,HB-R,HB-R (-5),R,1; OHUN 22 (HB-R),,,,,,P,,-12,,S,,,,ALSO D24,,,,ALSO D01 (R.E.O) SCBiL,,LWR^(-17.5); SRiWR(+1.5); SRoWR(+7.5); RWR^(+16.5),1; ALSO D24,0,7,0,0,0,,false,1,0,0.829,-0.3,Out,false,11,OHUN 22,OHUN 85,OHUN 02; OHUN 03; OHUN 11,GUN STRONG,TRIPS - OPEN,LWR; HB-R; SRiWR; SRoWR; RWR,1x3,TRIPS - OPEN,NICKEL,ALSO D01; ALSO D02; ALSO D05; ALSO D12; ALSO D24,ALSO D11; ALSO D17; ALSO D25; ALSO D48,ALSO D18; ALSO D90,ODD,,COVER 3,,66,,0.539,-0.062,31255_7174047,31255-OHUN-11
7174057,31255,2026-09-19,2026,03,411559,4404,4,3,00:34,1,1,1,41,0,11,3,41,1,1,,,0,0,0,29,0,,0,7174047,7174114,,41.29,0,,164,0,3.0,3.0,0,0,14,11,0,0,OHUN 85,6; ALSO D11 (26); ALSO D17 (28); ALSO D18 (21); ALSO D25 (05); ALSO D48 (18); ALSO D90 (14),,C,,,LCB (2); SCBL (7); SSR (9); SCBR (2); RCB (7),LOLB (05); LE (14); LILB (18); NLT (21); RILB (26); DRT (28); SSR (44),2-4-5,ALSO D01 (SSR); ALSO D02 (LCB); ALSO D05 (SCBL); ALSO D11 (RILB); ALSO D12 (RCB); ALSO D17 (DRT); ALSO D18 (NLT); ALSO D24 (SCBR); ALSO D25 (LOLB); ALSO D48 (LILB); ALSO D90 (LE),ALSO D01 (0.0); ALSO D02 (0.0); ALSO D05 (-1.0); ALSO D11 (0.0); ALSO D12 (0.0); ALSO D17 (+0.5); ALSO D18 (0.0); ALSO D24 (0.0); ALSO D25 (0.0); ALSO D48 (0.0); ALSO D90 (0.0),,F,ALSO,2,,LE (14); NLT (21); DRT (28),,TOUCHDOWN,+0,6,KICKOFF - RETURN,-30,7,SD,-38,ALSO D05,,,,41,,,R,L,ALSO D17,,,,,OHUN 07 (QB); OHUN 75 (LT); OHUN 85 (SRWR); ALSO D05 (SCBL); ALSO D17 (DRT),,,,,,,,,,LOLB (1); LILB (4); RILB (2),,O,O,OHUN 75; ALSO D05,LWR^; SLWR; HB-L; SRWR; RWR^,2x2,TE>SRWR,3-0-1-1,11,OHUN 02; OHUN 11; OHUN 22; OHUN 37; OHUN 85,OHUN 02 (LWR); OHUN 07 (QB); OHUN 11 (SLWR); OHUN 22 (HB-L); OHUN 37 (RWR); OHUN 51 (C); OHUN 63 (RG); OHUN 72 (RT); OHUN 74 (LG); OHUN 75 (LT); OHUN 85 (SRWR),OHUN 02 (0.0); OHUN 07 (+1.0); OHUN 11 (0.0); OHUN 22 (0.0); OHUN 37 (0.0); OHUN 51 (0.0); OHUN 63 (0.0); OHUN 72 (0.0); OHUN 74 (0.0); OHUN 75 (-0.5); OHUN 85 (+1.0),OHUN 37,T,OHUN,OHUN 02; OHUN 37,,6; OHUN 22 (HB-L); OHUN 51 (C); OHUN 63 (RG); OHUN 72 (RT); OHUN 74 (LG); OHUN 75 (LT),,4b,ALSO D05,,7; ALSO D01; ALSO D02; ALSO D05; ALSO D11; ALSO D12; ALSO D24; ALSO D25,27,R,OHUN 07 (QB),LWR 2(3); SLWR 8o(12); HB-L kl; SRWR 9o; RWR 4i(10),2; 8; -; 9; 4,OHUN 02 2(3); OHUN 11 8o(12); OHUN 22 kl; OHUN 85 9o; OHUN 37 4i(10),SRWR,OHUN 85,COMPLETE,9o,19R,4; ALSO D17 (DRT); ALSO D18 (NLT); ALSO D48 (LILB); ALSO D90 (LE),HIT,50,6R,,,,+21,,,,OHUN 07; OHUN 85; ALSO D17,ALSO D02 > OHUN 37; ALSO D24 > OHUN 11,ALSO D17 (O) OHUN 75,0,,,OHUN 07,0,ALSO D17,OHUN 75,0,,HB-L,HB-L (-5),L,1; OHUN 22 (HB-L),,,,,,P,,-12,,S,,,,ALSO D05,,,,,,LWR^(-12.5); SLWR(-6.5); SRWR(+14.5); RWR^(+17.5),,0,22,0,0,0,,true,1,0,0.529,2.577,Go,false,11,OHUN 22,OHUN 85,OHUN 02; OHUN 11; OHUN 37,GUN STRONG,SLOT - SLOT,LWR; SLWR; HB-L; SRWR; RWR,2x2,SLOT - SLOT,NICKEL,ALSO D01; ALSO D02; ALSO D05; ALSO D12; ALSO D24,ALSO D11; ALSO D17; ALSO D25; ALSO D48,ALSO D18; ALSO D90,OVER,SINGLE MUG,COVER 4,,62,,0.477,3.508,31255_7174057,31255-OHUN-11
7174114,31255,2026-09-19,2026,03,411559,4432,4,1,00:25,1,0,0,41,0,11,4,,1,,,,0,0,0,29,0,,0,7174057,7174128,,41.29,0,,165,1,,2.0,0,0,,,0,0,,6; ALSO D11 (27); ALSO D17 (30); ALSO D18 (21); ALSO D25 (12); ALSO D48 (15); ALSO D90 (11),,C,,,LCB (2); FS (12); SCBiR (2); SCBoR (10); RCB (8),LOLB (11); LLB (12); LLB (15); NLT (21); RILB (27); ROLB (30),2-4-5,ALSO D01 (SCBoR); ALSO D02 (LCB); ALSO D05 (FS); ALSO D11 (RILB); ALSO D12 (RCB); ALSO D17 (ROLB); ALSO D18 (NLT); ALSO D24 (SCBiR); ALSO D25 (LLB); ALSO D48 (LLB); ALSO D90 (LOLB),ALSO D01 (0.0); ALSO D02 (+1.0); ALSO D05 (0.0); ALSO D11 (0.0); ALSO D12 (0.0); ALSO D17 (0.0); ALSO D18 (0.0); ALSO D24 (0.0); ALSO D25 (0.0); ALSO D48 (0.0); ALSO D90 (0.0),,T,ALSO,10,,NLT (21),,TOUCHDOWN,+0,6,KICKOFF - RETURN,-30,7,SD,+21,,,,,0,,,R,L,,,PD,,,ALSO D02 (LCB),,,,,,,,,,LOLB (0); LLB (4); LLB (5); RILB (3); ROLB (0),,C,C,,LWR^; SLoWR; SLiWR; HB-R; RWR^,3x1,TE>SLiWR,3-0-1-1,11,OHUN 02; OHUN 11; OHUN 22; OHUN 37; OHUN 85,OHUN 02 (LWR); OHUN 07 (QB); OHUN 11 (SLoWR); OHUN 22 (HB-R); OHUN 37 (RWR); OHUN 51 (C); OHUN 63 (RG); OHUN 72 (RT); OHUN 74 (LG); OHUN 75 (LT); OHUN 85 (SLiWR),OHUN 02 (0.0); OHUN 07 (0.0); OHUN 11 (0.0); OHUN 22 (0.0); OHUN 37 (0.0); OHUN 51 (0.0); OHUN 63 (0.0); OHUN 72 (0.0); OHUN 74 (0.0); OHUN 75 (0.0); OHUN 85 (0.0),,F,OHUN,OHUN 02; OHUN 37,,6; OHUN 22 (HB-R); OHUN 51 (C); OHUN 63 (RG); OHUN 72 (RT); OHUN 74 (LG); OHUN 75 (LT),ALSO D02,3b,ALSO D02,,6; ALSO D02; ALSO D05; ALSO D12; ALSO D24; ALSO D25; ALSO D48,13,R,OHUN 07 (QB),LWR 6(15); SLoWR xo(14); SLiWR 9so; HB-R kr; RWR 9o,6; X; 9; -; 9,OHUN 02 6(15); OHUN 11 xo(14); OHUN 85 9so; OHUN 22 kr; OHUN 37 9o,RWR,OHUN 37,INCOMPLETE,9o,9B,5; ALSO D01 (SCBoR); ALSO D11 (RILB); ALSO D17 (ROLB); ALSO D18 (NLT); ALSO D90 (LOLB),,51,6R,,,,+21,,,,ALSO D02,ALSO D02 > OHUN 37,,0,,,OHUN 07,0,,,0,,HB-R,HB-R (-5),R,1; OHUN 22 (HB-R),,,,,,P,,-12,OHUN 85* (B:L),S,,,,,,,,,,LWR^(-15.5); SLoWR(-6.5); SLiWR(+0.5); RWR^(+17.5),1; ALSO D02,0,20,0,0,0,,false,1,0,3.106,-0.304,Go,false,11,OHUN 22,OHUN 85,OHUN 02; OHUN 11; OHUN 37,GUN WEAK,TRIPS - OPEN,LWR; SLoWR; SLiWR; HB-R; RWR,2x1,SLOT - OPEN,NICKEL,ALSO D01; ALSO D02; ALSO D05; ALSO D12; ALSO D24,ALSO D11; ALSO D17; ALSO D25; ALSO D48,ALSO D18; ALSO D90,ODD,,COVER 3,,21,,3.985,-0.58,31255_7174114,31255-OHUN-11
7174128,31255,2026-09-19,2026,03,411559,4458,4,2,00:21,1,0,1,41,0,11,5,,1,,,,0,0,0,29,0,,0,7174114,7174163,,41.29,0,,166,0,1.9,4.2,0,0,,,0,0,,6; ALSO D11 (28); ALSO D17 (34); ALSO D18 (22); ALSO D25 (09); ALSO D48 (16); ALSO D90 (12),,C,,,LCB (6); FS (9); FSR (13); SCBR (2); RCB (8),LOLB (09); LEO (12); LILB (16); NT (22); RILB (28); ROLB (34),2-4-5,ALSO D01 (FSR); ALSO D02 (LCB); ALSO D05 (FS); ALSO D11 (RILB); ALSO D12 (RCB); ALSO D17 (ROLB); ALSO D18 (NT); ALSO D24 (SCBR); ALSO D25 (LOLB); ALSO D48 (LILB); ALSO D90 (LEO),ALSO D01 (0.0); ALSO D02 (0.0); ALSO D05 (0.0); ALSO D11 (0.0); ALSO D12 (-0.5); ALSO D17 (0.0); ALSO D18 (+1.5); ALSO D24 (0.0); ALSO D25 (0.0); ALSO D48 (0.0); ALSO D90 (0.0),,T,ALSO,10,,LEO (12); NT (22),,TOUCHDOWN,+0,6,KICKOFF - RETURN,-30,7,SR,+21,,,,,0,,,R,L,,ALSO D18; ALSO D24,IF,,,OHUN 07 (QB); OHUN 51 (C); ALSO D12 (RCB); ALSO D18 (NT); ALSO D24 (SCBR),,,,,,,,,,LOLB (0); LILB (2); RILB (1); ROLB (0),,O,O,OHUN 07; OHUN 51; ALSO D12,LWR^; SLWR; HB-R; SRWR^; RWR,2x2,TE>RWR,3-0-1-1,11,OHUN 02; OHUN 11; OHUN 24; OHUN 37; OHUN 85,OHUN 02 (LWR); OHUN 07 (QB); OHUN 11 (SLWR); OHUN 24 (HB-R); OHUN 37 (SRWR); OHUN 51 (C); OHUN 63 (RG); OHUN 72 (RT); OHUN 74 (LG); OHUN 75 (LT); OHUN 85 (RWR),OHUN 02 (0.0); OHUN 07 (-0.5); OHUN 11 (0.0); OHUN 24 (0.0); OHUN 37 (0.0); OHUN 51 (-1.5); OHUN 63 (0.0); OHUN 72 (0.0); OHUN 74 (0.0); OHUN 75 (0.0); OHUN 85 (0.0),OHUN 24,F,OHUN,OHUN 02; OHUN 37,,6; OHUN 24 (HB-R); OHUN 51 (C); OHUN 63 (RG); OHUN 72 (RT); OHUN 74 (LG); OHUN 75 (LT),,4b,ALSO D12,,6; ALSO D01; ALSO D02; ALSO D05; ALSO D11; ALSO D12; ALSO D48,31,M,OHUN 07 (QB),LWR 8s(16); SLWR 4(10); HB-R kr; SRWR 99; RWR 6(6),8; 4; -; 9; 6,OHUN 02 8s(16); OHUN 11 4(10); OHUN 24 kr; OHUN 37 99; OHUN 85 6(6),LWR,OHUN 02,INCOMPLETE,8s(16),XR,5; ALSO D17 (ROLB); ALSO D18 (NT); ALSO D24 (SCBR); ALSO D25 (LOLB); ALSO D90 (LEO),HURRY,40,5R,,,,+21,,,,ALSO D18,ALSO D24 > OHUN 11,ALSO D18 (CL) OHUN 51; ALSO D24 (U),0,,,OHUN 07,1,ALSO D18; ALSO D24,OHUN 51,0,R,HB-R,HB-R (-4),R,1; OHUN 24 (HB-R),,,,,,P,,-12,,S,,,,,,,,ALSO D24 (L.E.O) SCBR,,LWR^(-13.5); SLWR(-6.5); SRWR^(+15.5); RWR(+19.5),,0,8,0,0,0,,false,1,0,2.802,-0.644,Skinny Post,false,11,OHUN 24,OHUN 85,OHUN 02; OHUN 11; OHUN 37,GUN WEAK,SLOT - SLOT,LWR; SLWR; HB-R; SRWR; RWR,2x2,SLOT - SLOT,NICKEL,ALSO D01; ALSO D02; ALSO D05; ALSO D12; ALSO D24,ALSO D11; ALSO D17; ALSO D25; ALSO D48,ALSO D18; ALSO D90,ODD,DOUBLE MUG,COVER 4,,21,,3.405,-0.805,31255_7174128,31255-OHUN-11
7174163,31255,2026-09-19,2026,03,411559,4484,4,3,00:14,1,1,1,41,0,11,6,21,1,1,,,0,0,0,29,0,0,0,7174128,7174687,,41.29,0,,167,0,2.0,2.1,0,0,0,0,0,0,OHUN 03,6; ALSO D11 (27); ALSO D17 (34); ALSO D18 (22); ALSO D25 (11); ALSO D48 (25); ALSO D90 (13),,C,,,LCB (1); SCBL (9); FSR (14); SCBR (2); RCB (9),LOLB (11); LE (13); NT (22); RILB (25); RILB (27); ROLB (34),2-4-5,ALSO D01 (FSR); ALSO D02 (LCB); ALSO D05 (SCBL); ALSO D11 (RILB); ALSO D12 (RCB); ALSO D17 (ROLB); ALSO D18 (NT); ALSO D24 (SCBR); ALSO D25 (LOLB); ALSO D48 (RILB); ALSO D90 (LE),ALSO D01 (0.0); ALSO D02 (-1.0); ALSO D05 (0.0); ALSO D11 (0.0); ALSO D12 (0.0); ALSO D17 (0.0); ALSO D18 (0.0); ALSO D24 (0.0); ALSO D25 (+1.5); ALSO D48 (0.0); ALSO D90 (0.0),,F,ALSO,10,,LE (13); NT (22),,TOUCHDOWN,+0,6,KICKOFF - RETURN,-30,7,SD,+21,,,,,21,,,R,L,,ALSO D25,,,,OHUN 03 (RWR); OHUN 07 (QB); OHUN 72 (RT); ALSO D02 (LCB); ALSO D25 (LOLB),,,,,,,,,,LOLB (0); RILB (2); RILB (2); ROLB (0),,O,O,OHUN 72; ALSO D02,LWR^; SLWR; HB-L; SRWR; RWR^,2x2,TE>SRWR,3-0-1-1,11,OHUN 02; OHUN 03; OHUN 15; OHUN 24; OHUN 85,OHUN 02 (LWR); OHUN 03 (RWR); OHUN 07 (QB); OHUN 15 (SLWR); OHUN 24 (HB-L); OHUN 51 (C); OHUN 63 (RG); OHUN 72 (RT); OHUN 74 (LG); OHUN 75 (LT); OHUN 85 (SRWR),OHUN 02 (0.0); OHUN 03 (+1.0); OHUN 07 (+1.0); OHUN 15 (0.0); OHUN 24 (0.0); OHUN 51 (0.0); OHUN 63 (0.0); OHUN 72 (-1.5); OHUN 74 (0.0); OHUN 75 (0.0); OHUN 85 (0.0),OHUN 03; OHUN 15,T,OHUN,OHUN 02; OHUN 03,,6; OHUN 24 (HB-L); OHUN 51 (C); OHUN 63 (RG); OHUN 72 (RT); OHUN 74 (LG); OHUN 75 (LT),,4b,ALSO D02,,7; ALSO D01; ALSO D02; ALSO D05; ALSO D11; ALSO D12; ALSO D17; ALSO D24,26,R,OHUN 07 (QB),LWR 9; SLWR 9s; HB-L kr; SRWR xo(16); RWR 9o,9; 9; -; X; 9,OHUN 02 9; OHUN 15 9s; OHUN 24 kr; OHUN 85 xo(16); OHUN 03 9o,RWR,OHUN 03,COMPLETE,9o,9R,4; ALSO D18 (NT); ALSO D25 (LOLB); ALSO D48 (RILB); ALSO D90 (LE),HURRY,52,7R,ALSO D02 FMM,,,+0,,,,OHUN 03; OHUN 07; ALSO D25,ALSO D02 > OHUN 03; ALSO D24 > OHUN 15,ALSO D25 (O) OHUN 72,0,,,OHUN 07,0,ALSO D25,OHUN 72,0,,HB-L,HB-L (-5),R,1; OHUN 24 (HB-L),,,,,,P,,-12,,S,,,,,,,OHUN 03,,,LWR^(-13.5); SLWR(-6.5); SRWR(+14.5); RWR^(+19.5),,0,5,0,0,0,,false,1,0,2.158,4.842,Go,false,11,OHUN 24,OHUN 85,OHUN 02; OHUN 03; OHUN 15,GUN STRONG,SLOT - SLOT,LWR; SLWR; HB-L; SRWR; RWR,2x2,SLOT - SLOT,NICKEL,ALSO D01; ALSO D02; ALSO D05; ALSO D12; ALSO D24,ALSO D11; ALSO D17; ALSO D25; ALSO D48,ALSO D18; ALSO D90,ODD,DOUBLE MUG,COVER 4,,21,,2.6,4.4,31255_7174163,31255-OHUN-11
7191904,31322,2026-09-26,2026,04,411618,,1,1,12:40,1,,0,0,0,1,1,13,0,1,,,0,0,0,0,1,15,0,7191855,7191912,,0.00,0,,9,0,,,0,0,,3,0,0,KYUN 01,6; ALSO D11 (06); ALSO D18 (12); ALSO D25 (32); ALSO D41 (17); ALSO D48 (22); ALSO D56 (24),,,,,LCB (7); SCBoL (10); SCBiL (2); FS (9); RCB (2),LLB (06); LEO (12); DLT (17); MLB (22); DRT (24); ROLB (32),2-4-5,ALSO D01 (SCBoL); ALSO D02 (LCB); ALSO D08 (SCBiL); ALSO D11 (LLB); ALSO D12 (RCB); ALSO D14 (FS); ALSO D18 (LEO); ALSO D25 (ROLB); ALSO D41 (DLT); ALSO D48 (MLB); ALSO D56 (DRT),ALSO D01 (0.0); ALSO D02 (0.0); ALSO D08 (0.0); ALSO D11 (0.0); ALSO D12 (0.0); ALSO D14 (0.0); ALSO D18 (0.0); ALSO D25 (-0.5); ALSO D41 (0.0); ALSO D48 (0.0); ALSO D56 (-1.0),DRIVE START,F,ALSO,10,,LEO (12); DLT (17); DRT (24),,PUNT,-45,4,PUNT - OOB,-13,,,-13,ALSO D11,,,,28,,,L,R,,,,,,KYUN 01 (HB-R); KYUN 53 (LT); KYUN 73 (LG); KYUN 77 (RG); ALSO D25 (ROLB); ALSO D41 (DLT); ALSO D56 (DRT),,,,,,,,,,LLB (4); MLB (3); ROLB (0),,C,O,KYUN 77; ALSO D25; ALSO D56,LWR^; HB-R; SRiWR; SRoWR; RWR^,1x3,TE>SRiWR,3-0-1-1,11,KYUN 01; KYUN 04; KYUN 07; KYUN 19; KYUN 81,KYUN 01 (HB-R); KYUN 03 (QB); KYUN 04 (RWR); KYUN 07 (LWR); KYUN 19 (SRoWR); KYUN 53 (LT); KYUN 71 (RT); KYUN 72 (C); KYUN 73 (LG); KYUN 77 (RG); KYUN 81 (SRiWR),KYUN 01 (+0.5); KYUN 03 (0.0); KYUN 04 (0.0); KYUN 07 (0.0); KYUN 19 (0.0); KYUN 53 (+0.5); KYUN 71 (0.0); KYUN 72 (0.0); KYUN 73 (0.0); KYUN 77 (-0.5); KYUN 81 (0.0),DRIVE START,T,KYUN,KYUN 04; KYUN 07,,,,3b,,,,,,,LWR r; HB-R r; SRiWR 1z; SRoWR 0(-4); RWR z,-; -; 3; 0; -,KYUN 07 r; KYUN 01 r; KYUN 81 1z; KYUN 19 0(-4); KYUN 04 z,,,,,,,,,,ALSO D56 UNRd,,,-41,LE,FORCED,MR,KYUN 01; KYUN 53,ALSO D12 > KYUN 07,,0,,,KYUN 03,0,,,0,,HB-R,HB-R (-5),L,1; KYUN 01 (HB-R),,,,OUTSIDE ZONE,READ OPTION,R,,0,KYUN 01 (B:B); KYUN 19 (L:Rx); KYUN 81* (L:R{R}),S,,,,ALSO D11,,,,,,LWR^(-18.5); SRiWR(+1.5); SRoWR(+6.5); RWR^(+7.5),,1,14,0,0,0,,false,3,3,1.036,1.754,,false,11,KYUN 01,KYUN 81,KYUN 04; KYUN 07; KYUN 19,GUN STRONG,TRIPS - OPEN,LWR; HB-R; SRiWR; SRoWR; RWR,2x2,SLOT - PRO,NICKEL,ALSO D01; ALSO D02; ALSO D08; ALSO D12; ALSO D14,ALSO D11; ALSO D25; ALSO D41; ALSO D48,ALSO D18; ALSO D56,WIDE OVER,,COVER 3,,87,,0.679,2.265,31322_7191904,31322-KYUN-1
7191912,31322,2026-09-26,2026,04,411618,,1,1,12:21,1,1,0,0,0,1,2,4,0,,,,0,0,0,0,0,,1,7191904,7191918,,0.00,0,,10,0,,2.1,0,0,5,1,0,0,KYUN 04,7; ALSO D11 (36); ALSO D14 (01); ALSO D18 (27); ALSO D25 (10); ALSO D41 (17); ALSO D48 (18); ALSO D56 (22),,R,,,LCB (7); FS (13); SCBR (1); RCB (7),LLB (01); LOLB (10); DLT (17); LILB (18); NT (22); DRT (27); ROLB (36),2-4-5,ALSO D02 (LCB); ALSO D08 (FS); ALSO D11 (ROLB); ALSO D12 (RCB); ALSO D14 (LLB); ALSO D18 (DRT); ALSO D24 (SCBR); ALSO D25 (LOLB); ALSO D41 (DLT); ALSO D48 (LILB); ALSO D56 (NT),ALSO D02 (0.0); ALSO D08 (0.0); ALSO D11 (0.0); ALSO D12 (0.0); ALSO D14 (0.0); ALSO D18 (0.0); ALSO D24 (+0.5); ALSO D25 (0.0); ALSO D41 (0.0); ALSO D48 (0.0); ALSO D56 (0.0),ALSO D24,F,ALSO,10,,DLT (17); NT (22); DRT (27),,PUNT,-45,4,PUNT - OOB,-13,0,RL,-41,ALSO D24,,,,4,,,L,R,,,,,,ALSO D24 (SCBR),,,,,,,,,,LOLB (0); LLB (4); LILB (4); ROLB (0),,C,C,,LWR^; SLWR; HB-L; TE-R^; RWR,2x2,,3-0-1-1,11,KYUN 01; KYUN 04; KYUN 07; KYUN 19; KYUN 81,KYUN 01 (HB-L); KYUN 03 (QB); KYUN 04 (RWR); KYUN 07 (LWR); KYUN 19 (SLWR); KYUN 53 (LT); KYUN 71 (RT); KYUN 72 (C); KYUN 73 (LG); KYUN 77 (RG); KYUN 81 (TE-R),KYUN 01 (0.0); KYUN 03 (0.0); KYUN 04 (0.0); KYUN 07 (0.0); KYUN 19 (0.0); KYUN 53 (0.0); KYUN 71 (0.0); KYUN 72 (0.0); KYUN 73 (0.0); KYUN 77 (0.0); KYUN 81 (0.0),,T,KYUN,KYUN 07; KYUN 81,,5; KYUN 53 (LT); KYUN 71 (RT); KYUN 72 (C); KYUN 73 (LG); KYUN 77 (RG),,3b,ALSO D11,,6; ALSO D02; ALSO D08; ALSO D11; ALSO D12; ALSO D24; ALSO D48,-1,L,KYUN 03 (QB),LWR 8s(14); SLWR 9o; HB-L frkr; TE-R xl(7); RWR xu(-3),8; 9; -; X; X,KYUN 07 8s(14); KYUN 19 9o; KYUN 01 frkr; KYUN 81 xl(7); KYUN 04 xu(-3),RWR,KYUN 04,COMPLETE,xu(-3),SL,5; ALSO D14 (LLB); ALSO D18 (DRT); ALSO D25 (LOLB); ALSO D41 (DLT); ALSO D56 (NT),,3,2L,,,KYUN 01,-45,,,,ALSO D24,ALSO D24 > KYUN 19,,0,,,KYUN 03,0,,,0,,HB-L,HB-L (-6),R,1; KYUN 01 (HB-L),,,,OUTSIDE ZONE,,P,,0,KYUN 04* (R:L{R}),S,,ALSO D24,,ALSO D24,,R,,,,LWR^(-17.5); SLWR(-15.5); RWR(-0.5),,0,12,0,0,0,,false,3,3,2.79,-0.123,Under,false,11,KYUN 01,KYUN 81,KYUN 04; KYUN 07; KYUN 19,GUN WEAK,SLOT - PRO,LWR; SLWR; HB-L; TE-R; RWR,2x2,SLOT - PRO,NICKEL,ALSO D02; ALSO D08; ALSO D12; ALSO D14; ALSO D24,ALSO D11; ALSO D25; ALSO D41; ALSO D48,ALSO D18; ALSO D56,BEAR,,COVER 3,,59,,2.944,-0.144,31322_7191912,31322-KYUN-1
7191918,31322,2026-09-26,2026,04,411618,,1,2,11:56,1,0,0,0,0,1,3,,0,,,,0,0,0,0,0,,0,7191912,7191937,,0.00,0,,11,0,,2.8,0,0,,,0,0,,5; ALSO D18 (14); ALSO D25 (38); ALSO D41 (30); ALSO D48 (23); ALSO D56 (22),,C,,,LCB (8); SCBoL (3); SCBiL (4); FSL (11); SSR (10); RCB (6),LE (14); NT (22); MLB (23); RE (30); ROLB (38); SSR (40),2-4-5,ALSO D02 (LCB); ALSO D08 (FSL); ALSO D11 (SCBiL); ALSO D12 (RCB); ALSO D14 (SSR); ALSO D18 (LE); ALSO D24 (SCBoL); ALSO D25 (ROLB); ALSO D41 (RE); ALSO D48 (MLB); ALSO D56 (NT),ALSO D02 (0.0); ALSO D08 (0.0); ALSO D11 (0.0); ALSO D12 (0.0); ALSO D14 (0.0); ALSO D18 (0.0); ALSO D24 (0.0); ALSO D25 (0.0); ALSO D41 (0.0); ALSO D48 (+1.0); ALSO D56 (0.0),,T,ALSO,6,,LE (14); NT (22); RE (30),,PUNT,-45,4,PUNT - OOB,-13,8,SD,-45,,,,,0,,,L,R,,,BP,,,ALSO D48 (MLB),,,,,,,,,,MLB (3); ROLB (0),,O,O,,LWR^; SLWR; SRiWR; SRoWR; RWR^,2x3,HB>SRoWR; TE>SLWR,3-0-1-1,11,KYUN 01; KYUN 04; KYUN 07; KYUN 19; KYUN 81,KYUN 01 (SRoWR); KYUN 03 (QB); KYUN 04 (LWR); KYUN 07 (RWR); KYUN 19 (SRiWR); KYUN 53 (LT); KYUN 71 (RT); KYUN 72 (C); KYUN 73 (LG); KYUN 77 (RG); KYUN 81 (SLWR),KYUN 01 (0.0); KYUN 03 (0.0); KYUN 04 (0.0); KYUN 07 (0.0); KYUN 19 (0.0); KYUN 53 (0.0); KYUN 71 (0.0); KYUN 72 (0.0); KYUN 73 (0.0); KYUN 77 (0.0); KYUN 81 (0.0),,F,KYUN,KYUN 04; KYUN 07,,5; KYUN 53 (LT); KYUN 71 (RT); KYUN 72 (C); KYUN 73 (LG); KYUN 77 (RG),,4b,,,6; ALSO D02; ALSO D08; ALSO D11; ALSO D12; ALSO D14; ALSO D24,,X,KYUN 03 (QB),LWR 8i(8); SLWR 9o; SRiWR 9so; SRoWR xd(4); RWR 9,8; 9; 9; X; 9,KYUN 04 8i(8); KYUN 81 9o; KYUN 19 9so; KYUN 01 xd(4); KYUN 07 9,,,BATTED PASS,,,5; ALSO D18 (LE); ALSO D25 (ROLB); ALSO D41 (RE); ALSO D48 (MLB); ALSO D56 (NT),,,,,,,-45,,,,ALSO D48,,,0,,,KYUN 03,0,,,0,,EMPTY,,,,,,,,,P,,0,,S,,,,,,,,,,LWR^(-21.5); SLWR(-15.5); SRiWR(+0.5); SRoWR(+5.5); RWR^(+17.5),,0,23,0,0,0,,true,3,3,2.667,-0.763,,false,11,KYUN 01,KYUN 81,KYUN 04; KYUN 07; KYUN 19,GUN EMPTY,TRIPS - SLOT,LWR; SLWR; SRiWR; SRoWR; RWR,2x3,TRIPS - SLOT,NICKEL,ALSO D02; ALSO D08; ALSO D12; ALSO D14; ALSO D24,ALSO D11; ALSO D25; ALSO D41; ALSO D48,ALSO D18; ALSO D56,ODD,,COVER 4,,55,,2.8,-1.068,31322_7191918,31322-KYUN-1
7191937,31322,2026-09-26,2026,04,411618,,1,3,11:51,1,0,0,0,0,1,4,,0,,,,0,0,0,0,0,,0,7191918,7191966,,0.00,0,,12,1,2.4,5.3,0,0,,,0,0,,7; ALSO D08 (36); ALSO D11 (28); ALSO D18 (08); ALSO D25 (10); ALSO D41 (34); ALSO D48 (22); ALSO D56 (22),,C,,,LCB (7); SCBL (3); FSL (12); RCB (6),LEO (08); LLB (10); NT (22); MLB (22); RILB (28); REO (34); RLB (36),2-4-5,ALSO D02 (LCB); ALSO D08 (RLB); ALSO D11 (RILB); ALSO D12 (RCB); ALSO D14 (FSL); ALSO D18 (LEO); ALSO D24 (SCBL); ALSO D25 (LLB); ALSO D41 (REO); ALSO D48 (MLB); ALSO D56 (NT),ALSO D02 (0.0); ALSO D08 (0.0); ALSO D11 (0.0); ALSO D12 (+0.5); ALSO D14 (0.0); ALSO D18 (0.0); ALSO D24 (0.0); ALSO D25 (0.0); ALSO D41 (+0.5); ALSO D48 (0.0); ALSO D56 (0.0),,T,ALSO,6,,LEO (08); NT (22); REO (34),,PUNT,-45,4,PUNT - OOB,-13,7,SR,-45,,,,,0,,,L,R,ALSO D41,ALSO D25,CC,,,KYUN 01 (HB-R); KYUN 04 (LWR); ALSO D12 (RCB); ALSO D25 (LLB); ALSO D41 (REO),,,,,,,,,,LLB (3); MLB (5); RILB (2); RLB (6),,C,C,KYUN 01,LWR^; TE-L; HB-R; SRWR; RWR^,2x2,,3-0-1-1,11,KYUN 01; KYUN 04; KYUN 07; KYUN 19; KYUN 81,KYUN 01 (HB-R); KYUN 03 (QB); KYUN 04 (LWR); KYUN 07 (RWR); KYUN 19 (SRWR); KYUN 53 (LT); KYUN 71 (RT); KYUN 72 (C); KYUN 73 (LG); KYUN 77 (RG); KYUN 81 (TE-L),KYUN 01 (-0.5); KYUN 03 (0.0); KYUN 04 (0.0); KYUN 07 (0.0); KYUN 19 (0.0); KYUN 53 (0.0); KYUN 71 (0.0); KYUN 72 (0.0); KYUN 73 (0.0); KYUN 77 (0.0); KYUN 81 (0.0),,F,KYUN,KYUN 04; KYUN 07,,6; KYUN 01 (HB-R); KYUN 53 (LT); KYUN 71 (RT); KYUN 72 (C); KYUN 73 (LG); KYUN 77 (RG),,1b,ALSO D12,,5; ALSO D02; ALSO D08; ALSO D12; ALSO D14; ALSO D24,5,M,KYUN 03 (QB),LWR 4i(10); TE-L 9o; HB-R kr; SRWR 3o(8); RWR xl(5),4; 9; -; 3; X,KYUN 04 4i(10); KYUN 81 9o; KYUN 01 kr; KYUN 19 3o(8); KYUN 07 xl(5),LWR,KYUN 04,INCOMPLETE,4i(10),SA,6; ALSO D11 (RILB); ALSO D18 (LEO); ALSO D25 (LLB); ALSO D41 (REO); ALSO D48 (MLB); ALSO D56 (NT),HIT,39,5R,,,,-45,,,,ALSO D12; ALSO D41,,ALSO D25 (U) KYUN 01; ALSO D41 (CU),0,,,KYUN 03,1,ALSO D25; ALSO D41,KYUN 01,0,R,HB-R,HB-R (-5),R,1; KYUN 01 (HB-R),,,,,,P,,0,KYUN 19* (L:Rx),S,,,,,,L,,ALSO D25 (R.E.N) LLB,,LWR^(-18.5); SRWR(+3.5); RWR^(+7.5),1; ALSO D12,0,10,0,0,0,,false,3,3,1.904,-2.051,In,false,11,KYUN 01,KYUN 81,KYUN 04; KYUN 07; KYUN 19,GUN WEAK,SLOT - PRO,LWR; TE-L; HB-R; SRWR; RWR,3x1,TREY - OPEN,NICKEL,ALSO D02; ALSO D08; ALSO D12; ALSO D14; ALSO D24,ALSO D11; ALSO D25; ALSO D41; ALSO D48,ALSO D18; ALSO D56,ODD,SINGLE MUG,COVER 1,,55,,1.732,-1.858,31322_7191937,31322-KYUN-1
7192123,31322,2026-09-26,2026,04,411618,,1,1,10:20,1,,0,0,0,2,1,2,0,,,,0,0,0,0,0,,0,7192114,7192145,,0.00,0,,18,0,,,0,0,,2,0,0,KYUN 01,6; ALSO D11 (18); ALSO D17 (10); ALSO D18 (32); ALSO D41 (26); ALSO D48 (28); ALSO D56 (19),,,,,LCB (6); SCBL (6); FS (12); SSR (8); RCB (1),LOLB (10); LILB (18); DLT (19); DRT (26); RILB (28); REO (32); SSR (34),2-4-5,ALSO D02 (LCB); ALSO D08 (FS); ALSO D11 (LILB); ALSO D12 (RCB); ALSO D14 (SSR); ALSO D17 (LOLB); ALSO D18 (REO); ALSO D24 (SCBL); ALSO D41 (DRT); ALSO D48 (RILB); ALSO D56 (DLT),ALSO D02 (0.0); ALSO D08 (0.0); ALSO D11 (0.0); ALSO D12 (-1.0); ALSO D14 (0.0); ALSO D17 (0.0); ALSO D18 (+0.5); ALSO D24 (0.0); ALSO D41 (0.0); ALSO D48 (-0.5); ALSO D56 (-0.5),DRIVE START,T,ALSO,10,,DLT (19); DRT (26); REO (32),,DOWNS,+42,7,PUNT - OOB,-36,,,-36,ALSO D12,,,,2,,,L,R,,,,,,KYUN 01 (HB-R); KYUN 53 (LT); KYUN 77 (RG); KYUN 81 (TE-L); ALSO D12 (RCB); ALSO D18 (REO); ALSO D48 (RILB); ALSO D56 (DLT),,,,,,,,,,LOLB (0); LILB (5); RILB (4),ALSO D12,O,C,KYUN 53; ALSO D12; ALSO D48; ALSO D56,LWR; TE-L^; HB-R; SRWR; RWR^,2x2,,3-0-1-1,11,KYUN 01; KYUN 04; KYUN 07; KYUN 19; KYUN 81,KYUN 01 (HB-R); KYUN 03 (QB); KYUN 04 (LWR); KYUN 07 (RWR); KYUN 19 (SRWR); KYUN 53 (LT); KYUN 71 (RT); KYUN 72 (C); KYUN 73 (LG); KYUN 77 (RG); KYUN 81 (TE-L),KYUN 01 (0.0); KYUN 03 (0.0); KYUN 04 (0.0); KYUN 07 (0.0); KYUN 19 (0.0); KYUN 53 (-0.5); KYUN 71 (0.0); KYUN 72 (0.0); KYUN 73 (0.0); KYUN 77 (+0.5); KYUN 81 (+0.5),DRIVE START,F,KYUN,KYUN 07; KYUN 81,,,,6Rb,,,,,,,,,,,,,,,,,,,,,,-38,LE,,LE,KYUN 77; KYUN 81; ALSO D18,ALSO D12 > KYUN 04,,0,,,KYUN 03,0,,,0,,HB-R,HB-R (-5),L,1; KYUN 01 (HB-R),,,,MAN,,R,,0,,S,,ALSO D18,,ALSO D18,,L,,,,LWR(-18.5); SRWR(+7.5); RWR^(+17.5),,0,15,0,0,0,,false,3,3,2.505,-0.607,,false,11,KYUN 01,KYUN 81,KYUN 04; KYUN 07; KYUN 19,GUN WEAK,SLOT - PRO,LWR; TE-L; HB-R; SRWR; RWR,2x2,SLOT - PRO,NICKEL,ALSO D02; ALSO D08; ALSO D12; ALSO D14; ALSO D24,ALSO D11; ALSO D17; ALSO D41; ALSO D48,ALSO D18; ALSO D56,WIDE OVER,,COVER 6,,64,,2.592,-0.547,31322_7192123,31322-KYUN-2
7192145,31322,2026-09-26,2026,04,411618,,1,2,10:02,0,,0,0,0,2,2,7,0,,,,0,0,1,0,1,,0,7192123,7192152,,0.00,0,,19,0,,,0,1,,2,0,0,KYUN 01,6; ALSO D11 (16); ALSO D17 (32); ALSO D18 (09); ALSO D41 (27); ALSO D48 (24); ALSO D56 (18),,,,,LCB (7); SCBL (9); SSL (9); SSR (8); RCB (6),SSL (00); LOLB (09); LILB (16); DLT (18); RILB (24); DRT (27); ROLB (32); SSR (38),2-4-5,ALSO D02 (LCB); ALSO D08 (SSL); ALSO D11 (LILB); ALSO D12 (RCB); ALSO D14 (SSR); ALSO D17 (ROLB); ALSO D18 (LOLB); ALSO D24 (SCBL); ALSO D41 (DRT); ALSO D48 (RILB); ALSO D56 (DLT),ALSO D02 (0.0); ALSO D08 (0.0); ALSO D11 (0.0); ALSO D12 (0.0); ALSO D14 (0.0); ALSO D17 (0.0); ALSO D18 (0.0); ALSO D24 (0.0); ALSO D41 (0.0); ALSO D48 (-1.0); ALSO D56 (-0.5),,F,ALSO,8,,DLT (18); DRT (27),,DOWNS,+42,7,PUNT - OOB,-36,,,-38,ALSO D48,,,,7,,,L,R,,,,,,KYUN 01 (HB-L); KYUN 72 (C); KYUN 77 (RG); ALSO D48 (RILB); ALSO D56 (DLT),,,,,,,,,,LOLB (0); LILB (4); RILB (4); ROLB (0),ALSO D48,O,O,ALSO D48; ALSO D56,LWR; HB-L; TE-R^; SRWR; RWR^,1x3,OL>TE-R; TE>LT,3-0-1-1,11,KYUN 01; KYUN 04; KYUN 07; KYUN 19; KYUN 53,KYUN 01 (HB-L); KYUN 03 (QB); KYUN 04 (LWR); KYUN 07 (RWR); KYUN 19 (SRWR); KYUN 53 (TE-R); KYUN 71 (RT); KYUN 72 (C); KYUN 73 (LG); KYUN 77 (RG); KYUN 81 (LT),KYUN 01 (+0.5); KYUN 03 (0.0); KYUN 04 (0.0); KYUN 07 (0.0); KYUN 19 (0.0); KYUN 53 (0.0); KYUN 71 (0.0); KYUN 72 (+0.5); KYUN 73 (0.0); KYUN 77 (+0.5); KYUN 81 (0.0),,T,KYUN,KYUN 07; KYUN 53,,,,4,,,,,,,LT r; LWR z; HB-L r; TE-R 1; SRWR r; RWR r,-; -; -; 3; -; -,KYUN 81 r; KYUN 04 z; KYUN 01 r; KYUN 53 1; KYUN 19 r; KYUN 07 r,,,,,,,,,,,,,-45,LE,,LE,KYUN 01; KYUN 72; KYUN 77,,,0,,,KYUN 03,0,,,0,,HB-L,HB-L (-5),R,1; KYUN 01 (HB-L),,,,OUTSIDE ZONE,READ OPTION,R,,0,,S,,,,ALSO D14,,R,,,,LWR(-21.5); SRWR(+7.5); RWR^(+13.5),,1,27,0,0,0,,true,3,3,1.898,0.623,,false,11,KYUN 01,KYUN 81,KYUN 04; KYUN 07; KYUN 19,GUN WEAK,TREY - OPEN,LWR; HB-L; TE-R; SRWR; RWR,1x3,TREY - OPEN,NICKEL,ALSO D02; ALSO D08; ALSO D12; ALSO D14; ALSO D24,ALSO D11; ALSO D17; ALSO D41; ALSO D48,ALSO D18; ALSO D56,WIDE UNDER,,COVER 4,,62,,2.045,0.772,31322_7192145,31322-KYUN-2
7192152,31322,2026-09-26,2026,04,411618,,1,3,09:24,0,,0,0,0,2,3,5,0,1,,,0,0,0,0,0,,0,7192145,7192286,,0.00,0,,20,0,,,0,0,,1,0,0,KYUN 01,10; ALSO D02 (08); ALSO D08 (06); ALSO D11 (22); ALSO D12 (44); ALSO D14 (44); ALSO D17 (38); ALSO D18 (10); ALSO D41 (18); ALSO D48 (34); ALSO D56 (28),,,,,FS (9),LLB (06); LLB (08); LEO (10); DLT (18); MLB (22); DRT (28); RLB (34); REO (38); RLB (44); ROLB (44),2-4-5,ALSO D01 (FS); ALSO D02 (LLB); ALSO D08 (LLB); ALSO D11 (MLB); ALSO D12 (RLB); ALSO D14 (ROLB); ALSO D17 (REO); ALSO D18 (LEO); ALSO D41 (DLT); ALSO D48 (RLB); ALSO D56 (DRT),ALSO D01 (0.0); ALSO D02 (0.0); ALSO D08 (0.0); ALSO D11 (0.0); ALSO D12 (0.0); ALSO D14 (0.0); ALSO D17 (0.0); ALSO D18 (0.0); ALSO D41 (-0.5); ALSO D48 (0.0); ALSO D56 (-0.5),ALSO D01,F,ALSO,1,,LEO (10); DLT (18); DRT (28); REO (38),,DOWNS,+42,7,PUNT - OOB,-36,,,-45,ALSO D48,,,,5,,,C,C,,,,ALSO D01,,KYUN 01 (HB-L); KYUN 53 (LT); KYUN 57 (RG); KYUN 72 (C); KYUN 77 (LG); ALSO D41 (DLT); ALSO D56 (DRT),,,,,,,,,,LLB (2); LLB (6); MLB (3); RLB (3); RLB (5); ROLB (0),,C,C,ALSO D41; ALSO D56,TE-oL; TE-L^; TE-iL; HB-L; TE-R^,3x1,OL>TE-L; OL>TE-iL; WR>TE-R; WR>TE-oL,2-0-1-0 (**),10 (**),KYUN 01; KYUN 04; KYUN 73; KYUN 75; KYUN 89,KYUN 01 (HB-L); KYUN 03 (QB); KYUN 04 (TE-R); KYUN 53 (LT); KYUN 57 (RG); KYUN 71 (RT); KYUN 72 (C); KYUN 73 (TE-L); KYUN 75 (TE-iL); KYUN 77 (LG); KYUN 89 (TE-oL),KYUN 01 (+0.5); KYUN 03 (0.0); KYUN 04 (0.0); KYUN 53 (+0.5); KYUN 57 (+0.5); KYUN 71 (0.0); KYUN 72 (+0.5); KYUN 73 (0.0); KYUN 75 (0.0); KYUN 77 (+0.5); KYUN 89 (0.0),KYUN 57; KYUN 75; KYUN 89,T,KYUN,KYUN 04; KYUN 73,,,,3,,,,,,,,,,,,,,,,,,,,,,+50,MR,,MR,KYUN 01; KYUN 53; KYUN 57; KYUN 72; KYUN 77,,,0,,,KYUN 03,0,,,0,,HB-L,HB-L (-5),L,1; KYUN 01 (HB-L),,,,MAN,,R,,0,KYUN 01 (B:B); KYUN 04 (R:L{R}); KYUN 73 (R:Lx); KYUN 75 (R:Lx); KYUN 89 (L:R{L}),S,,,,ALSO D01,ALSO D08,L;L;L;R,,,,,,0,9,0,0,0,,false,3,3,2.521,0.713,,false,12H,KYUN 01,,KYUN 04; KYUN 89,GUN STRONG,TANK WING - CLOSED,TE-oL; TE-L; TE-iL; HB-L; TE-R,1x3,TOAD WING - OPEN,NICKEL,ALSO D01; ALSO D02; ALSO D08; ALSO D12; ALSO D14,ALSO D11; ALSO D17; ALSO D41; ALSO D48,ALSO D18; ALSO D56,WIDE OVER,,COVER 3,,55,,2.817,0.688,31322_7192152,31322-KYUN-2
7192286,31322,2026-09-26,2026,04,411618,,1,1,08:54,1,1,0,0,0,2,4,8,0,,,,0,0,1,0,0,,0,7192152,7192302,,0.00,1,,21,1,,1.1,0,0,12,2,0,0,KYUN 05,7; ALSO D11 (02); ALSO D12 (35); ALSO D17 (32); ALSO D48 (19); ALSO D49 (24); ALSO D90 (13); ALSO D94 (18),,L,,,LCB (6); SCBoL (2); SCBiL (9); FS (11),LLB (02); LE (13); DLT (18); LILB (19); DRT (24); REO (32); RLB (35),3-3-5,ALSO D02 (LCB); ALSO D08 (SCBoL); ALSO D11 (LLB); ALSO D12 (RLB); ALSO D13 (SCBiL); ALSO D14 (FS); ALSO D17 (REO); ALSO D48 (LILB); ALSO D49 (DRT); ALSO D90 (LE); ALSO D94 (DLT),ALSO D02 (0.0); ALSO D08 (0.0); ALSO D11 (0.0); ALSO D12 (0.0); ALSO D13 (-0.5); ALSO D14 (0.0); ALSO D17 (0.0); ALSO D48 (0.0); ALSO D49 (0.0); ALSO D90 (0.0); ALSO D94 (0.0),ALSO D13; ALSO D49; ALSO D90; ALSO D94,F,ALSO,10,,LE (13); DLT (18); DRT (24); REO (32),,DOWNS,+42,7,PUNT - OOB,-36,6,SD,+50,ALSO D08,,,,8,,,C,C,,,,,,KYUN 05 (SRiWR); KYUN 08 (SRWR); ALSO D13 (SCBiL),,,,,,,,,,LLB (3); LILB (4); RLB (6),,C,O,ALSO D13,TE-R^; SRiWR; SRWR; SRoWR^; RWR,0x5,TE>SRWR; TE>SRoWR; WR>TE-R,3-0-0-2,02,KYUN 04; KYUN 05; KYUN 07; KYUN 08; KYUN 81,KYUN 03 (QB); KYUN 04 (RWR); KYUN 05 (SRiWR); KYUN 07 (TE-R); KYUN 08 (SRWR); KYUN 53 (LT); KYUN 71 (RT); KYUN 72 (C); KYUN 73 (LG); KYUN 77 (RG); KYUN 81 (SRoWR),KYUN 03 (0.0); KYUN 04 (0.0); KYUN 05 (+0.5); KYUN 07 (0.0); KYUN 08 (+0.5); KYUN 53 (0.0); KYUN 71 (0.0); KYUN 72 (0.0); KYUN 73 (0.0); KYUN 77 (0.0); KYUN 81 (0.0),KYUN 05; KYUN 07; KYUN 08; KYUN 81,T,KYUN,KYUN 07; KYUN 81,,5; KYUN 53 (LT); KYUN 71 (RT); KYUN 72 (C); KYUN 73 (LG); KYUN 77 (RG),,3b,ALSO D08,,6; ALSO D02; ALSO D08; ALSO D12; ALSO D13; ALSO D14; ALSO D48,-4,M,KYUN 03 (QB),TE-R 1z; SRiWR 0(-3); SRWR z; SRoWR z; RWR z,3; 0; -; -; -,KYUN 07 1z; KYUN 05 0(-3); KYUN 08 z; KYUN 81 z; KYUN 04 z,SRiWR,KYUN 05,COMPLETE,0(-3),0R,5; ALSO D11 (LLB); ALSO D17 (REO); ALSO D49 (DRT); ALSO D90 (LE); ALSO D94 (DLT),,44,5R,,,,+42,,,,KYUN 05; KYUN 08,ALSO D08 > KYUN 81,,0,,,KYUN 03,0,,,0,,EMPTY,,,,,,,,,P,,0,KYUN 05* (B:R),S,,,,ALSO D08,,R,,,,SRiWR(+14.5); SRWR(+14.5); SRoWR^(+15.5); RWR(+17.5),,0,29,0,0,0,,false,3,3,3.234,0.751,WR Screen,false,02,,KYUN 08; KYUN 81,KYUN 04; KYUN 05; KYUN 07,GUN EMPTY,QUARRY - NIX,TE-R; SRiWR; SRWR; SRoWR; RWR,0x4,QUAY - NIX,NICKEL,ALSO D02; ALSO D08; ALSO D12; ALSO D13; ALSO D14,ALSO D11; ALSO D17; ALSO D48,ALSO D49; ALSO D90; ALSO D94,WIDE OVER,,COVER 3,,50,,3.505,0.826,31322_7192286,31322-KYUN-2
7192302,31322,2026-09-26,2026,04,411618,,1,2,08:40,0,0,1,0,0,2,5,,0,,,,0,0,1,0,0,,1,7192286,7192332,,0.00,0,,22,0,,3.3,0,0,,,0,0,,7; ALSO D08 (32); ALSO D11 (17); ALSO D17 (12); ALSO D48 (24); ALSO D49 (25); ALSO D90 (34); ALSO D94 (17),,R,KYUN 08,,LCB (6); SCBoL (9); SCBiL (3); FS (9),LEO (12); LILB (17); DLT (17); RILB (24); DRT (25); RLB (32); ROLB (34),3-3-5,ALSO D02 (LCB); ALSO D08 (RLB); ALSO D11 (LILB); ALSO D12 (FS); ALSO D13 (SCBoL); ALSO D14 (SCBiL); ALSO D17 (LEO); ALSO D48 (RILB); ALSO D49 (DRT); ALSO D90 (ROLB); ALSO D94 (DLT),ALSO D02 (0.0); ALSO D08 (0.0); ALSO D11 (0.0); ALSO D12 (0.0); ALSO D13 (-1.5); ALSO D14 (0.0); ALSO D17 (0.0); ALSO D48 (0.0); ALSO D49 (0.0); ALSO D90 (0.0); ALSO D94 (0.0),,T,ALSO,2,,LEO (12); DLT (17); DRT (25),,DOWNS,+42,7,PUNT - OOB,-36,9,SD,+42,,,,,0,,,R,L,,,OT,,,KYUN 03 (QB); ALSO D13 (SCBoL),,,,,,,,,,LILB (3); RILB (4); RLB (3); ROLB (0),,C,O,KYUN 03; ALSO D13,HB-R; TE-R^; SRiWR^; SRoWR; RWR,0x4,TE>HB-R,3-0-0-2,02,KYUN 04; KYUN 05; KYUN 07; KYUN 08; KYUN 81,KYUN 03 (QB); KYUN 04 (SRoWR); KYUN 05 (RWR); KYUN 07 (SRiWR); KYUN 08 (HB-R); KYUN 53 (LT); KYUN 71 (RT); KYUN 72 (C); KYUN 73 (LG); KYUN 77 (RG); KYUN 81 (TE-R),KYUN 03 (-0.5); KYUN 04 (0.0); KYUN 05 (0.0); KYUN 07 (0.0); KYUN 08 (0.0); KYUN 53 (0.0); KYUN 71 (0.0); KYUN 72 (0.0); KYUN 73 (0.0); KYUN 77 (0.0); KYUN 81 (0.0),,F,KYUN,KYUN 07; KYUN 81,,6; KYUN 53 (LT); KYUN 71 (RT); KYUN 72 (C); KYUN 73 (LG); KYUN 77 (RG); KYUN 81 (TE-R),,3S,ALSO D13,ALSO D12,7; ALSO D02; ALSO D08; ALSO D11; ALSO D12; ALSO D13; ALSO D14; ALSO D48,39,M,KYUN 03 (QB),HB-R klh31(0); TE-R k; SRiWR 9s; SRoWR xo(11); RWR 4(12),H5; -; 9; X; 4,KYUN 08 klh31(0); KYUN 81 k; KYUN 07 9s; KYUN 04 xo(11); KYUN 05 4(12),SRiWR,KYUN 07,INCOMPLETE,9s,9S,4; ALSO D17 (LEO); ALSO D49 (DRT); ALSO D90 (ROLB); ALSO D94 (DLT),,32,4,,,,+42,,,,,,,0,,,KYUN 03,0,,,0,,HB-R,HB-R (-6),L,1; KYUN 08 (HB-R),,,,POWER,,P,,0,,S,,,,,,R,,,,SRiWR^(+13.5); SRoWR(+17.5); RWR(+22.5),,0,33,0,1,0,,true,3,3,3.985,-1.064,Seam,false,02,,KYUN 08; KYUN 81,KYUN 04; KYUN 05; KYUN 07,GUN STRONG,QUAY - NIX,HB-R; TE-R; SRiWR; SRoWR; RWR,0x4,QUAY - NIX,NICKEL,ALSO D02; ALSO D08; ALSO D12; ALSO D13; ALSO D14,ALSO D11; ALSO D17; ALSO D48,ALSO D49; ALSO D90; ALSO D94,WIDE OVER,,COVER 3 SEAM,,42,,4.331,-0.842,31322_7192302,31322-KYUN-2
7192332,31322,2026-09-26,2026,04,411618,,1,3,08:32,0,,0,0,0,2,6,0,0,,,,0,0,0,0,0,,0,7192302,7192340,,0.00,0,,23,0,,,0,0,,1,0,0,KYUN 01,11; ALSO D02 (06); ALSO D08 (22); ALSO D11 (18); ALSO D12 (38); ALSO D13 (44); ALSO D14 (23); ALSO D17 (09); ALSO D48 (24); ALSO D56 (18); ALSO D90 (40); ALSO D94 (26),,,,,,LLB (06); LEO (09); LILB (18); DLT (18); MLB (22); MLB (23); RILB (24); DRT (26); RLB (38); REO (40); RLB (44),3-3-5,ALSO D02 (LLB); ALSO D08 (MLB); ALSO D11 (LILB); ALSO D12 (RLB); ALSO D13 (RLB); ALSO D14 (MLB); ALSO D17 (LEO); ALSO D48 (RILB); ALSO D56 (DLT); ALSO D90 (REO); ALSO D94 (DRT),ALSO D02 (0.0); ALSO D08 (0.0); ALSO D11 (0.0); ALSO D12 (0.0); ALSO D13 (0.0); ALSO D14 (0.0); ALSO D17 (0.0); ALSO D48 (+0.5); ALSO D56 (+0.5); ALSO D90 (0.0); ALSO D94 (+1.0),ALSO D56,T,ALSO,2,,LEO (09); DLT (18); DRT (26); REO (40),,DOWNS,+42,7,PUNT - OOB,-36,,,+42,ALSO D94,,,,0,,,R,L,,,,,,KYUN 53 (LT); KYUN 57 (RG); KYUN 89 (TE-oL); ALSO D48 (RILB); ALSO D56 (DLT); ALSO D94 (DRT),,,,,,,,,,LLB (4); LILB (3); MLB (6); MLB (5); RILB (1); RLB (6); RLB (5),,O,O,KYUN 53; KYUN 57; KYUN 89,TE-oL; TE-L^; TE-iL; HB-L; TE-R^,3x1,OL>TE-L; OL>TE-iL; WR>TE-R; WR>TE-oL,2-0-1-0 (**),10 (**),KYUN 01; KYUN 04; KYUN 73; KYUN 75; KYUN 89,KYUN 01 (HB-L); KYUN 03 (QB); KYUN 04 (TE-R); KYUN 53 (LT); KYUN 57 (RG); KYUN 71 (RT); KYUN 72 (C); KYUN 73 (TE-L); KYUN 75 (TE-iL); KYUN 77 (LG); KYUN 89 (TE-oL),KYUN 01 (0.0); KYUN 03 (0.0); KYUN 04 (0.0); KYUN 53 (-1.0); KYUN 57 (-0.5); KYUN 71 (0.0); KYUN 72 (0.0); KYUN 73 (0.0); KYUN 75 (0.0); KYUN 77 (0.0); KYUN 89 (-1.0),KYUN 01; KYUN 57; KYUN 75; KYUN 89,F,KYUN,KYUN 04; KYUN 73,,,,0,,,,,,,,,,,,,,,,,,,,,,+42,LE,,LE,ALSO D48; ALSO D56; ALSO D94,,,0,,,KYUN 03,0,,,0,,HB-L,HB-L (-6),L,1; KYUN 01 (HB-L),,,,MAN,,R,,0,KYUN 01 (B:B); KYUN 73 (R:Lx); KYUN 75 (R:Lx); KYUN 89 (L:R{L}),S,,ALSO D94,,ALSO D94,ALSO D48,L;L;L;R,,,,,,0,12,0,0,0,,false,3,3,2.921,-1.031,,false,12H,KYUN 01,,KYUN 04; KYUN 89,GUN STRONG,TANK WING - CLOSED,TE-oL; TE-L; TE-iL; HB-L; TE-R,1x3,TANK WING - OPEN,NICKEL,ALSO D02; ALSO D08; ALSO D12; ALSO D13; ALSO D14,ALSO D11; ALSO D17; ALSO D48,ALSO D56; ALSO D90; ALSO D94,EVEN,SINGLE MUG,COVER 0,,42,,3.489,-1.509,31322_7192332,31322-KYUN-2
7192340,31322,2026-09-26,2026,04,411618,,1,4,07:59,1,1,0,0,0,2,7,,0,,,,0,0,0,0,0,,0,7192332,7192388,,0.00,1,,24,0,,1.0,0,0,,,0,0,,7; ALSO D02 (09); ALSO D14 (15); ALSO D17 (08); ALSO D48 (24); ALSO D56 (18); ALSO D90 (32); ALSO D94 (27),,L,,,SS (8); FSR (11); SCBiR (3); SCBoR (4); RCB (3),LOLB (08); LLB (09); SS (15); DLT (18); RILB (24); DRT (27); REO (32),3-3-5,ALSO D02 (LLB); ALSO D08 (FSR); ALSO D11 (SCBiR); ALSO D12 (RCB); ALSO D14 (SS); ALSO D17 (LOLB); ALSO D24 (SCBoR); ALSO D48 (RILB); ALSO D56 (DLT); ALSO D90 (REO); ALSO D94 (DRT),ALSO D02 (0.0); ALSO D08 (0.0); ALSO D11 (-0.5); ALSO D12 (0.0); ALSO D14 (0.0); ALSO D17 (0.0); ALSO D24 (0.0); ALSO D48 (0.0); ALSO D56 (0.0); ALSO D90 (0.0); ALSO D94 (0.0),ALSO D24,T,ALSO,2,,DLT (18); DRT (27); REO (32),,DOWNS,+42,7,PUNT - OOB,-36,6,SD,+42,,,,,0,,,C,C,,,DP,,,KYUN 81 (LWR); ALSO D11 (SCBiR),,,,,,,,,,LOLB (0); LLB (5); RILB (3),,C,C,KYUN 81; ALSO D11,LWR; SLoWR; SLiWR^; HB-L; TE-R^,3x1,TE>LWR,2-0-1-2,12,KYUN 01; KYUN 04; KYUN 12; KYUN 81; KYUN 87,KYUN 01 (HB-L); KYUN 03 (QB); KYUN 04 (SLoWR); KYUN 12 (SLiWR); KYUN 53 (LT); KYUN 71 (RT); KYUN 72 (C); KYUN 73 (LG); KYUN 77 (RG); KYUN 81 (LWR); KYUN 87 (TE-R),KYUN 01 (0.0); KYUN 03 (0.0); KYUN 04 (0.0); KYUN 12 (0.0); KYUN 53 (0.0); KYUN 71 (0.0); KYUN 72 (0.0); KYUN 73 (0.0); KYUN 77 (0.0); KYUN 81 (-1.0); KYUN 87 (0.0),KYUN 12; KYUN 81; KYUN 87,F,KYUN,KYUN 12; KYUN 87,,6; KYUN 53 (LT); KYUN 71 (RT); KYUN 72 (C); KYUN 73 (LG); KYUN 77 (RG); KYUN 87 (TE-R),,3b,ALSO D11,,6; ALSO D02; ALSO D08; ALSO D12; ALSO D14; ALSO D24; ALSO D48,-1,M,KYUN 03 (QB),LWR 0(-2); SLoWR z; SLiWR z; HB-L fr; TE-R r,0; -; -; -; -,KYUN 81 0(-2); KYUN 04 z; KYUN 12 z; KYUN 01 fr; KYUN 87 r,LWR,KYUN 81,INCOMPLETE,0(-2),0R,5; ALSO D11 (SCBiR); ALSO D17 (LOLB); ALSO D56 (DLT); ALSO D90 (REO); ALSO D94 (DRT),,17,3L,,,KYUN 01,+42,,,,,,,0,,,KYUN 03,0,,,0,,HB-L,HB-L (-5),,1; KYUN 01 (HB-L),,,,POWER,,P,,0,KYUN 81* (L:R{L}),S,,,,,,R,,,,LWR(-14.5); SLoWR(-10.5); SLiWR^(-6.5),,1,12,0,0,0,,false,3,3,1.89,-3.27,WR Screen,false,12,KYUN 01,KYUN 81; KYUN 87,KYUN 04; KYUN 12,GUN WEAK,TRIPS - CLOSED,LWR; SLoWR; SLiWR; HB-L; TE-R,3x1,TRIPS - CLOSED,NICKEL,ALSO D02; ALSO D08; ALSO D12; ALSO D14; ALSO D24,ALSO D11; ALSO D17; ALSO D48,ALSO D56; ALSO D90; ALSO D94,WIDE UNDER,,COVER 3,,42,,1.98,-3.742,31322_7192340,31322-KYUN-2
7192661,31322,2026-09-26,2026,04,411618,,1,1,06:21,1,1,0,0,0,3,1,19,0,1,,,0,0,0,0,0,,0,7192522,7192675,,0.00,1,,30,0,,1.0,0,0,22,14,0,0,KYUN 04,7; ALSO D11 (10); ALSO D14 (16); ALSO D18 (14); ALSO D25 (36); ALSO D41 (30); ALSO D48 (22); ALSO D56 (22),KYUN 04; KYUN 81; KYUN 87,L,,KYUN 26,LCB (5); SCBiL (3); FSL (12); SS (8); RCB (8),LOLB (10); LE (14); SS (16); NT (22); MLB (22); RE (30); ROLB (36),2-4-5,ALSO D02 (LCB); ALSO D08 (SCBiL); ALSO D11 (LOLB); ALSO D12 (RCB); ALSO D13 (FSL); ALSO D14 (SS); ALSO D18 (LE); ALSO D25 (ROLB); ALSO D41 (RE); ALSO D48 (MLB); ALSO D56 (NT),ALSO D02 (0.0); ALSO D08 (0.0); ALSO D11 (0.0); ALSO D12 (0.0); ALSO D13 (-1.0); ALSO D14 (-0.5); ALSO D18 (0.0); ALSO D25 (0.0); ALSO D41 (0.0); ALSO D48 (0.0); ALSO D56 (0.0),DRIVE START,F,ALSO,10,,LE (14); NT (22); RE (30),,TOUCHDOWN,+0,10,PUNT - DOWNED,-27,6,SD,-27,ALSO D13,,,,19,,,L,R,,,,,,KYUN 04 (RWR); KYUN 81 (SRoWR); KYUN 87 (SRiWR); ALSO D02 (LCB); ALSO D13 (FSL); ALSO D14 (SS),,,,,,,,,,LOLB (0); MLB (4); ROLB (0),ALSO D13,O,C,ALSO D13; ALSO D14,LWR^; HB-L; SRiWR; SRoWR^; RWR,1x3,TE>SRiWR; TE>SRoWR,2-0-1-2,12,KYUN 04; KYUN 12; KYUN 26; KYUN 81; KYUN 87,KYUN 03 (QB); KYUN 04 (RWR); KYUN 12 (LWR); KYUN 26 (HB-L); KYUN 53 (LT); KYUN 71 (RT); KYUN 72 (C); KYUN 73 (LG); KYUN 77 (RG); KYUN 81 (SRoWR); KYUN 87 (SRiWR),KYUN 03 (0.0); KYUN 04 (+0.5); KYUN 12 (0.0); KYUN 26 (0.0); KYUN 53 (0.0); KYUN 71 (0.0); KYUN 72 (0.0); KYUN 73 (0.0); KYUN 77 (0.0); KYUN 81 (+0.5); KYUN 87 (0.0),DRIVE START,T,KYUN,KYUN 12; KYUN 81,,5; KYUN 53 (LT); KYUN 71 (RT); KYUN 72 (C); KYUN 73 (LG); KYUN 77 (RG),,2b,ALSO D02,,6; ALSO D02; ALSO D12; ALSO D13; ALSO D14; ALSO D25; ALSO D48,-3,M,KYUN 03 (QB),LWR 2(2); HB-L ckl; SRiWR 1z; SRoWR 2(1)z; RWR 0(-3),2; -; 3; 2; 0,KYUN 12 2(2); KYUN 26 ckl; KYUN 87 1z; KYUN 81 2(1)z; KYUN 04 0(-3),RWR,KYUN 04,COMPLETE,0(-3),0R,5; ALSO D08 (SCBiL); ALSO D11 (LOLB); ALSO D18 (LE); ALSO D41 (RE); ALSO D56 (NT),,35,5R,,,,-46,,,,KYUN 04; KYUN 81,,,0,,,KYUN 03,0,,,0,,HB-L,HB-L (-6),L,1; KYUN 26 (HB-L),,,,,,P,,0,,S,,,,ALSO D11,,,,,,LWR^(-21.5); SRiWR(+6.5); SRoWR^(+8.5); RWR(+9.5),,0,12,0,0,0,,false,3,3,1.801,1.357,WR Screen,false,12,KYUN 26,KYUN 81; KYUN 87,KYUN 04; KYUN 12,GUN WEAK,TRIPS - OPEN,LWR; HB-L; SRiWR; SRoWR; RWR,1x3,TRIPS - OPEN,NICKEL,ALSO D02; ALSO D08; ALSO D12; ALSO D13; ALSO D14,ALSO D11; ALSO D25; ALSO D41; ALSO D48,ALSO D18; ALSO D56,ODD,,COVER 2,,73,,1.893,1.375,31322_7192661,31322-KYUN-3
7192675,31322,2026-09-26,2026,04,411618,,1,1,06:00,0,1,0,0,0,3,2,2,0,,,,0,0,0,0,0,,0,7192661,7192714,,0.00,1,,31,0,,1.0,0,0,7,1,0,0,KYUN 26,6; ALSO D11 (26); ALSO D18 (34); ALSO D25 (08); ALSO D41 (28); ALSO D48 (10); ALSO D56 (18),KYUN 26; KYUN 81; KYUN 87,R,,,LCB (5); SCBiL (7); FSR (16); SCBR (5); RCB (7),LOLB (08); LLB (10); DLT (18); RILB (26); DRT (28); ROLB (34),2-4-5,ALSO D02 (LCB); ALSO D08 (SCBR); ALSO D11 (RILB); ALSO D12 (RCB); ALSO D13 (FSR); ALSO D14 (SCBiL); ALSO D18 (ROLB); ALSO D25 (LOLB); ALSO D41 (DRT); ALSO D48 (LLB); ALSO D56 (DLT),ALSO D02 (0.0); ALSO D08 (0.0); ALSO D11 (0.0); ALSO D12 (0.0); ALSO D13 (0.0); ALSO D14 (+0.5); ALSO D18 (0.0); ALSO D25 (0.0); ALSO D41 (0.0); ALSO D48 (-0.5); ALSO D56 (0.0),,T,ALSO,10,,DLT (18); DRT (28),,TOUCHDOWN,+0,10,PUNT - DOWNED,-27,6,SD,-46,ALSO D14,,,,2,,,R,L,,,,,,KYUN 87 (SRoWR); ALSO D14 (SCBiL); ALSO D48 (LLB),,,,,,,,,,LOLB (0); LLB (4); RILB (4); ROLB (0),,C,C,ALSO D48,LWR^; SLWR; SRiWR; SRoWR^; RWR,2x3,HB>RWR; TE>SRiWR; TE>SRoWR,2-0-1-2,12,KYUN 04; KYUN 12; KYUN 26; KYUN 81; KYUN 87,KYUN 03 (QB); KYUN 04 (SLWR); KYUN 12 (LWR); KYUN 26 (RWR); KYUN 53 (LT); KYUN 71 (RT); KYUN 72 (C); KYUN 73 (LG); KYUN 77 (RG); KYUN 81 (SRiWR); KYUN 87 (SRoWR),KYUN 03 (0.0); KYUN 04 (0.0); KYUN 12 (0.0); KYUN 26 (0.0); KYUN 53 (0.0); KYUN 71 (0.0); KYUN 72 (0.0); KYUN 73 (0.0); KYUN 77 (0.0); KYUN 81 (0.0); KYUN 87 (+0.5),,F,KYUN,KYUN 12; KYUN 87,,5; KYUN 53 (LT); KYUN 71 (RT); KYUN 72 (C); KYUN 73 (LG); KYUN 77 (RG),,3,ALSO D14,,7; ALSO D02; ALSO D08; ALSO D11; ALSO D12; ALSO D13; ALSO D14; ALSO D48,-5,R,KYUN 03 (QB),LWR 2(4); SLWR 2(3); SRiWR 1z; SRoWR 2(1)z; RWR 0(-5),2; 2; 3; 2; 0,KYUN 12 2(4); KYUN 04 2(3); KYUN 81 1z; KYUN 87 2(1)z; KYUN 26 0(-5),RWR,KYUN 26,COMPLETE,0(-5),0R,4; ALSO D18 (ROLB); ALSO D25 (LOLB); ALSO D41 (DRT); ALSO D56 (DLT),,47,6R,,,,-48,,,,KYUN 87; ALSO D14,,,0,,,KYUN 03,0,,,0,,EMPTY,,,,,,,,,P,,0,,S,,ALSO D14,,ALSO D14,ALSO D02,,,,,LWR^(-18.5); SLWR(-7.5); SRiWR(+16.5); SRoWR^(+18.5); RWR(+18.5),,0,28,0,0,0,,true,3,3,3.158,-0.721,WR Screen,false,12,KYUN 26,KYUN 81; KYUN 87,KYUN 04; KYUN 12,GUN EMPTY,TRIPS - SLOT,LWR; SLWR; SRiWR; SRoWR; RWR,2x3,TRIPS - SLOT,NICKEL,ALSO D02; ALSO D08; ALSO D12; ALSO D13; ALSO D14,ALSO D11; ALSO D25; ALSO D41; ALSO D48,ALSO D18; ALSO D56,WIDE UNDER,,COVER 3,,54,,3.268,-0.472,31322_7192675,31322-KYUN-3
7192714,31322,2026-09-26,2026,04,411618,,1,2,05:30,1,,0,0,0,3,3,3,0,,,,0,0,0,0,0,,0,7192675,7192763,,0.00,0,,32,0,,,0,0,,1,0,0,KYUN 26,7; ALSO D08 (36); ALSO D11 (25); ALSO D18 (38); ALSO D25 (06); ALSO D41 (27); ALSO D48 (16); ALSO D56 (18),,,,,LCB (7); SSL (8); FSR (12); RCB (8),LOLB (06); SSL (12); LILB (16); DLT (18); RILB (25); DRT (27); RLB (36); ROLB (38),2-4-5,ALSO D02 (LCB); ALSO D08 (RLB); ALSO D11 (RILB); ALSO D12 (RCB); ALSO D13 (FSR); ALSO D14 (SSL); ALSO D18 (ROLB); ALSO D25 (LOLB); ALSO D41 (DRT); ALSO D48 (LILB); ALSO D56 (DLT),ALSO D02 (0.0); ALSO D08 (-1.0); ALSO D11 (+0.5); ALSO D12 (0.0); ALSO D13 (0.0); ALSO D14 (0.0); ALSO D18 (0.0); ALSO D25 (0.0); ALSO D41 (-0.5); ALSO D48 (0.0); ALSO D56 (-0.5),,T,ALSO,8,,DLT (18); DRT (27),,TOUCHDOWN,+0,10,PUNT - DOWNED,-27,,,-48,ALSO D11,,,,3,,,R,L,,,,,,KYUN 53 (LT); KYUN 71 (RT); KYUN 72 (C); KYUN 73 (LG); KYUN 77 (RG); ALSO D08 (RLB); ALSO D11 (RILB); ALSO D41 (DRT); ALSO D48 (LILB); ALSO D56 (DLT),,,,,,,,,,LOLB (0); LILB (4); RILB (3); RLB (5); ROLB (0),,C,O,KYUN 72; KYUN 77; ALSO D08; ALSO D41; ALSO D56,LWR^; TE-L; HB; TE-R; RWR^,2x2,,2-0-1-2,12,KYUN 04; KYUN 12; KYUN 26; KYUN 81; KYUN 87,KYUN 03 (QB); KYUN 04 (LWR); KYUN 12 (RWR); KYUN 26 (HB); KYUN 53 (LT); KYUN 71 (RT); KYUN 72 (C); KYUN 73 (LG); KYUN 77 (RG); KYUN 81 (TE-R); KYUN 87 (TE-L),KYUN 03 (0.0); KYUN 04 (0.0); KYUN 12 (0.0); KYUN 26 (0.0); KYUN 53 (+1.0); KYUN 71 (+0.5); KYUN 72 (-0.5); KYUN 73 (+0.5); KYUN 77 (-0.5); KYUN 81 (0.0); KYUN 87 (0.0),,F,KYUN,KYUN 04; KYUN 12,,,,3b,,,,,,,,,,,,,,,,,,,,P,,+49,ML,,ML,KYUN 53; KYUN 71; KYUN 73; ALSO D11,,,0,,,KYUN 03,0,,,0,,HB,HB (-7),L,1; KYUN 26 (HB),,,,OUTSIDE ZONE,,R,,0,KYUN 26 (B:B),S,,ALSO D14,,ALSO D14,ALSO D41,L;R,,,,LWR^(-6.5); RWR^(+15.5),,0,17,0,0,0,,true,3,3,2.437,-0.19,,false,12,KYUN 26,KYUN 81; KYUN 87,KYUN 04; KYUN 12,PISTOL,PRO - PRO,LWR; TE-L; HB; TE-R; RWR,2x2,PRO - PRO,NICKEL,ALSO D02; ALSO D08; ALSO D12; ALSO D13; ALSO D14,ALSO D11; ALSO D25; ALSO D41; ALSO D48,ALSO D18; ALSO D56,WIDE OVER,,COVER 3,,52,,2.796,-0.44,31322_7192714,31322-KYUN-3
7192763,31322,2026-09-26,2026,04,411618,,1,3,04:46,1,1,0,0,0,3,4,11,0,1,,,0,0,0,0,0,,0,7192714,7192772,,0.00,0,,33,0,,1.8,0,0,3,2,0,0,KYUN 87,5; ALSO D18 (32); ALSO D25 (10); ALSO D41 (16); ALSO D48 (22); ALSO D56 (24),KYUN 04; KYUN 12; KYUN 81,L,KYUN 26,,LCB (1); SCBoL (7); SCBiL (5); FSL (12); SSR (7); RCB (2),LOLB (10); DLT (16); MLB (22); DRT (24); REO (32); SSR (32),2-4-5,ALSO D02 (LCB); ALSO D08 (FSL); ALSO D11 (SCBiL); ALSO D12 (RCB); ALSO D14 (SSR); ALSO D18 (REO); ALSO D24 (SCBoL); ALSO D25 (LOLB); ALSO D41 (DLT); ALSO D48 (MLB); ALSO D56 (DRT),ALSO D02 (0.0); ALSO D08 (0.0); ALSO D11 (0.0); ALSO D12 (0.0); ALSO D14 (-0.5); ALSO D18 (0.0); ALSO D24 (0.0); ALSO D25 (0.0); ALSO D41 (0.0); ALSO D48 (-1.0); ALSO D56 (0.0),ALSO D24,F,ALSO,5,,DLT (16); DRT (24); REO (32),,TOUCHDOWN,+0,10,PUNT - DOWNED,-27,7,SD,+49,ALSO D48,,,,11,,,L,R,,,,,,KYUN 03 (QB); KYUN 87 (LWR); ALSO D14 (SSR); ALSO D48 (MLB),,,,,,,,,,LOLB (0); MLB (4),ALSO D48,O,C,ALSO D14; ALSO D48,LWR^; HB-L; SRiWR; SRoWR^; RWR,1x3,TE>LWR; TE>SRiWR,2-0-1-2,12,KYUN 04; KYUN 12; KYUN 26; KYUN 81; KYUN 87,KYUN 03 (QB); KYUN 04 (SRoWR); KYUN 12 (RWR); KYUN 26 (HB-L); KYUN 53 (LT); KYUN 71 (RT); KYUN 72 (C); KYUN 73 (LG); KYUN 77 (RG); KYUN 81 (SRiWR); KYUN 87 (LWR),KYUN 03 (+0.5); KYUN 04 (0.0); KYUN 12 (0.0); KYUN 26 (0.0); KYUN 53 (0.0); KYUN 71 (0.0); KYUN 72 (0.0); KYUN 73 (0.0); KYUN 77 (0.0); KYUN 81 (0.0); KYUN 87 (+0.5),,T,KYUN,KYUN 04; KYUN 87,,5; KYUN 53 (LT); KYUN 71 (RT); KYUN 72 (C); KYUN 73 (LG); KYUN 77 (RG),,2b,ALSO D48,ALSO D14,7; ALSO D02; ALSO D08; ALSO D11; ALSO D14; ALSO D24; ALSO D25; ALSO D48,8,M,KYUN 03 (QB),LWR 4(8); HB-L klh3(-6); SRiWR 3(10); SRoWR 36(5); RWR 2(0),4; H3; 3; 3; 2,KYUN 87 4(8); KYUN 26 klh3(-6); KYUN 81 3(10); KYUN 04 36(5); KYUN 12 2(0),LWR,KYUN 87,COMPLETE,4(8),4R,4; ALSO D12 (RCB); ALSO D18 (REO); ALSO D41 (DLT); ALSO D56 (DRT),,18,3L,,,,+38,,,,KYUN 03; KYUN 87,ALSO D02 > KYUN 12; ALSO D12 > KYUN 87,,0,,,KYUN 03,0,,,0,,HB-L,HB-L (-6),L,1; KYUN 26 (HB-L),,,,,,P,,0,Y,S,,,,ALSO D08,ALSO D48,,,,,LWR^(-13.5); SRiWR(+8.5); SRoWR^(+9.5); RWR(+10.5),,0,6,0,0,0,,false,3,3,2.247,1.683,In,false,12,KYUN 26,KYUN 81; KYUN 87,KYUN 04; KYUN 12,GUN WEAK,TRIPS - OPEN,LWR; HB-L; SRiWR; SRoWR; RWR,1x3,TRIPS - OPEN,NICKEL,ALSO D02; ALSO D08; ALSO D12; ALSO D14; ALSO D24,ALSO D11; ALSO D25; ALSO D41; ALSO D48,ALSO D18; ALSO D56,WIDE OVER,,COVER 2,,49,,2.356,1.746,31322_7192763,31322-KYUN-3
7192772,31322,2026-09-26,2026,04,411618,,1,1,04:08,0,,0,0,0,3,5,7,0,,,,0,0,0,0,0,,0,7192763,7192814,,0.00,0,,34,0,,,0,0,,3,0,0,KYUN 26,8; ALSO D08 (09); ALSO D11 (18); ALSO D14 (30); ALSO D17 (34); ALSO D26 (30); ALSO D49 (22); ALSO D90 (14); ALSO D94 (28),,,,,LCB (6); SS (8); SCBR (5); RCB (1),LLB (09); LE (14); LILB (18); NT (22); DRT (28); SS (30); RLB (30); ROLB (34),3-3-5,ALSO D02 (LCB); ALSO D08 (LLB); ALSO D11 (LILB); ALSO D12 (RCB); ALSO D14 (SS); ALSO D17 (ROLB); ALSO D24 (SCBR); ALSO D26 (RLB); ALSO D49 (NT); ALSO D90 (LE); ALSO D94 (DRT),ALSO D02 (0.0); ALSO D08 (-1.0); ALSO D11 (0.0); ALSO D12 (0.0); ALSO D14 (0.0); ALSO D17 (0.0); ALSO D24 (0.0); ALSO D26 (0.0); ALSO D49 (0.0); ALSO D90 (-0.5); ALSO D94 (-0.5),ALSO D17; ALSO D26; ALSO D49; ALSO D90; ALSO D94,F,ALSO,10,,LE (14); NT (22); DRT (28),,TOUCHDOWN,+0,10,PUNT - DOWNED,-27,,,+38,ALSO D08,,,,7,,,L,R,,,,,,KYUN 08 (TE-R); KYUN 26 (HB-R); KYUN 72 (C); KYUN 73 (LG); ALSO D08 (LLB); ALSO D90 (LE); ALSO D94 (DRT),,,,,,,,,,LLB (6); LILB (4); RLB (4); ROLB (0),ALSO D08,C,C,ALSO D08; ALSO D28; ALSO D90; ALSO D94,LWR^; SLWR; HB-R; TE-R; RWR^,2x2,,3-0-1-1,11,KYUN 04; KYUN 08; KYUN 12; KYUN 19; KYUN 26,KYUN 03 (QB); KYUN 04 (RWR); KYUN 08 (TE-R); KYUN 12 (LWR); KYUN 19 (SLWR); KYUN 26 (HB-R); KYUN 53 (LT); KYUN 71 (RT); KYUN 72 (C); KYUN 73 (LG); KYUN 77 (RG),KYUN 03 (0.0); KYUN 04 (0.0); KYUN 08 (+0.5); KYUN 12 (0.0); KYUN 19 (0.0); KYUN 26 (+0.5); KYUN 53 (0.0); KYUN 71 (0.0); KYUN 72 (+0.5); KYUN 73 (+0.5); KYUN 77 (0.0),KYUN 08; KYUN 19,T,KYUN,KYUN 04; KYUN 12,,,,3S,,,,,,,,,,,,,,,,,,,,,,+31,MR,,MR,KYUN 08; KYUN 26; KYUN 72; KYUN 73,ALSO D12 > KYUN 12,,0,,,KYUN 03,0,,,0,,HB-R,HB-R (-6),L,1; KYUN 26 (HB-R),,,,OUTSIDE ZONE,,R,,0,KYUN 08 (B:R); KYUN 19* (B:L); KYUN 26 (B:B),S,,,,ALSO D28,ALSO D49,R,,,,LWR^(-19.5); SLWR(-11.5); RWR^(+8.5),,0,10,0,0,0,,false,3,3,3.93,0.557,,false,11,KYUN 26,KYUN 08,KYUN 04; KYUN 12; KYUN 19,GUN STRONG,SLOT - PRO,LWR; SLWR; HB-R; TE-R; RWR,1x1,OPEN - OPEN,NICKEL,ALSO D02; ALSO D08; ALSO D12; ALSO D14; ALSO D24,ALSO D11; ALSO D17; ALSO D26,ALSO D49; ALSO D90; ALSO D94,UNDER,,COVER 3 SEAM,,38,,4.102,0.548,31322_7192772,31322-KYUN-3
7192814,31322,2026-09-26,2026,04,411618,,1,2,03:31,0,1,0,0,0,3,6,20,0,1,,,0,0,0,0,0,,1,7192772,7192955,,0.00,0,,35,0,,4.1,0,0,17,7,0,0,KYUN 08,7; ALSO D11 (27); ALSO D14 (04); ALSO D17 (12); ALSO D26 (12); ALSO D49 (21); ALSO D90 (34); ALSO D94 (18),KYUN 04; KYUN 12; KYUN 19,L,KYUN 26,KYUN 08,SSL (7); SCBiR (10); SCBoR (2); RCB (6),LLB (04); SSL (06); LLB (12); LEO (12); DLT (18); NLT (21); RILB (27); ROLB (34),3-3-5,ALSO D02 (SSL); ALSO D08 (SCBiR); ALSO D11 (RILB); ALSO D12 (RCB); ALSO D14 (LLB); ALSO D17 (LEO); ALSO D24 (SCBoR); ALSO D26 (LLB); ALSO D49 (NLT); ALSO D90 (ROLB); ALSO D94 (DLT),ALSO D02 (0.0); ALSO D08 (0.0); ALSO D11 (-1.0); ALSO D12 (-0.5); ALSO D14 (0.0); ALSO D17 (0.0); ALSO D24 (0.0); ALSO D26 (0.0); ALSO D49 (0.0); ALSO D90 (0.0); ALSO D94 (0.0),,F,ALSO,3,,LEO (12); DLT (18); NLT (21),,TOUCHDOWN,+0,10,PUNT - DOWNED,-27,9,SD,+31,ALSO D11,,,,20,,,L,R,,,,,,KYUN 08 (TE-R); ALSO D11 (RILB); ALSO D12 (RCB),,,,,,,,,,LLB (4); LLB (2); RILB (4); ROLB (0),ALSO D11,C,C,ALSO D11; ALSO D12,LWR; SLoWR^; SLiWR; HB-L; TE-R^,3x1,,3-0-1-1,11,KYUN 04; KYUN 08; KYUN 12; KYUN 19; KYUN 26,KYUN 03 (QB); KYUN 04 (SLiWR); KYUN 08 (TE-R); KYUN 12 (LWR); KYUN 19 (SLoWR); KYUN 26 (HB-L); KYUN 53 (LT); KYUN 71 (RT); KYUN 72 (C); KYUN 73 (LG); KYUN 77 (RG),KYUN 03 (0.0); KYUN 04 (0.0); KYUN 08 (+1.0); KYUN 12 (0.0); KYUN 19 (0.0); KYUN 26 (0.0); KYUN 53 (0.0); KYUN 71 (0.0); KYUN 72 (0.0); KYUN 73 (0.0); KYUN 77 (0.0),,T,KYUN,KYUN 08; KYUN 19,,5; KYUN 53 (LT); KYUN 71 (RT); KYUN 72 (C); KYUN 73 (LG); KYUN 77 (RG),,3,ALSO D11,,7; ALSO D02; ALSO D08; ALSO D11; ALSO D12; ALSO D14; ALSO D24; ALSO D26,3,L,KYUN 03 (QB),LWR xo(17); SLoWR 9s; SLiWR 4o(10); HB-L frkrh76(1); TE-R cxd(3),X; 9; 4; H7; X,KYUN 12 xo(17); KYUN 19 9s; KYUN 04 4o(10); KYUN 26 frkrh76(1); KYUN 08 cxd(3),TE-R,KYUN 08,COMPLETE,cxd(3),XR,4; ALSO D17 (LEO); ALSO D49 (NLT); ALSO D90 (ROLB); ALSO D94 (DLT),,8,2L,,,KYUN 26,+11,,,,KYUN 08,ALSO D24 > KYUN 19,,0,,,KYUN 03,0,,,0,,HB-L,HB-L (-6),R,1; KYUN 26 (HB-L),,,,UNDEFINED,,P,,0,KYUN 04* (R:L{R}>R:Lx),S,,,,ALSO D12,,R,,,,LWR(-15.5); SLoWR^(-12.5); SLiWR(-10.5),,0,11,0,0,0,,false,3,3,4.487,0.801,Drag,false,11,KYUN 26,KYUN 08,KYUN 04; KYUN 12; KYUN 19,GUN WEAK,TRIPS - CLOSED,LWR; SLoWR; SLiWR; HB-L; TE-R,2x2,SLOT - PRO,NICKEL,ALSO D02; ALSO D08; ALSO D12; ALSO D14; ALSO D24,ALSO D11; ALSO D17; ALSO D26,ALSO D49; ALSO D90; ALSO D94,LOAD,,COVER 3,,31,,4.65,0.243,31322_7192814,31322-KYUN-3
7192955,31322,2026-09-26,2026,04,411618,,1,1,02:43,1,,0,0,0,3,7,1,0,,,,0,0,0,0,1,,0,7192814,7192961,,0.00,0,,36,1,,,0,0,,3,0,0,KYUN 26,9; ALSO D08 (05); ALSO D11 (19); ALSO D13 (08); ALSO D14 (38); ALSO D17 (38); ALSO D18 (12); ALSO D41 (29); ALSO D48 (26); ALSO D56 (22),,,,,LCB (6); SCBL (7),LLB (05); LLB (08); LEO (12); LILB (19); NT (22); RILB (26); RE (29); RLB (38); ROLB (38),2-4-5,ALSO D02 (LCB); ALSO D08 (LLB); ALSO D11 (LILB); ALSO D12 (SCBL); ALSO D13 (LLB); ALSO D14 (RLB); ALSO D17 (ROLB); ALSO D18 (LEO); ALSO D41 (RE); ALSO D48 (RILB); ALSO D56 (NT),ALSO D02 (0.0); ALSO D08 (+0.5); ALSO D11 (0.0); ALSO D12 (0.0); ALSO D13 (0.0); ALSO D14 (0.0); ALSO D17 (0.0); ALSO D18 (-0.5); ALSO D41 (0.0); ALSO D48 (+0.5); ALSO D56 (0.0),ALSO D13; ALSO D18; ALSO D41; ALSO D48; ALSO D56,T,ALSO,10,,LEO (12); NT (22); RE (29),,TOUCHDOWN,+0,10,PUNT - DOWNED,-27,,,+11,ALSO D48,,,,1,,,L,R,,,,,,KYUN 71 (RT); ALSO D08 (LLB); ALSO D18 (LEO); ALSO D48 (RILB),,,,,,,,,,LLB (6); LLB (2); LILB (3); RILB (4); RLB (5); ROLB (0),,O,O,KYUN 71; ALSO D18,TE-L^; HB-R; TE-R; SRWR; RWR^,1x3,,2-0-1-2,12,KYUN 04; KYUN 05; KYUN 26; KYUN 81; KYUN 87,KYUN 03 (QB); KYUN 04 (RWR); KYUN 05 (SRWR); KYUN 26 (HB-R); KYUN 53 (LT); KYUN 71 (RT); KYUN 72 (C); KYUN 73 (LG); KYUN 77 (RG); KYUN 81 (TE-R); KYUN 87 (TE-L),KYUN 03 (0.0); KYUN 04 (0.0); KYUN 05 (0.0); KYUN 26 (0.0); KYUN 53 (0.0); KYUN 71 (-0.5); KYUN 72 (0.0); KYUN 73 (0.0); KYUN 77 (0.0); KYUN 81 (0.0); KYUN 87 (0.0),KYUN 05; KYUN 81; KYUN 87,F,KYUN,KYUN 04; KYUN 87,,,,0b,,,,,,,TE-L r; HB-R r; TE-R r; SRWR 7(11); RWR 2(1),-; -; -; 7; 2,KYUN 87 r; KYUN 26 r; KYUN 81 r; KYUN 05 7(11); KYUN 04 2(1),,,,,,,,,,,,,+10,RE,,RE,ALSO D08; ALSO D48,,,0,,,KYUN 03,0,,,0,,HB-R,HB-R (-6),L,1; KYUN 26 (HB-R),,,,INSIDE ZONE,READ OPTION,R,,0,KYUN 26* (L:B),S,,ALSO D48,,ALSO D48,ALSO D08,L;R,,,,SRWR(+8.5); RWR^(+17.5),,1,9,0,0,0,,false,3,3,5.288,-0.51,,false,12,KYUN 26,KYUN 81; KYUN 87,KYUN 04; KYUN 05,GUN WEAK,TREY - CLOSED,TE-L; HB-R; TE-R; SRWR; RWR,2x3,TREY - PRO,NICKEL,ALSO D02; ALSO D08; ALSO D12; ALSO D13; ALSO D14,ALSO D11; ALSO D17; ALSO D41; ALSO D48,ALSO D18; ALSO D56,ODD,,COVER 0,,11,,4.893,-0.301,31322_7192955,31322-KYUN-3
7192961,31322,2026-09-26,2026,04,411618,,1,2,02:07,1,,0,0,0,3,8,2,0,,,,0,0,1,0,0,,0,7192955,7192998,,0.00,0,,37,1,,,0,0,,0,0,0,KYUN 26,9; ALSO D08 (26); ALSO D11 (18); ALSO D13 (06); ALSO D14 (35); ALSO D17 (36); ALSO D18 (08); ALSO D41 (16); ALSO D48 (24); ALSO D56 (25),,,,,LCB (1); RCB (5),LLB (06); LOLB (08); DLT (16); LILB (18); RILB (24); DRT (25); RILB (26); RLB (35); REO (36),2-4-5,ALSO D02 (LCB); ALSO D08 (RILB); ALSO D11 (LILB); ALSO D12 (RCB); ALSO D13 (LLB); ALSO D14 (RLB); ALSO D17 (REO); ALSO D18 (LOLB); ALSO D41 (DLT); ALSO D48 (RILB); ALSO D56 (DRT),ALSO D02 (0.0); ALSO D08 (0.0); ALSO D11 (0.0); ALSO D12 (0.0); ALSO D13 (-1.0); ALSO D14 (+0.5); ALSO D17 (0.0); ALSO D18 (0.0); ALSO D41 (-0.5); ALSO D48 (-1.0); ALSO D56 (0.0),,T,ALSO,9,,DLT (16); DRT (25); REO (36),,TOUCHDOWN,+0,10,PUNT - DOWNED,-27,,,+10,ALSO D14,,,,2,,,L,R,,,,,,KYUN 72 (C); KYUN 77 (RG); KYUN 81 (LWR); ALSO D13 (LLB); ALSO D14 (RLB); ALSO D41 (DLT); ALSO D48 (RILB),,,,,,,,,,LOLB (0); LLB (5); LILB (4); RILB (3); RILB (6); RLB (6),,O,O,ALSO D13; ALSO D41; ALSO D48,LWR; TE-L; HB-L; TE-R^; RWR^,2x2,TE>LWR,1-0-1-3,13,KYUN 04; KYUN 08; KYUN 26; KYUN 81; KYUN 87,KYUN 03 (QB); KYUN 04 (RWR); KYUN 08 (TE-L); KYUN 26 (HB-L); KYUN 53 (LT); KYUN 71 (RT); KYUN 72 (C); KYUN 73 (LG); KYUN 77 (RG); KYUN 81 (LWR); KYUN 87 (TE-R),KYUN 03 (0.0); KYUN 04 (0.0); KYUN 08 (0.0); KYUN 26 (0.0); KYUN 53 (0.0); KYUN 71 (0.0); KYUN 72 (+1.0); KYUN 73 (0.0); KYUN 77 (+0.5); KYUN 81 (+0.5); KYUN 87 (0.0),KYUN 08,F,KYUN,KYUN 04; KYUN 87,,,,RZb,,,,,,,,,,,,,,,,,,,,,,+8,RT,,RT,KYUN 72; KYUN 77; KYUN 81; ALSO D14,ALSO D02 > KYUN 04,,0,,,KYUN 03,0,,,0,,HB-L,HB-L (-6),R,1; KYUN 26 (HB-L),,,,OUTSIDE ZONE,LEAD,R,,0,KYUN 81* (L:R{L}>L:R{L}),S,,ALSO D14,,ALSO D14,,L;R,,,,LWR(-8.5); RWR^(+11.5),,0,10,0,0,0,,false,3,3,4.778,-0.773,,false,13,KYUN 26,KYUN 08; KYUN 81; KYUN 87,KYUN 04,GUN WEAK,PRO - PRO,LWR; TE-L; HB-L; TE-R; RWR,2x2,PRO - PRO,NICKEL,ALSO D02; ALSO D08; ALSO D12; ALSO D13; ALSO D14,ALSO D11; ALSO D17; ALSO D41; ALSO D48,ALSO D18; ALSO D56,WIDE OVER,,RED ZONE,,10,,4.592,-0.318,31322_7192961,31322-KYUN-3
7192998,31322,2026-09-26,2026,04,411618,,1,3,01:25,1,1,0,0,0,3,9,5,0,,,,0,0,0,0,0,,0,7192961,7193010,,0.00,0,,38,1,,2.4,0,0,0,1,0,0,KYUN 87,7; ALSO D11 (25); ALSO D14 (24); ALSO D17 (10); ALSO D18 (34); ALSO D41 (28); ALSO D48 (17); ALSO D56 (18),,R,,,LCB (5); SCBL (4); SCBR (6); RCB (2),LEO (10); LILB (17); DLT (18); RILB (24); RILB (25); DRT (28); REO (34),2-4-5,ALSO D02 (LCB); ALSO D08 (SCBL); ALSO D11 (RILB); ALSO D12 (RCB); ALSO D13 (SCBR); ALSO D14 (RILB); ALSO D17 (LEO); ALSO D18 (REO); ALSO D41 (DRT); ALSO D48 (LILB); ALSO D56 (DLT),ALSO D02 (+0.5); ALSO D08 (0.0); ALSO D11 (0.0); ALSO D12 (0.0); ALSO D13 (0.0); ALSO D14 (0.0); ALSO D17 (0.0); ALSO D18 (0.0); ALSO D41 (0.0); ALSO D48 (0.0); ALSO D56 (0.0),,T,ALSO,7,,LEO (10); DLT (18); DRT (28); REO (34),,TOUCHDOWN,+0,10,PUNT - DOWNED,-27,7,SD,+8,ALSO D02,,,,5,,,R,L,,,,,,KYUN 87 (SRWR); ALSO D02 (LCB),,,,,,,,,,LILB (3); RILB (6); RILB (3),,O,O,,LWR^; SLWR; HB-L; SRWR^; RWR,2x2,TE>RWR; TE>SRWR,2-0-1-2,12,KYUN 04; KYUN 05; KYUN 26; KYUN 81; KYUN 87,KYUN 03 (QB); KYUN 04 (LWR); KYUN 05 (SLWR); KYUN 26 (HB-L); KYUN 53 (LT); KYUN 71 (RT); KYUN 72 (C); KYUN 73 (LG); KYUN 77 (RG); KYUN 81 (RWR); KYUN 87 (SRWR),KYUN 03 (0.0); KYUN 04 (0.0); KYUN 05 (0.0); KYUN 26 (0.0); KYUN 53 (0.0); KYUN 71 (0.0); KYUN 72 (0.0); KYUN 73 (0.0); KYUN 77 (0.0); KYUN 81 (0.0); KYUN 87 (0.0),KYUN 05,F,KYUN,KYUN 04; KYUN 87,,6; KYUN 26 (HB-L); KYUN 53 (LT); KYUN 71 (RT); KYUN 72 (C); KYUN 73 (LG); KYUN 77 (RG),,0b,ALSO D02,ALSO D14,5; ALSO D02; ALSO D08; ALSO D12; ALSO D13; ALSO D14,5,M,KYUN 03 (QB),LWR 4o(15); SLWR xo(11); HB-L kl; SRWR 2(3); RWR 3(5),4; X; -; 2; 3,KYUN 04 4o(15); KYUN 05 xo(11); KYUN 26 kl; KYUN 87 2(3); KYUN 81 3(5),SRWR,KYUN 87,COMPLETE,2(3),XR,6; ALSO D11 (RILB); ALSO D17 (LEO); ALSO D18 (REO); ALSO D41 (DRT); ALSO D48 (LILB); ALSO D56 (DLT),,27,4,,,,+3,,,,ALSO D02,ALSO D12 > KYUN 04,,0,,,KYUN 03,0,,,0,,HB-L,HB-L (-5),L,1; KYUN 26 (HB-L),,,,,,P,,0,KYUN 81* (L:Rx),S,,ALSO D02,,ALSO D02,,,,,,LWR^(-17.5); SLWR(-4.5); SRWR^(+13.5); RWR(+17.5),,0,6,0,0,0,,false,3,3,4.005,0.402,Slant,false,12,KYUN 26,KYUN 81; KYUN 87,KYUN 04; KYUN 05,GUN STRONG,SLOT - SLOT,LWR; SLWR; HB-L; SRWR; RWR,3x1,TRIPS - OPEN,NICKEL,ALSO D02; ALSO D08; ALSO D12; ALSO D13; ALSO D14,ALSO D11; ALSO D17; ALSO D41; ALSO D48,ALSO D18; ALSO D56,WIDE OVER,,COVER 0,,8,,4.274,0.452,31322_7192998,31322-KYUN-3
7193010,31322,2026-09-26,2026,04,411618,,1,4,00:43,1,,0,0,0,3,10,3,0,1,,,0,0,0,0,0,,0,7192998,7193048,,0.00,0,,39,0,,,0,0,,1,0,0,KYUN 01,11; ALSO D02 (09); ALSO D08 (22); ALSO D11 (19); ALSO D12 (32); ALSO D13 (17); ALSO D14 (30); ALSO D17 (32); ALSO D18 (08); ALSO D41 (26); ALSO D48 (23); ALSO D56 (18),,,,,,LEO (08); LLB (09); LILB (17); DLT (18); LILB (19); MLB (22); MLB (23); DRT (26); RLB (30); REO (32); RLB (32),2-4-5,ALSO D02 (LLB); ALSO D08 (MLB); ALSO D11 (LILB); ALSO D12 (RLB); ALSO D13 (LILB); ALSO D14 (RLB); ALSO D17 (REO); ALSO D18 (LEO); ALSO D41 (DRT); ALSO D48 (MLB); ALSO D56 (DLT),ALSO D02 (0.0); ALSO D08 (-0.5); ALSO D11 (0.0); ALSO D12 (0.0); ALSO D13 (0.0); ALSO D14 (-1.0); ALSO D17 (0.0); ALSO D18 (0.0); ALSO D41 (0.0); ALSO D48 (0.0); ALSO D56 (0.0),,F,ALSO,2,,LEO (08); DLT (18); DRT (26); REO (32),,TOUCHDOWN,+0,10,PUNT - DOWNED,-27,,,+3,ALSO D13,,,,3,,,L,R,,,,,,KYUN 01 (HB); KYUN 73 (TE-L); KYUN 81 (FB-R); ALSO D08 (MLB); ALSO D14 (RLB),,,,,,,,,,LLB (4); LILB (3); LILB (2); MLB (3); MLB (1); RLB (4); RLB (3),,O,O,ALSO D08; ALSO D14,TE-L^; FB; HB; FB-R; TE-R^,1x1,OL>TE-L; TE>FB; TE>FB-R,0-0-1-3 (*),13 (*),KYUN 01; KYUN 08; KYUN 73; KYUN 81; KYUN 87,KYUN 01 (HB); KYUN 03 (QB); KYUN 08 (TE-R); KYUN 53 (LT); KYUN 57 (LG); KYUN 71 (RT); KYUN 72 (C); KYUN 73 (TE-L); KYUN 77 (RG); KYUN 81 (FB-R); KYUN 87 (FB),KYUN 01 (+0.5); KYUN 03 (0.0); KYUN 08 (0.0); KYUN 53 (0.0); KYUN 57 (0.0); KYUN 71 (0.0); KYUN 72 (0.0); KYUN 73 (+1.0); KYUN 77 (0.0); KYUN 81 (+0.5); KYUN 87 (0.0),KYUN 01; KYUN 08; KYUN 57,T,KYUN,KYUN 08; KYUN 73,,,,0b,,,,,,,,,,,,,,,,,,,,,,+0,LE,,LE,KYUN 01; KYUN 73; KYUN 81,,,0,,,KYUN 03,0,,,0,,HB; FB; FB-R,HB (-5); FB (-4); FB-R (-3),L,3; KYUN 01 (HB); KYUN 81 (FB-R); KYUN 87 (FB),,,,MAN,CROSS LEAD;LEAD,R,,0,KYUN 87* (R:B),,,,,,,L;R,KYUN 01,,,,,0,7,0,0,0,,false,3,3,4.407,2.593,,false,14H,KYUN 01,KYUN 08; KYUN 81; KYUN 87,,POWER I STRONG,CLOSED - CLOSED,TE-L; FB; HB; FB-R; TE-R,1x2,WING - CLOSED,NICKEL,ALSO D02; ALSO D08; ALSO D12; ALSO D13; ALSO D14,ALSO D11; ALSO D17; ALSO D41; ALSO D48,ALSO D18; ALSO D56,EVEN,DOUBLE MUG,COVER 0,,3,,4.726,2.274,31322_7193010,31322-KYUN-3
7193643,31322,2026-09-26,2026,04,411618,,2,1,14:17,1,1,0,7,0,4,1,3,0,,,,0,0,0,7,0,,0,7193619,7193673,,7.07,1,,52,0,,1.3,0,0,9,1,0,0,KYUN 08,5; ALSO D25 (32); ALSO D26 (22); ALSO D49 (19); ALSO D90 (10); ALSO D94 (26),,L,,,LCB (7); SCBoL (2); SCBiL (4); FSL (13); FS (10); RCB (2),LEO (10); DLT (19); MLB (22); DRT (26); REO (32),3-3-5,ALSO D01 (FSL); ALSO D02 (LCB); ALSO D08 (SCBoL); ALSO D11 (SCBiL); ALSO D12 (RCB); ALSO D25 (REO); ALSO D26 (MLB); ALSO D32 (FS); ALSO D49 (DLT); ALSO D90 (LEO); ALSO D94 (DRT),ALSO D01 (0.0); ALSO D02 (0.0); ALSO D08 (0.0); ALSO D11 (0.0); ALSO D12 (0.0); ALSO D25 (0.0); ALSO D26 (+0.5); ALSO D32 (0.0); ALSO D49 (0.0); ALSO D90 (+0.5); ALSO D94 (0.0),DRIVE START,T,ALSO,10,,LEO (10); DLT (19); DRT (26); REO (32),,DOWNS,+43,6,KICKOFF - FC,-25,6,SD,-25,ALSO D90,,,,3,,,L,R,,,,,,KYUN 81 (SRoWR); ALSO D08 (SCBoL); ALSO D26 (MLB); ALSO D90 (LEO),,,,,,,,,,MLB (5),,C,O,KYUN 81,LWR^; HB-R; SRiWR; SRoWR; RWR^,1x3,TE>HB-R; TE>SRiWR; TE>SRoWR,2-0-0-3,03,KYUN 04; KYUN 05; KYUN 08; KYUN 81; KYUN 87,KYUN 03 (QB); KYUN 04 (LWR); KYUN 05 (RWR); KYUN 08 (HB-R); KYUN 53 (LT); KYUN 71 (RT); KYUN 72 (C); KYUN 73 (LG); KYUN 77 (RG); KYUN 81 (SRoWR); KYUN 87 (SRiWR),KYUN 03 (0.0); KYUN 04 (0.0); KYUN 05 (0.0); KYUN 08 (0.0); KYUN 53 (0.0); KYUN 71 (0.0); KYUN 72 (0.0); KYUN 73 (0.0); KYUN 77 (0.0); KYUN 81 (-0.5); KYUN 87 (0.0),DRIVE START,F,KYUN,KYUN 04; KYUN 05,,5; KYUN 53 (LT); KYUN 71 (RT); KYUN 72 (C); KYUN 73 (LG); KYUN 77 (RG),,3CRb,ALSO D11,,6; ALSO D01; ALSO D02; ALSO D08; ALSO D11; ALSO D26; ALSO D32,-6,M,KYUN 03 (QB),LWR 11(1); HB-R h0(-7); SRiWR z; SRoWR z; RWR z,6; H0; -; -; -,KYUN 04 11(1); KYUN 08 h0(-7); KYUN 87 z; KYUN 81 z; KYUN 05 z,HB-R,KYUN 08,COMPLETE,h0(-7),H2,5; ALSO D12 (RCB); ALSO D25 (REO); ALSO D49 (DLT); ALSO D90 (LEO); ALSO D94 (DRT),,33,4,,,,-28,,,,ALSO D26; ALSO D90,ALSO D08 > KYUN 81,,0,,,KYUN 03,0,,,0,,HB-R,HB-R (-6),,1; KYUN 08 (HB-R),,,,,,P,,0,,S,,ALSO D90,,ALSO D90,ALSO D26,,,,,LWR^(-18.5); SRiWR(+5.5); SRoWR(+9.5); RWR^(+15.5),,0,15,0,0,0,,false,3,3,1.306,-0.47,Screen,false,03,,KYUN 08; KYUN 81; KYUN 87,KYUN 04; KYUN 05,GUN STRONG,TRIPS - OPEN,LWR; HB-R; SRiWR; SRoWR; RWR,1x3,TRIPS - OPEN,NICKEL,ALSO D01; ALSO D02; ALSO D08; ALSO D12; ALSO D32,ALSO D11; ALSO D25; ALSO D26,ALSO D49; ALSO D90; ALSO D94,WIDE UNDER,,COVER 3 CLOUD,,75,,1.727,-0.434,31322_7193643,31322-KYUN-4
7193673,31322,2026-09-26,2026,04,411618,,2,2,13:40,0,,0,7,0,4,2,22,0,1,,,0,0,0,7,1,,0,7193643,7193705,,7.07,0,,53,0,,,0,0,,5,0,0,KYUN 01,6; ALSO D11 (18); ALSO D25 (38); ALSO D26 (27); ALSO D49 (22); ALSO D90 (14); ALSO D94 (29),,,,,LCB (1); SSR (10); SCBiR (5); SCBoR (7); RCB (2),LE (14); LILB (18); NT (22); RILB (27); RE (29); SSR (36); ROLB (38),3-3-5,ALSO D02 (LCB); ALSO D08 (SSR); ALSO D11 (LILB); ALSO D12 (SCBoR); ALSO D24 (RCB); ALSO D25 (ROLB); ALSO D26 (RILB); ALSO D32 (SCBiR); ALSO D49 (NT); ALSO D90 (LE); ALSO D94 (RE),ALSO D02 (0.0); ALSO D08 (0.0); ALSO D11 (-0.5); ALSO D12 (0.0); ALSO D24 (0.0); ALSO D25 (0.0); ALSO D26 (-1.0); ALSO D32 (0.0); ALSO D49 (-0.5); ALSO D90 (0.0); ALSO D94 (-0.5),ALSO D24,F,ALSO,7,,LE (14); NT (22); RE (29),,DOWNS,+43,6,KICKOFF - FC,-25,,,-28,ALSO D21,,,,22,,,R,L,,,,,,KYUN 01 (HB-L); KYUN 53 (LT); KYUN 72 (C); KYUN 77 (RG); ALSO D11 (LILB); ALSO D26 (RILB); ALSO D49 (NT); ALSO D94 (RE),,,,,,,,,,LILB (3); RILB (4); ROLB (0),ALSO D26,C,C,ALSO D11; ALSO D26; ALSO D49; ALSO D94,LWR^; SLoWR; SLiWR; HB-L; RWR^,3x1,TE>SLiWR,3-0-1-1,11,KYUN 01; KYUN 04; KYUN 05; KYUN 19; KYUN 81,KYUN 01 (HB-L); KYUN 03 (QB); KYUN 04 (RWR); KYUN 05 (LWR); KYUN 19 (SLoWR); KYUN 53 (LT); KYUN 71 (RT); KYUN 72 (C); KYUN 73 (LG); KYUN 77 (RG); KYUN 81 (SLiWR),KYUN 01 (+1.0); KYUN 03 (0.0); KYUN 04 (0.0); KYUN 05 (0.0); KYUN 19 (0.0); KYUN 53 (+0.5); KYUN 71 (0.0); KYUN 72 (+0.5); KYUN 73 (0.0); KYUN 77 (+0.5); KYUN 81 (0.0),KYUN 01; KYUN 19,T,KYUN,KYUN 04; KYUN 05,,,,1,,,,,,,LWR z; SLoWR 0(-4); SLiWR 1z; HB-L r; RWR r,-; 0; 3; -; -,KYUN 05 z; KYUN 19 0(-4); KYUN 81 1z; KYUN 01 r; KYUN 04 r,,,,,,,,,,,,,+50,MR,,MR,KYUN 01; KYUN 53; KYUN 72; KYUN 77,ALSO D02 > KYUN 04; ALSO D24 > KYUN 05,,0,,,KYUN 03,0,,,0,,HB-L,HB-L (-5),R,1; KYUN 01 (HB-L),,,,OUTSIDE ZONE,READ OPTION,R,,0,KYUN 01 (B:B); KYUN 05 (R:Lx); KYUN 81* (R:L{L}),S,,,,ALSO D02,,,,,,LWR^(-10.5); SLoWR(-10.5); SLiWR(-1.5); RWR^(+17.5),,1,9,0,0,0,,false,3,3,0.836,2.224,,false,11,KYUN 01,KYUN 81,KYUN 04; KYUN 05; KYUN 19,GUN STRONG,TRIPS - OPEN,LWR; SLoWR; SLiWR; HB-L; RWR,2x2,SLOT - PRO,NICKEL,ALSO D02; ALSO D08; ALSO D12; ALSO D24; ALSO D32,ALSO D11; ALSO D25; ALSO D26,ALSO D49; ALSO D90; ALSO D94,ODD,,COVER 1,,72,,1.293,2.212,31322_7193673,31322-KYUN-4
7193705,31322,2026-09-26,2026,04,411618,,2,1,12:57,1,0,0,7,0,4,3,-5,0,,,,0,0,0,7,0,0,0,7193673,7193739,,7.07,0,,54,0,2.8,5.0,0,0,,,0,0,KYUN 03,6; ALSO D06 (21); ALSO D24 (35); ALSO D25 (34); ALSO D49 (17); ALSO D90 (13); ALSO D94 (26),,L,,,LCB (5); SCBL (3); SSL (9); FS (11); RCB (7),SSL (06); LE (13); DLT (17); MLB (21); DRT (26); ROLB (34); RLB (35),3-3-5,ALSO D02 (LCB); ALSO D06 (MLB); ALSO D08 (FS); ALSO D12 (RCB); ALSO D24 (RLB); ALSO D25 (ROLB); ALSO D26 (SCBL); ALSO D32 (SSL); ALSO D49 (DLT); ALSO D90 (LE); ALSO D94 (DRT),ALSO D02 (0.0); ALSO D06 (0.0); ALSO D08 (0.0); ALSO D12 (0.0); ALSO D24 (0.0); ALSO D25 (0.0); ALSO D26 (+0.5); ALSO D32 (0.0); ALSO D49 (0.0); ALSO D90 (0.0); ALSO D94 (0.0),ALSO D06,T,ALSO,10,,LE (13); DLT (17); DRT (26),,DOWNS,+43,6,KICKOFF - FC,-25,8,SL,+50,ALSO D26,,,,-5,,,R,L,,ALSO D94,,,,KYUN 03 (QB); KYUN 53 (LT); ALSO D26 (SCBL); ALSO D94 (DRT),,,,,,,,,,MLB (4); RLB (5); ROLB (0),,O,C,KYUN 03; KYUN 53,LWR^; FB-R; HB-R; SRWR; RWR^,1x2,TE>FB-R,3-0-1-1,11,KYUN 01; KYUN 04; KYUN 05; KYUN 19; KYUN 81,KYUN 01 (HB-R); KYUN 03 (QB); KYUN 04 (LWR); KYUN 05 (RWR); KYUN 19 (SRWR); KYUN 53 (LT); KYUN 71 (RT); KYUN 72 (C); KYUN 73 (LG); KYUN 77 (RG); KYUN 81 (FB-R),KYUN 01 (0.0); KYUN 03 (-0.5); KYUN 04 (0.0); KYUN 05 (0.0); KYUN 19 (0.0); KYUN 53 (-1.0); KYUN 71 (0.0); KYUN 72 (0.0); KYUN 73 (0.0); KYUN 77 (0.0); KYUN 81 (0.0),,F,KYUN,KYUN 04; KYUN 05,,7; KYUN 01 (HB-R); KYUN 53 (LT); KYUN 71 (RT); KYUN 72 (C); KYUN 73 (LG); KYUN 77 (RG); KYUN 81 (FB-R),,2b,,,6; ALSO D02; ALSO D06; ALSO D08; ALSO D12; ALSO D24; ALSO D32,,X,KYUN 03 (QB),LWR 8(15); FB-R h76(4); HB-R kr; SRWR xo(10); RWR 4(13),8; H7; -; X; 4,KYUN 04 8(15); KYUN 81 h76(4); KYUN 01 kr; KYUN 19 xo(10); KYUN 05 4(13),,,SACK,,,5; ALSO D25 (ROLB); ALSO D26 (SCBL); ALSO D49 (DLT); ALSO D90 (LE); ALSO D94 (DRT),SACK,,,(D) KYUN 53 OH,,,-45,,,,ALSO D26,,ALSO D26 (CU) KYUN 03; ALSO D94 (CU),0,,,KYUN 03,1,ALSO D26; ALSO D94,KYUN 03,0,L,HB-R; FB-R,HB-R (-5); FB-R (-2),R,2; KYUN 01 (HB-R); KYUN 81 (FB-R),,,,,,P,ALSO D26,0,KYUN 81* (R:B),S,,ALSO D26,,,,,,,,LWR^(-12.5); SRWR(+13.5); RWR^(+19.5),,0,8,0,0,0,,false,3,3,3.06,-1.22,,false,11,KYUN 01,KYUN 81,KYUN 04; KYUN 05; KYUN 19,GUN STRONG I,SLOT - OPEN,LWR; FB-R; HB-R; SRWR; RWR,1x3,TREY - OPEN,NICKEL,ALSO D02; ALSO D08; ALSO D12; ALSO D24; ALSO D32,ALSO D06; ALSO D25; ALSO D26,ALSO D49; ALSO D90; ALSO D94,WIDE OVER,,COVER 2,,50,,3.505,-1.435,31322_7193705,31322-KYUN-4
7193739,31322,2026-09-26,2026,04,411618,,2,2,12:33,1,1,0,7,0,4,4,11,0,,,,0,0,0,7,0,,1,7193705,7193840,,7.07,1,,55,0,,0.9,0,0,14,9,0,0,KYUN 81,6; ALSO D06 (30); ALSO D24 (44); ALSO D25 (08); ALSO D49 (16); ALSO D90 (33); ALSO D94 (26),,R,,,LCB (7); SCBL (5); FS (10); SCBR (10); RCB (8),LOLB (08); DLT (16); DRT (26); RLB (30); REO (33); ROLB (44),3-3-5,ALSO D02 (LCB); ALSO D06 (RLB); ALSO D08 (SCBR); ALSO D12 (RCB); ALSO D14 (FS); ALSO D24 (ROLB); ALSO D25 (LOLB); ALSO D26 (SCBL); ALSO D49 (DLT); ALSO D90 (REO); ALSO D94 (DRT),ALSO D02 (0.0); ALSO D06 (-1.0); ALSO D08 (0.0); ALSO D12 (0.0); ALSO D14 (0.0); ALSO D24 (0.0); ALSO D25 (0.0); ALSO D26 (0.0); ALSO D49 (0.0); ALSO D90 (0.0); ALSO D94 (0.0),ALSO D14,F,ALSO,15,,DLT (16); DRT (26); REO (33),,DOWNS,+43,6,KICKOFF - FC,-25,6,SD,-45,ALSO D06,,,,11,,,R,L,,,,,,KYUN 71 (RT); KYUN 81 (SRWR); ALSO D06 (RLB); ALSO D26 (SCBL),,,,,,,,,,LOLB (0); RLB (4); ROLB (0),ALSO D06,C,O,ALSO D06,LWR^; SLWR; HB-R; SRWR; RWR^,2x2,TE>SRWR,3-0-1-1,11,KYUN 01; KYUN 04; KYUN 05; KYUN 19; KYUN 81,KYUN 01 (HB-R); KYUN 03 (QB); KYUN 04 (RWR); KYUN 05 (LWR); KYUN 19 (SLWR); KYUN 53 (LT); KYUN 71 (RT); KYUN 72 (C); KYUN 73 (LG); KYUN 77 (RG); KYUN 81 (SRWR),KYUN 01 (0.0); KYUN 03 (0.0); KYUN 04 (0.0); KYUN 05 (0.0); KYUN 19 (0.0); KYUN 53 (0.0); KYUN 71 (0.0); KYUN 72 (0.0); KYUN 73 (0.0); KYUN 77 (0.0); KYUN 81 (+0.5),,T,KYUN,KYUN 04; KYUN 05,,5; KYUN 53 (LT); KYUN 71 (RT); KYUN 72 (C); KYUN 73 (LG); KYUN 77 (RG),,3b,ALSO D26,,6; ALSO D02; ALSO D06; ALSO D08; ALSO D12; ALSO D14; ALSO D26,-3,R,KYUN 03 (QB),LWR z; SLWR z; HB-R flkl; SRWR 0(-3); RWR 1z,-; -; -; 0; 3,KYUN 05 z; KYUN 19 z; KYUN 01 flkl; KYUN 81 0(-3); KYUN 04 1z,SRWR,KYUN 81,COMPLETE,0(-3),0R,5; ALSO D24 (ROLB); ALSO D25 (LOLB); ALSO D49 (DLT); ALSO D90 (REO); ALSO D94 (DRT),,45,6R,,,KYUN 01,+44,,,,KYUN 81,,,0,,,KYUN 03,0,,,0,,HB-R,HB-R (-5),L,1; KYUN 01 (HB-R),,,,POWER,,P,,0,KYUN 81* (L:Rx),S,,,,ALSO D26,ALSO D14,,,,,LWR^(-15.5); SLWR(-6.5); SRWR(+13.5); RWR^(+14.5),,0,9,0,0,0,,false,3,3,1.84,0.569,WR Screen,false,11,KYUN 01,KYUN 81,KYUN 04; KYUN 05; KYUN 19,GUN WEAK,SLOT - SLOT,LWR; SLWR; HB-R; SRWR; RWR,3x1,TREY - OPEN,NICKEL,ALSO D02; ALSO D08; ALSO D12; ALSO D14; ALSO D24,ALSO D06; ALSO D25; ALSO D26,ALSO D49; ALSO D90; ALSO D94,WIDE UNDER,,COVER 3,,55,,2.07,0.826,31322_7193739,31322-KYUN-4
7193840,31322,2026-09-26,2026,04,411618,,2,3,12:08,1,,0,7,0,4,5,1,0,,,,0,0,0,7,0,,0,7193739,7193878,,7.07,0,,56,1,,,0,0,,2,0,0,KYUN 01,8; ALSO D06 (25); ALSO D08 (36); ALSO D14 (12); ALSO D17 (08); ALSO D18 (38); ALSO D41 (26); ALSO D48 (20); ALSO D56 (17),,,,,SSL (7); SCBR (8); RCB (1),LEO (08); SSL (09); LLB (12); DLT (17); LILB (20); RILB (25); DRT (26); RLB (36); ROLB (38),2-4-5,ALSO D02 (RCB); ALSO D06 (RILB); ALSO D08 (RLB); ALSO D12 (SSL); ALSO D13 (SCBR); ALSO D14 (LLB); ALSO D17 (LEO); ALSO D18 (ROLB); ALSO D41 (DRT); ALSO D48 (LILB); ALSO D56 (DLT),ALSO D02 (0.0); ALSO D06 (+0.5); ALSO D08 (0.0); ALSO D12 (0.0); ALSO D13 (0.0); ALSO D14 (0.0); ALSO D17 (0.0); ALSO D18 (0.0); ALSO D41 (+0.5); ALSO D48 (0.0); ALSO D56 (+0.5),ALSO D13; ALSO D17; ALSO D18; ALSO D41; ALSO D48; ALSO D56,T,ALSO,4,,LEO (08); DLT (17); DRT (26),,DOWNS,+43,6,KICKOFF - FC,-25,,,+44,ALSO D41,,,,1,,,R,L,,,,,,KYUN 71 (RT); KYUN 73 (LG); ALSO D06 (RILB); ALSO D41 (DRT); ALSO D56 (DLT),,,,,,,,,,LLB (4); LILB (3); RILB (4); RLB (4); ROLB (0),,O,O,KYUN 71; KYUN 73,LWR^; SLWR; TE-L; HB-R; TE-R^,3x1,,2-0-1-2,12,KYUN 01; KYUN 04; KYUN 05; KYUN 81; KYUN 87,KYUN 01 (HB-R); KYUN 03 (QB); KYUN 04 (LWR); KYUN 05 (SLWR); KYUN 53 (LT); KYUN 71 (RT); KYUN 72 (C); KYUN 73 (LG); KYUN 77 (RG); KYUN 81 (TE-L); KYUN 87 (TE-R),KYUN 01 (0.0); KYUN 03 (0.0); KYUN 04 (0.0); KYUN 05 (0.0); KYUN 53 (0.0); KYUN 71 (-0.5); KYUN 72 (0.0); KYUN 73 (-1.0); KYUN 77 (0.0); KYUN 81 (0.0); KYUN 87 (0.0),KYUN 87,F,KYUN,KYUN 04; KYUN 87,,,,0b,,,,,,,LWR z; SLWR 0(-4); TE-L r; HB-R r; TE-R r,-; 0; -; -; -,KYUN 04 z; KYUN 05 0(-4); KYUN 81 r; KYUN 01 r; KYUN 87 r,,,,,,,,,,,,,+43,ML,,ML,ALSO D06; ALSO D41; ALSO D56,ALSO D02 > KYUN 04,,0,,,KYUN 03,0,,,0,,HB-R,HB-R (-6),L,1; KYUN 01 (HB-R),,,,INSIDE ZONE,SPLIT,R,,0,KYUN 01 (R:B); KYUN 81 (L:R{L}); KYUN 87 (R:L{R}),S,,ALSO D41,,ALSO D41,ALSO D06,L;R,,,,LWR^(-13.5); SLWR(-13.5),,1,17,0,0,0,,false,2,3,2.409,-0.77,,false,12,KYUN 01,KYUN 81; KYUN 87,KYUN 04; KYUN 05,GUN STRONG,TREY - CLOSED,LWR; SLWR; TE-L; HB-R; TE-R,3x2,TRIPS - SLOT,NICKEL,ALSO D02; ALSO D08; ALSO D12; ALSO D13; ALSO D14,ALSO D06; ALSO D17; ALSO D41; ALSO D48,ALSO D18; ALSO D56,WIDE OVER,,COVER 0,,44,,2.896,-1.33,31322_7193840,31322-KYUN-4
7193878,31322,2026-09-26,2026,04,411618,,2,4,11:25,1,0,1,7,0,4,6,,0,,,,0,0,0,7,0,,0,7193840,7193902,,7.07,0,,57,1,,2.0,0,0,,,0,0,,8; ALSO D06 (25); ALSO D08 (26); ALSO D13 (38); ALSO D17 (10); ALSO D18 (36); ALSO D41 (27); ALSO D48 (18); ALSO D56 (19),,R,,,LCB (1); SCBL (6); RCB (3),LEO (10); LILB (18); DLT (19); RILB (25); RILB (26); DRT (27); REO (36); RLB (38),2-4-5,ALSO D02 (RCB); ALSO D06 (RILB); ALSO D08 (RILB); ALSO D12 (LCB); ALSO D13 (RLB); ALSO D14 (SCBL); ALSO D17 (LEO); ALSO D18 (REO); ALSO D41 (DRT); ALSO D48 (LILB); ALSO D56 (DLT),ALSO D02 (0.0); ALSO D06 (0.0); ALSO D08 (0.0); ALSO D12 (0.0); ALSO D13 (0.0); ALSO D14 (0.0); ALSO D17 (0.0); ALSO D18 (0.0); ALSO D41 (0.0); ALSO D48 (0.0); ALSO D56 (0.0),,T,ALSO,3,,LEO (10); DLT (19); DRT (27); REO (36),,DOWNS,+43,6,KICKOFF - FC,-25,7,SD,+43,,,,,0,,,R,L,,,RC,,,KYUN 03 (QB); ALSO D14 (SCBL),,,,,,,,,,LILB (3); RILB (5); RILB (3); RLB (3),,O,O,,LWR; TE-L^; HB-L; SRWR; RWR^,2x2,TE>SRWR,2-0-1-2,12,KYUN 01; KYUN 04; KYUN 05; KYUN 08; KYUN 81,KYUN 01 (HB-L); KYUN 03 (QB); KYUN 04 (RWR); KYUN 05 (LWR); KYUN 08 (SRWR); KYUN 53 (LT); KYUN 71 (RT); KYUN 72 (C); KYUN 73 (LG); KYUN 77 (RG); KYUN 81 (TE-L),KYUN 01 (0.0); KYUN 03 (0.0); KYUN 04 (0.0); KYUN 05 (0.0); KYUN 08 (0.0); KYUN 53 (0.0); KYUN 71 (0.0); KYUN 72 (0.0); KYUN 73 (0.0); KYUN 77 (0.0); KYUN 81 (0.0),KYUN 08,F,KYUN,KYUN 04; KYUN 81,,6; KYUN 01 (HB-L); KYUN 53 (LT); KYUN 71 (RT); KYUN 72 (C); KYUN 73 (LG); KYUN 77 (RG),,0b,ALSO D12,,5; ALSO D02; ALSO D08; ALSO D12; ALSO D13; ALSO D14,28,R,KYUN 03 (QB),LWR 6(9); TE-L 26(5); HB-L kl; SRWR 6o(3); RWR 9o,6; 6; -; 6; 9,KYUN 05 6(9); KYUN 81 26(5); KYUN 01 kl; KYUN 08 6o(3); KYUN 04 9o,RWR,KYUN 04,INCOMPLETE,9o,9R,6; ALSO D06 (RILB); ALSO D17 (LEO); ALSO D18 (REO); ALSO D41 (DRT); ALSO D48 (LILB); ALSO D56 (DLT),,52,7R,,,,+43,,,,,ALSO D12 > KYUN 04,,0,,,KYUN 03,0,,,0,,HB-L,HB-L (-5),L,1; KYUN 01 (HB-L),,,,,,P,,0,KYUN 08 (R:Lx>L:Rx),S,,,,,,L,,,,LWR(-8.5); SRWR(+15.5); RWR^(+16.5),,0,3,0,0,0,,false,2,3,1.639,-3.123,Go,false,12,KYUN 01,KYUN 08; KYUN 81,KYUN 04; KYUN 05,GUN STRONG,SLOT - PRO,LWR; TE-L; HB-L; SRWR; RWR,2x2,SLOT - PRO,NICKEL,ALSO D02; ALSO D08; ALSO D12; ALSO D13; ALSO D14,ALSO D06; ALSO D17; ALSO D41; ALSO D48,ALSO D18; ALSO D56,WIDE OVER,,COVER 0,,43,,1.566,-3.408,31322_7193878,31322-KYUN-4
7194105,31322,2026-09-26,2026,04,411618,,2,1,10:08,1,,0,14,0,5,1,7,0,,,,0,0,0,7,0,,0,7194064,7194138,,7.14,0,,63,0,,,0,0,,5,0,0,KYUN 01,7; ALSO D06 (28); ALSO D14 (27); ALSO D17 (10); ALSO D18 (30); ALSO D41 (14); ALSO D48 (20); ALSO D56 (22),,,,,SSL (7); SS (8); FSR (13); SCBR (3); RCB (8),SSL (06); LEO (10); LE (14); LILB (20); NT (22); SS (27); RILB (28); RE (30),2-4-5,ALSO D02 (RCB); ALSO D06 (RILB); ALSO D08 (SCBR); ALSO D12 (SSL); ALSO D13 (FSR); ALSO D14 (SS); ALSO D17 (LEO); ALSO D18 (RE); ALSO D41 (LE); ALSO D48 (LILB); ALSO D56 (NT),ALSO D02 (0.0); ALSO D06 (-1.0); ALSO D08 (0.0); ALSO D12 (0.0); ALSO D13 (0.0); ALSO D14 (-1.0); ALSO D17 (0.0); ALSO D18 (0.0); ALSO D41 (0.0); ALSO D48 (0.0); ALSO D56 (-0.5),DRIVE START,F,ALSO,10,,LEO (10); LE (14); NT (22); RE (30),,TOUCHDOWN,+0,11,KICKOFF - RETURN,-24,,,-24,ALSO D14,,,,7,,,R,L,,,,,,KYUN 01 (HB-L); KYUN 53 (LT); KYUN 72 (C); KYUN 81 (TE-L); ALSO D06 (RILB); ALSO D14 (SS); ALSO D18 (RE); ALSO D56 (NT),,,,,,,,,,LILB (4); RILB (3),ALSO D14,C,C,KYUN 81; ALSO D06; ALSO D14; ALSO D56,LWR^; SLWR; TE-L; HB-L; TE-R^,3x1,,2-0-1-2,12,KYUN 01; KYUN 04; KYUN 12; KYUN 81; KYUN 87,KYUN 01 (HB-L); KYUN 03 (QB); KYUN 04 (SLWR); KYUN 12 (LWR); KYUN 53 (LT); KYUN 71 (RT); KYUN 72 (C); KYUN 73 (LG); KYUN 77 (RG); KYUN 81 (TE-L); KYUN 87 (TE-R),KYUN 01 (+0.5); KYUN 03 (0.0); KYUN 04 (0.0); KYUN 12 (0.0); KYUN 53 (+0.5); KYUN 71 (0.0); KYUN 72 (+0.5); KYUN 73 (0.0); KYUN 77 (0.0); KYUN 81 (-0.5); KYUN 87 (0.0),DRIVE START,T,KYUN,KYUN 12; KYUN 87,,,,3b,,,,,,,LWR z; SLWR 0u(-3); TE-L r; HB-L r; TE-R r,-; 0; -; -; -,KYUN 12 z; KYUN 04 0u(-3); KYUN 81 r; KYUN 01 r; KYUN 87 r,,,,,,,,,,,,,-31,ML,,ML,KYUN 01; KYUN 53; KYUN 72,,,0,,,KYUN 03,0,,,0,,HB-L,HB-L (-5),R,1; KYUN 01 (HB-L),,,,INSIDE ZONE,,R,,-7,KYUN 01 (B:B),S,,,,ALSO D48,ALSO D18,L;R,,,,LWR^(-12.5); SLWR(-12.5),,1,8,0,0,0,,false,2,3,1.28,0.719,,false,12,KYUN 01,KYUN 81; KYUN 87,KYUN 04; KYUN 12,GUN WEAK,TREY - CLOSED,LWR; SLWR; TE-L; HB-L; TE-R,3x1,TREY - CLOSED,NICKEL,ALSO D02; ALSO D08; ALSO D12; ALSO D13; ALSO D14,ALSO D06; ALSO D17; ALSO D41; ALSO D48,ALSO D18; ALSO D56,ODD,,COVER 3,,76,,1.643,0.475,31322_7194105,31322-KYUN-5
7194138,31322,2026-09-26,2026,04,411618,,2,2,09:27,0,1,0,14,0,5,2,8,0,1,,,0,0,0,7,0,,0,7194105,7194144,,7.14,0,,64,0,,2.0,0,0,3,2,0,0,KYUN 87,6; ALSO D14 (06); ALSO D17 (10); ALSO D18 (32); ALSO D41 (17); ALSO D48 (20); ALSO D56 (25),,R,,,LCB (7); FSR (13); SCBiR (3); SCBoR (4); RCB (6),LLB (06); LEO (10); DLT (17); LILB (20); DRT (25); ROLB (32),2-4-5,ALSO D02 (RCB); ALSO D06 (SCBiR); ALSO D08 (SCBoR); ALSO D12 (LCB); ALSO D13 (FSR); ALSO D14 (LLB); ALSO D17 (LEO); ALSO D18 (ROLB); ALSO D41 (DLT); ALSO D48 (LILB); ALSO D56 (DRT),ALSO D02 (0.0); ALSO D06 (0.0); ALSO D08 (0.0); ALSO D12 (0.0); ALSO D13 (0.0); ALSO D14 (0.0); ALSO D17 (0.0); ALSO D18 (0.0); ALSO D41 (0.0); ALSO D48 (0.0); ALSO D56 (0.0),,F,ALSO,3,,LEO (10); DLT (17); DRT (25),,TOUCHDOWN,+0,11,KICKOFF - RETURN,-24,7,SD,-31,ALSO D48,,,,8,,,R,L,,,,,,,,,,,,,,,,LLB (3); LILB (4); ROLB (0),,C,C,,LWR^; SLoWR; SLiWR; HB-R; RWR^,3x1,TE>SLiWR; TE>SLoWR,2-0-1-2,12,KYUN 01; KYUN 04; KYUN 12; KYUN 81; KYUN 87,KYUN 01 (HB-R); KYUN 03 (QB); KYUN 04 (LWR); KYUN 12 (RWR); KYUN 53 (LT); KYUN 71 (RT); KYUN 72 (C); KYUN 73 (LG); KYUN 77 (RG); KYUN 81 (SLoWR); KYUN 87 (SLiWR),KYUN 01 (0.0); KYUN 03 (0.0); KYUN 04 (0.0); KYUN 12 (0.0); KYUN 53 (0.0); KYUN 71 (0.0); KYUN 72 (0.0); KYUN 73 (0.0); KYUN 77 (0.0); KYUN 81 (0.0); KYUN 87 (0.0),,T,KYUN,KYUN 04; KYUN 12,,5; KYUN 53 (LT); KYUN 71 (RT); KYUN 72 (C); KYUN 73 (LG); KYUN 77 (RG),,3,ALSO D48,,7; ALSO D02; ALSO D06; ALSO D08; ALSO D12; ALSO D13; ALSO D14; ALSO D48,5,M,KYUN 03 (QB),LWR 6(10); SLoWR 1; SLiWR 26(4); HB-R h21(-3); RWR 6(11),6; 3; 6; H4; 6,KYUN 04 6(10); KYUN 81 1; KYUN 87 26(4); KYUN 01 h21(-3); KYUN 12 6(11),SLiWR,KYUN 87,COMPLETE,26(4),6R,4; ALSO D17 (LEO); ALSO D18 (ROLB); ALSO D41 (DLT); ALSO D56 (DRT),,28,4,,,,-39,,,,,,,0,,,KYUN 03,0,,,0,,HB-R,HB-R (-6),,1; KYUN 01 (HB-R),,,,,,P,,-7,KYUN 01 (B:B); KYUN 81* (B:L),S,,,,ALSO D48,ALSO D01,,,,,LWR^(-12.5); SLoWR(-8.5); SLiWR(-2.5); RWR^(+18.5),,0,5,0,0,0,,false,2,3,1.999,0.286,Slant-Hitch,true,12,KYUN 01,KYUN 81; KYUN 87,KYUN 04; KYUN 12,GUN WEAK,TRIPS - OPEN,LWR; SLoWR; SLiWR; HB-R; RWR,2x1,SLOT - OPEN,NICKEL,ALSO D02; ALSO D08; ALSO D12; ALSO D13; ALSO D14,ALSO D06; ALSO D17; ALSO D41; ALSO D48,ALSO D18; ALSO D56,WIDE UNDER,,COVER 3,,69,,2.118,0.689,31322_7194138,31322-KYUN-5
7194144,31322,2026-09-26,2026,04,411618,,2,1,08:53,0,,0,14,0,5,3,12,0,1,,,0,0,0,7,0,,0,7194138,7194172,,7.14,0,,65,0,,,0,0,,12,0,0,KYUN 01,8; ALSO D06 (23); ALSO D08 (38); ALSO D14 (04); ALSO D17 (12); ALSO D18 (34); ALSO D41 (27); ALSO D48 (16); ALSO D56 (18),,,,,LCB (2); FS (13); RCB (6),LLB (04); LEO (12); LILB (16); DLT (18); MLB (23); DRT (27); REO (34); RLB (38),2-4-5,ALSO D02 (RCB); ALSO D06 (MLB); ALSO D08 (RLB); ALSO D12 (LCB); ALSO D13 (FS); ALSO D14 (LLB); ALSO D17 (LEO); ALSO D18 (REO); ALSO D41 (DRT); ALSO D48 (LILB); ALSO D56 (DLT),ALSO D02 (0.0); ALSO D06 (-0.5); ALSO D08 (0.0); ALSO D12 (0.0); ALSO D13 (0.0); ALSO D14 (0.0); ALSO D17 (0.0); ALSO D18 (-1.0); ALSO D41 (-0.5); ALSO D48 (0.0); ALSO D56 (-0.5),,F,ALSO,10,,LEO (12); DLT (18); DRT (27); REO (34),,TOUCHDOWN,+0,11,KICKOFF - RETURN,-24,,,-39,ALSO D08,,,,12,,,C,C,,,,,,KYUN 01 (HB-L); KYUN 53 (LT); KYUN 72 (C); KYUN 73 (LG); KYUN 77 (RG); KYUN 81 (TE-L); ALSO D06 (MLB); ALSO D18 (REO); ALSO D41 (DRT); ALSO D56 (DLT),,,,,,,,,,LLB (4); LILB (4); MLB (4); RLB (4),,C,C,ALSO D06; ALSO D18; ALSO D41; ALSO D56,LWR^; TE-L; HB-L; TE-R; RWR^,2x2,,2-0-1-2,12,KYUN 01; KYUN 04; KYUN 12; KYUN 81; KYUN 87,KYUN 01 (HB-L); KYUN 03 (QB); KYUN 04 (LWR); KYUN 12 (RWR); KYUN 53 (LT); KYUN 71 (RT); KYUN 72 (C); KYUN 73 (LG); KYUN 77 (RG); KYUN 81 (TE-L); KYUN 87 (TE-R),KYUN 01 (+0.5); KYUN 03 (0.0); KYUN 04 (0.0); KYUN 12 (0.0); KYUN 53 (+0.5); KYUN 71 (0.0); KYUN 72 (+0.5); KYUN 73 (+0.5); KYUN 77 (+0.5); KYUN 81 (0.0); KYUN 87 (0.0),,T,KYUN,KYUN 04; KYUN 12,,,,3,,,,,,,LWR 6(5); TE-L r; HB-L r; TE-R r; RWR 9o,6; -; -; -; 9,KYUN 04 6(5); KYUN 81 r; KYUN 01 r; KYUN 87 r; KYUN 12 9o,,,,,,,,,,,,,+49,LE,,LE,KYUN 01; KYUN 53; KYUN 72; KYUN 73; KYUN 77,ALSO D12 > KYUN 12,,0,,,KYUN 03,0,,,0,,HB-L,HB-L (-6),R,1; KYUN 01 (HB-L),,,,INSIDE ZONE,SPLIT,R,,-7,,S,,,,ALSO D13,,L;R,,,,LWR^(-15.5); RWR^(+16.5),,1,15,0,0,0,,false,2,3,2.285,0.708,,false,12,KYUN 01,KYUN 81; KYUN 87,KYUN 04; KYUN 12,GUN STRONG,PRO - PRO,LWR; TE-L; HB-L; TE-R; RWR,2x2,PRO - PRO,NICKEL,ALSO D02; ALSO D08; ALSO D12; ALSO D13; ALSO D14,ALSO D06; ALSO D17; ALSO D41; ALSO D48,ALSO D18; ALSO D56,WIDE OVER,,COVER 3,,61,,2.807,0.754,31322_7194144,31322-KYUN-5
7194172,31322,2026-09-26,2026,04,411618,,2,1,08:26,1,1,0,14,0,5,4,-1,0,,,,0,0,0,7,0,,0,7194144,7194196,,7.14,0,,66,0,,2.4,0,0,1,0,0,0,KYUN 01,6; ALSO D11 (34); ALSO D17 (11); ALSO D18 (27); ALSO D41 (17); ALSO D48 (21); ALSO D49 (22),,L,,,LCB (7); SSL (8); FS (12); SCBR (3); RCB (7),SSL (06); LOLB (11); DLT (17); MLB (21); NT (22); DRT (27); ROLB (34),2-4-5,ALSO D02 (RCB); ALSO D08 (FS); ALSO D11 (ROLB); ALSO D12 (LCB); ALSO D14 (SSL); ALSO D17 (LOLB); ALSO D18 (DRT); ALSO D24 (SCBR); ALSO D41 (DLT); ALSO D48 (MLB); ALSO D49 (NT),ALSO D02 (0.0); ALSO D08 (0.0); ALSO D11 (0.0); ALSO D12 (0.0); ALSO D14 (+0.5); ALSO D17 (+0.5); ALSO D18 (0.0); ALSO D24 (0.0); ALSO D41 (0.0); ALSO D48 (0.0); ALSO D49 (0.0),ALSO D11; ALSO D24; ALSO D49,T,ALSO,10,,DLT (17); NT (22); DRT (27),,TOUCHDOWN,+0,11,KICKOFF - RETURN,-24,0,RR,+49,ALSO D14,,,,-1,,,L,R,,,,,,KYUN 08 (TE-R); ALSO D14 (SSL); ALSO D17 (LOLB),,,,,,,,,,LOLB (0); MLB (3); ROLB (0),,C,C,KYUN 08,LWR^; SLWR; HB-L; TE-R; RWR^,2x2,,3-0-1-1,11,KYUN 01; KYUN 04; KYUN 08; KYUN 12; KYUN 19,KYUN 01 (HB-L); KYUN 03 (QB); KYUN 04 (RWR); KYUN 08 (TE-R); KYUN 12 (LWR); KYUN 19 (SLWR); KYUN 53 (LT); KYUN 71 (RT); KYUN 72 (C); KYUN 73 (LG); KYUN 77 (RG),KYUN 01 (0.0); KYUN 03 (0.0); KYUN 04 (0.0); KYUN 08 (-0.5); KYUN 12 (0.0); KYUN 19 (0.0); KYUN 53 (0.0); KYUN 71 (0.0); KYUN 72 (0.0); KYUN 73 (0.0); KYUN 77 (0.0),KYUN 08; KYUN 19,F,KYUN,KYUN 04; KYUN 12,,6; KYUN 08 (TE-R); KYUN 53 (LT); KYUN 71 (RT); KYUN 72 (C); KYUN 73 (LG); KYUN 77 (RG),,3b,ALSO D14,,6; ALSO D02; ALSO D08; ALSO D12; ALSO D14; ALSO D24; ALSO D48,-2,M,KYUN 03 (QB),LWR 6(4); SLWR xl(7); HB-L h21(-3); TE-R k; RWR 3(13),6; X; H4; -; 3,KYUN 12 6(4); KYUN 19 xl(7); KYUN 01 h21(-3); KYUN 08 k; KYUN 04 3(13),HB-L,KYUN 01,COMPLETE,h21(-3),SR,5; ALSO D11 (ROLB); ALSO D17 (LOLB); ALSO D18 (DRT); ALSO D41 (DLT); ALSO D49 (NT),,35,5R,,,,+50,,,,ALSO D14; ALSO D17,,ALSO D17 (I) KYUN 08,0,,,KYUN 03,0,,,0,,HB-L,HB-L (-5),,1; KYUN 01 (HB-L),,,,OUTSIDE ZONE,,P,,-7,KYUN 08* (L:Rx),S,,ALSO D14,,ALSO D14,,R,,,,LWR^(-20.5); SLWR(-15.5); RWR^(+13.5),,0,21,0,0,0,,false,2,3,2.993,-0.884,Flat,false,11,KYUN 01,KYUN 08,KYUN 04; KYUN 12; KYUN 19,GUN WEAK,SLOT - PRO,LWR; SLWR; HB-L; TE-R; RWR,3x1,TREY - OPEN,NICKEL,ALSO D02; ALSO D08; ALSO D12; ALSO D14; ALSO D24,ALSO D11; ALSO D17; ALSO D41; ALSO D48,ALSO D18; ALSO D49,BEAR,,COVER 3,,49,,3.561,-0.884,31322_7194172,31322-KYUN-5
7194196,31322,2026-09-26,2026,04,411618,,2,2,07:51,1,,0,14,0,5,5,16,0,1,,,0,0,0,7,1,,0,7194172,7194207,,7.14,0,,67,0,,,0,0,,7,0,0,KYUN 01,7; ALSO D11 (25); ALSO D14 (10); ALSO D17 (34); ALSO D18 (10); ALSO D41 (28); ALSO D48 (17); ALSO D49 (19),,,,,LCB (2); FS (11); SCBR (7); RCB (6),LLB (10); LEO (10); LILB (17); DLT (19); RILB (25); DRT (28); ROLB (34),2-4-5,ALSO D02 (RCB); ALSO D08 (FS); ALSO D11 (RILB); ALSO D12 (LCB); ALSO D14 (LLB); ALSO D17 (ROLB); ALSO D18 (LEO); ALSO D24 (SCBR); ALSO D41 (DRT); ALSO D48 (LILB); ALSO D49 (DLT),ALSO D02 (0.0); ALSO D08 (-1.0); ALSO D11 (0.0); ALSO D12 (0.0); ALSO D14 (0.0); ALSO D17 (0.0); ALSO D18 (0.0); ALSO D24 (0.0); ALSO D41 (0.0); ALSO D48 (-0.5); ALSO D49 (-0.5),,F,ALSO,11,,LEO (10); DLT (19); DRT (28),,TOUCHDOWN,+0,11,KICKOFF - RETURN,-24,,,+50,ALSO D08,,,,16,,,R,L,,,,,,KYUN 01 (HB-R); KYUN 71 (RT); KYUN 77 (RG); ALSO D08 (FS); ALSO D48 (LILB); ALSO D49 (DLT),,,,,,,,,,LLB (6); LILB (3); RILB (4); ROLB (0),ALSO D08,C,C,ALSO D08; ALSO D48; ALSO D49,LWR^; SLWR; HB-R; TE-R; RWR^,2x2,,3-0-1-1,11,KYUN 01; KYUN 04; KYUN 08; KYUN 12; KYUN 19,KYUN 01 (HB-R); KYUN 03 (QB); KYUN 04 (RWR); KYUN 08 (TE-R); KYUN 12 (LWR); KYUN 19 (SLWR); KYUN 53 (LT); KYUN 71 (RT); KYUN 72 (C); KYUN 73 (LG); KYUN 77 (RG),KYUN 01 (+1.0); KYUN 03 (0.0); KYUN 04 (0.0); KYUN 08 (0.0); KYUN 12 (0.0); KYUN 19 (0.0); KYUN 53 (0.0); KYUN 71 (+0.5); KYUN 72 (0.0); KYUN 73 (0.0); KYUN 77 (+0.5),,T,KYUN,KYUN 04; KYUN 12,,,,3CLb,,,,,,,LWR r; SLWR r; HB-R r; TE-R 1; RWR z,-; -; -; 3; -,KYUN 12 r; KYUN 19 r; KYUN 01 r; KYUN 08 1; KYUN 04 z,,,,,,,,,,,,,+34,MR,,MR,KYUN 01; KYUN 71; KYUN 77,ALSO D12 > KYUN 04,,0,,,KYUN 03,0,,,0,,HB-R,HB-R (-5),L,1; KYUN 01 (HB-R),,,,OUTSIDE ZONE,READ OPTION,R,,-7,KYUN 08 (R:L{R}),S,,,,ALSO D18,,R,,,,LWR^(-17.5); SLWR(-6.5); RWR^(+16.5),,1,12,0,0,0,,false,2,3,2.109,1.85,,false,11,KYUN 01,KYUN 08,KYUN 04; KYUN 12; KYUN 19,GUN STRONG,SLOT - PRO,LWR; SLWR; HB-R; TE-R; RWR,2x2,SLOT - SLOT,NICKEL,ALSO D02; ALSO D08; ALSO D12; ALSO D14; ALSO D24,ALSO D11; ALSO D17; ALSO D41; ALSO D48,ALSO D18; ALSO D49,WIDE UNDER,,COVER 3 CLOUD,,50,,2.677,1.587,31322_7194196,31322-KYUN-5
7194207,31322,2026-09-26,2026,04,411618,,2,1,07:19,0,1,0,14,0,5,6,3,0,,,,0,0,0,7,0,,0,7194196,7194222,,7.14,1,,68,0,,1.4,0,0,12,1,0,0,KYUN 19,6; ALSO D11 (28); ALSO D17 (06); ALSO D18 (15); ALSO D41 (29); ALSO D48 (17); ALSO D49 (22),,L,,,LCB (8); SSL (7); FSR (11); SCBR (3); RCB (6),SSL (00); LOLB (06); LE (15); LILB (17); NT (22); RILB (28); RE (29),2-4-5,ALSO D02 (RCB); ALSO D08 (FSR); ALSO D11 (RILB); ALSO D12 (LCB); ALSO D14 (SSL); ALSO D17 (LOLB); ALSO D18 (LE); ALSO D24 (SCBR); ALSO D41 (RE); ALSO D48 (LILB); ALSO D49 (NT),ALSO D02 (0.0); ALSO D08 (+0.5); ALSO D11 (0.0); ALSO D12 (0.0); ALSO D14 (0.0); ALSO D17 (0.0); ALSO D18 (0.0); ALSO D24 (+0.5); ALSO D41 (0.0); ALSO D48 (0.0); ALSO D49 (0.0),,T,ALSO,10,,LE (15); NT (22); RE (29),,TOUCHDOWN,+0,11,KICKOFF - RETURN,-24,6,SD,+34,ALSO D02,,,,3,,,C,C,,,,,,KYUN 12 (LWR); ALSO D08 (FSR); ALSO D24 (SCBR),,,,,,,,,,LOLB (0); LILB (4); RILB (4),,O,O,KYUN 12,LWR^; SLWR; HB-R; TE-R; RWR^,2x2,,3-0-1-1,11,KYUN 01; KYUN 04; KYUN 08; KYUN 12; KYUN 19,KYUN 01 (HB-R); KYUN 03 (QB); KYUN 04 (RWR); KYUN 08 (TE-R); KYUN 12 (LWR); KYUN 19 (SLWR); KYUN 53 (LT); KYUN 71 (RT); KYUN 72 (C); KYUN 73 (LG); KYUN 77 (RG),KYUN 01 (0.0); KYUN 03 (0.0); KYUN 04 (0.0); KYUN 08 (0.0); KYUN 12 (-0.5); KYUN 19 (0.0); KYUN 53 (0.0); KYUN 71 (0.0); KYUN 72 (0.0); KYUN 73 (0.0); KYUN 77 (0.0),,F,KYUN,KYUN 04; KYUN 12,,5; KYUN 53 (LT); KYUN 71 (RT); KYUN 72 (C); KYUN 73 (LG); KYUN 77 (RG),,4,ALSO D24,,7; ALSO D02; ALSO D08; ALSO D11; ALSO D12; ALSO D14; ALSO D24; ALSO D48,-9,L,KYUN 03 (QB),LWR 2(1)z; SLWR 0u(-3); HB-R fl; TE-R r; RWR 6(5),2; 0; -; -; 6,KYUN 12 2(1)z; KYUN 19 0u(-3); KYUN 01 fl; KYUN 08 r; KYUN 04 6(5),SLWR,KYUN 19,COMPLETE,0u(-3),0R,4; ALSO D17 (LOLB); ALSO D18 (LE); ALSO D41 (RE); ALSO D49 (NT),,8,2L,,,KYUN 01,+31,,,,ALSO D08; ALSO D24,,,0,,,KYUN 03,0,,,0,,HB-R,HB-R (-6),,1; KYUN 01 (HB-R),,,,INSIDE ZONE,,P,,-7,,S,,ALSO D08,,ALSO D08,ALSO D24,R,,,,LWR^(-18.5); SLWR(-12.5); RWR^(+13.5),,1,17,0,0,0,,true,2,3,3.959,-0.6,Bubble,false,11,KYUN 01,KYUN 08,KYUN 04; KYUN 12; KYUN 19,GUN STRONG,SLOT - PRO,LWR; SLWR; HB-R; TE-R; RWR,2x2,SLOT - PRO,NICKEL,ALSO D02; ALSO D08; ALSO D12; ALSO D14; ALSO D24,ALSO D11; ALSO D17; ALSO D41; ALSO D48,ALSO D18; ALSO D49,ODD,,COVER 4,,34,,4.264,-0.176,31322_7194207,31322-KYUN-5
7194222,31322,2026-09-26,2026,04,411618,,2,2,06:39,1,,0,14,0,5,7,8,0,1,,,0,0,0,7,0,,0,7194207,7194230,,7.14,0,,69,0,,,0,0,,12,0,0,KYUN 02,7; ALSO D11 (16); ALSO D14 (38); ALSO D17 (32); ALSO D48 (25); ALSO D56 (26); ALSO D90 (12); ALSO D94 (19),,,,,LCB (5); SCBL (1); SSL (9); RCB (5),SSL (12); LEO (12); LILB (16); DLT (19); RILB (25); DRT (26); REO (32); ROLB (38),3-3-5,ALSO D02 (RCB); ALSO D08 (SSL); ALSO D11 (LILB); ALSO D12 (LCB); ALSO D14 (ROLB); ALSO D17 (REO); ALSO D24 (SCBL); ALSO D48 (RILB); ALSO D56 (DRT); ALSO D90 (LEO); ALSO D94 (DLT),ALSO D02 (0.0); ALSO D08 (0.0); ALSO D11 (-0.5); ALSO D12 (0.0); ALSO D14 (-1.0); ALSO D17 (-0.5); ALSO D24 (0.0); ALSO D48 (0.0); ALSO D56 (0.0); ALSO D90 (0.0); ALSO D94 (0.0),ALSO D56; ALSO D90; ALSO D94,F,ALSO,7,,LEO (12); DLT (19); DRT (26); REO (32),,TOUCHDOWN,+0,11,KICKOFF - RETURN,-24,,,+31,ALSO D14,,,,8,,,L,R,,,,,,KYUN 02 (HB); KYUN 53 (LT); KYUN 72 (C); ALSO D11 (LILB); ALSO D14 (ROLB); ALSO D17 (REO),,,,,,,,,,LILB (4); RILB (3); ROLB (0),ALSO D14,C,C,ALSO D11; ALSO D14; ALSO D17,LWR; TE-L^; HB; SRWR^; RWR,2x2,,3-0-1-1,11,KYUN 02; KYUN 05; KYUN 12; KYUN 19; KYUN 81,KYUN 02 (HB); KYUN 03 (QB); KYUN 05 (LWR); KYUN 12 (RWR); KYUN 19 (SRWR); KYUN 53 (LT); KYUN 71 (RT); KYUN 72 (C); KYUN 73 (LG); KYUN 77 (RG); KYUN 81 (TE-L),KYUN 02 (+0.5); KYUN 03 (0.0); KYUN 05 (0.0); KYUN 12 (0.0); KYUN 19 (0.0); KYUN 53 (+0.5); KYUN 71 (0.0); KYUN 72 (+0.5); KYUN 73 (0.0); KYUN 77 (0.0); KYUN 81 (0.0),KYUN 02; KYUN 05; KYUN 81,T,KYUN,KYUN 19; KYUN 81,,,,3b,,,,,,,,,,,,,,,,,,,,P,,+23,LE,,LE,KYUN 02; KYUN 53; KYUN 72,ALSO D24 > KYUN 19,,0,,,KYUN 03,0,,,0,,HB,HB (-7),L,1; KYUN 02 (HB),,,,MAN,CROSS LEAD,R,,-7,KYUN 05 (L:R{L}); KYUN 19* (R:L{R}); KYUN 81 (R:Lx),S,,,,ALSO D02,,L,,,,LWR(-11.5); SRWR^(-0.5); RWR(+0.5),,0,8,0,0,0,,false,2,3,3.359,1.124,,false,11,KYUN 02,KYUN 81,KYUN 05; KYUN 12; KYUN 19,PISTOL,SLOT - PRO,LWR; TE-L; HB; SRWR; RWR,1x3,TREY - OPEN,NICKEL,ALSO D02; ALSO D08; ALSO D12; ALSO D14; ALSO D24,ALSO D11; ALSO D17; ALSO D48,ALSO D56; ALSO D90; ALSO D94,WIDE OVER,,COVER 3,,31,,4.088,0.536,31322_7194222,31322-KYUN-5
7194230,31322,2026-09-26,2026,04,411618,,2,1,06:18,0,,0,14,0,5,8,5,0,,,,0,0,0,7,0,,0,7194222,7194292,,7.14,0,,70,0,,,0,0,,5,0,0,KYUN 02,7; ALSO D11 (13); ALSO D14 (20); ALSO D17 (39); ALSO D48 (27); ALSO D56 (22); ALSO D90 (16); ALSO D94 (29),,,,,LCB (7); SCBL (4); SSL (9); SS (7); RCB (6),SSL (00); LLB (13); DLT (16); SS (20); NT (22); RILB (27); RE (29); RLB (39),3-3-5,ALSO D02 (RCB); ALSO D08 (SSL); ALSO D11 (LLB); ALSO D12 (LCB); ALSO D14 (SS); ALSO D17 (RLB); ALSO D24 (SCBL); ALSO D48 (RILB); ALSO D56 (NT); ALSO D90 (DLT); ALSO D94 (RE),ALSO D02 (0.0); ALSO D08 (0.0); ALSO D11 (-0.5); ALSO D12 (0.0); ALSO D14 (0.0); ALSO D17 (0.0); ALSO D24 (0.0); ALSO D48 (-1.0); ALSO D56 (0.0); ALSO D90 (0.0); ALSO D94 (0.0),,F,ALSO,10,,DLT (16); NT (22); RE (29),,TOUCHDOWN,+0,11,KICKOFF - RETURN,-24,,,+23,ALSO D48,,,,5,,,L,R,,,,ALSO D14,,KYUN 02 (HB-R); KYUN 81 (TE-R); ALSO D11 (LLB); ALSO D48 (RILB),,,,,,,,,,LLB (4); RILB (4); RLB (2),ALSO D48,O,O,ALSO D11; ALSO D48,LWR^; HB-R; TE-R; SRWR; RWR^,1x3,,3-0-1-1,11,KYUN 02; KYUN 05; KYUN 12; KYUN 19; KYUN 81,KYUN 02 (HB-R); KYUN 03 (QB); KYUN 05 (RWR); KYUN 12 (LWR); KYUN 19 (SRWR); KYUN 53 (LT); KYUN 71 (RT); KYUN 72 (C); KYUN 73 (LG); KYUN 77 (RG); KYUN 81 (TE-R),KYUN 02 (+0.5); KYUN 03 (0.0); KYUN 05 (0.0); KYUN 12 (0.0); KYUN 19 (0.0); KYUN 53 (0.0); KYUN 71 (0.0); KYUN 72 (0.0); KYUN 73 (0.0); KYUN 77 (0.0); KYUN 81 (+0.5),,T,KYUN,KYUN 05; KYUN 12,,,,4,,,,,,,LWR 6(5); HB-R r; TE-R r; SRWR 6(3); RWR 6(5),6; -; -; 6; 6,KYUN 12 6(5); KYUN 02 r; KYUN 81 r; KYUN 19 6(3); KYUN 05 6(5),,,,,,,,,,,,,+18,RE,,RE,KYUN 02; KYUN 81,,,0,,,KYUN 03,0,,,0,,HB-R,HB-R (-6),L,1; KYUN 02 (HB-R),,,,INSIDE ZONE,,R,,-7,,S,,,,ALSO D14,,R,,,,LWR^(-19.5); SRWR(+7.5); RWR^(+15.5),,1,26,0,0,0,,true,2,3,4.483,0.142,,false,11,KYUN 02,KYUN 81,KYUN 05; KYUN 12; KYUN 19,GUN STRONG,TREY - OPEN,LWR; HB-R; TE-R; SRWR; RWR,1x3,TREY - OPEN,NICKEL,ALSO D02; ALSO D08; ALSO D12; ALSO D14; ALSO D24,ALSO D11; ALSO D17; ALSO D48,ALSO D56; ALSO D90; ALSO D94,OVER,,COVER 4,,23,,4.624,0.183,31322_7194230,31322-KYUN-5
7194292,31322,2026-09-26,2026,04,411618,,2,2,05:46,1,1,0,14,0,5,9,11,0,1,,,0,0,0,7,0,,1,7194230,7194298,,7.14,0,,71,1,,1.8,0,0,6,3,0,0,KYUN 12,8; ALSO D08 (38); ALSO D16 (16); ALSO D25 (06); ALSO D26 (24); ALSO D32 (25); ALSO D56 (25); ALSO D90 (34); ALSO D94 (17),,R,,,SSL (7); SCBR (8); RCB (1),LEO (06); SSL (07); LILB (16); DLT (17); RILB (24); DRT (25); RILB (25); REO (34); RLB (38),3-3-5,ALSO D02 (RCB); ALSO D08 (RLB); ALSO D12 (SSL); ALSO D13 (SCBR); ALSO D16 (LILB); ALSO D25 (LEO); ALSO D26 (RILB); ALSO D32 (RILB); ALSO D56 (DRT); ALSO D90 (REO); ALSO D94 (DLT),ALSO D02 (0.0); ALSO D08 (0.0); ALSO D12 (0.0); ALSO D13 (-0.5); ALSO D16 (0.0); ALSO D25 (0.0); ALSO D26 (0.0); ALSO D32 (0.0); ALSO D56 (0.0); ALSO D90 (0.0); ALSO D94 (0.0),ALSO D13; ALSO D16; ALSO D25; ALSO D26; ALSO D32,F,ALSO,5,,LEO (06); DLT (17); DRT (25); REO (34),,TOUCHDOWN,+0,11,KICKOFF - RETURN,-24,6,SD,+18,ALSO D13,,,,11,,,R,L,,,,,,KYUN 12 (LWR); ALSO D13 (SCBR),,,,,,,,,,LILB (3); RILB (2); RILB (6); RLB (2),,O,O,ALSO D13,LWR^; SLWR; TE-L; HB-L; TE-R^,3x1,,2-0-1-2,12,KYUN 02; KYUN 05; KYUN 12; KYUN 81; KYUN 87,KYUN 02 (HB-L); KYUN 03 (QB); KYUN 05 (SLWR); KYUN 12 (LWR); KYUN 53 (LT); KYUN 71 (RT); KYUN 72 (C); KYUN 73 (LG); KYUN 77 (RG); KYUN 81 (TE-L); KYUN 87 (TE-R),KYUN 02 (0.0); KYUN 03 (0.0); KYUN 05 (0.0); KYUN 12 (+0.5); KYUN 53 (0.0); KYUN 71 (0.0); KYUN 72 (0.0); KYUN 73 (0.0); KYUN 77 (0.0); KYUN 81 (0.0); KYUN 87 (0.0),KYUN 87,T,KYUN,KYUN 12; KYUN 87,,6; KYUN 53 (LT); KYUN 71 (RT); KYUN 72 (C); KYUN 73 (LG); KYUN 77 (RG); KYUN 81 (TE-L),,0b,ALSO D13,,5; ALSO D02; ALSO D08; ALSO D12; ALSO D13; ALSO D32,5,M,KYUN 03 (QB),LWR 9t(3); SLWR 0u(-3); TE-L r; HB-L fr; TE-R r,9; 0; -; -; -,KYUN 12 9t(3); KYUN 05 0u(-3); KYUN 81 r; KYUN 02 fr; KYUN 87 r,LWR,KYUN 12,COMPLETE,9t(3),2R,6; ALSO D16 (LILB); ALSO D25 (LEO); ALSO D26 (RILB); ALSO D56 (DRT); ALSO D90 (REO); ALSO D94 (DLT),,19,3L,,,KYUN 02,+7,,,,KYUN 12,ALSO D02 > KYUN 12,,0,,,KYUN 03,0,,,0,,HB-L,HB-L (-6),,1; KYUN 02 (HB-L),,,,INSIDE ZONE,,P,,-7,KYUN 02 (B:B),S,,,,ALSO D13,ALSO D32,L;R,,,,LWR^(-12.5); SLWR(-12.5),,1,21,0,0,0,,false,2,3,4.625,0.753,Block run through,false,12,KYUN 02,KYUN 81; KYUN 87,KYUN 05; KYUN 12,GUN WEAK,TREY - CLOSED,LWR; SLWR; TE-L; HB-L; TE-R,3x1,TREY - CLOSED,NICKEL,ALSO D02; ALSO D08; ALSO D12; ALSO D13; ALSO D32,ALSO D16; ALSO D25; ALSO D26,ALSO D56; ALSO D90; ALSO D94,WIDE OVER,SINGLE MUG,COVER 0,,18,,4.807,0.575,31322_7194292,31322-KYUN-5
7194298,31322,2026-09-26,2026,04,411618,,2,1,05:08,1,0,0,14,0,5,10,,0,,,,0,0,0,7,0,,0,7194292,7194329,,7.14,0,,72,0,,1.8,0,0,,,0,0,,9; ALSO D02 (34); ALSO D08 (02); ALSO D16 (18); ALSO D25 (38); ALSO D26 (23); ALSO D32 (23); ALSO D56 (22); ALSO D90 (10); ALSO D94 (30),,L,,,LCB (1); SCBL (6); SS (7),LLB (02); LEO (10); LILB (18); NT (22); MLB (23); SS (23); RE (30); RLB (34); ROLB (38),3-3-5,ALSO D02 (RLB); ALSO D08 (LLB); ALSO D12 (LCB); ALSO D13 (SCBL); ALSO D16 (LILB); ALSO D25 (ROLB); ALSO D26 (MLB); ALSO D32 (SS); ALSO D56 (NT); ALSO D90 (LEO); ALSO D94 (RE),ALSO D02 (0.0); ALSO D08 (0.0); ALSO D12 (0.0); ALSO D13 (0.0); ALSO D16 (0.0); ALSO D25 (0.0); ALSO D26 (0.0); ALSO D32 (0.0); ALSO D56 (0.0); ALSO D90 (0.0); ALSO D94 (0.0),,T,ALSO,7,,LEO (10); NT (22); RE (30),,TOUCHDOWN,+0,11,KICKOFF - RETURN,-24,7,SD,+7,,,,,0,,,C,C,,,OT,,,KYUN 03 (QB); ALSO D13 (SCBL),,,,,,,,,,LLB (2); LILB (2); MLB (4); RLB (6); ROLB (0),,O,O,KYUN 03,TE-L^; HB-R; TE-R; SRWR^; RWR,1x3,,2-0-1-2,12,KYUN 02; KYUN 05; KYUN 12; KYUN 81; KYUN 87,KYUN 02 (HB-R); KYUN 03 (QB); KYUN 05 (SRWR); KYUN 12 (RWR); KYUN 53 (LT); KYUN 71 (RT); KYUN 72 (C); KYUN 73 (LG); KYUN 77 (RG); KYUN 81 (TE-R); KYUN 87 (TE-L),KYUN 02 (0.0); KYUN 03 (-0.5); KYUN 05 (0.0); KYUN 12 (0.0); KYUN 53 (0.0); KYUN 71 (0.0); KYUN 72 (0.0); KYUN 73 (0.0); KYUN 77 (0.0); KYUN 81 (0.0); KYUN 87 (0.0),,F,KYUN,KYUN 05; KYUN 87,,8; KYUN 02 (HB-R); KYUN 53 (LT); KYUN 71 (RT); KYUN 72 (C); KYUN 73 (LG); KYUN 77 (RG); KYUN 81 (TE-R); KYUN 87 (TE-L),,0b,ALSO D13,,4; ALSO D02; ALSO D12; ALSO D13; ALSO D32,12,R,KYUN 03 (QB),TE-L k; HB-R kr; TE-R k; SRWR 3(10); RWR 2(2),-; -; -; 3; 2,KYUN 87 k; KYUN 02 kr; KYUN 81 k; KYUN 05 3(10); KYUN 12 2(2),SRWR,KYUN 05,INCOMPLETE,3(10),3R,7; ALSO D08 (LLB); ALSO D16 (LILB); ALSO D25 (ROLB); ALSO D26 (MLB); ALSO D56 (NT); ALSO D90 (LEO); ALSO D94 (RE),,51,6R,,,,+7,,,,,ALSO D12 > KYUN 12,,0,,,KYUN 03,0,,,0,,HB-R,HB-R (-5),R,1; KYUN 02 (HB-R),,,,,,P,,-7,KYUN 02* (L:B),S,,,,,,L;R,,,,SRWR^(+8.5); RWR(+15.5),,0,8,0,0,0,,false,2,3,5.378,-0.632,Out,false,12,KYUN 02,KYUN 81; KYUN 87,KYUN 05; KYUN 12,GUN WEAK,TREY - CLOSED,TE-L; HB-R; TE-R; SRWR; RWR,2x3,TREY - PRO,NICKEL,ALSO D02; ALSO D08; ALSO D12; ALSO D13; ALSO D32,ALSO D16; ALSO D25; ALSO D26,ALSO D56; ALSO D90; ALSO D94,ODD,SINGLE MUG,COVER 0,,7,,5.382,-0.531,31322_7194298,31322-KYUN-5
7194329,31322,2026-09-26,2026,04,411618,,2,2,05:03,1,,0,14,0,5,11,7,0,1,,,0,0,0,7,0,,0,7194298,7194362,,7.14,0,,73,0,,,0,0,,9,0,0,KYUN 02,9; ALSO D08 (06); ALSO D13 (15); ALSO D16 (13); ALSO D18 (12); ALSO D25 (34); ALSO D26 (30); ALSO D32 (38); ALSO D41 (18); ALSO D56 (24),,,,,LCB (6); RCB (1),LOLB (06); LEO (12); LLB (13); LLB (15); DLT (18); DRT (24); RLB (30); ROLB (34); RLB (38),2-4-5,ALSO D02 (RCB); ALSO D08 (LOLB); ALSO D12 (LCB); ALSO D13 (LLB); ALSO D16 (LLB); ALSO D18 (LEO); ALSO D25 (ROLB); ALSO D26 (RLB); ALSO D32 (RLB); ALSO D41 (DLT); ALSO D56 (DRT),ALSO D02 (0.0); ALSO D08 (-1.0); ALSO D12 (0.0); ALSO D13 (0.0); ALSO D16 (0.0); ALSO D18 (-1.0); ALSO D25 (0.0); ALSO D26 (0.0); ALSO D32 (-1.0); ALSO D41 (0.0); ALSO D56 (0.0),ALSO D18; ALSO D41,F,ALSO,7,,LEO (12); DLT (18); DRT (24),,TOUCHDOWN,+0,11,KICKOFF - RETURN,-24,,,+7,ALSO D23,,,,7,,,L,R,,,,,,KYUN 02 (HB); KYUN 71 (RT); KYUN 81 (TE-L); ALSO D08 (LOLB); ALSO D18 (LEO); ALSO D32 (RLB),,,,,,,,,,LOLB (1); LLB (3); LLB (6); RLB (2); RLB (3); ROLB (0),ALSO D32,O,O,ALSO D08; ALSO D18; ALSO D32,LWR^; TE-L; HB; TE-R^; RWR,2x2,,2-0-1-2,12,KYUN 02; KYUN 05; KYUN 12; KYUN 81; KYUN 87,KYUN 02 (HB); KYUN 03 (QB); KYUN 05 (RWR); KYUN 12 (LWR); KYUN 53 (LT); KYUN 71 (RT); KYUN 72 (C); KYUN 73 (LG); KYUN 77 (RG); KYUN 81 (TE-L); KYUN 87 (TE-R),KYUN 02 (+1.0); KYUN 03 (0.0); KYUN 05 (0.0); KYUN 12 (0.0); KYUN 53 (0.0); KYUN 71 (+0.5); KYUN 72 (0.0); KYUN 73 (0.0); KYUN 77 (0.0); KYUN 81 (+1.0); KYUN 87 (0.0),,T,KYUN,KYUN 12; KYUN 87,,,,0b,,,,,,,,,,,,,,,,,,,,,,+0,RE,FORCED,ML,KYUN 02; KYUN 71; KYUN 81,ALSO D02 > KYUN 12,,0,,,KYUN 03,0,,,0,,HB,HB (-7),L,1; KYUN 02 (HB),,,,INSIDE ZONE,SPLIT,R,,-7,KYUN 02* (L:B),,,,,,,L;R,KYUN 02,,,LWR^(-12.5); RWR(+5.5),,0,6,0,0,0,,false,2,3,4.746,2.254,,false,12,KYUN 02,KYUN 81; KYUN 87,KYUN 05; KYUN 12,ACE,PRO - PRO,LWR; TE-L; HB; TE-R; RWR,3x2,TREY - PRO,NICKEL,ALSO D02; ALSO D08; ALSO D12; ALSO D13; ALSO D32,ALSO D16; ALSO D25; ALSO D26; ALSO D41,ALSO D18; ALSO D56,WIDE OVER,,COVER 0,,7,,4.851,2.149,31322_7194329,31322-KYUN-5
7195535,31322,2026-09-26,2026,04,411618,,2,1,01:22,0,,0,21,0,6,1,75,0,1,,,0,0,0,14,1,,0,7195470,7195601,,14.21,0,,90,0,,,0,0,,0,2,0,KYUN 26,6; ALSO D11 (28); ALSO D18 (27); ALSO D25 (06); ALSO D48 (18); ALSO D56 (18); ALSO D90 (34),,,,,LCB (2); SSL (8); SSR (10); SCBR (3); RCB (7),LOLB (06); SSL (09); LILB (18); DLT (18); DRT (27); RILB (28); REO (34); SSR (44),3-3-5,ALSO D02 (RCB); ALSO D08 (SSR); ALSO D11 (RILB); ALSO D12 (LCB); ALSO D14 (SSL); ALSO D18 (DRT); ALSO D24 (SCBR); ALSO D25 (LOLB); ALSO D48 (LILB); ALSO D56 (DLT); ALSO D90 (REO),ALSO D02 (0.0); ALSO D08 (0.0); ALSO D11 (-1.0); ALSO D12 (0.0); ALSO D14 (0.0); ALSO D18 (-0.5); ALSO D24 (0.0); ALSO D25 (0.0); ALSO D48 (0.0); ALSO D56 (0.0); ALSO D90 (-1.0),DRIVE START,F,ALSO,10,,DLT (18); DRT (27); REO (34),,TOUCHDOWN,+0,1,KICKOFF - TB,-25,,,-25,,,,,75,,,R,L,,,,,,KYUN 26 (HB-L); KYUN 53 (LT); KYUN 73 (LG); ALSO D11 (RILB); ALSO D18 (DRT); ALSO D90 (REO),,,,,,,,,,LOLB (0); LILB (4); RILB (4),,O,O,ALSO D11; ALSO D18; ALSO D90,LWR^; SLWR; HB-L; TE-R; RWR^,2x2,,3-0-1-1,11,KYUN 04; KYUN 12; KYUN 19; KYUN 26; KYUN 81,KYUN 03 (QB); KYUN 04 (RWR); KYUN 12 (LWR); KYUN 19 (SLWR); KYUN 26 (HB-L); KYUN 53 (LT); KYUN 71 (RT); KYUN 72 (C); KYUN 73 (LG); KYUN 77 (RG); KYUN 81 (TE-R),KYUN 03 (0.0); KYUN 04 (0.0); KYUN 12 (0.0); KYUN 19 (0.0); KYUN 26 (+0.5); KYUN 53 (+1.0); KYUN 71 (0.0); KYUN 72 (0.0); KYUN 73 (+0.5); KYUN 77 (0.0); KYUN 81 (0.0),DRIVE START,T,KYUN,KYUN 04; KYUN 12,,,,4,,,,,,,,,,,,,,,,,,,,,,+0,LE,,LE,KYUN 26; KYUN 53; KYUN 73,ALSO D12 > KYUN 04,,0,,,KYUN 03,0,,,0,,HB-L,HB-L (-5),R,1; KYUN 26 (HB-L),,,,OUTSIDE ZONE,READ OPTION,R,,-7,KYUN 26 (B:B); KYUN 81* (R:L{R}),S,,,,,,R,KYUN 26,,,LWR^(-15.5); SLWR(-6.5); RWR^(+15.5),,0,2,0,0,0,,false,1,2,0.776,6.224,,false,11,KYUN 26,KYUN 81,KYUN 04; KYUN 12; KYUN 19,GUN WEAK,SLOT - PRO,LWR; SLWR; HB-L; TE-R; RWR,2x2,SLOT - SLOT,NICKEL,ALSO D02; ALSO D08; ALSO D12; ALSO D14; ALSO D24,ALSO D11; ALSO D25; ALSO D48,ALSO D18; ALSO D56; ALSO D90,WIDE UNDER,,COVER 4,,75,,1.727,5.273,31322_7195535,31322-KYUN-6
7195779,31322,2026-09-26,2026,04,411618,,2,1,01:05,0,,0,21,0,7,1,0,0,,,,0,0,1,21,1,,0,7195711,7195790,,21.21,0,,94,0,,,0,1,,1,2,0,KYUN 01,7; ALSO D11 (12); ALSO D14 (34); ALSO D18 (10); ALSO D25 (32); ALSO D41 (16); ALSO D48 (22); ALSO D56 (23),,,,,LCB (7); SCBL (4); FSL (17); RCB (7),LOLB (10); LLB (12); DLT (16); MLB (22); NRT (23); REO (32); RLB (34),2-4-5,ALSO D02 (LCB); ALSO D08 (SCBL); ALSO D11 (LLB); ALSO D12 (RCB); ALSO D13 (FSL); ALSO D14 (RLB); ALSO D18 (LOLB); ALSO D25 (REO); ALSO D41 (DLT); ALSO D48 (MLB); ALSO D56 (NRT),ALSO D02 (0.0); ALSO D08 (0.0); ALSO D11 (0.0); ALSO D12 (0.0); ALSO D13 (+0.5); ALSO D14 (0.0); ALSO D18 (0.0); ALSO D25 (+0.5); ALSO D41 (0.0); ALSO D48 (0.0); ALSO D56 (+0.5),DRIVE START,T,ALSO,10,,DLT (16); NRT (23); REO (32),,FIELD GOAL,+15,4,INTERCEPTION,+20,,,+20,ALSO D25,,,,0,,,L,R,,,,,,KYUN 73 (LG); ALSO D13 (FSL); ALSO D25 (REO); ALSO D56 (NRT),,,,,,,,,,LOLB (0); LLB (4); MLB (4); RLB (4),,C,C,KYUN 73,LWR; HB-L; TE-R^; SRWR; RWR^,1x3,OL>TE-R; TE>LT; TE>SRWR,2-0-1-2,12,KYUN 01; KYUN 04; KYUN 05; KYUN 53; KYUN 81,KYUN 01 (HB-L); KYUN 03 (QB); KYUN 04 (RWR); KYUN 05 (LWR); KYUN 53 (TE-R); KYUN 71 (RT); KYUN 72 (C); KYUN 73 (LG); KYUN 77 (RG); KYUN 81 (SRWR); KYUN 87 (LT),KYUN 01 (0.0); KYUN 03 (0.0); KYUN 04 (0.0); KYUN 05 (0.0); KYUN 53 (0.0); KYUN 71 (0.0); KYUN 72 (0.0); KYUN 73 (-0.5); KYUN 77 (0.0); KYUN 81 (0.0); KYUN 87 (0.0),DRIVE START,F,KYUN,KYUN 04; KYUN 53,,,,3,,,,,,,LT 1; LWR 2(1)z; HB-L r; TE-R r; SRWR r; RWR r,3; 2; -; -; -; -,KYUN 87 1; KYUN 05 2(1)z; KYUN 01 r; KYUN 53 r; KYUN 81 r; KYUN 04 r,,,,,,,,,,,,,+20,LT,FORCED,ML,ALSO D13; ALSO D25; ALSO D56,,,0,,,KYUN 03,0,,,0,,HB-L,HB-L (-5),R,1; KYUN 01 (HB-L),,,,OUTSIDE ZONE,READ OPTION,R,,0,,S,,ALSO D25,,ALSO D25,ALSO D13,R,,,,LWR(-18.5); SRWR(+5.5); RWR^(+12.5),,1,4,0,0,0,,false,1,2,3.859,-0.433,,false,12,KYUN 01,KYUN 81; KYUN 87,KYUN 04; KYUN 05,GUN WEAK,TREY - OPEN,LWR; HB-L; TE-R; SRWR; RWR,1x3,TREY - OPEN,NICKEL,ALSO D02; ALSO D08; ALSO D12; ALSO D13; ALSO D14,ALSO D11; ALSO D25; ALSO D41; ALSO D48,ALSO D18; ALSO D56,OVER,,COVER 3,,20,,4.703,-0.47,31322_7195779,31322-KYUN-7
7195790,31322,2026-09-26,2026,04,411618,,2,2,00:40,0,,0,21,0,7,2,1,0,,,,0,0,0,21,0,,0,7195779,7195903,,21.21,0,,95,0,,,0,0,,0,2,0,KYUN 01,7; ALSO D11 (30); ALSO D14 (02); ALSO D18 (32); ALSO D25 (12); ALSO D41 (24); ALSO D48 (21); ALSO D56 (18),,,,,SSL (7); FSR (13); SCBR (5); RCB (8),LLB (02); SSL (10); LEO (12); DLT (18); MLB (21); DRT (24); RLB (30); REO (32),2-4-5,ALSO D02 (SSL); ALSO D08 (SCBR); ALSO D11 (RLB); ALSO D12 (RCB); ALSO D13 (FSR); ALSO D14 (LLB); ALSO D18 (REO); ALSO D25 (LEO); ALSO D41 (DRT); ALSO D48 (MLB); ALSO D56 (DLT),ALSO D02 (0.0); ALSO D08 (0.0); ALSO D11 (0.0); ALSO D12 (0.0); ALSO D13 (0.0); ALSO D14 (+0.5); ALSO D18 (+0.5); ALSO D25 (0.0); ALSO D41 (0.0); ALSO D48 (0.0); ALSO D56 (-0.5),,T,ALSO,10,,LEO (12); DLT (18); DRT (24); REO (32),,FIELD GOAL,+15,4,INTERCEPTION,+20,,,+20,ALSO D18,,,,1,,,R,L,,,,,,KYUN 53 (LT); KYUN 77 (RG); KYUN 81 (TE-L); ALSO D14 (LLB); ALSO D18 (REO); ALSO D56 (DLT),,,,,,,,,,LLB (3); MLB (3); RLB (3),,O,O,KYUN 53; KYUN 81; ALSO D56,LWR^; SLWR; TE-L; HB-L; TE-R^,3x1,,2-0-1-2,12,KYUN 01; KYUN 04; KYUN 05; KYUN 81; KYUN 87,KYUN 01 (HB-L); KYUN 03 (QB); KYUN 04 (LWR); KYUN 05 (SLWR); KYUN 53 (LT); KYUN 71 (RT); KYUN 72 (C); KYUN 73 (LG); KYUN 77 (RG); KYUN 81 (TE-L); KYUN 87 (TE-R),KYUN 01 (0.0); KYUN 03 (0.0); KYUN 04 (0.0); KYUN 05 (0.0); KYUN 53 (-1.0); KYUN 71 (0.0); KYUN 72 (0.0); KYUN 73 (0.0); KYUN 77 (+0.5); KYUN 81 (-0.5); KYUN 87 (0.0),,F,KYUN,KYUN 04; KYUN 87,,,,4,,,,,,,,,,,,,,,,,,,,,,+19,LG,,LG,KYUN 77; ALSO D14; ALSO D18,,,0,,,KYUN 03,0,,,0,,HB-L,HB-L (-6),R,1; KYUN 01 (HB-L),,,,INSIDE ZONE,,R,,0,,S,,ALSO D18,,ALSO D18,ALSO D14,L;R,,,,LWR^(-16.5); SLWR(-7.5),,0,23,0,0,0,,true,1,2,3.426,-0.524,,false,12,KYUN 01,KYUN 81; KYUN 87,KYUN 04; KYUN 05,GUN WEAK,TREY - CLOSED,LWR; SLWR; TE-L; HB-L; TE-R,3x1,TREY - CLOSED,NICKEL,ALSO D02; ALSO D08; ALSO D12; ALSO D13; ALSO D14,ALSO D11; ALSO D25; ALSO D41; ALSO D48,ALSO D18; ALSO D56,WIDE OVER,,COVER 4,,20,,4.233,-0.555,31322_7195790,31322-KYUN-7
7195903,31322,2026-09-26,2026,04,411618,,2,3,00:30,0,1,0,21,0,7,3,7,0,,,,0,1,0,21,0,5,0,7195790,7195980,,21.21,0,,96,0,1.3,3.9,0,0,2,2,2,0,KYUN 01,6; ALSO D11 (26); ALSO D18 (34); ALSO D25 (10); ALSO D41 (25); ALSO D48 (19); ALSO D56 (17),KYUN 05; KYUN 19; KYUN 81,L,,,LCB (1); FSR (12); SCBiR (7); SCBoR (6); RCB (2),LOLB (10); DLT (17); LILB (19); DRT (25); RILB (26); REO (34),2-4-5,ALSO D02 (SCBiR); ALSO D08 (FSR); ALSO D11 (RILB); ALSO D12 (RCB); ALSO D14 (SCBoR); ALSO D18 (REO); ALSO D24 (LCB); ALSO D25 (LOLB); ALSO D41 (DRT); ALSO D48 (LILB); ALSO D56 (DLT),ALSO D02 (0.0); ALSO D08 (0.0); ALSO D11 (0.0); ALSO D12 (0.0); ALSO D14 (+0.5); ALSO D18 (0.0); ALSO D24 (0.0); ALSO D25 (-1.5); ALSO D41 (0.0); ALSO D48 (-1.0); ALSO D56 (0.0),ALSO D24,T,ALSO,9,,DLT (17); DRT (25); REO (34),,FIELD GOAL,+15,4,INTERCEPTION,+20,7,SR,+19,ALSO D14,,,,5,,,R,L,,ALSO D25,,,,KYUN 01 (HB-L); KYUN 71 (RT); ALSO D14 (SCBoR); ALSO D25 (LOLB); ALSO D48 (LILB),,,,,,,,,,LOLB (0); LILB (4); RILB (4),ALSO D25,C,C,ALSO D25; ALSO D48,LWR^; SLoWR; SLiWR; HB-L; RWR^,3x1,TE>SLoWR,3-0-1-1,11,KYUN 01; KYUN 04; KYUN 05; KYUN 19; KYUN 81,KYUN 01 (HB-L); KYUN 03 (QB); KYUN 04 (RWR); KYUN 05 (LWR); KYUN 19 (SLiWR); KYUN 53 (LT); KYUN 71 (RT); KYUN 72 (C); KYUN 73 (LG); KYUN 77 (RG); KYUN 81 (SLoWR),KYUN 01 (0.0); KYUN 03 (0.0); KYUN 04 (0.0); KYUN 05 (0.0); KYUN 19 (0.0); KYUN 53 (0.0); KYUN 71 (0.0); KYUN 72 (0.0); KYUN 73 (0.0); KYUN 77 (0.0); KYUN 81 (0.0),KYUN 19,F,KYUN,KYUN 04; KYUN 05,,5; KYUN 53 (LT); KYUN 71 (RT); KYUN 72 (C); KYUN 73 (LG); KYUN 77 (RG),,1,ALSO D48,,7; ALSO D02; ALSO D08; ALSO D11; ALSO D12; ALSO D14; ALSO D24; ALSO D48,5,R,KYUN 03 (QB),LWR 2(4); SLoWR 2(4); SLiWR 9o; HB-L h2(-4); RWR xd(2),2; 2; 9; H2; X,KYUN 05 2(4); KYUN 81 2(4); KYUN 19 9o; KYUN 01 h2(-4); KYUN 04 xd(2),HB-L,KYUN 01,COMPLETE,h2(-4),H2,4; ALSO D18 (REO); ALSO D25 (LOLB); ALSO D41 (DRT); ALSO D56 (DLT),HURRY,52,7R,ALSO D25 DOF,,,+14,,,,ALSO D14,ALSO D12 > KYUN 05; ALSO D24 > KYUN 04,ALSO D25 (CU) KYUN 71,0,,,KYUN 03,1,ALSO D25,KYUN 71,0,R,HB-L,HB-L (-5),,1; KYUN 01 (HB-L),,,,,,P,,0,KYUN 19* (R:L{R}>R:Lx),S,,ALSO D14,,ALSO D14,,,,,,LWR^(-4.5); SLoWR(-1.5); SLiWR(+1.5); RWR^(+14.5),,0,5,0,1,0,,false,1,1,2.902,0.653,Flare,false,11,KYUN 01,KYUN 81,KYUN 04; KYUN 05; KYUN 19,GUN STRONG,TRIPS - OPEN,LWR; SLoWR; SLiWR; HB-L; RWR,2x2,SLOT - SLOT,NICKEL,ALSO D02; ALSO D08; ALSO D12; ALSO D14; ALSO D24,ALSO D11; ALSO D25; ALSO D41; ALSO D48,ALSO D18; ALSO D56,WIDE UNDER,,COVER 1,,19,,3.678,0.823,31322_7195903,31322-KYUN-7
7195980,31322,2026-09-26,2026,04,411618,,2,3,00:24,0,0,0,21,0,7,4,-1,0,,,,0,0,0,21,0,,1,7195903,7196065,,21.21,0,,97,0,2.5,4.4,0,0,,,2,0,KYUN 03,7; ALSO D08 (39); ALSO D11 (29); ALSO D17 (12); ALSO D18 (34); ALSO D41 (27); ALSO D48 (18); ALSO D56 (21),,L,,,LCB (1); SCBL (5); SSR (10); RCB (2),LEO (12); LILB (18); NLT (21); DRT (27); RLB (29); REO (34); SSR (34); RLB (39),2-4-5,ALSO D02 (LCB); ALSO D08 (RLB); ALSO D11 (RLB); ALSO D12 (RCB); ALSO D13 (SSR); ALSO D14 (SCBL); ALSO D17 (LEO); ALSO D18 (REO); ALSO D41 (DRT); ALSO D48 (LILB); ALSO D56 (NLT),ALSO D02 (0.0); ALSO D08 (0.0); ALSO D11 (0.0); ALSO D12 (0.0); ALSO D13 (0.0); ALSO D14 (0.0); ALSO D17 (+0.5); ALSO D18 (0.0); ALSO D41 (0.0); ALSO D48 (0.0); ALSO D56 (0.0),ALSO D13; ALSO D17,T,ALSO,4,,LEO (12); NLT (21); DRT (27); REO (34),,FIELD GOAL,+15,4,INTERCEPTION,+20,0,RSR,+14,,,,,-1,,,R,L,,,,,,KYUN 03 (QB); ALSO D17 (LEO),,,,,,,,,,LILB (3); RLB (3); RLB (2),,C,C,,LWR^; TE-L; HB-R; SRWR; RWR^,2x2,TE>SRWR,2-0-1-2,12,KYUN 01; KYUN 04; KYUN 05; KYUN 81; KYUN 87,KYUN 01 (HB-R); KYUN 03 (QB); KYUN 04 (RWR); KYUN 05 (LWR); KYUN 53 (LT); KYUN 71 (RT); KYUN 72 (C); KYUN 73 (LG); KYUN 77 (RG); KYUN 81 (SRWR); KYUN 87 (TE-L),KYUN 01 (0.0); KYUN 03 (0.0); KYUN 04 (0.0); KYUN 05 (0.0); KYUN 53 (0.0); KYUN 71 (0.0); KYUN 72 (0.0); KYUN 73 (0.0); KYUN 77 (0.0); KYUN 81 (0.0); KYUN 87 (0.0),KYUN 87,F,KYUN,KYUN 04; KYUN 05,,5; KYUN 53 (LT); KYUN 71 (RT); KYUN 72 (C); KYUN 73 (LG); KYUN 77 (RG),,1,,,7; ALSO D02; ALSO D08; ALSO D11; ALSO D12; ALSO D13; ALSO D14; ALSO D48,,X,KYUN 03 (QB),LWR xo(10); TE-L xu(-3); HB-R fl; SRWR 9o; RWR 8i(9),X; X; -; 9; 8,KYUN 05 xo(10); KYUN 87 xu(-3); KYUN 01 fl; KYUN 81 9o; KYUN 04 8i(9),,,SACK,,,4; ALSO D17 (LEO); ALSO D18 (REO); ALSO D41 (DRT); ALSO D56 (NLT),SACK,,,,,KYUN 01,+15,,,,ALSO D17,ALSO D02 > KYUN 04; ALSO D12 > KYUN 05,ALSO D17 (P) KYUN 03,0,,ALSO D17,KYUN 03,1,ALSO D17,KYUN 03,0,,HB-R,HB-R (-5),,1; KYUN 01 (HB-R),,,,OUTSIDE ZONE,,P,ALSO D17,0,KYUN 81* (L:Rx),S,,ALSO D17,,,,L,,,,LWR^(-5.5); SRWR(+11.5); RWR^(+18.5),,0,12,0,0,0,,false,1,1,3.555,-1.047,,false,12,KYUN 01,KYUN 81; KYUN 87,KYUN 04; KYUN 05,GUN WEAK,SLOT - PRO,LWR; TE-L; HB-R; SRWR; RWR,3x1,TOAD WING - OPEN,NICKEL,ALSO D02; ALSO D08; ALSO D12; ALSO D13; ALSO D14,ALSO D11; ALSO D17; ALSO D41; ALSO D48,ALSO D18; ALSO D56,OVER,,COVER 1,,14,,4.501,-2.013,31322_7195980,31322-KYUN-7
7197470,31322,2026-09-26,2026,04,411618,,3,1,15:00,0,,0,21,0,8,1,4,0,,,,0,0,0,24,0,,0,7197402,7197535,,24.21,0,,102,0,,,0,0,,3,0,0,KYUN 01,7; ALSO D11 (30); ALSO D14 (04); ALSO D17 (12); ALSO D18 (34); ALSO D41 (17); ALSO D48 (20); ALSO D56 (25),,,,,SSL (7); FSR (11); SCBR (2); RCB (7),LLB (04); SSL (08); LEO (12); DLT (17); LILB (20); DRT (25); RLB (30); REO (34),2-4-5,ALSO D02 (RCB); ALSO D08 (SCBR); ALSO D11 (RLB); ALSO D12 (SSL); ALSO D13 (FSR); ALSO D14 (LLB); ALSO D17 (LEO); ALSO D18 (REO); ALSO D41 (DLT); ALSO D48 (LILB); ALSO D56 (DRT),ALSO D02 (0.0); ALSO D08 (0.0); ALSO D11 (0.0); ALSO D12 (0.0); ALSO D13 (0.0); ALSO D14 (0.0); ALSO D17 (-0.5); ALSO D18 (0.0); ALSO D41 (-0.5); ALSO D48 (+0.5); ALSO D56 (0.0),DRIVE START,F,ALSO,10,,LEO (12); DLT (17); DRT (25); REO (34),,TOUCHDOWN,+0,4,KICKOFF - FC,-25,,,-25,ALSO D41,,,,4,,,R,L,,,,,,KYUN 71 (RT); KYUN 77 (RG); KYUN 87 (TE-R); ALSO D17 (LEO); ALSO D41 (DLT); ALSO D48 (LILB),,,,,,,,,,LLB (2); LILB (3); RLB (3),,O,O,KYUN 77; ALSO D17; ALSO D41,LWR^; SLWR; TE-L; HB; TE-R^,3x1,,2-0-1-2,12,KYUN 01; KYUN 05; KYUN 12; KYUN 81; KYUN 87,KYUN 01 (HB); KYUN 03 (QB); KYUN 05 (SLWR); KYUN 12 (LWR); KYUN 53 (LT); KYUN 71 (RT); KYUN 72 (C); KYUN 73 (LG); KYUN 77 (RG); KYUN 81 (TE-L); KYUN 87 (TE-R),KYUN 01 (0.0); KYUN 03 (0.0); KYUN 05 (0.0); KYUN 12 (0.0); KYUN 53 (0.0); KYUN 71 (+0.5); KYUN 72 (0.0); KYUN 73 (0.0); KYUN 77 (-0.5); KYUN 81 (0.0); KYUN 87 (+0.5),DRIVE START,T,KYUN,KYUN 12; KYUN 87,,,,4,,,,,,,,,,,,,,,,,,,,P,,-29,RT,,RT,KYUN 71; KYUN 87; ALSO D48,,,0,,,KYUN 03,0,,,0,,HB,HB (-7),L,1; KYUN 01 (HB),,,,OUTSIDE ZONE,,R,,+3,KYUN 01 (B:B),S,,ALSO D13,,ALSO D13,,L;R,,,,LWR^(-15.5); SLWR(-6.5),,0,6,0,0,0,,false,3,3,1.369,0.078,,false,12,KYUN 01,KYUN 81; KYUN 87,KYUN 05; KYUN 12,PISTOL,TREY - CLOSED,LWR; SLWR; TE-L; HB; TE-R,3x1,TREY - CLOSED,NICKEL,ALSO D02; ALSO D08; ALSO D12; ALSO D13; ALSO D14,ALSO D11; ALSO D17; ALSO D41; ALSO D48,ALSO D18; ALSO D56,WIDE OVER,,COVER 4,,75,,1.727,-0.237,31322_7197470,31322-KYUN-8
7197535,31322,2026-09-26,2026,04,411618,,3,2,14:26,0,,0,21,0,8,2,53,0,1,,,0,0,0,24,0,,0,7197470,7197542,,24.21,0,,103,0,,,0,0,,7,0,0,KYUN 01,8; ALSO D08 (40); ALSO D11 (29); ALSO D14 (04); ALSO D17 (12); ALSO D18 (34); ALSO D41 (17); ALSO D48 (20); ALSO D56 (25),,,,,LCB (2); FS (12); RCB (6),LLB (04); LEO (12); DLT (17); LILB (20); DRT (25); RLB (29); REO (34); RLB (40),2-4-5,ALSO D02 (RCB); ALSO D08 (RLB); ALSO D11 (RLB); ALSO D12 (LCB); ALSO D13 (FS); ALSO D14 (LLB); ALSO D17 (LEO); ALSO D18 (REO); ALSO D41 (DLT); ALSO D48 (LILB); ALSO D56 (DRT),ALSO D02 (0.0); ALSO D08 (0.0); ALSO D11 (0.0); ALSO D12 (0.0); ALSO D13 (-1.0); ALSO D14 (0.0); ALSO D17 (0.0); ALSO D18 (0.0); ALSO D41 (-0.5); ALSO D48 (-1.0); ALSO D56 (-0.5),,F,ALSO,6,,LEO (12); DLT (17); DRT (25); REO (34),,TOUCHDOWN,+0,4,KICKOFF - FC,-25,,,-29,ALSO D13,,,,53,,,C,C,,,,,,KYUN 01 (HB-R); KYUN 73 (LG); KYUN 77 (RG); KYUN 81 (TE-L); ALSO D13 (FS); ALSO D41 (DLT); ALSO D48 (LILB); ALSO D56 (DRT),,,,,,,,,,LLB (5); LILB (4); RLB (4); RLB (4),ALSO D13,C,C,ALSO D13; ALSO D41; ALSO D48; ALSO D56,LWR^; TE-L; HB-R; TE-R; RWR^,2x2,,2-0-1-2,12,KYUN 01; KYUN 05; KYUN 12; KYUN 81; KYUN 87,KYUN 01 (HB-R); KYUN 03 (QB); KYUN 05 (RWR); KYUN 12 (LWR); KYUN 53 (LT); KYUN 71 (RT); KYUN 72 (C); KYUN 73 (LG); KYUN 77 (RG); KYUN 81 (TE-L); KYUN 87 (TE-R),KYUN 01 (+1.0); KYUN 03 (0.0); KYUN 05 (0.0); KYUN 12 (0.0); KYUN 53 (0.0); KYUN 71 (0.0); KYUN 72 (0.0); KYUN 73 (+0.5); KYUN 77 (+0.5); KYUN 81 (0.0); KYUN 87 (0.0),,T,KYUN,KYUN 05; KYUN 12,,,,3,,,,,,,LWR 6(5); TE-L r; HB-R r; TE-R r; RWR 9o,6; -; -; -; 9,KYUN 12 6(5); KYUN 81 r; KYUN 01 r; KYUN 87 r; KYUN 05 9o,,,,,,,,,,,,,+18,RG,,RG,KYUN 01; KYUN 73; KYUN 77,ALSO D12 > KYUN 05,,0,,,KYUN 03,0,,,0,,HB-R,HB-R (-6),L,1; KYUN 01 (HB-R),,,,INSIDE ZONE,SPLIT,R,,+3,,S,,,,ALSO D14,,L;R,,,,LWR^(-12.5); RWR^(+18.5),,1,11,0,0,0,,false,3,3,1.447,3.567,,false,12,KYUN 01,KYUN 81; KYUN 87,KYUN 05; KYUN 12,GUN WEAK,PRO - PRO,LWR; TE-L; HB-R; TE-R; RWR,2x2,PRO - PRO,NICKEL,ALSO D02; ALSO D08; ALSO D12; ALSO D13; ALSO D14,ALSO D11; ALSO D17; ALSO D41; ALSO D48,ALSO D18; ALSO D56,WIDE UNDER,,COVER 3,,71,,1.49,3.261,31322_7197535,31322-KYUN-8
7197542,31322,2026-09-26,2026,04,411618,,3,1,13:57,0,,0,21,0,8,3,3,0,,,,0,0,0,24,0,,0,7197535,7197587,,24.21,0,,104,0,,,0,0,,1,0,0,KYUN 01,8; ALSO D08 (38); ALSO D11 (26); ALSO D14 (16); ALSO D17 (12); ALSO D18 (38); ALSO D41 (17); ALSO D48 (19); ALSO D56 (25),,,,,LCB (7); SS (8); FSR (13); RCB (6),LEO (12); SS (16); DLT (17); LILB (19); DRT (25); RILB (26); RLB (38); ROLB (38),2-4-5,ALSO D02 (RCB); ALSO D08 (RLB); ALSO D11 (RILB); ALSO D12 (LCB); ALSO D13 (FSR); ALSO D14 (SS); ALSO D17 (LEO); ALSO D18 (ROLB); ALSO D41 (DLT); ALSO D48 (LILB); ALSO D56 (DRT),ALSO D02 (0.0); ALSO D08 (0.0); ALSO D11 (0.0); ALSO D12 (0.0); ALSO D13 (0.0); ALSO D14 (0.0); ALSO D17 (-0.5); ALSO D18 (0.0); ALSO D41 (0.0); ALSO D48 (+0.5); ALSO D56 (0.0),,T,ALSO,10,,LEO (12); DLT (17); DRT (25),,TOUCHDOWN,+0,4,KICKOFF - FC,-25,,,+18,ALSO D08,,,,3,,,R,L,,,,,,KYUN 71 (RT); KYUN 87 (TE-R); ALSO D17 (LEO); ALSO D48 (LILB),,,,,,,,,,LILB (3); RILB (3); RLB (5); ROLB (0),,C,C,KYUN 71; ALSO D17,LWR^; TE-L; HB-R; TE-R; RWR^,2x2,,2-0-1-2,12,KYUN 01; KYUN 05; KYUN 12; KYUN 81; KYUN 87,KYUN 01 (HB-R); KYUN 03 (QB); KYUN 05 (RWR); KYUN 12 (LWR); KYUN 53 (LT); KYUN 71 (RT); KYUN 72 (C); KYUN 73 (LG); KYUN 77 (RG); KYUN 81 (TE-L); KYUN 87 (TE-R),KYUN 01 (0.0); KYUN 03 (0.0); KYUN 05 (0.0); KYUN 12 (0.0); KYUN 53 (0.0); KYUN 71 (-0.5); KYUN 72 (0.0); KYUN 73 (0.0); KYUN 77 (0.0); KYUN 81 (0.0); KYUN 87 (+0.5),,F,KYUN,KYUN 05; KYUN 12,,,,3,,,,,,,LWR 6(5); TE-L r; HB-R r; TE-R r; RWR 6(5),6; -; -; -; 6,KYUN 12 6(5); KYUN 81 r; KYUN 01 r; KYUN 87 r; KYUN 05 6(5),,,,,,,,,,,,,+15,RE,,RE,KYUN 87; ALSO D48,,,0,,,KYUN 03,0,,,0,,HB-R,HB-R (-6),L,1; KYUN 01 (HB-R),,,,INSIDE ZONE,SPLIT,R,,+3,,S,,ALSO D08,,ALSO D08,ALSO D48,L;R,,,,LWR^(-12.5); RWR^(+17.5),,1,25,0,0,0,,true,3,3,5.014,-0.335,,false,12,KYUN 01,KYUN 81; KYUN 87,KYUN 05; KYUN 12,GUN WEAK,PRO - PRO,LWR; TE-L; HB-R; TE-R; RWR,2x2,PRO - PRO,NICKEL,ALSO D02; ALSO D08; ALSO D12; ALSO D13; ALSO D14,ALSO D11; ALSO D17; ALSO D41; ALSO D48,ALSO D18; ALSO D56,WIDE UNDER,,COVER 3,,18,,4.751,-0.095,31322_7197542,31322-KYUN-8
7197587,31322,2026-09-26,2026,04,411618,,3,2,13:20,1,,0,21,0,8,4,15,0,1,,,0,0,0,24,0,,0,7197542,7197593,,24.21,0,,105,0,,,0,0,,0,0,0,KYUN 26,8; ALSO D08 (22); ALSO D11 (25); ALSO D13 (34); ALSO D17 (10); ALSO D18 (34); ALSO D41 (17); ALSO D48 (18); ALSO D56 (25),KYUN 05; KYUN 81,,,,LCB (7); SCBR (7); RCB (6),LEO (10); DLT (17); LILB (18); MLB (22); DRT (25); RILB (25); RLB (34); ROLB (34),2-4-5,ALSO D02 (RCB); ALSO D08 (MLB); ALSO D11 (RILB); ALSO D12 (LCB); ALSO D13 (RLB); ALSO D14 (SCBR); ALSO D17 (LEO); ALSO D18 (ROLB); ALSO D41 (DLT); ALSO D48 (LILB); ALSO D56 (DRT),ALSO D02 (-1.0); ALSO D08 (-1.0); ALSO D11 (0.0); ALSO D12 (0.0); ALSO D13 (0.0); ALSO D14 (0.0); ALSO D17 (0.0); ALSO D18 (0.0); ALSO D41 (0.0); ALSO D48 (0.0); ALSO D56 (0.0),,F,ALSO,7,,LEO (10); DLT (17); DRT (25),,TOUCHDOWN,+0,4,KICKOFF - FC,-25,,,+15,,,,,15,,,R,L,,,,,,KYUN 05 (LWR); KYUN 26 (HB); ALSO D02 (RCB); ALSO D08 (MLB),,,,,,,,,,LILB (3); MLB (5); RILB (3); RLB (5); ROLB (0),,O,O,ALSO D02; ALSO D08,LWR^; SLWR; TE-L; HB; RWR^,3x1,TE>SLWR,2-0-1-2,12,KYUN 05; KYUN 12; KYUN 26; KYUN 81; KYUN 87,KYUN 03 (QB); KYUN 05 (LWR); KYUN 12 (RWR); KYUN 26 (HB); KYUN 53 (LT); KYUN 71 (RT); KYUN 72 (C); KYUN 73 (LG); KYUN 77 (RG); KYUN 81 (SLWR); KYUN 87 (TE-L),KYUN 03 (0.0); KYUN 05 (+0.5); KYUN 12 (0.0); KYUN 26 (+1.0); KYUN 53 (0.0); KYUN 71 (0.0); KYUN 72 (0.0); KYUN 73 (0.0); KYUN 77 (0.0); KYUN 81 (0.0); KYUN 87 (0.0),KYUN 26,T,KYUN,KYUN 05; KYUN 12,,,,0b,,,,,,,,,,,,,,,,,,,,P,,+0,LE,,LE,KYUN 05; KYUN 26,,,0,,,KYUN 03,0,,,0,,HB,HB (-8),L,1; KYUN 26 (HB),,,,PULL LEAD,PITCH,R,,+3,KYUN 81* (R:Lx); KYUN 87* (R:Lx),S,,,,,,L,KYUN 26,,,LWR^(-0.5); SLWR(+3.5); RWR^(+15.5),,0,10,0,0,0,,false,3,3,4.679,2.321,,false,12,KYUN 26,KYUN 81; KYUN 87,KYUN 05; KYUN 12,PISTOL,TREY - OPEN,LWR; SLWR; TE-L; HB; RWR,1x3,TOAD WING - OPEN,NICKEL,ALSO D02; ALSO D08; ALSO D12; ALSO D13; ALSO D14,ALSO D11; ALSO D17; ALSO D41; ALSO D48,ALSO D18; ALSO D56,WIDE UNDER,,COVER 0,,15,,4.656,2.344,31322_7197587,31322-KYUN-8
7198353,31322,2026-09-26,2026,04,411618,,3,1,09:07,0,,0,21,0,9,1,6,0,,,,0,0,1,31,1,,0,7198149,7198494,,31.21,0,,115,0,,,0,1,,6,0,0,KYUN 02,7; ALSO D11 (32); ALSO D14 (08); ALSO D18 (14); ALSO D25 (36); ALSO D41 (27); ALSO D48 (22); ALSO D56 (22),,,,,SSL (7); SCBiR (10); SCBoR (3); RCB (7),LLB (08); SSL (12); LE (14); NT (22); MLB (22); DRT (27); RLB (32); ROLB (36),2-4-5,ALSO D02 (SSL); ALSO D08 (SCBiR); ALSO D11 (RLB); ALSO D12 (RCB); ALSO D14 (LLB); ALSO D18 (LE); ALSO D24 (SCBoR); ALSO D25 (ROLB); ALSO D41 (DRT); ALSO D48 (MLB); ALSO D56 (NT),ALSO D02 (0.0); ALSO D08 (0.0); ALSO D11 (0.0); ALSO D12 (0.0); ALSO D14 (0.0); ALSO D18 (0.0); ALSO D24 (0.0); ALSO D25 (-0.5); ALSO D41 (-0.5); ALSO D48 (0.0); ALSO D56 (0.0),DRIVE START,F,ALSO,10,,LE (14); NT (22); DRT (27),,FUMBLE,+18,7,PUNT - DOWNED,-15,,,-15,ALSO D25,,,,6,,,L,R,,,,,,KYUN 02 (HB-L); KYUN 53 (TE-L); KYUN 73 (LG); ALSO D11 (RLB); ALSO D25 (ROLB); ALSO D41 (DRT),,,,,,,,,,LLB (5); MLB (4); RLB (4); ROLB (0),,O,O,KYUN 53; ALSO D25; ALSO D41,LWR^; SLoWR; SLiWR; TE-L^; HB-L,4x0,OL>TE-L; TE>RT,3-0-1-1,11,KYUN 02; KYUN 06; KYUN 12; KYUN 19; KYUN 53,KYUN 02 (HB-L); KYUN 03 (QB); KYUN 06 (SLoWR); KYUN 12 (LWR); KYUN 19 (SLiWR); KYUN 53 (TE-L); KYUN 71 (LT); KYUN 72 (C); KYUN 73 (LG); KYUN 77 (RG); KYUN 81 (RT),KYUN 02 (+0.5); KYUN 03 (0.0); KYUN 06 (0.0); KYUN 12 (0.0); KYUN 19 (0.0); KYUN 53 (-0.5); KYUN 71 (0.0); KYUN 72 (0.0); KYUN 73 (+0.5); KYUN 77 (0.0); KYUN 81 (0.0),DRIVE START,T,KYUN,KYUN 12; KYUN 53,,,,4,,,,,,,,,,,,,,,,,,,,,,-21,LG,,LG,KYUN 02; KYUN 73,,,0,,,KYUN 03,0,,,0,,HB-L,HB-L (-6),R,1; KYUN 02 (HB-L),,,,INSIDE ZONE,READ OPTION,R,,+10,,S,,,,ALSO D11,ALSO D25,L,,,,LWR^(-22.5); SLoWR(-17.5); SLiWR(-15.5),,0,16,0,0,0,,false,3,3,1.184,0.247,,false,11,KYUN 02,KYUN 81,KYUN 06; KYUN 12; KYUN 19,GUN STRONG,QUAY - NIX,LWR; SLoWR; SLiWR; TE-L; HB-L,4x0,QUAY - NIX,NICKEL,ALSO D02; ALSO D08; ALSO D12; ALSO D14; ALSO D24,ALSO D11; ALSO D25; ALSO D41; ALSO D48,ALSO D18; ALSO D56,OVER,,COVER 4,,85,,0.859,0.148,31322_7198353,31322-KYUN-9
7198494,31322,2026-09-26,2026,04,411618,,3,2,08:21,0,,0,21,0,9,2,8,0,1,,,0,0,1,31,0,,0,7198353,7198511,,31.21,0,,116,0,,,0,1,,3,0,0,KYUN 02,7; ALSO D14 (40); ALSO D16 (15); ALSO D18 (08); ALSO D25 (31); ALSO D41 (16); ALSO D48 (26); ALSO D56 (23),,,,,LCB (7); SCBL (4); FSL (11); SSR (7),LEO (08); LLB (15); DLT (16); NRT (23); RILB (26); RE (31); RLB (40); SSR (44),2-4-5,ALSO D02 (LCB); ALSO D08 (SCBL); ALSO D12 (SSR); ALSO D13 (FSL); ALSO D14 (RLB); ALSO D16 (LLB); ALSO D18 (LEO); ALSO D25 (RE); ALSO D41 (DLT); ALSO D48 (RILB); ALSO D56 (NRT),ALSO D02 (0.0); ALSO D08 (-0.5); ALSO D12 (0.0); ALSO D13 (0.0); ALSO D14 (0.0); ALSO D16 (-0.5); ALSO D18 (0.0); ALSO D25 (0.0); ALSO D41 (0.0); ALSO D48 (-1.0); ALSO D56 (0.0),ALSO D13; ALSO D16,F,ALSO,4,,LEO (08); DLT (16); NRT (23); RE (31),,FUMBLE,+18,7,PUNT - DOWNED,-15,,,-21,ALSO D13,,,,8,,,L,R,,,,,,KYUN 02 (HB); KYUN 53 (TE-R); KYUN 81 (TE-L); ALSO D08 (SCBL); ALSO D16 (LLB); ALSO D48 (RILB),,,,,,,,,,LLB (4); RILB (3); RLB (2),,C,C,ALSO D08; ALSO D16; ALSO D48,TE-L; HB; TE-R^; SRWR; RWR^,1x3,OL>TE-R; TE>LT,2-0-1-2,12,KYUN 02; KYUN 06; KYUN 12; KYUN 53; KYUN 81,KYUN 02 (HB); KYUN 03 (QB); KYUN 06 (SRWR); KYUN 12 (RWR); KYUN 53 (TE-R); KYUN 71 (RT); KYUN 72 (C); KYUN 73 (LG); KYUN 77 (RG); KYUN 81 (TE-L); KYUN 87 (LT),KYUN 02 (+0.5); KYUN 03 (0.0); KYUN 06 (0.0); KYUN 12 (0.0); KYUN 53 (+0.5); KYUN 71 (0.0); KYUN 72 (0.0); KYUN 73 (0.0); KYUN 77 (0.0); KYUN 81 (+0.5); KYUN 87 (0.0),KYUN 87,T,KYUN,KYUN 12; KYUN 53,,,,3,,,,,,,,,,,,,,,,,,,,P,,-29,RE,,RE,KYUN 02; KYUN 53; KYUN 81,,,0,,,KYUN 03,0,,,0,,HB,HB (-8),R,1; KYUN 02 (HB),,,,COUNTER,CROSS LEAD,R,,+10,KYUN 06* (R:L{R}),S,,,,ALSO D13,,L;R,,,,SRWR(+0.5); RWR^(+14.5),,0,9,0,0,0,,false,3,2,1.431,0.482,,false,12,KYUN 02,KYUN 81; KYUN 87,KYUN 06; KYUN 12,PISTOL,TREY - CLOSED,TE-L; HB; TE-R; SRWR; RWR,1x3,TREY - CLOSED,NICKEL,ALSO D02; ALSO D08; ALSO D12; ALSO D13; ALSO D14,ALSO D16; ALSO D25; ALSO D41; ALSO D48,ALSO D18; ALSO D56,OVER,,COVER 3,,79,,1.007,1.048,31322_7198494,31322-KYUN-9
7198511,31322,2026-09-26,2026,04,411618,,3,1,08:00,1,1,0,21,0,9,3,7,0,,,,0,0,0,31,0,,1,7198494,7198519,,31.21,0,,117,0,,1.7,0,0,2,1,0,0,KYUN 06,7; ALSO D08 (40); ALSO D16 (27); ALSO D18 (29); ALSO D25 (04); ALSO D41 (14); ALSO D48 (16); ALSO D56 (22),,R,,,LCB (6); SSL (7); SSR (10); RCB (9),LOLB (04); SSL (10); LE (14); LILB (16); NT (22); RILB (27); RE (29); SSR (38); RLB (40),2-4-5,ALSO D02 (LCB); ALSO D08 (RLB); ALSO D12 (RCB); ALSO D13 (SSR); ALSO D14 (SSL); ALSO D16 (RILB); ALSO D18 (RE); ALSO D25 (LOLB); ALSO D41 (LE); ALSO D48 (LILB); ALSO D56 (NT),ALSO D02 (0.0); ALSO D08 (0.0); ALSO D12 (-1.0); ALSO D13 (0.0); ALSO D14 (0.0); ALSO D16 (0.0); ALSO D18 (0.0); ALSO D25 (0.0); ALSO D41 (0.0); ALSO D48 (0.0); ALSO D56 (0.0),,F,ALSO,10,,LE (14); NT (22); RE (29),,FUMBLE,+18,7,PUNT - DOWNED,-15,6,SD,-29,ALSO D13,,,,7,,,R,L,,,,,,KYUN 06 (LWR); ALSO D12 (RCB),,,,,,,,,,LOLB (0); LILB (4); RILB (4); RLB (3),ALSO D12,O,O,ALSO D12,LWR^; TE-L; HB-L; TE-R; RWR^,2x2,,2-0-1-2,12,KYUN 02; KYUN 06; KYUN 12; KYUN 81; KYUN 87,KYUN 02 (HB-L); KYUN 03 (QB); KYUN 06 (LWR); KYUN 12 (RWR); KYUN 53 (LT); KYUN 71 (RT); KYUN 72 (C); KYUN 73 (LG); KYUN 77 (RG); KYUN 81 (TE-L); KYUN 87 (TE-R),KYUN 02 (0.0); KYUN 03 (0.0); KYUN 06 (0.0); KYUN 12 (0.0); KYUN 53 (0.0); KYUN 71 (0.0); KYUN 72 (0.0); KYUN 73 (0.0); KYUN 77 (0.0); KYUN 81 (0.0); KYUN 87 (0.0),,T,KYUN,KYUN 06; KYUN 12,,8; KYUN 02 (HB-L); KYUN 53 (LT); KYUN 71 (RT); KYUN 72 (C); KYUN 73 (LG); KYUN 77 (RG); KYUN 81 (TE-L); KYUN 87 (TE-R),,4b,ALSO D12,,6; ALSO D02; ALSO D12; ALSO D13; ALSO D14; ALSO D16; ALSO D48,5,M,KYUN 03 (QB),LWR 6(5); TE-L r; HB-L fr; TE-R r; RWR 6(5),6; -; -; -; 6,KYUN 06 6(5); KYUN 81 r; KYUN 02 fr; KYUN 87 r; KYUN 12 6(5),LWR,KYUN 06,COMPLETE,6(5),6R,5; ALSO D08 (RLB); ALSO D18 (RE); ALSO D25 (LOLB); ALSO D41 (LE); ALSO D56 (NT),,13,3L,,,KYUN 02,-36,,,,,,,0,,,KYUN 03,0,,,0,,HB-L,HB-L (-6),,1; KYUN 02 (HB-L),,,,INSIDE ZONE,,P,,+10,,S,,,,ALSO D13,,L;R,,,,LWR^(-12.5); RWR^(+20.5),,1,26,0,0,0,,true,3,2,1.913,0.745,Hitch,false,12,KYUN 02,KYUN 81; KYUN 87,KYUN 06; KYUN 12,GUN STRONG,PRO - PRO,LWR; TE-L; HB-L; TE-R; RWR,2x2,PRO - PRO,NICKEL,ALSO D02; ALSO D08; ALSO D12; ALSO D13; ALSO D14,ALSO D16; ALSO D25; ALSO D41; ALSO D48,ALSO D18; ALSO D56,ODD,,COVER 4,,71,,2.055,0.501,31322_7198511,31322-KYUN-9
7198519,31322,2026-09-26,2026,04,411618,,3,2,07:41,0,1,0,21,0,9,4,4,0,1,,,0,0,0,31,0,,1,7198511,7198574,,31.21,0,,118,0,,1.5,0,0,0,0,0,0,KYUN 12,7; ALSO D08 (04); ALSO D16 (16); ALSO D18 (14); ALSO D25 (38); ALSO D41 (30); ALSO D48 (28); ALSO D56 (22),,L,,,LCB (7); SSL (10); SSR (7); RCB (7),LLB (04); SSL (06); LE (14); LILB (16); NT (22); RILB (28); RE (30); ROLB (38); SSR (38),2-4-5,ALSO D02 (LCB); ALSO D08 (LLB); ALSO D12 (RCB); ALSO D13 (SSL); ALSO D14 (SSR); ALSO D16 (LILB); ALSO D18 (LE); ALSO D25 (ROLB); ALSO D41 (RE); ALSO D48 (RILB); ALSO D56 (NT),ALSO D02 (0.0); ALSO D08 (0.0); ALSO D12 (0.0); ALSO D13 (0.0); ALSO D14 (0.0); ALSO D16 (0.0); ALSO D18 (0.0); ALSO D25 (0.0); ALSO D41 (0.0); ALSO D48 (0.0); ALSO D56 (0.0),,F,ALSO,3,,LE (14); NT (22); RE (30),,FUMBLE,+18,7,PUNT - DOWNED,-15,4,SD,-36,ALSO D02,,,,4,,,L,R,,,,,,KYUN 12 (RWR); ALSO D02 (LCB),,,,,,,,,,LLB (3); LILB (4); RILB (3); ROLB (0),,O,O,,LWR^; TE-L; HB-R; TE-R; RWR^,2x2,,2-0-1-2,12,KYUN 02; KYUN 06; KYUN 12; KYUN 81; KYUN 87,KYUN 02 (HB-R); KYUN 03 (QB); KYUN 06 (LWR); KYUN 12 (RWR); KYUN 53 (LT); KYUN 71 (RT); KYUN 72 (C); KYUN 73 (LG); KYUN 77 (RG); KYUN 81 (TE-L); KYUN 87 (TE-R),KYUN 02 (0.0); KYUN 03 (0.0); KYUN 06 (0.0); KYUN 12 (+0.5); KYUN 53 (0.0); KYUN 71 (0.0); KYUN 72 (0.0); KYUN 73 (0.0); KYUN 77 (0.0); KYUN 81 (0.0); KYUN 87 (0.0),,T,KYUN,KYUN 06; KYUN 12,,6; KYUN 53 (LT); KYUN 71 (RT); KYUN 72 (C); KYUN 73 (LG); KYUN 77 (RG); KYUN 87 (TE-R),,4,ALSO D02,,7; ALSO D02; ALSO D08; ALSO D12; ALSO D13; ALSO D14; ALSO D16; ALSO D48,4,M,KYUN 03 (QB),LWR 6(4); TE-L r; HB-R fl; TE-R r; RWR 6(4),6; -; -; -; 6,KYUN 06 6(4); KYUN 81 r; KYUN 02 fl; KYUN 87 r; KYUN 12 6(4),RWR,KYUN 12,COMPLETE,6(4),6R,4; ALSO D18 (LE); ALSO D25 (ROLB); ALSO D41 (RE); ALSO D56 (NT),,40,5R,,,KYUN 02,-40,,,,KYUN 12,,,0,,,KYUN 03,0,,,0,,HB-R,HB-R (-6),,1; KYUN 02 (HB-R),,,,INSIDE ZONE,,P,,+10,,S,,,,ALSO D02,,L;R,,,,LWR^(-18.5); RWR^(+13.5),1; ALSO D02,1,27,0,0,0,,true,3,2,2.658,-0.034,Hitch,false,12,KYUN 02,KYUN 81; KYUN 87,KYUN 06; KYUN 12,GUN STRONG,PRO - PRO,LWR; TE-L; HB-R; TE-R; RWR,2x2,PRO - PRO,NICKEL,ALSO D02; ALSO D08; ALSO D12; ALSO D13; ALSO D14,ALSO D16; ALSO D25; ALSO D41; ALSO D48,ALSO D18; ALSO D56,ODD,,COVER 4,,64,,2.556,0.32,31322_7198519,31322-KYUN-9
7198574,31322,2026-09-26,2026,04,411618,,3,1,07:03,0,,0,21,0,9,5,39,0,1,,,0,0,0,31,0,,0,7198519,7198637,,31.21,0,,119,0,,,0,0,,0,0,0,KYUN 02,8; ALSO D02 (00); ALSO D14 (03); ALSO D16 (30); ALSO D18 (34); ALSO D25 (12); ALSO D41 (16); ALSO D48 (21); ALSO D56 (25),,,,,FSR (11); SCBR (4); RCB (8),LLB (00); LLB (03); LEO (12); DLT (16); MLB (21); DRT (25); RLB (30); REO (34),2-4-5,ALSO D02 (LLB); ALSO D08 (SCBR); ALSO D12 (RCB); ALSO D13 (FSR); ALSO D14 (LLB); ALSO D16 (RLB); ALSO D18 (REO); ALSO D25 (LEO); ALSO D41 (DLT); ALSO D48 (MLB); ALSO D56 (DRT),ALSO D02 (0.0); ALSO D08 (0.0); ALSO D12 (-1.0); ALSO D13 (0.0); ALSO D14 (0.0); ALSO D16 (-1.0); ALSO D18 (0.0); ALSO D25 (0.0); ALSO D41 (0.0); ALSO D48 (0.0); ALSO D56 (-0.5),,F,ALSO,10,,LEO (12); DLT (16); DRT (25); REO (34),,FUMBLE,+18,7,PUNT - DOWNED,-15,,,-40,ALSO D12,,,,39,,,R,L,,,,,,KYUN 02 (HB); KYUN 72 (C); KYUN 73 (LG); ALSO D12 (RCB); ALSO D16 (RLB); ALSO D56 (DRT),,,,,,,,,,LLB (6); LLB (2); MLB (4); RLB (4),ALSO D12,O,O,ALSO D12; ALSO D16; ALSO D56,LWR^; SLWR; TE-L; HB; TE-R^,3x1,,2-0-1-2,12,KYUN 02; KYUN 06; KYUN 12; KYUN 81; KYUN 87,KYUN 02 (HB); KYUN 03 (QB); KYUN 06 (SLWR); KYUN 12 (LWR); KYUN 53 (LT); KYUN 71 (RT); KYUN 72 (C); KYUN 73 (LG); KYUN 77 (RG); KYUN 81 (TE-L); KYUN 87 (TE-R),KYUN 02 (+1.0); KYUN 03 (0.0); KYUN 06 (0.0); KYUN 12 (0.0); KYUN 53 (0.0); KYUN 71 (0.0); KYUN 72 (+0.5); KYUN 73 (+0.5); KYUN 77 (0.0); KYUN 81 (0.0); KYUN 87 (0.0),,T,KYUN,KYUN 12; KYUN 87,,,,4,,,,,,,,,,,,,,,,,,,,P,,+21,ML,,ML,KYUN 02; KYUN 72; KYUN 73,,,0,,,KYUN 03,0,,,0,,HB,HB (-8),L,1; KYUN 02 (HB),,,,OUTSIDE ZONE,,R,,+10,KYUN 02 (B:B),S,,,,ALSO D12,,L;R,,,,LWR^(-16.5); SLWR(-7.5),,0,8,0,0,0,,false,3,2,2.624,2.198,,false,12,KYUN 02,KYUN 81; KYUN 87,KYUN 06; KYUN 12,PISTOL,TREY - CLOSED,LWR; SLWR; TE-L; HB; TE-R,3x1,TREY - CLOSED,NICKEL,ALSO D02; ALSO D08; ALSO D12; ALSO D13; ALSO D14,ALSO D16; ALSO D25; ALSO D41; ALSO D48,ALSO D18; ALSO D56,WIDE OVER,,COVER 4,,60,,2.876,1.802,31322_7198574,31322-KYUN-9
7198637,31322,2026-09-26,2026,04,411618,,3,1,06:06,1,,0,21,0,9,6,6,0,,,,0,0,1,31,1,,0,7198574,7198652,,31.21,0,,120,0,,,0,1,,7,0,0,KYUN 02,7; ALSO D14 (15); ALSO D16 (06); ALSO D17 (36); ALSO D48 (22); ALSO D49 (17); ALSO D90 (13); ALSO D94 (26),,,,,LCB (5); SCBL (2); FSL (13); SS (7); SSR (7),LOLB (06); LE (13); SS (15); DLT (17); MLB (22); DRT (26); ROLB (36); SSR (44),3-3-5,ALSO D02 (LCB); ALSO D08 (SCBL); ALSO D12 (SSR); ALSO D13 (FSL); ALSO D14 (SS); ALSO D16 (LOLB); ALSO D17 (ROLB); ALSO D48 (MLB); ALSO D49 (DLT); ALSO D90 (LE); ALSO D94 (DRT),ALSO D02 (0.0); ALSO D08 (0.0); ALSO D12 (0.0); ALSO D13 (0.0); ALSO D14 (0.0); ALSO D16 (-0.5); ALSO D17 (0.0); ALSO D48 (0.0); ALSO D49 (-0.5); ALSO D90 (0.0); ALSO D94 (-0.5),ALSO D17; ALSO D49; ALSO D90; ALSO D94,F,ALSO,10,,LE (13); DLT (17); DRT (26),,FUMBLE,+18,7,PUNT - DOWNED,-15,,,+21,ALSO D16,,,,6,,,L,R,,,,,,KYUN 02 (HB); KYUN 72 (C); KYUN 81 (LT); ALSO D16 (LOLB); ALSO D49 (DLT); ALSO D94 (DRT),,,,,,,,,,LOLB (0); MLB (4); ROLB (0),,O,O,ALSO D16; ALSO D49; ALSO D94,TE-L; HB; TE-R^; SRWR; RWR^,1x3,OL>TE-R; TE>LT,2-0-1-2,12,KYUN 02; KYUN 06; KYUN 08; KYUN 12; KYUN 53,KYUN 02 (HB); KYUN 03 (QB); KYUN 06 (SRWR); KYUN 08 (TE-L); KYUN 12 (RWR); KYUN 53 (TE-R); KYUN 71 (RT); KYUN 72 (C); KYUN 73 (LG); KYUN 77 (RG); KYUN 81 (LT),KYUN 02 (+0.5); KYUN 03 (0.0); KYUN 06 (0.0); KYUN 08 (0.0); KYUN 12 (0.0); KYUN 53 (0.0); KYUN 71 (0.0); KYUN 72 (+0.5); KYUN 73 (0.0); KYUN 77 (0.0); KYUN 81 (+0.5),KYUN 08,T,KYUN,KYUN 12; KYUN 53,,,,2b,,,,,,,,,,,,,,,,,,,,P,,+15,LE,,LE,KYUN 02; KYUN 72; KYUN 81,,,0,,,KYUN 03,0,,,0,,HB,HB (-8),L,1; KYUN 02 (HB),,,,COUNTER,CROSS LEAD;READ OPTION,R,,+10,,S,,,,ALSO D16,,L;R,,,,SRWR(+7.5); RWR^(+11.5),,0,2,0,0,0,,false,3,2,4.822,0.373,,false,12,KYUN 02,KYUN 08; KYUN 81,KYUN 06; KYUN 12,PISTOL,TREY - CLOSED,TE-L; HB; TE-R; SRWR; RWR,1x3,TREY - CLOSED,NICKEL,ALSO D02; ALSO D08; ALSO D12; ALSO D13; ALSO D14,ALSO D16; ALSO D17; ALSO D48,ALSO D49; ALSO D90; ALSO D94,WIDE OVER,,COVER 2,,21,,4.678,0.36,31322_7198637,31322-KYUN-9
7198652,31322,2026-09-26,2026,04,411618,,3,2,05:26,1,,0,21,0,9,7,-3,0,,,,0,0,0,31,1,,0,7198637,7198705,,31.21,0,,121,0,,,0,0,,0,0,0,KYUN 03,6; ALSO D12 (44); ALSO D17 (34); ALSO D48 (22); ALSO D49 (19); ALSO D90 (13); ALSO D94 (28),,,,,LCB (8); SCBoL (4); SCBiL (4); FSL (12); SSR (8),LE (13); DLT (19); MLB (22); DRT (28); REO (34); SSR (36); RLB (44),3-3-5,ALSO D02 (LCB); ALSO D08 (SCBoL); ALSO D12 (RLB); ALSO D13 (FSL); ALSO D14 (SSR); ALSO D16 (SCBiL); ALSO D17 (REO); ALSO D48 (MLB); ALSO D49 (DLT); ALSO D90 (LE); ALSO D94 (DRT),ALSO D02 (0.0); ALSO D08 (0.0); ALSO D12 (0.0); ALSO D13 (0.0); ALSO D14 (0.0); ALSO D16 (0.0); ALSO D17 (+0.5); ALSO D48 (0.0); ALSO D49 (+0.5); ALSO D90 (0.0); ALSO D94 (0.0),,T,ALSO,4,,LE (13); DLT (19); DRT (28); REO (34),,FUMBLE,+18,7,PUNT - DOWNED,-15,,,+15,ALSO D17,,KYUN 03,ALSO D17,-3,,,L,R,,,,,,KYUN 03 (QB); KYUN 77 (RG); ALSO D17 (REO); ALSO D49 (DLT),,,,,,,,,,MLB (4); RLB (2),,C,C,KYUN 03; KYUN 77,TE-L^; HB; SRiWR; SRoWR; RWR^,1x3,TE>SRiWR,2-0-1-2,12,KYUN 02; KYUN 06; KYUN 08; KYUN 12; KYUN 81,KYUN 02 (HB); KYUN 03 (QB); KYUN 06 (SRoWR); KYUN 08 (SRiWR); KYUN 12 (RWR); KYUN 53 (LT); KYUN 71 (RT); KYUN 72 (C); KYUN 73 (LG); KYUN 77 (RG); KYUN 81 (TE-L),KYUN 02 (0.0); KYUN 03 (-1.5); KYUN 06 (0.0); KYUN 08 (0.0); KYUN 12 (0.0); KYUN 53 (0.0); KYUN 71 (0.0); KYUN 72 (0.0); KYUN 73 (0.0); KYUN 77 (-1.0); KYUN 81 (0.0),,F,KYUN,KYUN 12; KYUN 81,,,,3CRb,,,,,,,,,,,,,,,,,,,,,,+18,QB FUMBLE,,QB FUMBLE,ALSO D17; ALSO D49,,,0,,,KYUN 03,0,,,0,,HB,HB (-8),L,1; KYUN 02 (HB),,,,MAN,CROSS LEAD;READ OPTION,R,,+10,KYUN 08* (R:L{R}),S,,ALSO D17,,ALSO D17,,L,,,,SRiWR(-1.5); SRoWR(+8.5); RWR^(+17.5),,0,,0,0,1,,false,3,2,5.195,-4.825,,false,12,KYUN 02,KYUN 08; KYUN 81,KYUN 06; KYUN 12,OTHER,TRIPS - CLOSED,TE-L; HB; SRiWR; SRoWR; RWR,1x3,TRIPS - CLOSED,NICKEL,ALSO D02; ALSO D08; ALSO D12; ALSO D13; ALSO D14,ALSO D16; ALSO D17; ALSO D48,ALSO D49; ALSO D90; ALSO D94,WIDE OVER,,COVER 3 CLOUD,,15,,5.038,-4.685,31322_7198652,31322-KYUN-9
7199295,31322,2026-09-26,2026,04,411618,,3,1,01:07,0,1,0,21,0,10,1,7,0,,,,0,0,0,31,0,,1,7199085,7199366,,31.21,1,,134,0,,2.1,0,0,8,0,0,0,KYUN 81,7; ALSO D08 (08); ALSO D10 (32); ALSO D16 (16); ALSO D26 (26); ALSO D49 (23); ALSO D90 (12); ALSO D94 (17),,L,,,LCB (8); FSR (13); SCBR (5); RCB (2),LLB (08); LEO (12); LILB (16); DLT (17); NRT (23); RILB (26); ROLB (32),3-3-5,ALSO D02 (LCB); ALSO D08 (LLB); ALSO D10 (ROLB); ALSO D12 (RCB); ALSO D13 (FSR); ALSO D14 (SCBR); ALSO D16 (LILB); ALSO D26 (RILB); ALSO D49 (NRT); ALSO D90 (LEO); ALSO D94 (DLT),ALSO D02 (0.0); ALSO D08 (0.0); ALSO D10 (0.0); ALSO D12 (0.0); ALSO D13 (0.0); ALSO D14 (0.0); ALSO D16 (0.0); ALSO D26 (0.0); ALSO D49 (0.0); ALSO D90 (0.0); ALSO D94 (0.0),DRIVE START,F,ALSO,10,,LEO (12); DLT (17); NRT (23),,TOUCHDOWN,+0,6,FG - MISSED,-31,0,RR,-31,ALSO D02,,,,7,,,C,C,,,,,,KYUN 05 (RWR); ALSO D08 (LLB),,,,,,,,,,LLB (4); LILB (4); RILB (4); ROLB (0),,C,C,,LWR^; SLWR; HB-L; HB-R; RWR^,2x1,TE>HB-L; TE>SLWR,2-0-1-2,12,KYUN 02; KYUN 05; KYUN 12; KYUN 81; KYUN 87,KYUN 02 (HB-R); KYUN 03 (QB); KYUN 05 (RWR); KYUN 12 (LWR); KYUN 53 (LT); KYUN 71 (RT); KYUN 72 (C); KYUN 73 (LG); KYUN 77 (RG); KYUN 81 (HB-L); KYUN 87 (SLWR),KYUN 02 (0.0); KYUN 03 (0.0); KYUN 05 (0.0); KYUN 12 (0.0); KYUN 53 (0.0); KYUN 71 (0.0); KYUN 72 (0.0); KYUN 73 (0.0); KYUN 77 (0.0); KYUN 81 (0.0); KYUN 87 (0.0),DRIVE START,T,KYUN,KYUN 05; KYUN 12,,5; KYUN 53 (LT); KYUN 71 (RT); KYUN 72 (C); KYUN 73 (LG); KYUN 77 (RG),,3S,ALSO D08,,7; ALSO D02; ALSO D08; ALSO D12; ALSO D13; ALSO D14; ALSO D16; ALSO D26,-1,M,KYUN 03 (QB),LWR r; SLWR r; HB-L h0(-1); HB-R fl; RWR 2(1)z,-; -; H0; -; 2,KYUN 12 r; KYUN 87 r; KYUN 81 h0(-1); KYUN 02 fl; KYUN 05 2(1)z,HB-L,KYUN 81,COMPLETE,h0(-1),SR,4; ALSO D10 (ROLB); ALSO D49 (NRT); ALSO D90 (LEO); ALSO D94 (DLT),,39,5R,,,KYUN 02,-38,,,,,ALSO D12 > KYUN 12,,0,,,KYUN 03,0,,,0,,HB-L; HB-R,HB-L (-5); HB-R (-5),,2; KYUN 02 (HB-R); KYUN 81 (HB-L),,,,INSIDE ZONE,,P,,+10,KYUN 87* (R:Lx),S,,,,ALSO D02,,,,,,LWR^(-15.5); SLWR(-5.5); RWR^(+7.5),,1,13,0,0,0,,false,3,2,2.006,0.733,Screen,false,12,KYUN 02,KYUN 81; KYUN 87,KYUN 05; KYUN 12,GUN SPLIT,SLOT - OPEN,LWR; SLWR; HB-L; HB-R; RWR,1x2,PRO - OPEN,NICKEL,ALSO D02; ALSO D08; ALSO D12; ALSO D13; ALSO D14,ALSO D10; ALSO D16; ALSO D26,ALSO D49; ALSO D90; ALSO D94,UNDER,,COVER 3 SEAM,,69,,2.213,0.51,31322_7199295,31322-KYUN-10
7199366,31322,2026-09-26,2026,04,411618,,3,2,00:25,1,,0,21,0,10,2,21,0,1,,,0,0,1,31,1,,0,7199295,7199574,,31.21,0,,135,0,,,0,1,,7,0,0,KYUN 02,8; ALSO D10 (04); ALSO D11 (12); ALSO D12 (36); ALSO D14 (28); ALSO D48 (25); ALSO D49 (24); ALSO D90 (29); ALSO D94 (17),,,,,LCB (6); SCBoL (3); FSL (11); SS (8),LOLB (04); LOLB (12); DLT (17); DRT (24); RILB (25); SS (28); RE (29); RLB (36),3-3-5,ALSO D02 (LCB); ALSO D08 (FSL); ALSO D10 (LOLB); ALSO D11 (LOLB); ALSO D12 (RLB); ALSO D14 (SS); ALSO D24 (SCBoL); ALSO D48 (RILB); ALSO D49 (DRT); ALSO D90 (RE); ALSO D94 (DLT),ALSO D02 (0.0); ALSO D08 (0.0); ALSO D10 (0.0); ALSO D11 (0.0); ALSO D12 (-0.5); ALSO D14 (0.0); ALSO D24 (0.0); ALSO D48 (0.0); ALSO D49 (0.0); ALSO D90 (0.0); ALSO D94 (-0.5),ALSO D11; ALSO D24; ALSO D48,F,ALSO,3,,DLT (17); DRT (24); RE (29),,TOUCHDOWN,+0,6,FG - MISSED,-31,,,-38,ALSO D12,,,,21,,,R,L,,,,,,KYUN 02 (HB-R); KYUN 71 (RT); KYUN 77 (RG); ALSO D12 (RLB); ALSO D94 (DLT),,,,,,,,,,LOLB (0); LOLB (0); RILB (4); RLB (6),,C,C,ALSO D12; ALSO D94,HB-R; TE-R^; SRiWR; SRoWR; RWR^,0x4,OL>TE-R; TE>LT,3-0-1-1,11,KYUN 02; KYUN 05; KYUN 12; KYUN 19; KYUN 53,KYUN 02 (HB-R); KYUN 03 (QB); KYUN 05 (SRoWR); KYUN 12 (RWR); KYUN 19 (SRiWR); KYUN 53 (TE-R); KYUN 71 (RT); KYUN 72 (C); KYUN 73 (LG); KYUN 77 (RG); KYUN 81 (LT),KYUN 02 (+0.5); KYUN 03 (0.0); KYUN 05 (0.0); KYUN 12 (0.0); KYUN 19 (0.0); KYUN 53 (0.0); KYUN 71 (+0.5); KYUN 72 (0.0); KYUN 73 (0.0); KYUN 77 (+0.5); KYUN 81 (0.0),KYUN 19,T,KYUN,KYUN 12; KYUN 53,,,,3b,,,,,,,,,,,,,,,,,,,,,,+41,LE,,LE,KYUN 02; KYUN 71; KYUN 77,,,0,,,KYUN 03,0,,,0,,HB-R,HB-R (-5),L,1; KYUN 02 (HB-R),,,,INSIDE ZONE,READ OPTION,R,,+10,,S,,,,ALSO D12,,R,,,,SRiWR(+13.5); SRoWR(+18.5); RWR^(+20.5),,0,6,0,0,0,,false,3,2,2.739,1.049,,false,11,KYUN 02,KYUN 81,KYUN 05; KYUN 12; KYUN 19,GUN STRONG,QUAY - NIX,HB-R; TE-R; SRiWR; SRoWR; RWR,0x4,QUAY - NIX,NICKEL,ALSO D02; ALSO D08; ALSO D12; ALSO D14; ALSO D24,ALSO D10; ALSO D11; ALSO D48,ALSO D49; ALSO D90; ALSO D94,WIDE OVER,,COVER 3,,62,,2.723,1.245,31322_7199366,31322-KYUN-10
7199574,31322,2026-09-26,2026,04,411618,,4,1,15:00,0,1,1,21,0,10,3,27,0,1,,,0,0,0,31,0,,1,7199366,7199580,,31.21,0,,136,0,,3.3,0,0,5,1,0,0,KYUN 19,7; ALSO D11 (11); ALSO D14 (38); ALSO D25 (34); ALSO D48 (21); ALSO D49 (25); ALSO D90 (10); ALSO D94 (17),,L,KYUN 26,KYUN 87,LCB (6); SCBL (2); SSL (10); RCB (8),SSL (00); LEO (10); LLB (11); DLT (17); MLB (21); DRT (25); ROLB (34); RLB (38),3-3-5,ALSO D02 (LCB); ALSO D08 (SSL); ALSO D11 (LLB); ALSO D12 (RCB); ALSO D14 (RLB); ALSO D24 (SCBL); ALSO D25 (ROLB); ALSO D48 (MLB); ALSO D49 (DRT); ALSO D90 (LEO); ALSO D94 (DLT),ALSO D02 (0.0); ALSO D08 (-1.0); ALSO D11 (0.0); ALSO D12 (0.0); ALSO D14 (0.0); ALSO D24 (0.0); ALSO D25 (0.0); ALSO D48 (0.0); ALSO D49 (0.0); ALSO D90 (0.0); ALSO D94 (0.0),ALSO D25,F,ALSO,10,,LEO (10); DLT (17); DRT (25),,TOUCHDOWN,+0,6,FG - MISSED,-31,8,SD,+41,ALSO D08,,,,27,,,L,R,,,,,,KYUN 03 (QB); KYUN 19 (SRWR); ALSO D08 (SSL),,,,,,,,,,LLB (4); MLB (4); RLB (5); ROLB (0),,O,O,ALSO D08,LWR^; HB-R; TE-R; SRWR; RWR^,1x3,,3-0-1-1,11,KYUN 05; KYUN 12; KYUN 19; KYUN 26; KYUN 87,KYUN 03 (QB); KYUN 05 (RWR); KYUN 12 (LWR); KYUN 19 (SRWR); KYUN 26 (HB-R); KYUN 53 (LT); KYUN 71 (RT); KYUN 72 (C); KYUN 73 (LG); KYUN 77 (RG); KYUN 87 (TE-R),KYUN 03 (+0.5); KYUN 05 (0.0); KYUN 12 (0.0); KYUN 19 (+1.0); KYUN 26 (0.0); KYUN 53 (0.0); KYUN 71 (0.0); KYUN 72 (0.0); KYUN 73 (0.0); KYUN 77 (0.0); KYUN 87 (0.0),KYUN 26; KYUN 87,T,KYUN,KYUN 05; KYUN 12,,5; KYUN 53 (LT); KYUN 71 (RT); KYUN 72 (C); KYUN 73 (LG); KYUN 77 (RG),,6R,ALSO D08,,7; ALSO D02; ALSO D08; ALSO D11; ALSO D12; ALSO D14; ALSO D24; ALSO D48,22,R,KYUN 03 (QB),LWR 4(14); HB-R flkrh76(1); TE-R c1; SRWR 7(15); RWR 9o,4; H7; 3; 7; 9,KYUN 12 4(14); KYUN 26 flkrh76(1); KYUN 87 c1; KYUN 19 7(15); KYUN 05 9o,SRWR,KYUN 19,COMPLETE,7(15),87R,4; ALSO D25 (ROLB); ALSO D49 (DRT); ALSO D90 (LEO); ALSO D94 (DLT),,47,6R,,,KYUN 26,+14,,,,KYUN 03; KYUN 19,,,0,,,KYUN 03,0,,,0,,HB-R,HB-R (-6),R,1; KYUN 26 (HB-R),,,,UNDEFINED,,P,,+10,KYUN 19* (R:L{R}),S,,,,ALSO D08,,R,,,,LWR^(-18.5); SRWR(+7.5); RWR^(+7.5),,0,23,0,0,0,,false,3,2,3.788,1.381,Corner,false,11,KYUN 26,KYUN 87,KYUN 05; KYUN 12; KYUN 19,GUN STRONG,TREY - OPEN,LWR; HB-R; TE-R; SRWR; RWR,1x3,TREY - OPEN,NICKEL,ALSO D02; ALSO D08; ALSO D12; ALSO D14; ALSO D24,ALSO D11; ALSO D25; ALSO D48,ALSO D49; ALSO D90; ALSO D94,WIDE OVER,,COVER 6,,41,,3.968,0.868,31322_7199574,31322-KYUN-10
7199580,31322,2026-09-26,2026,04,411618,,4,1,14:19,0,,0,21,0,10,4,9,0,,,,0,0,0,31,0,,0,7199574,7199608,,31.21,0,,137,0,,,0,0,,2,0,0,KYUN 26,7; ALSO D08 (42); ALSO D16 (29); ALSO D18 (34); ALSO D25 (10); ALSO D26 (18); ALSO D41 (27); ALSO D56 (21),,,,,LCB (1); SCBL (4); SSL (9); SSR (7),SSL (04); LOLB (10); LILB (18); NLT (21); DRT (27); RLB (29); REO (34); SSR (38); RLB (42),2-4-5,ALSO D02 (LCB); ALSO D08 (RLB); ALSO D12 (SSR); ALSO D13 (SSL); ALSO D14 (SCBL); ALSO D16 (RLB); ALSO D18 (REO); ALSO D25 (LOLB); ALSO D26 (LILB); ALSO D41 (DRT); ALSO D56 (NLT),ALSO D02 (0.0); ALSO D08 (0.0); ALSO D12 (0.0); ALSO D13 (0.0); ALSO D14 (0.0); ALSO D16 (0.0); ALSO D18 (0.0); ALSO D25 (0.0); ALSO D26 (0.0); ALSO D41 (-0.5); ALSO D56 (-0.5),ALSO D13; ALSO D16; ALSO D18; ALSO D26; ALSO D41; ALSO D56,F,ALSO,10,,NLT (21); DRT (27); REO (34),,TOUCHDOWN,+0,6,FG - MISSED,-31,,,+14,ALSO D16,,,,9,,,R,L,,,,,,KYUN 26 (HB); KYUN 53 (LT); KYUN 72 (C); KYUN 73 (LG); ALSO D16 (RLB); ALSO D41 (DRT); ALSO D56 (NLT),,,,,,,,,,LOLB (0); LILB (4); RLB (3); RLB (2),,O,O,ALSO D41; ALSO D56,LWR^; TE-L; HB; SRWR; RWR^,2x2,TE>LWR,2-0-1-2,12,KYUN 05; KYUN 12; KYUN 26; KYUN 81; KYUN 87,KYUN 03 (QB); KYUN 05 (SRWR); KYUN 12 (RWR); KYUN 26 (HB); KYUN 53 (LT); KYUN 71 (RT); KYUN 72 (C); KYUN 73 (LG); KYUN 77 (RG); KYUN 81 (LWR); KYUN 87 (TE-L),KYUN 03 (0.0); KYUN 05 (0.0); KYUN 12 (0.0); KYUN 26 (+0.5); KYUN 53 (0.0); KYUN 71 (0.0); KYUN 72 (+0.5); KYUN 73 (+0.5); KYUN 77 (0.0); KYUN 81 (0.0); KYUN 87 (0.0),KYUN 81,T,KYUN,KYUN 12; KYUN 81,,,,4,,,,,,,,,,,,,,,,,,,,P,,+5,LG,,LG,KYUN 26; KYUN 72; KYUN 73,ALSO D02 > KYUN 12,,0,,,KYUN 03,0,,,0,,HB,HB (-8),L,1; KYUN 26 (HB),,,,MAN,,R,,+10,KYUN 05* (L:Rx>L:R{R}),S,,,,ALSO D14,ALSO D16,L,,,,LWR^(+0.5); SRWR(+13.5); RWR^(+21.5),,0,7,0,0,0,,false,3,2,5.169,0.766,,false,12,KYUN 26,KYUN 81; KYUN 87,KYUN 05; KYUN 12,PISTOL,SLOT - PRO,LWR; TE-L; HB; SRWR; RWR,3x1,TREY - OPEN,NICKEL,ALSO D02; ALSO D08; ALSO D12; ALSO D13; ALSO D14,ALSO D16; ALSO D25; ALSO D26; ALSO D41,ALSO D18; ALSO D56,OVER,,COVER 4,,14,,4.836,1.068,31322_7199580,31322-KYUN-10
7199608,31322,2026-09-26,2026,04,411618,,4,2,13:40,1,,0,21,0,10,5,3,0,1,,,0,0,1,31,0,,0,7199580,7199613,,31.21,0,,138,1,,,0,0,,1,0,0,KYUN 26,10; ALSO D02 (14); ALSO D08 (24); ALSO D13 (44); ALSO D14 (30); ALSO D16 (18); ALSO D18 (42); ALSO D25 (10); ALSO D26 (24); ALSO D41 (18); ALSO D56 (27),,,,,RCB (5),LEO (10); LLB (14); LILB (18); DLT (18); RILB (24); RILB (24); DRT (27); RLB (30); REO (42); RLB (44),2-4-5,ALSO D02 (LLB); ALSO D08 (RILB); ALSO D12 (RCB); ALSO D13 (RLB); ALSO D14 (RLB); ALSO D16 (LILB); ALSO D18 (REO); ALSO D25 (LEO); ALSO D26 (RILB); ALSO D41 (DLT); ALSO D56 (DRT),ALSO D02 (0.0); ALSO D08 (0.0); ALSO D12 (0.0); ALSO D13 (0.0); ALSO D14 (0.0); ALSO D16 (-0.5); ALSO D18 (0.0); ALSO D25 (0.0); ALSO D26 (0.0); ALSO D41 (0.0); ALSO D56 (0.0),,F,ALSO,1,,LEO (10); DLT (18); DRT (27); REO (42),,TOUCHDOWN,+0,6,FG - MISSED,-31,,,+5,ALSO D08,,,,3,,,R,L,,,,,,KYUN 77 (LG); ALSO D16 (LILB),,,,,,,,,,LLB (5); LILB (3); RILB (2); RILB (4); RLB (5); RLB (3),,O,O,ALSO D16,LWR^; TE-oL; TE-L^; TE-iL; HB-L,4x0,OL>TE-L; OL>TE-iL; WR>TE-oL,2-0-1-0 (**),10 (**),KYUN 12; KYUN 26; KYUN 73; KYUN 75; KYUN 89,KYUN 03 (QB); KYUN 12 (LWR); KYUN 26 (HB-L); KYUN 53 (LT); KYUN 57 (RG); KYUN 71 (RT); KYUN 72 (C); KYUN 73 (TE-L); KYUN 75 (TE-iL); KYUN 77 (LG); KYUN 89 (TE-oL),KYUN 03 (0.0); KYUN 12 (0.0); KYUN 26 (0.0); KYUN 53 (0.0); KYUN 57 (0.0); KYUN 71 (0.0); KYUN 72 (0.0); KYUN 73 (0.0); KYUN 75 (0.0); KYUN 77 (+0.5); KYUN 89 (0.0),KYUN 57; KYUN 75; KYUN 89,T,KYUN,KYUN 12; KYUN 73,,,,RZb,,,,,,,,,,,,,,,,,,,,,,+2,ML,,ML,KYUN 77,,,0,,,KYUN 03,0,,,0,,HB-L,HB-L (-6),L,1; KYUN 26 (HB-L),,,,MAN,,R,,+10,KYUN 26 (B:B); KYUN 73 (R:Lx); KYUN 75 (R:Lx); KYUN 89 (L:R{L}),S,,,,ALSO D08,ALSO D26,L;L;L,,,,LWR^(-16.5),,0,8,0,0,0,,false,3,2,5.935,0.379,,false,12H,KYUN 26,,KYUN 12; KYUN 89,GUN STRONG,QUAKE WING - NIX,LWR; TE-oL; TE-L; TE-iL; HB-L,2x2,SLOT - WING,NICKEL,ALSO D02; ALSO D08; ALSO D12; ALSO D13; ALSO D14,ALSO D16; ALSO D25; ALSO D26; ALSO D41,ALSO D18; ALSO D56,WIDE OVER,SINGLE MUG,RED ZONE,,5,,5.904,0.472,31322_7199608,31322-KYUN-10
7199613,31322,2026-09-26,2026,04,411618,,4,1,12:59,0,,0,21,0,10,6,2,0,1,,,0,0,1,31,0,,0,7199608,7199648,,31.21,0,,139,0,,,0,0,,0,0,0,KYUN 26,10; ALSO D02 (16); ALSO D08 (44); ALSO D13 (44); ALSO D14 (08); ALSO D16 (20); ALSO D18 (31); ALSO D25 (12); ALSO D26 (28); ALSO D41 (18); ALSO D56 (26),,,,,RCB (2),LOLB (08); LEO (12); LILB (16); DLT (18); LILB (20); DRT (26); RILB (28); RE (31); RLB (44); ROLB (44),2-4-5,ALSO D02 (LILB); ALSO D08 (ROLB); ALSO D12 (RCB); ALSO D13 (RLB); ALSO D14 (LOLB); ALSO D16 (LILB); ALSO D18 (RE); ALSO D25 (LEO); ALSO D26 (RILB); ALSO D41 (DLT); ALSO D56 (DRT),ALSO D02 (0.0); ALSO D08 (0.0); ALSO D12 (0.0); ALSO D13 (0.0); ALSO D14 (0.0); ALSO D16 (0.0); ALSO D18 (-0.5); ALSO D25 (0.0); ALSO D26 (0.0); ALSO D41 (0.0); ALSO D56 (0.0),,F,ALSO,2,,LEO (12); DLT (18); DRT (26); RE (31),,TOUCHDOWN,+0,6,FG - MISSED,-31,,,+2,,,,,2,,,R,L,,,,,,KYUN 26 (HB-L); KYUN 53 (LT); ALSO D18 (RE),,,,,,,,,,LOLB (1); LILB (3); LILB (3); RILB (3); RLB (3); ROLB (0),,O,O,ALSO D18,LWR^; TE-oL; TE-L^; TE-iL; HB-L,4x0,OL>TE-L; OL>TE-iL; WR>TE-oL,2-0-1-0 (**),10 (**),KYUN 12; KYUN 26; KYUN 73; KYUN 75; KYUN 89,KYUN 03 (QB); KYUN 12 (LWR); KYUN 26 (HB-L); KYUN 53 (LT); KYUN 57 (RG); KYUN 71 (RT); KYUN 72 (C); KYUN 73 (TE-L); KYUN 75 (TE-iL); KYUN 77 (LG); KYUN 89 (TE-oL),KYUN 03 (0.0); KYUN 12 (0.0); KYUN 26 (+0.5); KYUN 53 (+0.5); KYUN 57 (0.0); KYUN 71 (0.0); KYUN 72 (0.0); KYUN 73 (0.0); KYUN 75 (0.0); KYUN 77 (0.0); KYUN 89 (0.0),,T,KYUN,KYUN 12; KYUN 73,,,,0,,,,,,,,,,,,,,,,,,,,,,+0,LG,,LG,KYUN 26; KYUN 53,ALSO D12 > KYUN 12,,0,,,KYUN 03,0,,,0,,HB-L,HB-L (-5),L,1; KYUN 26 (HB-L),,,,MAN,,R,,+10,KYUN 12 (R:Lx); KYUN 26 (B:B); KYUN 73 (R:Lx); KYUN 75 (R:Lx); KYUN 89 (L:R{L}),S,,,,,,L;L;L,KYUN 26,,,LWR^(-8.5),,0,6,0,0,0,,false,3,2,6.314,0.686,,false,12H,KYUN 26,,KYUN 12; KYUN 89,GUN STRONG,QUAKE WING - NIX,LWR; TE-oL; TE-L; TE-iL; HB-L,1x3,TOAD WING - OPEN,NICKEL,ALSO D02; ALSO D08; ALSO D12; ALSO D13; ALSO D14,ALSO D16; ALSO D25; ALSO D26; ALSO D41,ALSO D18; ALSO D56,EVEN,,COVER 0,,2,,6.376,0.624,31322_7199613,31322-KYUN-10
7200138,31322,2026-09-26,2026,04,411618,,4,1,11:54,0,1,0,21,0,11,1,13,0,1,,,0,0,1,38,0,,0,7199950,7200200,,38.21,1,,146,0,,0.7,0,0,18,13,0,0,KYUN 19,8; ALSO D08 (08); ALSO D11 (24); ALSO D17 (38); ALSO D32 (43); ALSO D48 (33); ALSO D49 (27); ALSO D90 (12); ALSO D94 (20),,L,,,LCB (6); FS (13); RCB (6),LLB (08); LEO (12); DLT (20); RILB (24); DRT (27); RLB (33); REO (38); RLB (43),3-3-5,ALSO D02 (RCB); ALSO D08 (LLB); ALSO D11 (RILB); ALSO D12 (LCB); ALSO D13 (FS); ALSO D17 (REO); ALSO D32 (RLB); ALSO D48 (RLB); ALSO D49 (DRT); ALSO D90 (LEO); ALSO D94 (DLT),ALSO D02 (0.0); ALSO D08 (0.0); ALSO D11 (0.0); ALSO D12 (0.0); ALSO D13 (-0.5); ALSO D17 (-0.5); ALSO D32 (0.0); ALSO D48 (-0.5); ALSO D49 (0.0); ALSO D90 (0.0); ALSO D94 (0.0),DRIVE START,F,ALSO,10,,LEO (12); DLT (20); DRT (27); REO (38),,TOUCHDOWN,+0,3,DOWNS,+33,6,SD,+33,ALSO D32,,,,13,,,C,C,,,,,,KYUN 19 (RWR); KYUN 53 (LT); KYUN 81 (TE-oL); KYUN 87 (TE-iL); ALSO D13 (FS); ALSO D17 (REO); ALSO D48 (RLB),,,,,,,,,,LLB (3); RILB (3); RLB (4); RLB (3),,C,C,ALSO D13; ALSO D17; ALSO D48,LWR^; TE-oL; TE-iL^; HB-L; RWR,3x1,,2-0-1-2,12,KYUN 06; KYUN 19; KYUN 26; KYUN 81; KYUN 87,KYUN 03 (QB); KYUN 06 (LWR); KYUN 19 (RWR); KYUN 26 (HB-L); KYUN 53 (LT); KYUN 71 (RT); KYUN 72 (C); KYUN 73 (LG); KYUN 77 (RG); KYUN 81 (TE-oL); KYUN 87 (TE-iL),KYUN 03 (0.0); KYUN 06 (0.0); KYUN 19 (+0.5); KYUN 26 (0.0); KYUN 53 (+0.5); KYUN 71 (0.0); KYUN 72 (0.0); KYUN 73 (0.0); KYUN 77 (0.0); KYUN 81 (+0.5); KYUN 87 (+0.5),DRIVE START,T,KYUN,KYUN 06; KYUN 87,,5; KYUN 53 (LT); KYUN 71 (RT); KYUN 72 (C); KYUN 73 (LG); KYUN 77 (RG),,3,ALSO D48,,7; ALSO D02; ALSO D08; ALSO D11; ALSO D12; ALSO D13; ALSO D32; ALSO D48,-5,M,KYUN 03 (QB),LWR z; TE-oL z; TE-iL z; HB-L z; RWR xj(-5),-; -; -; -; X,KYUN 06 z; KYUN 81 z; KYUN 87 z; KYUN 26 z; KYUN 19 xj(-5),RWR,KYUN 19,COMPLETE,xj(-5),JL,4; ALSO D17 (REO); ALSO D49 (DRT); ALSO D90 (LEO); ALSO D94 (DLT),,27,4,,,,+20,,,,KYUN 19; KYUN 53; KYUN 81; KYUN 87,,,0,,,KYUN 03,0,,,0,,HB-L,HB-L (-5),,1; KYUN 26 (HB-L),,,,,,P,,+17,KYUN 19* (R:L{R}); KYUN 26 (B:B); KYUN 81 (R:Lx); KYUN 87 (R:Lx),S,,,,ALSO D32,,L;L,,,,LWR^(-13.5); RWR(+7.5),,0,15,0,0,0,,false,3,2,4.093,0.628,Jet,false,12,KYUN 26,KYUN 81; KYUN 87,KYUN 06; KYUN 19,GUN STRONG,TOAD WING - OPEN,LWR; TE-oL; TE-iL; HB-L; RWR,1x3,TOAD WING - OPEN,NICKEL,ALSO D02; ALSO D08; ALSO D12; ALSO D13; ALSO D32,ALSO D11; ALSO D17; ALSO D48,ALSO D49; ALSO D90; ALSO D94,WIDE OVER,,COVER 3,,33,,4.302,0.401,31322_7200138,31322-KYUN-11
7200200,31322,2026-09-26,2026,04,411618,,4,1,11:15,0,,0,21,0,11,2,5,0,,,,0,0,0,38,0,,0,7200138,7200206,,38.21,0,,147,0,,,0,0,,0,0,0,KYUN 26,7; ALSO D08 (06); ALSO D11 (17); ALSO D17 (32); ALSO D48 (27); ALSO D49 (24); ALSO D90 (13); ALSO D94 (18),,,,,LCB (7); FS (10); SCBR (3); RCB (5),LLB (06); LE (13); LILB (17); DLT (18); DRT (24); RILB (27); REO (32),3-3-5,ALSO D02 (RCB); ALSO D08 (LLB); ALSO D11 (LILB); ALSO D12 (LCB); ALSO D13 (FS); ALSO D17 (REO); ALSO D32 (SCBR); ALSO D48 (RILB); ALSO D49 (DRT); ALSO D90 (LE); ALSO D94 (DLT),ALSO D02 (0.0); ALSO D08 (0.0); ALSO D11 (-0.5); ALSO D12 (0.0); ALSO D13 (0.0); ALSO D17 (0.0); ALSO D32 (0.0); ALSO D48 (0.0); ALSO D49 (-0.5); ALSO D90 (0.0); ALSO D94 (0.0),,F,ALSO,10,,LE (13); DLT (18); DRT (24); REO (32),,TOUCHDOWN,+0,3,DOWNS,+33,,,+20,ALSO D08,,,,5,,,L,R,,,,,,KYUN 26 (HB-R); KYUN 72 (C); KYUN 77 (RG); ALSO D11 (LILB); ALSO D49 (DRT),,,,,,,,,,LLB (4); LILB (4); RILB (3),,C,C,ALSO D11; ALSO D49,LWR^; SLWR; HB-L; HB-R; RWR^,2x1,TE>HB-L; TE>SLWR,2-0-1-2,12,KYUN 06; KYUN 26; KYUN 81; KYUN 83; KYUN 87,KYUN 03 (QB); KYUN 06 (RWR); KYUN 26 (HB-R); KYUN 53 (LT); KYUN 71 (RT); KYUN 72 (C); KYUN 73 (LG); KYUN 77 (RG); KYUN 81 (HB-L); KYUN 83 (LWR); KYUN 87 (SLWR),KYUN 03 (0.0); KYUN 06 (0.0); KYUN 26 (+0.5); KYUN 53 (0.0); KYUN 71 (0.0); KYUN 72 (+0.5); KYUN 73 (0.0); KYUN 77 (+0.5); KYUN 81 (0.0); KYUN 83 (0.0); KYUN 87 (0.0),KYUN 83,T,KYUN,KYUN 06; KYUN 83,,,,3,,,,,,,,,,,,,,,,,,,,,,+15,ML,,ML,KYUN 26; KYUN 72; KYUN 77,,,0,,,KYUN 03,0,,,0,,HB-L; HB-R,HB-L (-5); HB-R (-5),L,2; KYUN 26 (HB-R); KYUN 81 (HB-L),,,,INSIDE ZONE,SPLIT,R,,+17,KYUN 87* (R:Lx),S,,,,ALSO D08,,,,,,LWR^(-18.5); SLWR(-10.5); RWR^(+8.5),,0,9,0,0,0,,false,3,2,4.721,0.208,,false,12,KYUN 26,KYUN 81; KYUN 87,KYUN 06; KYUN 83,GUN SPLIT,SLOT - OPEN,LWR; SLWR; HB-L; HB-R; RWR,1x2,PRO - OPEN,NICKEL,ALSO D02; ALSO D08; ALSO D12; ALSO D13; ALSO D32,ALSO D11; ALSO D17; ALSO D48,ALSO D49; ALSO D90; ALSO D94,WIDE UNDER,,COVER 3,,20,,4.703,0.191,31322_7200200,31322-KYUN-11
7200206,31322,2026-09-26,2026,04,411618,,4,2,10:49,0,1,0,21,0,11,3,15,0,1,,,0,0,0,38,0,,0,7200200,7200266,,38.21,0,,148,0,,2.0,0,0,0,0,0,0,KYUN 06,8; ALSO D08 (02); ALSO D11 (17); ALSO D17 (34); ALSO D32 (38); ALSO D48 (24); ALSO D49 (25); ALSO D90 (12); ALSO D94 (17),,L,,,LCB (2); FSL (11); RCB (6),LLB (02); LEO (12); LILB (17); DLT (17); RILB (24); DRT (25); REO (34); RLB (38),3-3-5,ALSO D02 (RCB); ALSO D08 (LLB); ALSO D11 (LILB); ALSO D12 (LCB); ALSO D13 (FSL); ALSO D17 (REO); ALSO D32 (RLB); ALSO D48 (RILB); ALSO D49 (DRT); ALSO D90 (LEO); ALSO D94 (DLT),ALSO D02 (0.0); ALSO D08 (0.0); ALSO D11 (0.0); ALSO D12 (-1.0); ALSO D13 (0.0); ALSO D17 (0.0); ALSO D32 (0.0); ALSO D48 (0.0); ALSO D49 (0.0); ALSO D90 (0.0); ALSO D94 (0.0),,F,ALSO,5,,LEO (12); DLT (17); DRT (25); REO (34),,TOUCHDOWN,+0,3,DOWNS,+33,6,SD,+15,,,,,15,,,L,R,,,,,,KYUN 03 (QB); KYUN 06 (RWR); ALSO D12 (LCB),,,,,,,,,,LLB (2); LILB (4); RILB (3); RLB (3),,C,C,ALSO D12,LWR^; TE-L; HB-R; TE-R^; RWR,2x2,,2-0-1-2,12,KYUN 06; KYUN 26; KYUN 81; KYUN 83; KYUN 87,KYUN 03 (QB); KYUN 06 (RWR); KYUN 26 (HB-R); KYUN 53 (LT); KYUN 71 (RT); KYUN 72 (C); KYUN 73 (LG); KYUN 77 (RG); KYUN 81 (TE-L); KYUN 83 (LWR); KYUN 87 (TE-R),KYUN 03 (+0.5); KYUN 06 (+1.0); KYUN 26 (0.0); KYUN 53 (0.0); KYUN 71 (0.0); KYUN 72 (0.0); KYUN 73 (0.0); KYUN 77 (0.0); KYUN 81 (0.0); KYUN 83 (0.0); KYUN 87 (0.0),,T,KYUN,KYUN 83; KYUN 87,,5; KYUN 53 (LT); KYUN 71 (RT); KYUN 72 (C); KYUN 73 (LG); KYUN 77 (RG),,3,ALSO D12,,7; ALSO D02; ALSO D08; ALSO D11; ALSO D12; ALSO D13; ALSO D32; ALSO D48,18,R,KYUN 03 (QB),LWR 6(5); TE-L r; HB-R fl; TE-R r; RWR 99(15),6; -; -; -; 9,KYUN 83 6(5); KYUN 81 r; KYUN 26 fl; KYUN 87 r; KYUN 06 99(15),RWR,KYUN 06,COMPLETE,99(15),9R,4; ALSO D17 (REO); ALSO D49 (DRT); ALSO D90 (LEO); ALSO D94 (DLT),,45,6R,,,KYUN 26,+0,,,,KYUN 03; KYUN 06,ALSO D12 > KYUN 06,,0,,,KYUN 03,0,,,0,,HB-R,HB-R (-5),,1; KYUN 26 (HB-R),,,,INSIDE ZONE,,P,,+17,,S,,,,,,L;R,KYUN 06,,,LWR^(-18.5); RWR(+12.5),,1,,0,0,0,,true,3,2,4.929,2.071,Fade,false,12,KYUN 26,KYUN 81; KYUN 87,KYUN 06; KYUN 83,GUN STRONG,PRO - PRO,LWR; TE-L; HB-R; TE-R; RWR,2x2,PRO - PRO,NICKEL,ALSO D02; ALSO D08; ALSO D12; ALSO D13; ALSO D32,ALSO D11; ALSO D17; ALSO D48,ALSO D49; ALSO D90; ALSO D94,WIDE OVER,,COVER 3,,15,,4.894,2.106,31322_7200206,31322-KYUN-11
7200838,31322,2026-09-26,2026,04,411618,,4,1,08:05,0,,0,21,0,12,1,10,0,1,,,0,0,0,45,0,,0,7200830,7200901,,45.21,0,,159,0,,,0,0,,1,4,0,KYUN 26,7; ALSO D08 (04); ALSO D11 (15); ALSO D18 (10); ALSO D25 (32); ALSO D41 (16); ALSO D48 (28); ALSO D56 (25),,,,,LCB (7); SSR (10); SCBR (4); RCB (1),LLB (04); LEO (10); LLB (15); DLT (16); DRT (25); RILB (28); REO (32); SSR (34),2-4-5,ALSO D08 (LLB); ALSO D11 (LLB); ALSO D13 (SSR); ALSO D15 (LCB); ALSO D18 (LEO); ALSO D25 (REO); ALSO D32 (SCBR); ALSO D34 (RCB); ALSO D41 (DLT); ALSO D48 (RILB); ALSO D56 (DRT),ALSO D08 (-1.0); ALSO D11 (0.0); ALSO D13 (0.0); ALSO D15 (0.0); ALSO D18 (-0.5); ALSO D25 (0.0); ALSO D32 (0.0); ALSO D34 (0.0); ALSO D41 (0.0); ALSO D48 (0.0); ALSO D56 (0.0),DRIVE START,F,ALSO,10,,LEO (10); DLT (16); DRT (25); REO (32),,MISSED FG,+30,4,DOWNS,+44,,,+44,ALSO D13,,,,10,,,L,R,,,,,,KYUN 08 (RWR); KYUN 26 (HB-R); KYUN 85 (TE-R); ALSO D08 (LLB); ALSO D18 (LEO),,,,,,,,,,LLB (4); LLB (3); RILB (3),,C,C,ALSO D08; ALSO D18,LWR^; SLWR; HB-R; TE-R; RWR^,2x2,TE>RWR,2-0-1-2,12,KYUN 06; KYUN 08; KYUN 12; KYUN 26; KYUN 85,KYUN 03 (QB); KYUN 06 (SLWR); KYUN 08 (RWR); KYUN 12 (LWR); KYUN 26 (HB-R); KYUN 53 (LT); KYUN 71 (RT); KYUN 72 (C); KYUN 73 (LG); KYUN 77 (RG); KYUN 85 (TE-R),KYUN 03 (0.0); KYUN 06 (0.0); KYUN 08 (+0.5); KYUN 12 (0.0); KYUN 26 (+0.5); KYUN 53 (0.0); KYUN 71 (0.0); KYUN 72 (0.0); KYUN 73 (0.0); KYUN 77 (0.0); KYUN 85 (+0.5),DRIVE START,T,KYUN,KYUN 08; KYUN 12,,,,3,,,,,,,,,,,,,,,,,,,,,,+34,RE,,RE,KYUN 08; KYUN 26; KYUN 85,ALSO D34 > KYUN 12,,0,,,KYUN 03,0,,,0,,HB-R,HB-R (-6),L,1; KYUN 26 (HB-R),,,,INSIDE ZONE,,R,,+24,KYUN 06 (R:Lx); KYUN 08 (R:L{R}); KYUN 26 (B:B); KYUN 85 (R:L{R}),S,,,,ALSO D13,,R,,,,LWR^(-19.5); SLWR(-10.5); RWR^(-0.5),,0,3,0,0,0,,false,3,2,3.32,0.677,,false,12,KYUN 26,KYUN 08; KYUN 85,KYUN 06; KYUN 12,GUN STRONG,SLOT - PRO,LWR; SLWR; HB-R; TE-R; RWR,1x3,TRIPS - OPEN,NICKEL,ALSO D08; ALSO D13; ALSO D15; ALSO D32; ALSO D34,ALSO D11; ALSO D25; ALSO D41; ALSO D48,ALSO D18; ALSO D56,WIDE OVER,,COVER 3,,44,,3.824,0.44,31322_7200838,31322-KYUN-12
7200901,31322,2026-09-26,2026,04,411618,,4,1,07:24,0,,0,21,0,12,2,5,0,,,,0,0,0,45,0,,0,7200838,7200980,,45.21,0,,160,0,,,0,0,,1,4,0,KYUN 26,7; ALSO D11 (10); ALSO D13 (06); ALSO D18 (14); ALSO D25 (34); ALSO D41 (29); ALSO D48 (22); ALSO D56 (22),KYUN 06; KYUN 08,,,,LCB (7); SCBL (3); FS (11); RCB (1),LLB (06); LLB (10); LE (14); NT (22); MLB (22); RE (29); ROLB (34),2-4-5,ALSO D08 (SCBL); ALSO D11 (LLB); ALSO D13 (LLB); ALSO D15 (LCB); ALSO D18 (LE); ALSO D25 (ROLB); ALSO D32 (FS); ALSO D34 (RCB); ALSO D41 (RE); ALSO D48 (MLB); ALSO D56 (NT),ALSO D08 (0.0); ALSO D11 (-0.5); ALSO D13 (0.0); ALSO D15 (0.0); ALSO D18 (0.0); ALSO D25 (0.0); ALSO D32 (0.0); ALSO D34 (0.0); ALSO D41 (0.0); ALSO D48 (0.0); ALSO D56 (-0.5),,F,ALSO,10,,LE (14); NT (22); RE (29),,MISSED FG,+30,4,DOWNS,+44,,,+34,ALSO D32,,,,5,,,C,C,,,,,,KYUN 26 (HB-R); KYUN 72 (C); KYUN 85 (TE-R); ALSO D11 (LLB); ALSO D56 (NT),,,,,,,,,,LLB (3); LLB (6); MLB (4); ROLB (0),,C,C,ALSO D11; ALSO D56,LWR^; HB-R; TE-R; SRWR^; RWR,1x3,TE>SRWR,2-0-1-2,12,KYUN 06; KYUN 08; KYUN 12; KYUN 26; KYUN 85,KYUN 03 (QB); KYUN 06 (RWR); KYUN 08 (SRWR); KYUN 12 (LWR); KYUN 26 (HB-R); KYUN 53 (LT); KYUN 71 (RT); KYUN 72 (C); KYUN 73 (LG); KYUN 77 (RG); KYUN 85 (TE-R),KYUN 03 (0.0); KYUN 06 (0.0); KYUN 08 (0.0); KYUN 12 (0.0); KYUN 26 (+0.5); KYUN 53 (0.0); KYUN 71 (0.0); KYUN 72 (+0.5); KYUN 73 (0.0); KYUN 77 (0.0); KYUN 85 (+0.5),,T,KYUN,KYUN 08; KYUN 12,,,,3,,,,,,,,,,,,,,,,,,,,,,+29,RG,,RG,KYUN 26; KYUN 72; KYUN 85,ALSO D34 > KYUN 12,,0,,,KYUN 03,0,,,0,,HB-R,HB-R (-5),R,1; KYUN 26 (HB-R),,,,MAN,,R,,+24,KYUN 06 (R:L{R}); KYUN 08 (R:L{R}); KYUN 26 (B:B); KYUN 85 (R:L{R}),S,,,,ALSO D32,,R,,,,LWR^(-17.5); SRWR^(+7.5); RWR(+8.5),,0,4,0,0,0,,false,3,2,3.997,-0.052,,false,12,KYUN 26,KYUN 08; KYUN 85,KYUN 06; KYUN 12,GUN STRONG,TREY - OPEN,LWR; HB-R; TE-R; SRWR; RWR,1x3,TRIPS - OPEN,NICKEL,ALSO D08; ALSO D13; ALSO D15; ALSO D32; ALSO D34,ALSO D11; ALSO D25; ALSO D41; ALSO D48,ALSO D18; ALSO D56,ODD,,COVER 3,,34,,4.264,0.15,31322_7200901,31322-KYUN-12
7200980,31322,2026-09-26,2026,04,411618,,4,2,06:40,0,0,0,21,0,12,3,,0,,,,0,0,0,45,0,,1,7200901,7200988,,45.21,0,,161,0,,2.3,0,0,,,4,0,,7; ALSO D11 (08); ALSO D18 (12); ALSO D25 (34); ALSO D32 (36); ALSO D41 (17); ALSO D48 (21); ALSO D56 (26),,L,,,LCB (1); SCBL (4); FSL (12); RCB (1),LLB (08); LEO (12); DLT (17); MLB (21); DRT (26); ROLB (34); RLB (36),2-4-5,ALSO D08 (SCBL); ALSO D11 (LLB); ALSO D13 (FSL); ALSO D15 (LCB); ALSO D18 (LEO); ALSO D25 (ROLB); ALSO D32 (RLB); ALSO D34 (RCB); ALSO D41 (DLT); ALSO D48 (MLB); ALSO D56 (DRT),ALSO D08 (0.0); ALSO D11 (0.0); ALSO D13 (0.0); ALSO D15 (0.0); ALSO D18 (0.0); ALSO D25 (0.0); ALSO D32 (0.0); ALSO D34 (0.0); ALSO D41 (0.0); ALSO D48 (0.0); ALSO D56 (0.0),,T,ALSO,5,,LEO (12); DLT (17); DRT (26),,MISSED FG,+30,4,DOWNS,+44,7,SD,+29,,,,,0,,,C,C,,,OT,,,KYUN 10 (QB); ALSO D34 (RCB),,,,,,,,,,LLB (3); MLB (3); RLB (4); ROLB (0),,C,C,KYUN 10,LWR^; HB-R; TE-R; SRWR; RWR^,1x3,,3-0-1-1,11,KYUN 06; KYUN 13; KYUN 28; KYUN 83; KYUN 85,KYUN 06 (LWR); KYUN 10 (QB); KYUN 13 (RWR); KYUN 28 (HB-R); KYUN 50 (RT); KYUN 55 (LG); KYUN 57 (RG); KYUN 67 (LT); KYUN 75 (C); KYUN 83 (SRWR); KYUN 85 (TE-R),KYUN 06 (0.0); KYUN 10 (-0.5); KYUN 13 (0.0); KYUN 28 (0.0); KYUN 50 (0.0); KYUN 55 (0.0); KYUN 57 (0.0); KYUN 67 (0.0); KYUN 75 (0.0); KYUN 83 (0.0); KYUN 85 (0.0),KYUN 10; KYUN 13; KYUN 28; KYUN 50; KYUN 55; KYUN 57; KYUN 67; KYUN 75; KYUN 83,F,KYUN,KYUN 06; KYUN 13,,6; KYUN 50 (RT); KYUN 55 (LG); KYUN 57 (RG); KYUN 67 (LT); KYUN 75 (C); KYUN 85 (TE-R),,3,ALSO D34,,7; ALSO D08; ALSO D11; ALSO D13; ALSO D15; ALSO D32; ALSO D34; ALSO D48,18,L,KYUN 10 (QB),LWR 9bo(19); HB-R fl; TE-R r; SRWR r; RWR r,9; -; -; -; -,KYUN 06 9bo(19); KYUN 28 fl; KYUN 85 r; KYUN 83 r; KYUN 13 r,LWR,KYUN 06,INCOMPLETE,9bo(19),9R,4; ALSO D18 (LEO); ALSO D25 (ROLB); ALSO D41 (DLT); ALSO D56 (DRT),,3,2L,,,KYUN 28,+29,,,,,ALSO D15 > KYUN 13; ALSO D34 > KYUN 06,,0,,,KYUN 10,0,,,0,,HB-R,HB-R (-6),,1; KYUN 28 (HB-R),,,,INSIDE ZONE,,P,,+24,,S,,,,,,R,,,,LWR^(-18.5); SRWR(+9.5); RWR^(+18.5),,1,2,0,0,0,,false,3,2,3.945,-0.763,Back Shoulder Go,false,11,KYUN 28,KYUN 85,KYUN 06; KYUN 13; KYUN 83,GUN STRONG,TREY - OPEN,LWR; HB-R; TE-R; SRWR; RWR,1x3,TREY - OPEN,NICKEL,ALSO D08; ALSO D13; ALSO D15; ALSO D32; ALSO D34,ALSO D11; ALSO D25; ALSO D41; ALSO D48,ALSO D18; ALSO D56,WIDE OVER,,COVER 3,,29,,4.414,-0.743,31322_7200980,31322-KYUN-12
7200988,31322,2026-09-26,2026,04,411618,,4,3,06:34,0,,0,21,0,12,4,-1,0,,,,0,0,0,45,0,,0,7200980,7201048,,45.21,0,,162,0,,,0,0,,1,4,0,KYUN 28,6; ALSO D11 (19); ALSO D18 (12); ALSO D25 (34); ALSO D41 (17); ALSO D48 (30); ALSO D56 (24),,,,,LCB (2); SCBL (5); FSL (13); SCBR (7); RCB (1),LEO (12); DLT (17); LILB (19); DRT (24); RLB (30); ROLB (34),2-4-5,ALSO D08 (FSL); ALSO D11 (LILB); ALSO D15 (LCB); ALSO D18 (LEO); ALSO D24 (SCBL); ALSO D25 (ROLB); ALSO D32 (SCBR); ALSO D34 (RCB); ALSO D41 (DLT); ALSO D48 (RLB); ALSO D56 (DRT),ALSO D08 (0.0); ALSO D11 (+0.5); ALSO D15 (0.0); ALSO D18 (0.0); ALSO D24 (0.0); ALSO D25 (+0.5); ALSO D32 (0.0); ALSO D34 (0.0); ALSO D41 (0.0); ALSO D48 (0.0); ALSO D56 (-0.5),ALSO D24,T,ALSO,5,,LEO (12); DLT (17); DRT (24),,MISSED FG,+30,4,DOWNS,+44,,,+29,ALSO D11,,,,-1,,,L,R,,,,,,KYUN 55 (LG); KYUN 67 (LT); ALSO D11 (LILB); ALSO D25 (ROLB); ALSO D56 (DRT),,,,,,,,,,LILB (3); RLB (4); ROLB (0),,C,C,KYUN 67; ALSO D56,LWR^; SLWR; HB-R; SRWR; RWR^,2x2,TE>SLWR,3-0-1-1,11,KYUN 06; KYUN 08; KYUN 13; KYUN 28; KYUN 83,KYUN 06 (RWR); KYUN 08 (SLWR); KYUN 10 (QB); KYUN 13 (LWR); KYUN 28 (HB-R); KYUN 50 (RT); KYUN 55 (LG); KYUN 57 (RG); KYUN 67 (LT); KYUN 75 (C); KYUN 83 (SRWR),KYUN 06 (0.0); KYUN 08 (0.0); KYUN 10 (0.0); KYUN 13 (0.0); KYUN 28 (0.0); KYUN 50 (0.0); KYUN 55 (+0.5); KYUN 57 (0.0); KYUN 67 (-0.5); KYUN 75 (0.0); KYUN 83 (0.0),KYUN 08,F,KYUN,KYUN 06; KYUN 13,,,,3S,,,,,,,,,,,,,,,,,,,,,,+30,MR,,MR,KYUN 55; ALSO D11; ALSO D25,ALSO D15 > KYUN 06; ALSO D34 > KYUN 13,,0,,,KYUN 10,0,,,0,,HB-R,HB-R (-6),L,1; KYUN 28 (HB-R),,,,INSIDE ZONE,SPLIT,R,,+24,KYUN 08* (L:R{L}),S,,ALSO D11,,ALSO D11,ALSO D25,,,,,LWR^(-15.5); SLWR(-9.5); SRWR(+9.5); RWR^(+17.5),,0,6,0,0,0,,false,3,2,3.182,-1.861,,false,11,KYUN 28,KYUN 08,KYUN 06; KYUN 13; KYUN 83,GUN STRONG,SLOT - SLOT,LWR; SLWR; HB-R; SRWR; RWR,2x2,SLOT - SLOT,NICKEL,ALSO D08; ALSO D15; ALSO D24; ALSO D32; ALSO D34,ALSO D11; ALSO D25; ALSO D41; ALSO D48,ALSO D18; ALSO D56,WIDE OVER,,COVER 3 SEAM,,29,,3.671,-2.192,31322_7200988,31322-KYUN-12
7201846,31322,2026-09-26,2026,04,411618,,4,1,01:06,0,,0,21,0,13,1,7,1,,,,0,0,0,45,0,,0,7201783,7201856,,45.21,0,,177,0,,,0,0,,3,0,0,KYUN 29,7; ALSO D11 (34); ALSO D25 (10); ALSO D32 (31); ALSO D48 (22); ALSO D49 (22); ALSO D90 (29); ALSO D94 (15),,,,,LCB (1); SS (7); FSR (12); SCBR (3); RCB (6),LOLB (10); LE (15); NT (22); MLB (22); RE (29); SS (31); RLB (34),3-3-5,ALSO D11 (RLB); ALSO D13 (FSR); ALSO D15 (LCB); ALSO D25 (LOLB); ALSO D32 (SS); ALSO D34 (RCB); ALSO D36 (SCBR); ALSO D48 (MLB); ALSO D49 (NT); ALSO D90 (RE); ALSO D94 (LE),ALSO D11 (0.0); ALSO D13 (0.0); ALSO D15 (0.0); ALSO D25 (0.0); ALSO D32 (0.0); ALSO D34 (0.0); ALSO D36 (0.0); ALSO D48 (0.0); ALSO D49 (0.0); ALSO D90 (-0.5); ALSO D94 (-0.5),DRIVE START,F,ALSO,10,,LE (15); NT (22); RE (29),,END OF GAME,-45,2,INTERCEPTION,-31,,,-31,ALSO D48,,,,7,,,R,L,,,,,,KYUN 29 (HB-L); KYUN 57 (RG); KYUN 67 (LT); ALSO D90 (RE); ALSO D94 (LE),,,,,,,,,,LOLB (0); MLB (3); RLB (3),,O,O,ALSO D90; ALSO D94,LWR^; SLWR; TE-L; HB-L; RWR^,3x1,,3-0-1-1,11,KYUN 13; KYUN 18; KYUN 29; KYUN 83; KYUN 85,KYUN 09 (QB); KYUN 13 (LWR); KYUN 18 (RWR); KYUN 29 (HB-L); KYUN 50 (RT); KYUN 55 (LG); KYUN 57 (RG); KYUN 67 (LT); KYUN 75 (C); KYUN 83 (SLWR); KYUN 85 (TE-L),KYUN 09 (0.0); KYUN 13 (0.0); KYUN 18 (0.0); KYUN 29 (+0.5); KYUN 50 (0.0); KYUN 55 (0.0); KYUN 57 (+0.5); KYUN 67 (+0.5); KYUN 75 (0.0); KYUN 83 (0.0); KYUN 85 (0.0),DRIVE START,T,KYUN,KYUN 13; KYUN 18,,,,4,,,,,,,,,,,,,,,,,,,,,,-38,MR,,MR,KYUN 29; KYUN 57; KYUN 67,ALSO D15 > KYUN 18,,0,,,KYUN 09,0,,,0,,HB-L,HB-L (-6),L,1; KYUN 29 (HB-L),,,,MAN,,R,,+24,KYUN 85* (R:Lx),S,,,,ALSO D48,,L,,,,LWR^(-17.5); SLWR(-7.5); RWR^(+17.5),,0,13,0,0,0,,false,3,2,0.944,-0.317,,false,11,KYUN 29,KYUN 85,KYUN 13; KYUN 18; KYUN 83,GUN STRONG,TREY - OPEN,LWR; SLWR; TE-L; HB-L; RWR,2x2,SLOT - PRO,NICKEL,ALSO D13; ALSO D15; ALSO D32; ALSO D34; ALSO D36,ALSO D11; ALSO D25; ALSO D48,ALSO D49; ALSO D90; ALSO D94,ODD,,COVER 4,,69,,2.213,0.51,31322_7201846,31322-KYUN-13
7201856,31322,2026-09-26,2026,04,411618,,4,2,00:29,0,,0,21,0,13,2,7,1,1,,,0,0,0,45,0,,0,7201846,,,45.21,0,,178,0,,,0,0,,4,0,0,KYUN 29,6; ALSO D11 (33); ALSO D25 (08); ALSO D48 (22); ALSO D49 (22); ALSO D90 (29); ALSO D94 (15),,,,,LCB (2); SSL (8); FSR (12); SCBR (2); RCB (6),LOLB (08); SSL (12); LE (15); NT (22); MLB (22); RE (29); RLB (33),3-3-5,ALSO D11 (RLB); ALSO D13 (FSR); ALSO D15 (LCB); ALSO D25 (LOLB); ALSO D32 (SSL); ALSO D34 (RCB); ALSO D36 (SCBR); ALSO D48 (MLB); ALSO D49 (NT); ALSO D90 (RE); ALSO D94 (LE),ALSO D11 (0.0); ALSO D13 (0.0); ALSO D15 (0.0); ALSO D25 (0.0); ALSO D32 (0.0); ALSO D34 (0.0); ALSO D36 (0.0); ALSO D48 (-0.5); ALSO D49 (0.0); ALSO D90 (0.0); ALSO D94 (0.0),,F,ALSO,3,,LE (15); NT (22); RE (29),,END OF GAME,-45,2,INTERCEPTION,-31,,,-38,ALSO D36,,,,7,,,R,L,,,,,,KYUN 29 (HB-L); KYUN 44 (TE-L); KYUN 55 (LG); ALSO D11 (RLB); ALSO D48 (MLB),,,,,,,,,,LOLB (0); MLB (3); RLB (2),,O,O,KYUN 44; ALSO D48,LWR^; SLWR; TE-L; HB-L; RWR^,3x1,,3-0-1-1,11,KYUN 13; KYUN 18; KYUN 29; KYUN 44; KYUN 83,KYUN 09 (QB); KYUN 13 (LWR); KYUN 18 (RWR); KYUN 29 (HB-L); KYUN 44 (TE-L); KYUN 50 (RT); KYUN 55 (LG); KYUN 57 (RG); KYUN 67 (LT); KYUN 75 (C); KYUN 83 (SLWR),KYUN 09 (0.0); KYUN 13 (0.0); KYUN 18 (0.0); KYUN 29 (+0.5); KYUN 44 (-0.5); KYUN 50 (0.0); KYUN 55 (+0.5); KYUN 57 (0.0); KYUN 67 (0.0); KYUN 75 (0.0); KYUN 83 (0.0),KYUN 44,T,KYUN,KYUN 13; KYUN 18,,,,4,,,,,,,,,,,,,,,,,,,,,,-45,LE,,LE,KYUN 29; KYUN 55,ALSO D15 > KYUN 18,,0,,,KYUN 09,0,,,0,,HB-L,HB-L (-5),L,1; KYUN 29 (HB-L),,,,MAN,,R,,+24,KYUN 44* (R:Lx),S,,,,ALSO D11,ALSO D36,L,,,,LWR^(-14.5); SLWR(-6.5); RWR^(+16.5),,0,10,0,0,0,,false,3,2,0.627,0.0,,false,11,KYUN 29,KYUN 44,KYUN 13; KYUN 18; KYUN 83,GUN STRONG,TREY - OPEN,LWR; SLWR; TE-L; HB-L; RWR,2x2,SLOT - PRO,NICKEL,ALSO D13; ALSO D15; ALSO D32; ALSO D34; ALSO D36,ALSO D11; ALSO D25; ALSO D48,ALSO D49; ALSO D90; ALSO D94,ODD,,COVER 4,,62,,2.723,0.0,31322_7201856,31322-KYUN-13
