pff_PLAYID,pff_GAMEID,pff_GAMEDATE,pff_GAMESEASON,pff_WEEK,pff_GSISGAMEKEY,pff_GSISPLAYID,pff_QUARTER,pff_DOWN,pff_CLOCK,pff_BLITZDOG,pff_CATCHABLE,pff_DEEPPASS,pff_DEFSCORE,pff_DRAW,pff_DRIVE,pff_DRIVEPLAY,pff_GAINLOSS,pff_GARBAGETIME,pff_FIRST_DOWN_GAINED,pff_GETOFFTIME,pff_KICKYARDS,pff_NOHUDDLE,pff_NOPLAY,pff_OFFFORMATIONUNBALANCED,pff_OFFSCORE,pff_OPTION,pff_PENALTYYARDS,pff_PLAYACTION,pff_PREVIOUSPFFPLAYID,pff_NEXTPFFPLAYID,pff_RETURNYARDS,pff_SCORE,pff_SCREEN,pff_SNAPTIME,pff_SORTORDER,pff_STUNT,pff_TIMETOPRESSURE,pff_TIMETOTHROW,pff_TRICKLOOK,pff_TRICKPLAY,pff_YARDSAFTERCATCH,pff_YARDSAFTERCONTACT,pff_2MINUTE,pff_3MINUTE,pff_BALLCARRIER,pff_BOXPLAYERS,pff_BUNCHED,pff_CENTERPASSBLOCKDIRECTION,pff_CHECKROUTE,pff_CHIPROUTE,pff_DBDEPTH,pff_DEFFRONT,pff_DEFPERSONNEL,pff_DEFPLAYERS,pff_DEFPLAYERSRATINGS,pff_DEFSUBSTITUTIONS,pff_DEFSUCCESS,pff_DEFTEAM,pff_DISTANCE,pff_DLDROP,pff_DLTECHNIQUES,pff_DOUBLETEAM,pff_DRIVEENDEVENT,pff_DRIVEENDFIELDPOSITION,pff_DRIVEENDPLAYNUMBER,pff_DRIVESTARTEVENT,pff_DRIVESTARTFIELDPOSITION,pff_DROPBACKDEPTH,pff_DROPBACKTYPE,pff_FIELDPOSITION,pff_FIRSTCONTACT,pff_FORCEDFUMBLE,pff_FUMBLE,pff_FUMBLERECOVERY,pff_GAINLOSSNET,pff_GUNNERS,pff_HANGTIME,pff_HASH,pff_HASHDEF,pff_HIT,pff_HURRY,pff_INCOMPLETIONTYPE,pff_INJURED,pff_INTERCEPTION,pff_KEYPLAYERS,pff_KICKCONTACT,pff_KICKDEPTH,pff_KICKDIRACTUAL,pff_KICKDIRINTENDED,pff_KICKER,pff_KICKRESULT,pff_KICKTYPE,pff_KICKWIDTH,pff_KICKZONE,pff_LBDEPTH,pff_MISSEDTACKLE,pff_MOFOCPLAYED,pff_MOFOCSHOWN,pff_NEGATIVEPFFGRADE,pff_OFFFORMATION,pff_OFFFORMATIONGROUP,pff_OFFODDITIES,pff_OFFPERSONNEL,pff_OFFPERSONNELBASIC,pff_OFFPERSONNELSKILL,pff_OFFPLAYERS,pff_OFFPLAYERSRATINGS,pff_OFFSUBSTITUTIONS,pff_OFFSUCCESS,pff_OFFTEAM,pff_ONLOS,pff_OPERATIONTIME,pff_PASSBLOCKING,pff_PASSBREAKUP,pff_PASSCOVERAGE,pff_PASSCOVERAGE1,pff_PASSCOVERAGE2,pff_PASSCOVERAGEPLAYERS,pff_PASSDEPTH,pff_PASSDIRECTION,pff_PASSER,pff_PASSPATTERN,pff_PASSPATTERNBASIC,pff_PASSPATTERNBYPLAYER,pff_PASSRECEIVERPOSITIONTARGET,pff_PASSRECEIVERTARGET,pff_PASSRESULT,pff_PASSROUTETARGET,pff_PASSROUTETARGETGROUP,pff_PASSRUSHPLAYERS,pff_PASSRUSHRESULT,pff_PASSWIDTH,pff_PASSZONE,pff_PENALTY,pff_PISTOL,pff_PLAYACTIONFAKE,pff_PLAYENDFIELDPOSITION,pff_POAACTUAL,pff_POACHANGEREASON,pff_POAINTENDED,pff_POSITIVEPFFGRADE,pff_PRESS,pff_PRESSUREDETAIL,pff_PUMPFAKE,pff_PUNTRUSH,pff_PURSUIT,pff_QB,pff_QBMOVEDOFFSPOT,pff_QBPRESSURE,pff_QBPRESSUREALLOWED,pff_QBRESET,pff_QBSCRAMBLE,pff_RBALIGNMENT,pff_RBDEPTH,pff_RBDIRECTION,pff_RBSINBACKFIELD,pff_RETDIRECTIONINTENDED,pff_RETURNDIRECTION,pff_RETURNER,pff_RUNCONCEPTPRIMARY,pff_RUNCONCEPTSECONDARY,pff_RUNPASS,pff_SACK,pff_SCOREDIFFERENTIAL,pff_SHIFTMOTION,pff_SHOTGUN,pff_SPECIALTEAMSTYPE,pff_STOP,pff_STSAFETIES,pff_TACKLE,pff_TACKLEASSIST,pff_TEALIGNMENT,pff_TOUCHDOWN,pff_UNBLOCKEDPRESSURE,pff_VISE,pff_WRALIGNMENT,pff_CONTESTED,pff_RUNPASSOPTION,pff_PLAYCLOCK,pff_HAIL_MARY,pff_BUSTED_COVERAGE,pff_TURNOVER,pff_NON_TACKLE_TYPE,pff_TEMPO,pff_DEF_TIMEOUTS_REMAINING,pff_OFF_TIMEOUTS_REMAINING,pff_EXPECTED_POINTS,pff_EXPECTED_POINTS_ADDED,pff_ROUTE_THROWN,pff_SIDELINE_CHECK,pff_OFF_PERSONNEL_GROUP,pff_RBS_ON_FIELD,pff_TES_ON_FIELD,pff_WRS_ON_FIELD,pff_BACKSET,pff_OFFENSIVE_FORMATION_NAME,pff_STARTING_OFFENSIVE_FORMATION,pff_STARTING_OFFENSIVE_FORMATION_GROUP,pff_STARTING_OFFENSIVE_FORMATION_NAME,pff_DEF_PACKAGE,pff_DBS_ON_FIELD,pff_LBS_ON_FIELD,pff_DLS_ON_FIELD,pff_DEFENSIVE_FRONT_NAME,pff_MUG_LOOK,pff_PASS_COVERAGE_BASIC,pff_KICKOFF_RETURN_CONCEPT,pff_YARDS_TO_GOAL_LINE,pff_FGOPTIME,pff_EXPECTED_POINTS_LEGACY,pff_EXPECTED_POINTS_ADDED_LEGACY,pff_TEAMWORKS_PLAY_ID,pff_DRIVEID
6317474,28752,2025-08-28,2025,01,407560,378,1,1,11:20,0,1,0,7,0,1,1,6,0,1,,,0,0,0,0,0,15,1,6317451,6317504,,7.00,0,,14,0,,2.4,0,0,6,2,0,0,TNMR 01,7; OKST D00 (34); OKST D04 (05); OKST D05 (12); OKST D06 (25); OKST D88 (11); OKST D96 (19); OKST D99 (28),,L,TNMR 22,,LCB (2); FSL (11); SSR (10); RCB (1),LOLB (05); LEO (11); LLB (12); DLT (19); RILB (25); DRT (28); ROLB (34); SSR (37),4-3-4,OKST D00 (ROLB); OKST D03 (LCB); OKST D04 (LOLB); OKST D05 (LLB); OKST D06 (RILB); OKST D08 (SSR); OKST D10 (RCB); OKST D11 (FSL); OKST D88 (LEO); OKST D96 (DLT); OKST D99 (DRT),OKST D00 (0.0); OKST D03 (0.0); OKST D04 (-0.5); OKST D05 (-1.0); OKST D06 (0.0); OKST D08 (0.0); OKST D10 (0.0); OKST D11 (0.0); OKST D88 (0.0); OKST D96 (0.0); OKST D99 (0.0),DRIVE START,F,OKST,10,,LEO (11); DLT (19); DRT (28),,PUNT,+42,7,KICKOFF - TB,-25,0,RR,-25,OKST D05,,,,21,,,L,R,,,,,,TNMR 01 (HB); OKST D04 (LOLB); OKST D05 (LLB),,,,,,,,,,LOLB (0); LLB (5); RILB (5); ROLB (0),,O,O,OKST D04; OKST D05,LWR^; HB; TE-iR^; TE-oR; RWR,1x3,WR>TE-iR,2-0-1-2,12,TNMR 01; TNMR 05; TNMR 15; TNMR 22; TNMR 46,TNMR 01 (HB); TNMR 05 (LWR); TNMR 08 (QB); TNMR 15 (RWR); TNMR 22 (TE-oR); TNMR 46 (TE-iR); TNMR 55 (LG); TNMR 62 (C); TNMR 72 (LT); TNMR 78 (RT); TNMR 79 (RG),TNMR 01 (0.0); TNMR 05 (0.0); TNMR 08 (0.0); TNMR 15 (0.0); TNMR 22 (0.0); TNMR 46 (0.0); TNMR 55 (0.0); TNMR 62 (0.0); TNMR 72 (0.0); TNMR 78 (0.0); TNMR 79 (0.0),DRIVE START,T,TNMR,TNMR 05; TNMR 46,,6; TNMR 46 (TE-iR); TNMR 55 (LG); TNMR 62 (C); TNMR 72 (LT); TNMR 78 (RT); TNMR 79 (RG),,4,OKST D04,,7; OKST D03; OKST D04; OKST D05; OKST D06; OKST D08; OKST D10; OKST D11,0,M,TNMR 08 (QB),LWR xo(12); HB h21(0); TE-iR k; TE-oR k1; RWR 7i(17),X; H4; -; 3; 7,TNMR 05 xo(12); TNMR 01 h21(0); TNMR 46 k; TNMR 22 k1; TNMR 15 7i(17),HB,TNMR 01,COMPLETE,h21(0),H2,4; OKST D00 (ROLB); OKST D88 (LEO); OKST D96 (DLT); OKST D99 (DRT),,41,5R,OKST D05 HC,,,-46,,,,,OKST D03 > TNMR 15; OKST D10 > TNMR 05,,0,,,TNMR 08,0,,,0,,HB,HB (-7),,1; TNMR 01 (HB),,,,OUTSIDE ZONE,,P,,-7,TNMR 15* (R:L{R}),,,,,OKST D05,,R;R,,,,LWR^(-12.5); RWR(+8.5),,0,8,0,1,0,,false,3,2,-0.247,2.143,Flat,false,12,TNMR 01,TNMR 22; TNMR 46,TNMR 05; TNMR 15,ACE,TOAD WING - OPEN,LWR; HB; TE-iR; TE-oR; RWR,1x3,TOAD WING - OPEN,BASE,OKST D03; OKST D08; OKST D10; OKST D11,OKST D04; OKST D05; OKST D06,OKST D00; OKST D88; OKST D96; OKST D99,WIDE UNDER,,COVER 4,,75,,0.31,1.791,28752_6317474,28752-TNMR-1
6317504,28752,2025-08-28,2025,01,407560,417,1,1,10:59,0,,0,7,0,1,2,2,0,,,,0,0,0,0,0,,0,6317474,6317526,,7.00,0,,15,0,,,0,0,,3,0,0,TNMR 01,7; OKST D00 (35); OKST D04 (04); OKST D05 (15); OKST D06 (27); OKST D88 (11); OKST D96 (19); OKST D99 (29),TNMR 15; TNMR 22,,,,LCB (6); FS (10); SSR (10); RCB (1),LOLB (04); LEO (11); LLB (15); DLT (19); RILB (27); RE (29); ROLB (35); SSR (44),4-3-4,OKST D00 (ROLB); OKST D03 (LCB); OKST D04 (LOLB); OKST D05 (LLB); OKST D06 (RILB); OKST D08 (FS); OKST D10 (RCB); OKST D11 (SSR); OKST D88 (LEO); OKST D96 (DLT); OKST D99 (RE),OKST D00 (+0.5); OKST D03 (0.0); OKST D04 (0.0); OKST D05 (0.0); OKST D06 (0.0); OKST D08 (0.0); OKST D10 (0.0); OKST D11 (0.0); OKST D88 (0.0); OKST D96 (0.0); OKST D99 (-0.5),,T,OKST,10,,LEO (11); DLT (19); RE (29),,PUNT,+42,7,KICKOFF - TB,-25,,,-46,OKST D00,,,,2,,,R,L,,,,,,TNMR 62 (C); TNMR 72 (LT); TNMR 78 (RT); OKST D00 (ROLB); OKST D88 (LEO); OKST D96 (DLT); OKST D99 (RE),,,,,,,,,,LOLB (0); LLB (5); RILB (5); ROLB (0),,O,O,OKST D99,LWR^; HB; TE-R; SRWR; RWR^,1x3,TE>RWR; WR>TE-R,2-0-1-2,12,TNMR 01; TNMR 05; TNMR 15; TNMR 22; TNMR 46,TNMR 01 (HB); TNMR 05 (LWR); TNMR 08 (QB); TNMR 15 (SRWR); TNMR 22 (RWR); TNMR 46 (TE-R); TNMR 55 (LG); TNMR 62 (C); TNMR 72 (LT); TNMR 78 (RT); TNMR 79 (RG),TNMR 01 (0.0); TNMR 05 (0.0); TNMR 08 (0.0); TNMR 15 (0.0); TNMR 22 (0.0); TNMR 46 (0.0); TNMR 55 (0.0); TNMR 62 (0.0); TNMR 72 (+0.5); TNMR 78 (0.0); TNMR 79 (0.0),,F,TNMR,TNMR 05; TNMR 22,,,,4,,,,,,,,,,,,,,,,,,,,,,-48,ML,,ML,TNMR 72; OKST D00,OKST D10 > TNMR 05,,0,,,TNMR 08,0,,,0,,HB,HB (-7),R,1; TNMR 01 (HB),,,,OUTSIDE ZONE,,R,,-7,TNMR 15* (R:L{R}),,,OKST D00,,OKST D00,,R,,,,LWR^(-11.5); SRWR(+9.5); RWR^(+12.5),,0,11,0,0,0,,false,3,2,1.896,-0.797,,false,12,TNMR 01,TNMR 22; TNMR 46,TNMR 05; TNMR 15,ACE,TREY - OPEN,LWR; HB; TE-R; SRWR; RWR,1x3,TREY - OPEN,BASE,OKST D03; OKST D08; OKST D10; OKST D11,OKST D04; OKST D05; OKST D06,OKST D00; OKST D88; OKST D96; OKST D99,WIDE UNDER,,COVER 4,,54,,2.101,-0.522,28752_6317504,28752-TNMR-1
6317526,28752,2025-08-28,2025,01,407560,443,1,2,10:15,0,,0,7,0,1,3,2,0,,,,0,0,0,0,1,,0,6317504,6317614,,7.00,0,,16,0,,,0,0,,3,0,0,TNMR 01,6; OKST D00 (10); OKST D05 (35); OKST D06 (23); OKST D95 (34); OKST D96 (27); OKST D99 (19),,,,,LCB (1); SSL (10); FSR (13); SCBR (5); RCB (1),SSL (05); LOLB (10); DLT (19); MLB (23); DRT (27); REO (34); RLB (35),4-2-5,OKST D00 (LOLB); OKST D03 (LCB); OKST D05 (RLB); OKST D06 (MLB); OKST D08 (SSL); OKST D10 (RCB); OKST D11 (FSR); OKST D23 (SCBR); OKST D95 (REO); OKST D96 (DRT); OKST D99 (DLT),OKST D00 (0.0); OKST D03 (0.0); OKST D05 (0.0); OKST D06 (0.0); OKST D08 (0.0); OKST D10 (0.0); OKST D11 (0.0); OKST D23 (+0.5); OKST D95 (+0.5); OKST D96 (-0.5); OKST D99 (0.0),OKST D23; OKST D95,T,OKST,8,,DLT (19); DRT (27); REO (34),,PUNT,+42,7,KICKOFF - TB,-25,,,-48,OKST D23,,,,2,,,R,L,,,,,,TNMR 55 (LG); TNMR 72 (LT); TNMR 79 (RG); OKST D23 (SCBR); OKST D95 (REO); OKST D96 (DRT); OKST D99 (DLT),,,,,,,,,,LOLB (0); MLB (5); RLB (5),,C,O,TNMR 72; OKST D96,LWR^; SLWR; TE-L; HB-R; RWR^,3x1,WR>TE-L,3-0-1-1,11,TNMR 01; TNMR 03; TNMR 05; TNMR 15; TNMR 46,TNMR 01 (HB-R); TNMR 03 (SLWR); TNMR 05 (RWR); TNMR 08 (QB); TNMR 15 (LWR); TNMR 46 (TE-L); TNMR 55 (LG); TNMR 62 (C); TNMR 72 (LT); TNMR 78 (RT); TNMR 79 (RG),TNMR 01 (0.0); TNMR 03 (0.0); TNMR 05 (0.0); TNMR 08 (0.0); TNMR 15 (0.0); TNMR 46 (0.0); TNMR 55 (+0.5); TNMR 62 (0.0); TNMR 72 (-0.5); TNMR 78 (0.0); TNMR 79 (0.0),TNMR 03,F,TNMR,TNMR 05; TNMR 15,,,,3,,,,,,,,,,,,,,,,,,,,,,+50,LE,VOLUNTARY,RG,TNMR 55; OKST D23; OKST D95,OKST D03 > TNMR 05; OKST D10 > TNMR 15,,0,,,TNMR 08,0,,,0,,HB-R,HB-R (-5),L,1; TNMR 01 (HB-R),,,,OUTSIDE ZONE,READ OPTION,R,,-7,TNMR 03* (L:R{L}),S,,OKST D23,,OKST D23,OKST D05,L,,,,LWR^(-18.5); SLWR(-0.5); RWR^(+19.5),,0,2,0,0,0,,false,3,2,1.099,-0.268,,false,11,TNMR 01,TNMR 46,TNMR 03; TNMR 05; TNMR 15,GUN WEAK,TREY - OPEN,LWR; SLWR; TE-L; HB-R; RWR,3x1,TREY - OPEN,NICKEL,OKST D03; OKST D08; OKST D10; OKST D11; OKST D23,OKST D05; OKST D06,OKST D00; OKST D95; OKST D96; OKST D99,WIDE OVER,,COVER 3,,52,,1.579,-0.7,28752_6317526,28752-TNMR-1
6317614,28752,2025-08-28,2025,01,407560,469,1,3,09:36,0,,0,7,0,1,4,6,0,1,,,0,0,0,0,0,,0,6317526,6317647,,7.00,0,,17,0,,,0,0,,8,0,0,TNMR 08,5; OKST D00 (15); OKST D04 (36); OKST D16 (05); OKST D26 (19); OKST D95 (30),TNMR 01; TNMR 15,,,,LCB (5); SCBL (5); FSL (13); FS (13); SCBR (5); RCB (4),LOLB (05); LE (15); LILB (19); RE (30); ROLB (36),2-4-5,OKST D00 (LE); OKST D03 (LCB); OKST D04 (ROLB); OKST D05 (SCBR); OKST D08 (FS); OKST D10 (RCB); OKST D11 (FSL); OKST D16 (LOLB); OKST D23 (SCBL); OKST D26 (LILB); OKST D95 (RE),OKST D00 (+0.5); OKST D03 (0.0); OKST D04 (0.0); OKST D05 (0.0); OKST D08 (0.0); OKST D10 (0.0); OKST D11 (0.0); OKST D16 (0.0); OKST D23 (0.0); OKST D26 (0.0); OKST D95 (0.0),OKST D04; OKST D16; OKST D26,F,OKST,6,,LE (15); RE (30),,PUNT,+42,7,KICKOFF - TB,-25,,,+50,OKST D00,,,,6,,,L,R,,,,,,TNMR 08 (QB); TNMR 55 (LG); TNMR 78 (RT); TNMR 79 (RG); OKST D00 (LE); OKST D05 (SCBR); OKST D16 (LOLB),,,,,,,,,,LOLB (0); LILB (1); ROLB (0),OKST D00,O,O,TNMR 78,LWR; SLWR^; TE-R; SRWR; RWR^,2x3,HB>SLWR,3-0-1-1,11,TNMR 01; TNMR 03; TNMR 05; TNMR 15; TNMR 22,TNMR 01 (SLWR); TNMR 03 (SRWR); TNMR 05 (RWR); TNMR 08 (QB); TNMR 15 (LWR); TNMR 22 (TE-R); TNMR 55 (LG); TNMR 62 (C); TNMR 72 (LT); TNMR 78 (RT); TNMR 79 (RG),TNMR 01 (0.0); TNMR 03 (0.0); TNMR 05 (0.0); TNMR 08 (+0.5); TNMR 15 (0.0); TNMR 22 (0.0); TNMR 55 (0.0); TNMR 62 (0.0); TNMR 72 (0.0); TNMR 78 (-1.0); TNMR 79 (0.0),TNMR 22,T,TNMR,TNMR 01; TNMR 05,,,,6L,,,,,,,,,,,,,,,,,,,,,,+44,RT,,RT,TNMR 08; OKST D00,,,0,,,TNMR 08,0,,,0,,EMPTY,,R,,,,,POWER,QB RUNS,R,,-7,TNMR 15 (L:R{L}),S,,,,OKST D10,OKST D08,R,,,,LWR(-13.5); SLWR^(-12.5); SRWR(+9.5); RWR^(+16.5),,0,19,0,0,0,,false,3,1,0.831,1.737,,false,11,TNMR 01,TNMR 22,TNMR 03; TNMR 05; TNMR 15,GUN EMPTY,TREY - SLOT,LWR; SLWR; TE-R; SRWR; RWR,2x3,TREY - SLOT,NICKEL,OKST D03; OKST D08; OKST D10; OKST D11; OKST D23,OKST D04; OKST D05; OKST D16; OKST D26,OKST D00; OKST D95,ONE INTERIOR,SINGLE MUG,COVER 6,,50,,0.879,1.934,28752_6317614,28752-TNMR-1
6317647,28752,2025-08-28,2025,01,407560,495,1,1,09:00,0,,0,7,0,1,5,3,0,,,,0,0,0,0,0,,0,6317614,6317676,,7.00,0,,18,0,,,0,0,,2,0,0,TNMR 01,5; OKST D04 (34); OKST D05 (19); OKST D95 (10); OKST D96 (19); OKST D99 (28),,,,,LCB (1); SCBL (5); FSL (11); FSR (11); SCBR (4); RCB (1),LOLB (10); LILB (19); DLT (19); DRT (28); ROLB (34),3-3-5,OKST D03 (LCB); OKST D04 (ROLB); OKST D05 (LILB); OKST D06 (SCBR); OKST D08 (FSR); OKST D10 (RCB); OKST D11 (FSL); OKST D23 (SCBL); OKST D95 (LOLB); OKST D96 (DLT); OKST D99 (DRT),OKST D03 (0.0); OKST D04 (0.0); OKST D05 (0.0); OKST D06 (0.0); OKST D08 (0.0); OKST D10 (0.0); OKST D11 (0.0); OKST D23 (0.0); OKST D95 (0.0); OKST D96 (+0.5); OKST D99 (0.0),OKST D06; OKST D96; OKST D99,T,OKST,10,,DLT (19); DRT (28),,PUNT,+42,7,KICKOFF - TB,-25,,,+44,OKST D05,,,,3,,,L,R,,,,,,TNMR 78 (RT); TNMR 79 (RG); OKST D95 (LOLB); OKST D96 (DLT),,,,,,,,,,LOLB (0); LILB (5); ROLB (0),,O,O,TNMR 79,LWR^; SLWR; HB-L; SRWR; RWR^,2x2,,4-0-1-0,10,TNMR 01; TNMR 03; TNMR 05; TNMR 15; TNMR 20,TNMR 01 (HB-L); TNMR 03 (RWR); TNMR 05 (SLWR); TNMR 08 (QB); TNMR 15 (SRWR); TNMR 20 (LWR); TNMR 55 (LG); TNMR 62 (C); TNMR 72 (LT); TNMR 78 (RT); TNMR 79 (RG),TNMR 01 (0.0); TNMR 03 (0.0); TNMR 05 (0.0); TNMR 08 (0.0); TNMR 15 (0.0); TNMR 20 (0.0); TNMR 55 (0.0); TNMR 62 (0.0); TNMR 72 (0.0); TNMR 78 (0.0); TNMR 79 (-0.5),TNMR 20,F,TNMR,TNMR 03; TNMR 20,,,,4,,,,,,,LWR 2(4); SLWR 2(3); HB-L r; SRWR 2(2); RWR 2(2),2; 2; -; 2; 2,TNMR 20 2(4); TNMR 05 2(3); TNMR 01 r; TNMR 15 2(2); TNMR 03 2(2),,,,,,,,,,,,,+41,RG,,RG,OKST D96,OKST D03 > TNMR 03; OKST D10 > TNMR 20,,0,,,TNMR 08,0,,,0,,HB-L,HB-L (-5),L,1; TNMR 01 (HB-L),,,,INSIDE ZONE,,R,,-7,TNMR 01 (B:B),S,,OKST D05,,OKST D05,OKST D96,,,,,LWR^(-19.5); SLWR(-13.5); SRWR(+5.5); RWR^(+17.5),,1,11,0,0,0,,true,3,1,2.568,-0.748,,false,10,TNMR 01,,TNMR 03; TNMR 05; TNMR 15; TNMR 20,GUN WEAK,SLOT - SLOT,LWR; SLWR; HB; SRWR; RWR,2x2,SLOT - SLOT,NICKEL,OKST D03; OKST D08; OKST D10; OKST D11; OKST D23,OKST D04; OKST D05; OKST D06,OKST D95; OKST D96; OKST D99,WIDE OVER,,COVER 4,,44,,2.813,-0.264,28752_6317647,28752-TNMR-1
6317676,28752,2025-08-28,2025,01,407560,521,1,2,08:30,0,0,0,7,0,1,6,-1,0,,,,0,0,0,0,0,,0,6317647,6317690,,7.00,0,,19,0,2.5,7.4,0,0,,,0,0,TNMR 08,6; OKST D04 (36); OKST D05 (15); OKST D06 (22); OKST D95 (10); OKST D96 (17); OKST D99 (25),TNMR 03; TNMR 05; TNMR 15; TNMR 20,L,,,LCB (6); SCBL (5); FSL (13); SCBR (5); RCB (7),LEO (10); LLB (15); DLT (17); MLB (22); DRT (25); ROLB (36),3-3-5,OKST D03 (LCB); OKST D04 (ROLB); OKST D05 (LLB); OKST D06 (MLB); OKST D08 (SCBR); OKST D10 (RCB); OKST D11 (FSL); OKST D23 (SCBL); OKST D95 (LEO); OKST D96 (DLT); OKST D99 (DRT),OKST D03 (0.0); OKST D04 (+0.5); OKST D05 (0.0); OKST D06 (0.0); OKST D08 (0.0); OKST D10 (0.0); OKST D11 (0.0); OKST D23 (0.0); OKST D95 (0.0); OKST D96 (0.0); OKST D99 (0.0),,T,OKST,7,,LEO (10); DLT (17); DRT (25),,PUNT,+42,7,KICKOFF - TB,-25,7,SR,+41,OKST D04,,,,-1,,,L,R,,OKST D95,,,,TNMR 08 (QB); TNMR 72 (LT); TNMR 78 (RT); OKST D04 (ROLB); OKST D95 (LEO),,,,,,,,,,LLB (4); MLB (4); ROLB (0),OKST D95,C,C,TNMR 72; TNMR 78,LWR^; SLWR; HB-R; SRWR^; RWR,2x2,,4-0-1-0,10,TNMR 01; TNMR 03; TNMR 05; TNMR 15; TNMR 20,TNMR 01 (HB-R); TNMR 03 (RWR); TNMR 05 (SLWR); TNMR 08 (QB); TNMR 15 (SRWR); TNMR 20 (LWR); TNMR 55 (LG); TNMR 62 (C); TNMR 72 (LT); TNMR 78 (RT); TNMR 79 (RG),TNMR 01 (0.0); TNMR 03 (0.0); TNMR 05 (0.0); TNMR 08 (0.0); TNMR 15 (0.0); TNMR 20 (0.0); TNMR 55 (0.0); TNMR 62 (0.0); TNMR 72 (-0.5); TNMR 78 (-0.5); TNMR 79 (0.0),,F,TNMR,TNMR 15; TNMR 20,,5; TNMR 55 (LG); TNMR 62 (C); TNMR 72 (LT); TNMR 78 (RT); TNMR 79 (RG),,3S,,,7; OKST D03; OKST D05; OKST D06; OKST D08; OKST D10; OKST D11; OKST D23,,X,TNMR 08 (QB),LWR 4(13); SLWR 6(6); HB-R h21(0); SRWR 7(13); RWR 6(5),4; 6; H4; 7; 6,TNMR 20 4(13); TNMR 05 6(6); TNMR 01 h21(0); TNMR 15 7(13); TNMR 03 6(5),,,SACK,,,4; OKST D04 (ROLB); OKST D95 (LEO); OKST D96 (DLT); OKST D99 (DRT),SACK,,,,,,+42,,,,OKST D04,,OKST D04 (B) TNMR 72; OKST D04 (P) TNMR 08; OKST D95 (B) TNMR 78,0,,OKST D04,TNMR 08,1,OKST D04; OKST D95,TNMR 08; TNMR 72; TNMR 78,0,,HB-R,HB-R (-5),,1; TNMR 01 (HB-R),,,,,,P,OKST D04,-7,TNMR 05 (L:R{L}); TNMR 20 (L:R{L}),S,,OKST D04,,,,,,,,LWR^(-13.5); SLWR(-11.5); SRWR^(+3.5); RWR(+5.5),,0,16,0,0,0,,false,3,1,1.82,-1.107,,false,10,TNMR 01,,TNMR 03; TNMR 05; TNMR 15; TNMR 20,GUN STRONG,SLOT - SLOT,LWR; SLWR; HB-R; SRWR; RWR,2x2,SLOT - SLOT,NICKEL,OKST D03; OKST D08; OKST D10; OKST D11; OKST D23,OKST D04; OKST D05; OKST D06,OKST D95; OKST D96; OKST D99,WIDE OVER,,COVER 3 SEAM,,41,,2.549,-1.214,28752_6317676,28752-TNMR-1
6317690,28752,2025-08-28,2025,01,407560,544,1,3,07:46,1,0,0,7,0,1,7,,0,,,,0,0,0,0,0,,0,6317676,6317706,,7.00,0,,20,0,2.0,2.1,0,0,,,0,0,,5; OKST D00 (31); OKST D04 (09); OKST D05 (22); OKST D16 (37); OKST D95 (15),,C,TNMR 39,,LCB (6); SCBL (5); SSL (10); SSR (9); SCBR (3); RCB (1),LOLB (09); SSL (12); LE (15); MLB (22); RE (31); ROLB (37); SSR (44),2-4-5,OKST D00 (RE); OKST D03 (LCB); OKST D04 (LOLB); OKST D05 (MLB); OKST D08 (SSL); OKST D10 (RCB); OKST D11 (SSR); OKST D16 (ROLB); OKST D23 (SCBR); OKST D26 (SCBL); OKST D95 (LE),OKST D00 (0.0); OKST D03 (0.0); OKST D04 (0.0); OKST D05 (0.0); OKST D08 (0.0); OKST D10 (0.0); OKST D11 (0.0); OKST D16 (0.0); OKST D23 (+0.5); OKST D26 (0.0); OKST D95 (0.0),OKST D00; OKST D16; OKST D26,T,OKST,8,,LE (15); RE (31),,PUNT,+42,7,KICKOFF - TB,-25,8,SD,+42,,,,,0,,,R,L,OKST D23,,HA,,,TNMR 39 (HB-R); OKST D23 (SCBR),,,,,,,,,,LOLB (0); MLB (1); ROLB (0),,C,O,TNMR 39,LWR; SLWR^; HB-R; SRWR^; RWR,2x2,TE>SRWR,3-0-1-1,11,TNMR 03; TNMR 05; TNMR 15; TNMR 22; TNMR 39,TNMR 03 (SLWR); TNMR 05 (RWR); TNMR 08 (QB); TNMR 15 (LWR); TNMR 22 (SRWR); TNMR 39 (HB-R); TNMR 55 (LG); TNMR 62 (C); TNMR 72 (LT); TNMR 78 (RT); TNMR 79 (RG),TNMR 03 (0.0); TNMR 05 (0.0); TNMR 08 (0.0); TNMR 15 (0.0); TNMR 22 (0.0); TNMR 39 (-1.0); TNMR 55 (0.0); TNMR 62 (0.0); TNMR 72 (0.0); TNMR 78 (0.0); TNMR 79 (0.0),TNMR 22; TNMR 39,F,TNMR,TNMR 03; TNMR 22,,5; TNMR 55 (LG); TNMR 62 (C); TNMR 72 (LT); TNMR 78 (RT); TNMR 79 (RG),,3Sb,,,7; OKST D03; OKST D04; OKST D05; OKST D08; OKST D10; OKST D11; OKST D26,,X,TNMR 08 (QB),LWR 8i(7); SLWR xd(5); HB-R krh2(-6); SRWR 3(3); RWR 8(12),8; X; H2; 3; 8,TNMR 15 8i(7); TNMR 03 xd(5); TNMR 39 krh2(-6); TNMR 22 3(3); TNMR 05 8(12),,,HIT AS THREW,,,4; OKST D00 (RE); OKST D16 (ROLB); OKST D23 (SCBR); OKST D95 (LE),HIT,,,,,,+42,,,,OKST D23,OKST D10 > TNMR 15,OKST D23 (U) TNMR 39,0,,,TNMR 08,0,OKST D23,TNMR 39,0,,HB-R,HB-R (-5),R,1; TNMR 39 (HB-R),,,,,,P,,-7,,S,,,,,,,,OKST D23 (L.B.N) SCBR,,LWR(-9.5); SLWR^(-2.5); SRWR^(+12.5); RWR(+16.5),,0,1,0,0,0,,false,3,1,0.713,-1.918,,false,11,TNMR 39,TNMR 22,TNMR 03; TNMR 05; TNMR 15,GUN STRONG,SLOT - SLOT,LWR; SLWR; HB-R; SRWR; RWR,2x2,SLOT - SLOT,NICKEL,OKST D03; OKST D08; OKST D10; OKST D11; OKST D23,OKST D04; OKST D05; OKST D16; OKST D26,OKST D00; OKST D95,ONE INTERIOR,SINGLE MUG,COVER 3 SEAM,,42,,1.335,-2.047,28752_6317690,28752-TNMR-1
6318184,28752,2025-08-28,2025,01,407560,877,1,1,03:57,1,1,0,14,0,2,1,9,0,,,,0,0,0,0,0,,1,6318167,6318192,,14.00,0,,33,0,1.4,1.7,0,0,8,4,0,0,TNMR 22,5; OKST D04 (11); OKST D05 (18); OKST D17 (19); OKST D71 (28); OKST D87 (35),,L,,,LCB (7); SCBL (2); SSL (8); SSR (10); SCBR (4); RCB (2),SSL (02); LOLB (11); LILB (18); DLT (19); DRT (28); ROLB (35); SSR (43),3-3-5,OKST D03 (LCB); OKST D04 (LOLB); OKST D05 (LILB); OKST D06 (SCBR); OKST D08 (SSL); OKST D10 (RCB); OKST D11 (SSR); OKST D17 (DLT); OKST D23 (SCBL); OKST D71 (DRT); OKST D87 (ROLB),OKST D03 (0.0); OKST D04 (0.0); OKST D05 (-0.5); OKST D06 (0.0); OKST D08 (0.0); OKST D10 (0.0); OKST D11 (0.0); OKST D17 (0.0); OKST D23 (0.0); OKST D71 (0.0); OKST D87 (0.0),DRIVE START,F,OKST,10,,DLT (19); DRT (28),,TOUCHDOWN,+0,4,KICKOFF - OOB,-35,7,SD,-35,OKST D05,,,,9,,,R,L,,OKST D04; OKST D23,,,,TNMR 22 (SLWR); OKST D04 (LOLB); OKST D05 (LILB); OKST D23 (SCBL),,,,,,,,,,LOLB (0); LILB (4); ROLB (0),,C,O,OKST D05,LWR^; SLWR; HB-R; SRWR; RWR^,2x2,TE>SLWR,3-0-1-1,11,TNMR 01; TNMR 03; TNMR 05; TNMR 15; TNMR 22,TNMR 01 (HB-R); TNMR 03 (SRWR); TNMR 05 (LWR); TNMR 08 (QB); TNMR 15 (RWR); TNMR 22 (SLWR); TNMR 55 (LG); TNMR 62 (C); TNMR 72 (LT); TNMR 78 (RT); TNMR 79 (RG),TNMR 01 (0.0); TNMR 03 (0.0); TNMR 05 (0.0); TNMR 08 (0.0); TNMR 15 (0.0); TNMR 22 (+0.5); TNMR 55 (0.0); TNMR 62 (0.0); TNMR 72 (0.0); TNMR 78 (0.0); TNMR 79 (0.0),DRIVE START,T,TNMR,TNMR 05; TNMR 15,,5; TNMR 55 (LG); TNMR 62 (C); TNMR 72 (LT); TNMR 78 (RT); TNMR 79 (RG),,3b,OKST D05,,6; OKST D03; OKST D05; OKST D06; OKST D08; OKST D10; OKST D11,1,M,TNMR 08 (QB),LWR xo(13); SLWR xu(-2); HB-R fl; SRWR 9y; RWR 8(10),X; X; -; 9; 8,TNMR 05 xo(13); TNMR 22 xu(-2); TNMR 01 fl; TNMR 03 9y; TNMR 15 8(10),SLWR,TNMR 22,COMPLETE,xu(-2),SR,5; OKST D04 (LOLB); OKST D17 (DLT); OKST D23 (SCBL); OKST D71 (DRT); OKST D87 (ROLB),HURRY,39,5R,,,TNMR 01,-44,,,,TNMR 22,OKST D10 > TNMR 05; OKST D23 > TNMR 03,OKST D04 (U); OKST D23 (U),0,,,TNMR 08,0,OKST D04; OKST D23,,0,,HB-R,HB-R (-5),,1; TNMR 01 (HB-R),,,,OUTSIDE ZONE,,P,,-14,TNMR 22* (R:Lx),S,,,,OKST D05,,,,OKST D23 (R.E.D) SCBL; OKST D04 (R.E.D) LOLB,,LWR^(-7.5); SLWR(+4.5); SRWR(+15.5); RWR^(+19.5),,1,6,0,0,0,,false,3,1,0.902,0.92,Under,false,11,TNMR 01,TNMR 22,TNMR 03; TNMR 05; TNMR 15,GUN WEAK,SLOT - SLOT,LWR; HB-R; SRiWR; SRoWR; RWR,1x3,TRIPS - OPEN,NICKEL,OKST D03; OKST D08; OKST D10; OKST D11; OKST D23,OKST D04; OKST D05; OKST D06,OKST D17; OKST D71; OKST D87,WIDE UNDER,,COVER 3,,65,,1.2,1.421,28752_6318184,28752-TNMR-2
6318192,28752,2025-08-28,2025,01,407560,905,1,2,03:27,0,,0,14,0,2,2,8,0,1,,,0,0,0,0,0,,0,6318184,6318213,,14.00,0,,34,0,,,0,0,,4,0,0,TNMR 01,5; OKST D04 (11); OKST D06 (25); OKST D17 (19); OKST D71 (28); OKST D87 (35),TNMR 03; TNMR 22,,,,LCB (1); SSL (10); FSR (11); SCBiR (4); SCBoR (6); RCB (9),SSL (10); LOLB (11); DLT (19); RILB (25); DRT (28); ROLB (35),3-3-5,OKST D03 (LCB); OKST D04 (LOLB); OKST D05 (SCBiR); OKST D06 (RILB); OKST D08 (SSL); OKST D10 (RCB); OKST D11 (FSR); OKST D17 (DLT); OKST D23 (SCBoR); OKST D71 (DRT); OKST D87 (ROLB),OKST D03 (0.0); OKST D04 (0.0); OKST D05 (0.0); OKST D06 (0.0); OKST D08 (0.0); OKST D10 (0.0); OKST D11 (0.0); OKST D17 (0.0); OKST D23 (0.0); OKST D71 (0.0); OKST D87 (0.0),,F,OKST,1,,DLT (19); DRT (28),,TOUCHDOWN,+0,4,KICKOFF - OOB,-35,,,-44,OKST D06,,,,8,,,R,L,,,,,,TNMR 01 (HB-L); TNMR 55 (LG); TNMR 62 (C); TNMR 79 (RG); OKST D06 (RILB); OKST D17 (DLT); OKST D71 (DRT),,,,,,,,,,LOLB (0); RILB (5); ROLB (0),,O,O,,LWR; SLoWR^; SLiWR; HB-L; RWR^,3x1,TE>SLiWR,3-0-1-1,11,TNMR 01; TNMR 03; TNMR 05; TNMR 15; TNMR 22,TNMR 01 (HB-L); TNMR 03 (SLoWR); TNMR 05 (RWR); TNMR 08 (QB); TNMR 15 (LWR); TNMR 22 (SLiWR); TNMR 55 (LG); TNMR 62 (C); TNMR 72 (LT); TNMR 78 (RT); TNMR 79 (RG),TNMR 01 (+0.5); TNMR 03 (0.0); TNMR 05 (0.0); TNMR 08 (0.0); TNMR 15 (0.0); TNMR 22 (0.0); TNMR 55 (0.0); TNMR 62 (0.0); TNMR 72 (0.0); TNMR 78 (0.0); TNMR 79 (0.0),,T,TNMR,TNMR 03; TNMR 05,,,,4,,,,,,,LWR 6(5); SLoWR 4(13); SLiWR 6(5); HB-L r; RWR r,6; 4; 6; -; -,TNMR 15 6(5); TNMR 03 4(13); TNMR 22 6(5); TNMR 01 r; TNMR 05 r,,,,,,,,,,,,,+48,ML,,ML,TNMR 01,OKST D03 > TNMR 05,,0,,,TNMR 08,0,,,0,,HB-L,HB-L (-5),R,1; TNMR 01 (HB-L),,,,INSIDE ZONE,,R,,-14,TNMR 01 (B:B); TNMR 05 (L:Rx); TNMR 15 (R:Lx),S,,,,OKST D05,OKST D08,,,,,LWR(-18.5); SLoWR^(-9.5); SLiWR(-7.5); RWR^(+16.5),,1,16,0,0,0,,false,3,1,1.822,0.44,,false,11,TNMR 01,TNMR 22,TNMR 03; TNMR 05; TNMR 15,GUN STRONG,TRIPS - OPEN,LWR; SLoWR; SLiWR; HB-R; RWR,3x1,TRIPS - OPEN,NICKEL,OKST D03; OKST D08; OKST D10; OKST D11; OKST D23,OKST D04; OKST D05; OKST D06,OKST D17; OKST D71; OKST D87,WIDE OVER,,COVER 4,,56,,2.621,-0.079,28752_6318192,28752-TNMR-2
6318213,28752,2025-08-28,2025,01,407560,931,1,1,02:52,0,0,0,14,0,2,3,9,0,,,,0,0,0,0,0,,1,6318192,6318247,,14.00,0,,35,0,1.9,4.3,0,0,,0,0,0,TNMR 08,6; OKST D04 (09); OKST D05 (16); OKST D06 (28); OKST D17 (16); OKST D71 (25); OKST D87 (35),,R,,TNMR 15,LCB (7); SCBL (4); SSL (10); FSR (11); RCB (1),SSL (05); LOLB (09); LILB (16); DLT (16); DRT (25); RILB (28); ROLB (35),3-3-5,OKST D03 (LCB); OKST D04 (LOLB); OKST D05 (LILB); OKST D06 (RILB); OKST D08 (SSL); OKST D10 (RCB); OKST D11 (FSR); OKST D17 (DLT); OKST D23 (SCBL); OKST D71 (DRT); OKST D87 (ROLB),OKST D03 (0.0); OKST D04 (0.0); OKST D05 (0.0); OKST D06 (0.0); OKST D08 (0.0); OKST D10 (0.0); OKST D11 (0.0); OKST D17 (0.0); OKST D23 (0.0); OKST D71 (0.0); OKST D87 (0.0),,F,OKST,10,,DLT (16); DRT (25),,TOUCHDOWN,+0,4,KICKOFF - OOB,-35,0,RSL,+48,,,,,9,,,R,L,,,,,,TNMR 08 (QB),,,,,,,,,,LOLB (0); LILB (5); RILB (5); ROLB (0),,O,O,,LWR^; HB-L; HB-R; SRWR; RWR^,1x2,TE>SRWR; WR>HB-R,3-0-1-1,11,TNMR 01; TNMR 03; TNMR 05; TNMR 15; TNMR 22,TNMR 01 (HB-L); TNMR 03 (RWR); TNMR 05 (LWR); TNMR 08 (QB); TNMR 15 (HB-R); TNMR 22 (SRWR); TNMR 55 (LG); TNMR 62 (C); TNMR 74 (LT); TNMR 78 (RT); TNMR 79 (RG),TNMR 01 (0.0); TNMR 03 (0.0); TNMR 05 (0.0); TNMR 08 (+0.5); TNMR 15 (0.0); TNMR 22 (0.0); TNMR 55 (0.0); TNMR 62 (0.0); TNMR 74 (0.0); TNMR 78 (0.0); TNMR 79 (0.0),TNMR 74,T,TNMR,TNMR 03; TNMR 05,,5; TNMR 55 (LG); TNMR 62 (C); TNMR 74 (LT); TNMR 78 (RT); TNMR 79 (RG),,4,,,7; OKST D03; OKST D05; OKST D06; OKST D08; OKST D10; OKST D11; OKST D23,,X,TNMR 08 (QB),LWR xo(12); HB-L fr; HB-R ch31(-2); SRWR xd(4); RWR 8(13),X; -; H5; X; 8,TNMR 05 xo(12); TNMR 01 fr; TNMR 15 ch31(-2); TNMR 22 xd(4); TNMR 03 8(13),,,RUN,,,4; OKST D04 (LOLB); OKST D17 (DLT); OKST D71 (DRT); OKST D87 (ROLB),,,,,,TNMR 01,+39,QB SCRAMBLE,,QB SCRAMBLE,TNMR 08,OKST D10 > TNMR 05,,0,,,TNMR 08,1,,,0,L,HB-L; HB-R,HB-L (-5); HB-R (-5),,2; TNMR 01 (HB-L); TNMR 15 (HB-R),,,,OUTSIDE ZONE,,P,,-14,,S,,,,OKST D11,,,,,,LWR^(-4.5); SRWR(+14.5); RWR^(+19.5),,1,2,0,0,0,,false,3,1,2.262,0.986,,false,11,TNMR 01,TNMR 22,TNMR 03; TNMR 05; TNMR 15,GUN SPLIT,SLOT - OPEN,LWR; HB-L; HB-R; SRWR; RWR,1x2,SLOT - OPEN,NICKEL,OKST D03; OKST D08; OKST D10; OKST D11; OKST D23,OKST D04; OKST D05; OKST D06,OKST D17; OKST D71; OKST D87,WIDE OVER,,COVER 4,,48,,2.542,1.431,28752_6318213,28752-TNMR-2
6318247,28752,2025-08-28,2025,01,407560,957,1,2,02:23,0,1,1,14,0,2,4,39,0,1,,,0,0,0,0,0,,0,6318213,6318261,,14.00,0,,36,0,,3.1,1,1,8,0,0,0,TNMR 01,5; OKST D04 (34); OKST D05 (19); OKST D17 (27); OKST D71 (19); OKST D87 (08),TNMR 03; TNMR 05; TNMR 15; TNMR 22,R,,,LCB (1); SCBL (6); FSL (11); SSR (10); SCBR (4); RCB (6),LOLB (08); LILB (19); DLT (19); DRT (27); ROLB (34); SSR (44),3-3-5,OKST D03 (LCB); OKST D04 (ROLB); OKST D05 (LILB); OKST D06 (SCBR); OKST D08 (SSR); OKST D10 (RCB); OKST D11 (FSL); OKST D17 (DRT); OKST D23 (SCBL); OKST D71 (DLT); OKST D87 (LOLB),OKST D03 (0.0); OKST D04 (0.0); OKST D05 (0.0); OKST D06 (0.0); OKST D08 (-1.0); OKST D10 (0.0); OKST D11 (-1.0); OKST D17 (0.0); OKST D23 (0.0); OKST D71 (0.0); OKST D87 (0.0),,F,OKST,1,,DLT (19); DRT (27),,TOUCHDOWN,+0,4,KICKOFF - OOB,-35,0,WRP,+39,,,,,39,,,L,R,,,,,,TNMR 01 (HB); TNMR 03 (SLWR); OKST D08 (SSR); OKST D11 (FSL),,,,,,,,,,LOLB (0); LILB (5); ROLB (0),,O,O,OKST D08; OKST D11,LWR^; SLWR; HB; SRWR^; RWR,2x2,TE>LWR,3-0-1-1,11,TNMR 01; TNMR 03; TNMR 05; TNMR 15; TNMR 22,TNMR 01 (HB); TNMR 03 (SLWR); TNMR 05 (RWR); TNMR 08 (QB); TNMR 15 (SRWR); TNMR 22 (LWR); TNMR 55 (LG); TNMR 62 (C); TNMR 72 (LT); TNMR 78 (RT); TNMR 79 (RG),TNMR 01 (+1.0); TNMR 03 (+1.0); TNMR 05 (0.0); TNMR 08 (0.0); TNMR 15 (0.0); TNMR 22 (0.0); TNMR 55 (0.0); TNMR 62 (0.0); TNMR 72 (0.0); TNMR 78 (0.0); TNMR 79 (0.0),TNMR 72,T,TNMR,TNMR 15; TNMR 22,,5; TNMR 55 (LG); TNMR 62 (C); TNMR 72 (LT); TNMR 78 (RT); TNMR 79 (RG),,4,OKST D08,OKST D11,7; OKST D03; OKST D05; OKST D06; OKST D08; OKST D10; OKST D11; OKST D23,31,L,TNMR 03 (SLWR),QB n; LWR z; HB h77(5); SRWR 6(9); RWR 6(4),-; -; 9; 6; 6,TNMR 08 n; TNMR 22 z; TNMR 01 h77(5); TNMR 15 6(9); TNMR 05 6(4),HB,TNMR 01,COMPLETE,h77(5),9T,4; OKST D04 (ROLB); OKST D17 (DRT); OKST D71 (DLT); OKST D87 (LOLB),,7,2L,,,,+0,,,,TNMR 01; TNMR 03,OKST D03 > TNMR 05,,0,,,TNMR 08,0,,,0,,HB,HB (-6),,1; TNMR 01 (HB),,,,,,P,,-14,,,,,,,,,TNMR 01,,,LWR^(-21.5); SLWR(-21.5); SRWR^(+7.5); RWR(+9.5),,0,17,0,1,0,,false,3,1,3.248,3.752,Corner,false,11,TNMR 01,TNMR 22,TNMR 03; TNMR 05; TNMR 15,ACE,SLOT - SLOT,LWR; SLWR; HB; SRWR; RWR,2x2,SLOT - SLOT,NICKEL,OKST D03; OKST D08; OKST D10; OKST D11; OKST D23,OKST D04; OKST D05; OKST D06,OKST D17; OKST D71; OKST D87,WIDE UNDER,,COVER 4,,39,,3.973,3.027,28752_6318247,28752-TNMR-2
6318448,28752,2025-08-28,2025,01,407560,1134,1,1,01:41,0,0,0,14,0,3,1,,0,1,,,0,1,0,7,0,15,1,6318427,6318467,,14.07,0,,43,0,2.7,4.5,0,0,,,0,0,,6; OKST D00 (35); OKST D05 (34); OKST D06 (21); OKST D95 (10); OKST D96 (19); OKST D99 (27),TNMR 03; TNMR 15; TNMR 88,L,,,LCB (1); FSL (11); SSR (10); SCBoR (2); RCB (6),LEO (10); DLT (19); MLB (21); DRT (27); RLB (34); SSR (34); ROLB (35),4-2-5,OKST D00 (ROLB); OKST D01 (RCB); OKST D03 (LCB); OKST D05 (RLB); OKST D06 (MLB); OKST D11 (FSL); OKST D14 (SCBoR); OKST D18 (SSR); OKST D95 (LEO); OKST D96 (DLT); OKST D99 (DRT),OKST D00 (0.0); OKST D01 (0.0); OKST D03 (0.0); OKST D05 (0.0); OKST D06 (+0.5); OKST D11 (0.0); OKST D14 (0.0); OKST D18 (0.0); OKST D95 (-0.5); OKST D96 (0.0); OKST D99 (0.0),DRIVE START,,OKST,10,,LEO (10); DLT (19); DRT (27),,PUNT,-41,4,PUNT - RETURN,-30,0,RR,-30,,,,,15,,,L,R,OKST D95,,HA,,,TNMR 08 (QB); OKST D06 (MLB); OKST D95 (LEO),,,,,,,,,,MLB (5); RLB (4); ROLB (0),,O,O,OKST D95,LWR; SLoWR^; SLiWR; HB-L; RWR^,3x1,TE>SLoWR,3-0-1-1,11,TNMR 01; TNMR 03; TNMR 05; TNMR 15; TNMR 88,TNMR 01 (HB-L); TNMR 03 (SLiWR); TNMR 05 (RWR); TNMR 08 (QB); TNMR 15 (LWR); TNMR 62 (C); TNMR 64 (RG); TNMR 72 (LT); TNMR 78 (RT); TNMR 79 (LG); TNMR 88 (SLoWR),TNMR 01 (0.0); TNMR 03 (0.0); TNMR 05 (0.0); TNMR 08 (0.0); TNMR 15 (0.0); TNMR 62 (0.0); TNMR 64 (0.0); TNMR 72 (0.0); TNMR 78 (0.0); TNMR 79 (0.0); TNMR 88 (0.0),DRIVE START,,TNMR,TNMR 05; TNMR 88,,5; TNMR 62 (C); TNMR 64 (RG); TNMR 72 (LT); TNMR 78 (RT); TNMR 79 (LG),,4,,,7; OKST D01; OKST D03; OKST D05; OKST D06; OKST D11; OKST D14; OKST D18,,X,TNMR 08 (QB),LWR xl(10); SLoWR xo(22); SLiWR xu(-2); HB-L flh3(-5); RWR 5i(16),X; X; X; H3; 5,TNMR 15 xl(10); TNMR 88 xo(22); TNMR 03 xu(-2); TNMR 01 flh3(-5); TNMR 05 5i(16),,,HIT AS THREW,,,4; OKST D00 (ROLB); OKST D95 (LEO); OKST D96 (DLT); OKST D99 (DRT),HIT,,,OKST D95 HC,,TNMR 01,-45,,,,OKST D06,OKST D03 > TNMR 05; OKST D14 > TNMR 88,OKST D95 (U),0,,,TNMR 08,1,OKST D95,,0,,HB-L,HB-L (-5),,1; TNMR 01 (HB-L),,,,OUTSIDE ZONE,,P,,-7,TNMR 01 (B:B); TNMR 03 (L:R{L}); TNMR 15 (L:R{L}); TNMR 88 (L:R{L}),S,,,,,,,,OKST D95 (R.E.D) LEO,,LWR(-14.5); SLoWR^(-12.5); SLiWR(-10.5); RWR^(+11.5),,0,15,0,0,0,,false,3,1,0.492,1.189,,false,11,TNMR 01,TNMR 88,TNMR 03; TNMR 05; TNMR 15,GUN STRONG,TRIPS - OPEN,LWR; SLoWR; SLiWR; HB-R; RWR,3x1,TRIPS - OPEN,NICKEL,OKST D01; OKST D03; OKST D11; OKST D14; OKST D18,OKST D05; OKST D06,OKST D00; OKST D95; OKST D96; OKST D99,WIDE OVER,,COVER 4,,70,,0.76,1.264,28752_6318448,28752-TNMR-3
6318467,28752,2025-08-28,2025,01,407560,1171,1,1,01:34,0,0,0,14,0,3,2,,0,,,,0,0,0,7,0,,1,6318448,6318487,,14.07,0,,44,0,3.5,3.6,0,0,,,0,0,,6; OKST D00 (35); OKST D05 (11); OKST D06 (21); OKST D95 (11); OKST D96 (16); OKST D99 (25),,L,,,LCB (3); SCBL (5); FSL (13); SSR (10); RCB (1),LLB (11); LEO (11); DLT (16); MLB (21); DRT (25); ROLB (35); SSR (36),4-2-5,OKST D00 (ROLB); OKST D01 (RCB); OKST D03 (LCB); OKST D05 (LLB); OKST D06 (MLB); OKST D11 (FSL); OKST D14 (SCBL); OKST D18 (SSR); OKST D95 (LEO); OKST D96 (DLT); OKST D99 (DRT),OKST D00 (+0.5); OKST D01 (0.0); OKST D03 (+1.0); OKST D05 (0.0); OKST D06 (0.0); OKST D11 (0.0); OKST D14 (0.0); OKST D18 (0.0); OKST D95 (+0.5); OKST D96 (0.0); OKST D99 (0.0),,T,OKST,10,,LEO (11); DLT (16); DRT (25),,PUNT,-41,4,PUNT - RETURN,-30,0,RR,-45,,,,,0,,,L,R,,OKST D95,PD,,,TNMR 08 (QB); TNMR 46 (TE-R); TNMR 72 (LT); OKST D00 (ROLB); OKST D03 (LCB); OKST D95 (LEO),,,,,,,,,,LLB (5); MLB (5); ROLB (0),,O,O,TNMR 08; TNMR 46; TNMR 72,LWR^; HB; TE-R^; SRWR; RWR,1x3,WR>TE-R,3-0-1-1,11,TNMR 01; TNMR 03; TNMR 05; TNMR 15; TNMR 46,TNMR 01 (HB); TNMR 03 (SRWR); TNMR 05 (LWR); TNMR 08 (QB); TNMR 15 (RWR); TNMR 46 (TE-R); TNMR 62 (C); TNMR 64 (RG); TNMR 72 (LT); TNMR 78 (RT); TNMR 79 (LG),TNMR 01 (0.0); TNMR 03 (0.0); TNMR 05 (0.0); TNMR 08 (-1.0); TNMR 15 (0.0); TNMR 46 (-0.5); TNMR 62 (0.0); TNMR 64 (0.0); TNMR 72 (-0.5); TNMR 78 (0.0); TNMR 79 (0.0),TNMR 46,F,TNMR,TNMR 05; TNMR 46,,7; TNMR 01 (HB); TNMR 46 (TE-R); TNMR 62 (C); TNMR 64 (RG); TNMR 72 (LT); TNMR 78 (RT); TNMR 79 (LG),OKST D03,4,OKST D03,,7; OKST D01; OKST D03; OKST D05; OKST D06; OKST D11; OKST D14; OKST D18,10,R,TNMR 08 (QB),LWR xo(11); HB flkl; TE-R k; SRWR 8(17); RWR 395(12),X; -; -; 8; 5,TNMR 05 xo(11); TNMR 01 flkl; TNMR 46 k; TNMR 03 8(17); TNMR 15 395(12),RWR,TNMR 15,INCOMPLETE,395(12),5R,4; OKST D00 (ROLB); OKST D95 (LEO); OKST D96 (DLT); OKST D99 (DRT),HURRY,51,6R,,P,TNMR 01,-45,,,,OKST D00; OKST D03; OKST D95,OKST D01 > TNMR 05,OKST D00 (I) TNMR 72; OKST D95 (O) TNMR 46,0,,,TNMR 08,0,OKST D95,TNMR 46,1,,HB,HB (-8),L,1; TNMR 01 (HB),,,,OUTSIDE ZONE,,P,,-7,,S,,,,,,R,,,,LWR^(-16.5); SRWR(+4.5); RWR(+8.5),1; OKST D03,0,17,0,0,0,,false,3,1,1.681,-0.881,"Out & Up, Comeback",false,11,TNMR 01,TNMR 46,TNMR 03; TNMR 05; TNMR 15,PISTOL,TREY - OPEN,LWR; HB; TE-R; SRWR; RWR,1x3,TREY - OPEN,NICKEL,OKST D01; OKST D03; OKST D11; OKST D14; OKST D18,OKST D05; OKST D06,OKST D00; OKST D95; OKST D96; OKST D99,WIDE OVER,,COVER 4,,55,,2.024,-0.889,28752_6318467,28752-TNMR-3
6318487,28752,2025-08-28,2025,01,407560,1197,1,2,01:28,0,,0,14,0,3,3,2,0,,,,0,0,1,7,0,,0,6318467,6318514,,14.07,0,,45,0,,,0,0,,6,0,0,TNMR 08,7; OKST D00 (34); OKST D03 (06); OKST D05 (27); OKST D06 (17); OKST D95 (10); OKST D96 (19); OKST D99 (28),,,,,FSR (12); SCBiR (5); SCBoR (5); RCB (6),LLB (06); LOLB (10); LILB (17); DLT (19); RILB (27); DRT (28); REO (34),4-2-5,OKST D00 (REO); OKST D01 (RCB); OKST D03 (LLB); OKST D05 (RILB); OKST D06 (LILB); OKST D11 (FSR); OKST D14 (SCBoR); OKST D18 (SCBiR); OKST D95 (LOLB); OKST D96 (DLT); OKST D99 (DRT),OKST D00 (0.0); OKST D01 (0.0); OKST D03 (+0.5); OKST D05 (+1.0); OKST D06 (0.0); OKST D11 (0.0); OKST D14 (0.0); OKST D18 (0.0); OKST D95 (0.0); OKST D96 (+1.0); OKST D99 (0.0),,T,OKST,10,,DLT (19); DRT (28); REO (34),,PUNT,-41,4,PUNT - RETURN,-30,,,-45,OKST D95,,,,2,,,L,R,,,,,,TNMR 64 (RG); TNMR 72 (LT); TNMR 78 (RT); TNMR 79 (LG); OKST D00 (REO); OKST D03 (LLB); OKST D05 (RILB); OKST D95 (LOLB); OKST D96 (DLT),,,,,,,,,,LOLB (0); LLB (5); LILB (5); RILB (5),,O,O,TNMR 64; TNMR 78; TNMR 79,LWR^; SLoWR; SLiWR; TE-L^; HB-R,4x0,WR>TE-L,3-0-1-1,11,TNMR 01; TNMR 03; TNMR 05; TNMR 15; TNMR 46,TNMR 01 (HB-R); TNMR 03 (SLiWR); TNMR 05 (LWR); TNMR 08 (QB); TNMR 15 (SLoWR); TNMR 46 (TE-L); TNMR 62 (C); TNMR 64 (RG); TNMR 72 (LT); TNMR 78 (RT); TNMR 79 (LG),TNMR 01 (0.0); TNMR 03 (0.0); TNMR 05 (0.0); TNMR 08 (0.0); TNMR 15 (0.0); TNMR 46 (0.0); TNMR 62 (0.0); TNMR 64 (-1.0); TNMR 72 (0.0); TNMR 78 (-1.0); TNMR 79 (-1.0),,F,TNMR,TNMR 05; TNMR 46,,,,4,,,,,,,,,,,,,,,,,,,,,,-47,RG,,RG,OKST D03; OKST D05; OKST D96,,,0,,,TNMR 08,0,,,0,,HB-R,HB-R (-5),R,1; TNMR 01 (HB-R),,,,COUNTER,CROSS LEAD;QB RUNS,R,,-7,TNMR 01 (B:B),S,,OKST D96,,OKST D96,OKST D03,L,,,,LWR^(-22.5); SLoWR(-18.5); SLiWR(-14.5),,0,9,0,0,0,,false,3,1,0.8,-0.651,,false,11,TNMR 01,TNMR 46,TNMR 03; TNMR 05; TNMR 15,GUN WEAK,QUAY - NIX,LWR; SLoWR; SLiWR; TE-L; HB-L,4x0,QUAY - NIX,NICKEL,OKST D01; OKST D03; OKST D11; OKST D14; OKST D18,OKST D05; OKST D06,OKST D00; OKST D95; OKST D96; OKST D99,WIDE OVER,,COVER 4,,55,,1.135,-0.752,28752_6318487,28752-TNMR-3
6318514,28752,2025-08-28,2025,01,407560,1223,1,3,00:45,0,0,0,14,0,3,4,-6,0,,,,0,0,0,7,0,,0,6318487,6318571,,14.07,0,,46,0,2.2,2.3,0,0,,,0,0,TNMR 08,5; OKST D00 (14); OKST D04 (37); OKST D05 (16); OKST D16 (08); OKST D95 (29),TNMR 03; TNMR 05; TNMR 15,R,,,LCB (7); SCBoL (2); SCBiL (4); FSL (11); FS (11); RCB (6),LOLB (08); LE (14); LILB (16); RE (29); ROLB (37),2-4-5,OKST D00 (LE); OKST D01 (RCB); OKST D03 (LCB); OKST D04 (ROLB); OKST D05 (LILB); OKST D11 (FSL); OKST D14 (SCBoL); OKST D16 (LOLB); OKST D18 (FS); OKST D26 (SCBiL); OKST D95 (RE),OKST D00 (0.0); OKST D01 (0.0); OKST D03 (0.0); OKST D04 (+1.0); OKST D05 (0.0); OKST D11 (0.0); OKST D14 (0.0); OKST D16 (0.0); OKST D18 (0.0); OKST D26 (0.0); OKST D95 (0.0),OKST D04; OKST D16; OKST D26,T,OKST,8,,LE (14); RE (29),,PUNT,-41,4,PUNT - RETURN,-30,8,SD,-47,OKST D04,,,,-6,,,L,R,,,,,,TNMR 72 (LT); OKST D04 (ROLB),,,,,,,,,,LOLB (0); LILB (4); ROLB (0),,O,O,TNMR 72,LWR^; HB-R; SRiWR; SRoWR^; RWR,1x3,TE>LWR,3-0-1-1,11,TNMR 01; TNMR 03; TNMR 05; TNMR 15; TNMR 88,TNMR 01 (HB-R); TNMR 03 (SRiWR); TNMR 05 (RWR); TNMR 08 (QB); TNMR 15 (SRoWR); TNMR 62 (C); TNMR 64 (RG); TNMR 72 (LT); TNMR 78 (RT); TNMR 79 (LG); TNMR 88 (LWR),TNMR 01 (0.0); TNMR 03 (0.0); TNMR 05 (0.0); TNMR 08 (0.0); TNMR 15 (0.0); TNMR 62 (0.0); TNMR 64 (0.0); TNMR 72 (-1.0); TNMR 78 (0.0); TNMR 79 (0.0); TNMR 88 (0.0),TNMR 88,F,TNMR,TNMR 15; TNMR 88,,5; TNMR 62 (C); TNMR 64 (RG); TNMR 72 (LT); TNMR 78 (RT); TNMR 79 (LG),,4,,,7; OKST D01; OKST D03; OKST D05; OKST D11; OKST D14; OKST D18; OKST D26,,X,TNMR 08 (QB),LWR xd(5); HB-R h2(-6); SRiWR xo(14); SRoWR 6(14); RWR xd(2),X; H2; X; 6; X,TNMR 88 xd(5); TNMR 01 h2(-6); TNMR 03 xo(14); TNMR 15 6(14); TNMR 05 xd(2),,,SACK,,,4; OKST D00 (LE); OKST D04 (ROLB); OKST D16 (LOLB); OKST D95 (RE),SACK,,,,,,-41,,,,OKST D04,OKST D14 > TNMR 15,OKST D04 (I) TNMR 72,0,,,TNMR 08,0,OKST D04,TNMR 72,0,,HB-R,HB-R (-5),,1; TNMR 01 (HB-R),,,,,,P,OKST D04,-7,,S,,OKST D04,,,,,,,,LWR^(-8.5); SRiWR(+7.5); SRoWR^(+8.5); RWR(+9.5),,0,6,0,0,0,,false,3,1,0.149,-2.013,,false,11,TNMR 01,TNMR 88,TNMR 03; TNMR 05; TNMR 15,GUN WEAK,TRIPS - OPEN,LWR; HB-R; SRiWR; SRoWR; RWR,1x3,TRIPS - OPEN,NICKEL,OKST D01; OKST D03; OKST D11; OKST D14; OKST D18,OKST D04; OKST D05; OKST D16; OKST D26,OKST D00; OKST D95,ONE INTERIOR,,COVER 4,,53,,0.383,-2.107,28752_6318514,28752-TNMR-3
6318794,28752,2025-08-28,2025,01,407560,1380,2,1,13:06,0,0,0,14,0,4,1,,0,,,,0,0,0,7,0,,1,6318751,6318800,,14.07,0,,52,0,3.3,3.6,0,0,,,0,0,,8; OKST D00 (08); OKST D01 (40); OKST D05 (29); OKST D06 (13); OKST D17 (17); OKST D40 (38); OKST D71 (24); OKST D87 (33),TNMR 05; TNMR 15,L,TNMR 22,,LCB (2); SCBL (8); SSL (9),SSL (03); LOLB (08); LLB (13); DLT (17); DRT (24); RLB (29); REO (33); ROLB (38); RLB (40),4-3-4,OKST D00 (LOLB); OKST D01 (RLB); OKST D05 (RLB); OKST D06 (LLB); OKST D10 (LCB); OKST D11 (SCBL); OKST D17 (DLT); OKST D18 (SSL); OKST D40 (ROLB); OKST D71 (DRT); OKST D87 (REO),OKST D00 (0.0); OKST D01 (0.0); OKST D05 (-1.0); OKST D06 (0.0); OKST D10 (0.0); OKST D11 (0.0); OKST D17 (+1.0); OKST D18 (0.0); OKST D40 (0.0); OKST D71 (+1.0); OKST D87 (+0.5),DRIVE START,T,OKST,10,,DLT (17); DRT (24); REO (33),,PUNT,-27,6,PUNT - FC,-8,0,RR,-8,,,,,0,,,C,C,,OKST D71,PD,,,TNMR 08 (QB); TNMR 22 (TE-R); TNMR 62 (C); TNMR 72 (LT); OKST D05 (RLB); OKST D17 (DLT); OKST D71 (DRT); OKST D87 (REO),,,,,,,,,,LOLB (0); LLB (5); RLB (6); RLB (5); ROLB (0),,C,C,TNMR 08; TNMR 62; TNMR 72; OKST D05,TE-L^; HB-R; TE-R; SRWR; RWR^,1x3,,2-0-1-2,12,TNMR 01; TNMR 05; TNMR 15; TNMR 22; TNMR 88,TNMR 01 (HB-R); TNMR 05 (RWR); TNMR 08 (QB); TNMR 15 (SRWR); TNMR 22 (TE-R); TNMR 62 (C); TNMR 64 (RG); TNMR 72 (LT); TNMR 78 (RT); TNMR 79 (LG); TNMR 88 (TE-L),TNMR 01 (0.0); TNMR 05 (0.0); TNMR 08 (-1.0); TNMR 15 (0.0); TNMR 22 (0.0); TNMR 62 (-1.0); TNMR 64 (0.0); TNMR 72 (-0.5); TNMR 78 (0.0); TNMR 79 (0.0); TNMR 88 (0.0),DRIVE START,F,TNMR,TNMR 05; TNMR 88,,5; TNMR 62 (C); TNMR 64 (RG); TNMR 72 (LT); TNMR 78 (RT); TNMR 79 (LG),OKST D17,3S,OKST D05,,7; OKST D01; OKST D05; OKST D06; OKST D10; OKST D11; OKST D18; OKST D40,4,M,TNMR 08 (QB),TE-L xo(11); HB-R flh9; TE-R kxd(3); SRWR 3(6); RWR 3(14),X; H9; X; 3; 3,TNMR 88 xo(11); TNMR 01 flh9; TNMR 22 kxd(3); TNMR 15 3(6); TNMR 05 3(14),TE-R,TNMR 22,INCOMPLETE,kxd(3),XR,4; OKST D00 (LOLB); OKST D17 (DLT); OKST D71 (DRT); OKST D87 (REO),HURRY,18,3L,,,TNMR 01,-8,,,,OKST D17; OKST D71; OKST D87,OKST D10 > TNMR 05,OKST D71 (CR) TNMR 62; OKST D87 (O) TNMR 72,0,,,TNMR 08,0,OKST D71,TNMR 62,0,,HB-R,HB-R (-5),,1; TNMR 01 (HB-R),,,,POWER,,P,,-7,TNMR 22* (B:B),S,,,,,,L;R,,,,SRWR(+11.5); RWR^(+14.5),,0,16,0,1,0,,false,3,1,-0.635,-0.754,Drag,false,12,TNMR 01,TNMR 22; TNMR 88,TNMR 05; TNMR 15,GUN WEAK,TREY - CLOSED,TE-L; HB-R; TE-R; SRWR; RWR,1x3,TREY - CLOSED,BASE,OKST D01; OKST D10; OKST D11; OKST D18,OKST D05; OKST D06; OKST D40,OKST D00; OKST D17; OKST D71; OKST D87,WIDE OVER,,COVER 3 SEAM,,92,,-1.226,-0.882,28752_6318794,28752-TNMR-4
6318800,28752,2025-08-28,2025,01,407560,1406,2,2,13:00,0,,0,14,0,4,2,2,0,,,,0,0,0,7,0,,0,6318794,6318806,,14.07,0,,53,0,,,0,0,,2,0,0,TNMR 01,6; OKST D05 (26); OKST D06 (15); OKST D17 (27); OKST D40 (34); OKST D71 (19); OKST D87 (08),TNMR 03; TNMR 15,,,,LCB (3); SSL (7); FS (10); SCBR (4); RCB (7),SSL (03); LOLB (08); LLB (15); DLT (19); RILB (26); DRT (27); ROLB (34),3-3-5,OKST D01 (RCB); OKST D05 (RILB); OKST D06 (LLB); OKST D10 (LCB); OKST D11 (SSL); OKST D17 (DRT); OKST D18 (FS); OKST D23 (SCBR); OKST D40 (ROLB); OKST D71 (DLT); OKST D87 (LOLB),OKST D01 (0.0); OKST D05 (+0.5); OKST D06 (0.0); OKST D10 (0.0); OKST D11 (0.0); OKST D17 (0.0); OKST D18 (0.0); OKST D23 (0.0); OKST D40 (+0.5); OKST D71 (-0.5); OKST D87 (+1.0),OKST D23,T,OKST,10,,DLT (19); DRT (27),,PUNT,-27,6,PUNT - FC,-8,,,-8,OKST D87,,,,2,,,C,C,,,,,,TNMR 22 (TE-R); TNMR 62 (C); TNMR 64 (RG); TNMR 72 (LT); TNMR 78 (RT); TNMR 79 (LG); OKST D05 (RILB); OKST D17 (DRT); OKST D40 (ROLB); OKST D71 (DLT); OKST D87 (LOLB),,,,,,,,,,LOLB (0); LLB (4); RILB (5); ROLB (0),,C,C,TNMR 22; TNMR 78; OKST D71,LWR^; SLWR; HB; TE-R; RWR^,2x2,,3-0-1-1,11,TNMR 01; TNMR 03; TNMR 05; TNMR 15; TNMR 22,TNMR 01 (HB); TNMR 03 (SLWR); TNMR 05 (RWR); TNMR 08 (QB); TNMR 15 (LWR); TNMR 22 (TE-R); TNMR 62 (C); TNMR 64 (RG); TNMR 72 (LT); TNMR 78 (RT); TNMR 79 (LG),TNMR 01 (0.0); TNMR 03 (0.0); TNMR 05 (0.0); TNMR 08 (0.0); TNMR 15 (0.0); TNMR 22 (-1.0); TNMR 62 (+0.5); TNMR 64 (+0.5); TNMR 72 (0.0); TNMR 78 (-1.0); TNMR 79 (0.0),TNMR 03,F,TNMR,TNMR 05; TNMR 15,,,,3,,,,,,,,,,,,,,,,,,,,P,,-10,LT,,LT,TNMR 62; TNMR 64; OKST D05; OKST D40; OKST D87,,,0,,,TNMR 08,0,,,0,,HB,HB (-8),R,1; TNMR 01 (HB),,,,INSIDE ZONE,SPLIT,R,,-7,TNMR 05 (L:Rx),S,,OKST D87,,OKST D87,OKST D05,R,,,,LWR^(-10.5); SLWR(-8.5); RWR^(+4.5),,0,10,0,0,0,,false,3,1,-1.389,-0.685,,false,11,TNMR 01,TNMR 22,TNMR 03; TNMR 05; TNMR 15,PISTOL,SLOT - PRO,LWR; SLoWR; SLiWR; HB; TE-R,3x1,TRIPS - CLOSED,NICKEL,OKST D01; OKST D10; OKST D11; OKST D18; OKST D23,OKST D05; OKST D06; OKST D40,OKST D17; OKST D71; OKST D87,WIDE UNDER,,COVER 3,,92,,-2.108,-0.698,28752_6318800,28752-TNMR-4
6318806,28752,2025-08-28,2025,01,407560,1432,2,3,12:26,0,,0,14,1,4,3,13,0,1,,,0,0,0,7,0,,0,6318800,6318816,,14.07,0,,54,0,,,0,0,,0,0,0,TNMR 08,6; OKST D00 (15); OKST D04 (37); OKST D05 (27); OKST D16 (06); OKST D26 (12); OKST D95 (29),,,,,LCB (6); SCBoL (6); FSL (13); FSR (11); RCB (1),LOLB (06); LLB (12); LE (15); RILB (27); RE (29); ROLB (37),2-4-5,OKST D00 (LE); OKST D01 (RCB); OKST D04 (ROLB); OKST D05 (RILB); OKST D10 (LCB); OKST D11 (FSL); OKST D16 (LOLB); OKST D18 (FSR); OKST D23 (SCBoL); OKST D26 (LLB); OKST D95 (RE),OKST D00 (0.0); OKST D01 (0.0); OKST D04 (0.0); OKST D05 (0.0); OKST D10 (0.0); OKST D11 (0.0); OKST D16 (+0.5); OKST D18 (0.0); OKST D23 (0.0); OKST D26 (0.0); OKST D95 (0.0),OKST D00; OKST D04; OKST D16; OKST D26; OKST D95,F,OKST,8,,LE (15); RE (29),,PUNT,-27,6,PUNT - FC,-8,,,-10,OKST D95,,,,13,,,C,C,,,,,,TNMR 01 (HB-L); TNMR 08 (QB); TNMR 78 (RT); TNMR 79 (LG); OKST D05 (RILB); OKST D16 (LOLB); OKST D95 (RE),,,,,,,,,,LOLB (0); LLB (6); RILB (5); ROLB (0),,C,O,TNMR 78,LWR^; HB-L; SRiWR; SRoWR^; RWR,1x3,TE>RWR,3-0-1-1,11,TNMR 01; TNMR 03; TNMR 05; TNMR 15; TNMR 22,TNMR 01 (HB-L); TNMR 03 (SRiWR); TNMR 05 (LWR); TNMR 08 (QB); TNMR 15 (SRoWR); TNMR 22 (RWR); TNMR 62 (C); TNMR 64 (RG); TNMR 72 (LT); TNMR 78 (RT); TNMR 79 (LG),TNMR 01 (0.0); TNMR 03 (0.0); TNMR 05 (0.0); TNMR 08 (+0.5); TNMR 15 (0.0); TNMR 22 (0.0); TNMR 62 (0.0); TNMR 64 (0.0); TNMR 72 (0.0); TNMR 78 (-1.0); TNMR 79 (0.0),,T,TNMR,TNMR 05; TNMR 15,,,,3S,,,,,,,LWR 6o(9); HB-L r; SRiWR 3(12); SRoWR 9s; RWR 9,6; -; 3; 9; 9,TNMR 05 6o(9); TNMR 01 r; TNMR 03 3(12); TNMR 15 9s; TNMR 22 9,,,,,,,,,,,,,-23,LG,,LG,TNMR 08; OKST D16,OKST D01 > TNMR 05,,0,,,TNMR 08,0,,,0,,HB-L,HB-L (-5),L,1; TNMR 01 (HB-L),,,,DRAW,LEAD;QB RUNS,R,,-7,,S,,,,OKST D95,,,,,,LWR^(-16.5); SRiWR(+9.5); SRoWR^(+15.5); RWR(+20.5),,1,11,0,0,0,,false,3,1,-2.074,1.978,,false,11,TNMR 01,TNMR 22,TNMR 03; TNMR 05; TNMR 15,GUN WEAK,TRIPS - OPEN,LWR; HB-L; SRiWR; SRoWR; RWR,1x3,TRIPS - OPEN,NICKEL,OKST D01; OKST D10; OKST D11; OKST D18; OKST D23,OKST D04; OKST D05; OKST D16; OKST D26,OKST D00; OKST D95,EVEN,,COVER 3 SEAM,,90,,-2.806,2.934,28752_6318806,28752-TNMR-4
6318816,28752,2025-08-28,2025,01,407560,1458,2,1,11:57,0,,0,14,0,4,4,1,0,,,,0,0,1,7,1,,0,6318806,6318842,,14.07,0,,55,0,,,0,0,,1,0,0,TNMR 01,6; OKST D05 (11); OKST D06 (23); OKST D17 (27); OKST D40 (33); OKST D71 (19); OKST D87 (10),,,,,LCB (2); SCBoL (7); SCBiL (6); FSL (12); SSR (8),LOLB (10); LLB (11); DLT (19); MLB (23); DRT (27); SSR (32); ROLB (33),3-3-5,OKST D01 (SSR); OKST D05 (LLB); OKST D06 (MLB); OKST D10 (LCB); OKST D11 (SCBiL); OKST D17 (DRT); OKST D18 (FSL); OKST D23 (SCBoL); OKST D40 (ROLB); OKST D71 (DLT); OKST D87 (LOLB),OKST D01 (0.0); OKST D05 (+0.5); OKST D06 (0.0); OKST D10 (0.0); OKST D11 (0.0); OKST D17 (+1.0); OKST D18 (0.0); OKST D23 (0.0); OKST D40 (0.0); OKST D71 (0.0); OKST D87 (+1.0),OKST D06; OKST D17; OKST D40; OKST D71; OKST D87,T,OKST,10,,DLT (19); DRT (27),,PUNT,-27,6,PUNT - FC,-8,,,-23,OKST D17,,,,1,,,L,R,,,,,,TNMR 22 (TE-R); TNMR 64 (RG); TNMR 78 (RT); TNMR 79 (LG); OKST D05 (LLB); OKST D17 (DRT); OKST D71 (DLT); OKST D87 (LOLB),,,,,,,,,,LOLB (0); LLB (4); MLB (5); ROLB (0),,O,O,TNMR 22; TNMR 78; TNMR 79,HB-R; TE-R^; SRiWR; SRoWR; RWR^,0x4,,3-0-1-1,11,TNMR 01; TNMR 03; TNMR 05; TNMR 15; TNMR 22,TNMR 01 (HB-R); TNMR 03 (SRiWR); TNMR 05 (RWR); TNMR 08 (QB); TNMR 15 (SRoWR); TNMR 22 (TE-R); TNMR 62 (C); TNMR 64 (RG); TNMR 72 (LT); TNMR 78 (RT); TNMR 79 (LG),TNMR 01 (0.0); TNMR 03 (0.0); TNMR 05 (0.0); TNMR 08 (0.0); TNMR 15 (0.0); TNMR 22 (-1.0); TNMR 62 (0.0); TNMR 64 (0.0); TNMR 72 (0.0); TNMR 78 (-0.5); TNMR 79 (-1.0),,F,TNMR,TNMR 05; TNMR 22,,,,4,,,,,,,HB-R r; TE-R r; SRiWR 0u(-3); SRoWR z; RWR z,-; -; 0; -; -,TNMR 01 r; TNMR 22 r; TNMR 03 0u(-3); TNMR 15 z; TNMR 05 z,,,,,,,,,,,,,-24,MR,,MR,OKST D05; OKST D17; OKST D87,OKST D10 > TNMR 05,,0,,,TNMR 08,0,,,0,,HB-R,HB-R (-5),L,1; TNMR 01 (HB-R),,,,INSIDE ZONE,READ OPTION,R,,-7,,S,,OKST D17,,OKST D17,OKST D87,R,,,,SRiWR(+8.5); SRoWR(+13.5); RWR^(+18.5),,1,21,0,0,0,,true,3,1,-0.096,-0.671,,false,11,TNMR 01,TNMR 22,TNMR 03; TNMR 05; TNMR 15,GUN STRONG,QUAY - NIX,HB-R; TE-R; SRiWR; SRoWR; RWR,0x4,QUAY - NIX,NICKEL,OKST D01; OKST D10; OKST D11; OKST D18; OKST D23,OKST D05; OKST D06; OKST D40,OKST D17; OKST D71; OKST D87,WIDE UNDER,,COVER 4,,77,,0.128,-0.793,28752_6318816,28752-TNMR-4
6318842,28752,2025-08-28,2025,01,407560,1484,2,2,11:24,0,1,0,14,0,4,5,3,0,,,,0,0,0,7,0,,1,6318816,6318854,,14.07,1,,56,0,,3.8,0,0,1,1,0,0,TNMR 88,7; OKST D05 (16); OKST D06 (26); OKST D17 (27); OKST D18 (43); OKST D40 (35); OKST D71 (19); OKST D87 (10),,L,,,LCB (5); SCBL (6); FSL (12); RCB (3),LOLB (10); LILB (16); DLT (19); RILB (26); DRT (27); REO (35); RLB (43),3-3-5,OKST D01 (RCB); OKST D05 (LILB); OKST D06 (RILB); OKST D10 (LCB); OKST D11 (FSL); OKST D17 (DRT); OKST D18 (RLB); OKST D23 (SCBL); OKST D40 (REO); OKST D71 (DLT); OKST D87 (LOLB),OKST D01 (0.0); OKST D05 (+0.5); OKST D06 (0.0); OKST D10 (0.0); OKST D11 (0.0); OKST D17 (0.0); OKST D18 (0.0); OKST D23 (0.0); OKST D40 (0.0); OKST D71 (0.0); OKST D87 (-0.5),,T,OKST,9,,DLT (19); DRT (27); REO (35),,PUNT,-27,6,PUNT - FC,-8,0,RR,-24,OKST D05,,,,3,,,L,R,,,,,,TNMR 88 (TE-L); OKST D05 (LILB); OKST D87 (LOLB),,,,,,,,,,LOLB (0); LILB (4); RILB (4); RLB (5),,C,C,OKST D87,LWR^; TE-L; HB-R; SRWR; RWR^,2x2,,3-0-1-1,11,TNMR 02; TNMR 03; TNMR 05; TNMR 15; TNMR 88,TNMR 02 (HB-R); TNMR 03 (SRWR); TNMR 05 (RWR); TNMR 08 (QB); TNMR 15 (LWR); TNMR 62 (C); TNMR 64 (RG); TNMR 72 (LT); TNMR 78 (RT); TNMR 79 (LG); TNMR 88 (TE-L),TNMR 02 (0.0); TNMR 03 (0.0); TNMR 05 (0.0); TNMR 08 (0.0); TNMR 15 (0.0); TNMR 62 (0.0); TNMR 64 (0.0); TNMR 72 (0.0); TNMR 78 (0.0); TNMR 79 (0.0); TNMR 88 (0.0),TNMR 02; TNMR 88,F,TNMR,TNMR 05; TNMR 15,,5; TNMR 62 (C); TNMR 64 (RG); TNMR 72 (LT); TNMR 78 (RT); TNMR 79 (LG),,3S,OKST D05,,7; OKST D01; OKST D05; OKST D06; OKST D10; OKST D11; OKST D18; OKST D23,2,R,TNMR 08 (QB),LWR r; TE-L xu(-2); HB-R fl; SRWR z; RWR z,-; X; -; -; -,TNMR 15 r; TNMR 88 xu(-2); TNMR 02 fl; TNMR 03 z; TNMR 05 z,TE-L,TNMR 88,COMPLETE,xu(-2),SR,4; OKST D17 (DRT); OKST D40 (REO); OKST D71 (DLT); OKST D87 (LOLB),,45,6R,,,TNMR 02,-27,,,,OKST D05,,,0,,,TNMR 08,0,,,0,,HB-R,HB-R (-5),,1; TNMR 02 (HB-R),,,,OUTSIDE ZONE,,P,,-7,TNMR 03 (L:Rx); TNMR 88 (R:Lx),S,,OKST D05,,OKST D05,,L,,,,LWR^(-21.5); SRWR(+3.5); RWR^(+8.5),,1,12,0,0,0,,false,3,1,-0.767,0.038,Under,false,11,TNMR 02,TNMR 88,TNMR 03; TNMR 05; TNMR 15,GUN WEAK,SLOT - PRO,LWR; SLWR; HB-R; TE-R; RWR,2x2,SLOT - PRO,NICKEL,OKST D01; OKST D10; OKST D11; OKST D18; OKST D23,OKST D05; OKST D06; OKST D40,OKST D17; OKST D71; OKST D87,WIDE OVER,,COVER 3 SEAM,,76,,-0.665,-0.591,28752_6318842,28752-TNMR-4
6318854,28752,2025-08-28,2025,01,407560,1512,2,3,10:53,1,0,0,14,0,4,6,,0,,,,0,0,0,7,0,,0,6318842,6318885,,14.07,0,,57,0,2.1,2.2,0,0,,,0,0,,7; OKST D00 (30); OKST D04 (07); OKST D05 (17); OKST D16 (35); OKST D18 (06); OKST D26 (24); OKST D95 (15),,R,,,LCB (7); FS (10); SCBR (6); RCB (1),LLB (06); LOLB (07); LE (15); LILB (17); RILB (24); RE (30); ROLB (35),2-4-5,OKST D00 (RE); OKST D01 (RCB); OKST D04 (LOLB); OKST D05 (LILB); OKST D10 (FS); OKST D11 (LCB); OKST D16 (ROLB); OKST D18 (LLB); OKST D23 (SCBR); OKST D26 (RILB); OKST D95 (LE),OKST D00 (0.0); OKST D01 (0.0); OKST D04 (0.0); OKST D05 (+0.5); OKST D10 (0.0); OKST D11 (0.0); OKST D16 (0.0); OKST D18 (0.0); OKST D23 (-0.5); OKST D26 (+0.5); OKST D95 (+0.5),OKST D00; OKST D04; OKST D16; OKST D26; OKST D95,T,OKST,6,,LE (15); RE (30),,PUNT,-27,6,PUNT - FC,-8,8,SD,-27,,,,,0,,,R,L,OKST D05,OKST D26,UT,,,TNMR 02 (HB-R); TNMR 08 (QB); TNMR 62 (C); TNMR 64 (RG); TNMR 78 (RT); OKST D05 (LILB); OKST D23 (SCBR); OKST D26 (RILB); OKST D95 (LE),,,,,,,,,,LOLB (0); LLB (4); LILB (3); RILB (4); ROLB (0),,C,C,TNMR 02; TNMR 08; TNMR 62; TNMR 64; TNMR 78; OKST D23,LWR^; SLWR; HB-R; TE-R^; RWR,2x2,,3-0-1-1,11,TNMR 02; TNMR 03; TNMR 05; TNMR 15; TNMR 88,TNMR 02 (HB-R); TNMR 03 (SLWR); TNMR 05 (LWR); TNMR 08 (QB); TNMR 15 (RWR); TNMR 62 (C); TNMR 64 (RG); TNMR 74 (LT); TNMR 78 (RT); TNMR 79 (LG); TNMR 88 (TE-R),TNMR 02 (-1.0); TNMR 03 (0.0); TNMR 05 (0.0); TNMR 08 (-0.5); TNMR 15 (0.0); TNMR 62 (-1.0); TNMR 64 (-0.5); TNMR 74 (0.0); TNMR 78 (-0.5); TNMR 79 (0.0); TNMR 88 (0.0),TNMR 74,F,TNMR,TNMR 05; TNMR 88,,6; TNMR 02 (HB-R); TNMR 62 (C); TNMR 64 (RG); TNMR 74 (LT); TNMR 78 (RT); TNMR 79 (LG),,1b,OKST D23,,7; OKST D01; OKST D04; OKST D10; OKST D11; OKST D16; OKST D18; OKST D23,13,L,TNMR 08 (QB),LWR 9o; SLWR 3(12); HB-R kr; TE-R 4o(10); RWR xd(1),9; 3; -; 4; X,TNMR 05 9o; TNMR 03 3(12); TNMR 02 kr; TNMR 88 4o(10); TNMR 15 xd(1),SLWR,TNMR 03,INCOMPLETE,3(12),3R,4; OKST D00 (RE); OKST D05 (LILB); OKST D26 (RILB); OKST D95 (LE),HIT,6,2L,,,,-27,,,,OKST D05; OKST D26; OKST D95,OKST D01 > TNMR 05,OKST D05 (BOR) TNMR 02; OKST D26 (CL) TNMR 62; OKST D95 (I) TNMR 78; OKST D95 (U) TNMR 64,0,,,TNMR 08,0,OKST D05; OKST D26,TNMR 02; TNMR 62,0,,HB-R,HB-R (-5),R,1; TNMR 02 (HB-R),,,,,,P,,-7,TNMR 15* (L:Rx),S,,,,,,R,,,,LWR^(-17.5); SLWR(-6.5); RWR(+13.5),,0,1,0,0,0,,false,3,1,-0.729,-1.678,Out,false,11,TNMR 02,TNMR 88,TNMR 03; TNMR 05; TNMR 15,GUN STRONG,SLOT - PRO,LWR; SLoWR; SLiWR; HB-R; TE-R,3x1,TRIPS - CLOSED,NICKEL,OKST D01; OKST D10; OKST D11; OKST D18; OKST D23,OKST D04; OKST D05; OKST D16; OKST D26,OKST D00; OKST D95,ONE INTERIOR,,COVER 1,,73,,-1.256,-1.226,28752_6318854,28752-TNMR-4
6319237,28752,2025-08-28,2025,01,407560,1703,2,1,08:41,0,,0,14,0,5,1,1,0,,,,0,0,1,7,1,,0,6319126,6319251,,14.07,0,,64,0,,,0,0,,3,0,0,TNMR 01,7; OKST D03 (08); OKST D04 (11); OKST D05 (32); OKST D06 (23); OKST D95 (33); OKST D96 (27); OKST D99 (18),,,,,FSR (11); SCBiR (4); SCBoR (6); RCB (8),LLB (08); LOLB (11); DLT (18); MLB (23); DRT (27); RLB (32); REO (33),3-3-5,OKST D03 (LLB); OKST D04 (LOLB); OKST D05 (RLB); OKST D06 (MLB); OKST D08 (FSR); OKST D10 (RCB); OKST D11 (SCBiR); OKST D23 (SCBoR); OKST D95 (REO); OKST D96 (DRT); OKST D99 (DLT),OKST D03 (0.0); OKST D04 (+0.5); OKST D05 (0.0); OKST D06 (+0.5); OKST D08 (0.0); OKST D10 (0.0); OKST D11 (0.0); OKST D23 (0.0); OKST D95 (0.0); OKST D96 (+0.5); OKST D99 (0.0),DRIVE START,T,OKST,10,,DLT (18); DRT (27); REO (33),,PUNT,-19,3,PUNT - OOB,-15,,,-15,OKST D96,,,,1,,,R,L,,,,,,TNMR 55 (LG); TNMR 78 (RT); OKST D04 (LOLB); OKST D06 (MLB); OKST D96 (DRT),,,,,,,,,,LOLB (0); LLB (6); MLB (5); RLB (5),,O,O,TNMR 55; TNMR 78,LWR^; SLoWR; SLiWR; TE-L^; HB-L,4x0,,3-0-1-1,11,TNMR 01; TNMR 03; TNMR 05; TNMR 15; TNMR 22,TNMR 01 (HB-L); TNMR 03 (SLiWR); TNMR 05 (LWR); TNMR 08 (QB); TNMR 15 (SLoWR); TNMR 22 (TE-L); TNMR 55 (LG); TNMR 62 (C); TNMR 72 (LT); TNMR 78 (RT); TNMR 79 (RG),TNMR 01 (0.0); TNMR 03 (0.0); TNMR 05 (0.0); TNMR 08 (0.0); TNMR 15 (0.0); TNMR 22 (0.0); TNMR 55 (-1.0); TNMR 62 (0.0); TNMR 72 (0.0); TNMR 78 (-0.5); TNMR 79 (0.0),DRIVE START,F,TNMR,TNMR 05; TNMR 22,,,,4,,,,,,,,,,,,,,,,,,,,,,-16,ML,,ML,OKST D04; OKST D06; OKST D96,,,0,,,TNMR 08,0,,,0,,HB-L,HB-L (-5),R,1; TNMR 01 (HB-L),,,,OUTSIDE ZONE,READ OPTION,R,,-7,TNMR 01 (B:B); TNMR 22* (R:Lx),S,,OKST D96,,OKST D96,,L,,,,LWR^(-19.5); SLoWR(-11.5); SLiWR(-5.5),,0,16,0,0,0,,false,3,1,-0.075,-0.705,,false,11,TNMR 01,TNMR 22,TNMR 03; TNMR 05; TNMR 15,GUN STRONG,QUAY - NIX,LWR; SLoWR; SLiWR; HB; TE-R,3x1,TRIPS - CLOSED,NICKEL,OKST D03; OKST D08; OKST D10; OKST D11; OKST D23,OKST D04; OKST D05; OKST D06,OKST D95; OKST D96; OKST D99,WIDE OVER,,COVER 4,,85,,-0.602,-0.779,28752_6319237,28752-TNMR-5
6319251,28752,2025-08-28,2025,01,407560,1729,2,2,08:13,0,1,0,14,0,5,2,4,0,,,,0,0,0,7,0,,0,6319237,6319290,,14.07,0,,65,0,,1.6,0,0,1,0,0,0,TNMR 05,6; OKST D04 (11); OKST D06 (16); OKST D08 (06); OKST D95 (34); OKST D96 (28); OKST D99 (19),TNMR 03; TNMR 15,L,,,LCB (6); FSR (13); SCBiR (5); SCBoR (5); RCB (7),LLB (06); LOLB (11); LILB (16); DLT (19); DRT (28); REO (34),3-3-5,OKST D03 (LCB); OKST D04 (LOLB); OKST D05 (SCBiR); OKST D06 (LILB); OKST D08 (LLB); OKST D10 (RCB); OKST D11 (FSR); OKST D23 (SCBoR); OKST D95 (REO); OKST D96 (DRT); OKST D99 (DLT),OKST D03 (0.0); OKST D04 (0.0); OKST D05 (0.0); OKST D06 (+0.5); OKST D08 (0.0); OKST D10 (0.0); OKST D11 (0.0); OKST D23 (0.0); OKST D95 (0.0); OKST D96 (0.0); OKST D99 (0.0),,T,OKST,9,,DLT (19); DRT (28); REO (34),,PUNT,-19,3,PUNT - OOB,-15,6,SD,-16,OKST D06,,,,4,,,R,L,,,,,,TNMR 05 (RWR); OKST D06 (LILB),,,,,,,,,,LOLB (0); LLB (6); LILB (5),,C,C,,LWR; SLoWR^; SLiWR; HB-R; RWR^,3x1,TE>SLiWR,3-0-1-1,11,TNMR 01; TNMR 03; TNMR 05; TNMR 15; TNMR 22,TNMR 01 (HB-R); TNMR 03 (SLoWR); TNMR 05 (RWR); TNMR 08 (QB); TNMR 15 (LWR); TNMR 22 (SLiWR); TNMR 55 (LG); TNMR 62 (C); TNMR 72 (LT); TNMR 78 (RT); TNMR 79 (RG),TNMR 01 (0.0); TNMR 03 (0.0); TNMR 05 (0.0); TNMR 08 (0.0); TNMR 15 (0.0); TNMR 22 (0.0); TNMR 55 (0.0); TNMR 62 (0.0); TNMR 72 (0.0); TNMR 78 (0.0); TNMR 79 (0.0),,F,TNMR,TNMR 03; TNMR 05,,5; TNMR 55 (LG); TNMR 62 (C); TNMR 72 (LT); TNMR 78 (RT); TNMR 79 (RG),,3,OKST D06,OKST D03,7; OKST D03; OKST D05; OKST D06; OKST D08; OKST D10; OKST D11; OKST D23,3,M,TNMR 08 (QB),LWR 6(11); SLoWR 26(5); SLiWR 1; HB-R h8; RWR 6(3),6; 6; 3; H8; 6,TNMR 15 6(11); TNMR 03 26(5); TNMR 22 1; TNMR 01 h8; TNMR 05 6(3),RWR,TNMR 05,COMPLETE,6(3),6R,4; OKST D04 (LOLB); OKST D95 (REO); OKST D96 (DRT); OKST D99 (DLT),,40,5R,,,,-20,,,,OKST D06,,,0,,,TNMR 08,0,,,0,,HB-R,HB-R (-5),,1; TNMR 01 (HB-R),,,,,,P,,-7,TNMR 22* (R:Lx),S,,OKST D06,,OKST D06,,,,,,LWR(-3.5); SLoWR^(-2.5); SLiWR(+3.5); RWR^(+15.5),,0,17,0,0,0,,false,3,1,-0.78,-0.035,Hitch,false,11,TNMR 01,TNMR 22,TNMR 03; TNMR 05; TNMR 15,GUN WEAK,TRIPS - OPEN,LWR; SLWR; HB-R; TE-R; RWR,2x2,SLOT - PRO,NICKEL,OKST D03; OKST D08; OKST D10; OKST D11; OKST D23,OKST D04; OKST D05; OKST D06,OKST D95; OKST D96; OKST D99,WIDE OVER,,COVER 3,,84,,-1.381,-0.406,28752_6319251,28752-TNMR-5
6319290,28752,2025-08-28,2025,01,407560,1757,2,3,07:32,0,0,0,14,0,5,3,-1,0,,,,0,0,0,7,0,0,0,6319251,6319318,,14.07,0,,66,0,2.0,3.0,0,0,,,0,0,TNMR 08,7; OKST D00 (31); OKST D03 (04); OKST D04 (05); OKST D05 (37); OKST D16 (36); OKST D26 (18); OKST D95 (13),TNMR 03; TNMR 15,L,,TNMR 01,FS (11); SCBiR (8); SCBoR (5); RCB (1),LLB (04); LOLB (05); LE (13); LILB (18); RE (31); ROLB (36); RLB (37),2-4-5,OKST D00 (RE); OKST D03 (LLB); OKST D04 (LOLB); OKST D05 (RLB); OKST D08 (FS); OKST D10 (RCB); OKST D11 (SCBiR); OKST D16 (ROLB); OKST D23 (SCBoR); OKST D26 (LILB); OKST D95 (LE),OKST D00 (+1.0); OKST D03 (0.0); OKST D04 (+0.5); OKST D05 (0.0); OKST D08 (0.0); OKST D10 (0.0); OKST D11 (0.0); OKST D16 (0.0); OKST D23 (0.0); OKST D26 (0.0); OKST D95 (+1.0),OKST D00; OKST D16; OKST D26,T,OKST,5,,LE (13); RE (31),,PUNT,-19,3,PUNT - OOB,-15,8,SR,-20,OKST D04,,,,-1,,,R,L,,OKST D00; OKST D95,,,,TNMR 55 (LG); TNMR 78 (RT); TNMR 79 (RG); OKST D00 (RE); OKST D04 (LOLB); OKST D95 (LE),,,,,,,,,,LOLB (0); LLB (5); LILB (5); RLB (5); ROLB (0),,C,O,TNMR 55; TNMR 78; TNMR 79,LWR; SLoWR^; SLiWR; HB-R; TE-R^,3x1,,3-0-1-1,11,TNMR 01; TNMR 03; TNMR 05; TNMR 15; TNMR 22,TNMR 01 (HB-R); TNMR 03 (SLoWR); TNMR 05 (LWR); TNMR 08 (QB); TNMR 15 (SLiWR); TNMR 22 (TE-R); TNMR 55 (LG); TNMR 62 (C); TNMR 74 (LT); TNMR 78 (RT); TNMR 79 (RG),TNMR 01 (0.0); TNMR 03 (0.0); TNMR 05 (0.0); TNMR 08 (0.0); TNMR 15 (0.0); TNMR 22 (0.0); TNMR 55 (-1.0); TNMR 62 (0.0); TNMR 74 (0.0); TNMR 78 (-0.5); TNMR 79 (-1.0),TNMR 74,F,TNMR,TNMR 03; TNMR 22,,5; TNMR 55 (LG); TNMR 62 (C); TNMR 74 (LT); TNMR 78 (RT); TNMR 79 (RG),,3S,,,7; OKST D03; OKST D05; OKST D08; OKST D10; OKST D11; OKST D23; OKST D26,,X,TNMR 08 (QB),LWR 9o; SLoWR 3(15); SLiWR 3(5); HB-R ch6(-5); TE-R 4(14),9; 3; 3; H6; 4,TNMR 05 9o; TNMR 03 3(15); TNMR 15 3(5); TNMR 01 ch6(-5); TNMR 22 4(14),,,SACK,,,4; OKST D00 (RE); OKST D04 (LOLB); OKST D16 (ROLB); OKST D95 (LE),SACK,,,(D) ILM,,,-19,,,,OKST D00; OKST D04; OKST D95,OKST D10 > TNMR 05,OKST D00 (O) TNMR 55; OKST D04 (I) TNMR 78; OKST D95 (I) TNMR 79,0,,,TNMR 08,1,OKST D00; OKST D04; OKST D95,TNMR 55; TNMR 78; TNMR 79,0,,HB-R,HB-R (-5),,1; TNMR 01 (HB-R),,,,,,P,OKST D04,-7,TNMR 15* (L:Rx>R:Lx),S,,OKST D04,,,,R,,,,LWR(-16.5); SLoWR^(-6.5); SLiWR(-3.5),,0,1,0,0,0,,false,3,1,-0.815,-1.629,,false,11,TNMR 01,TNMR 22,TNMR 03; TNMR 05; TNMR 15,GUN STRONG,TRIPS - CLOSED,LWR; SLoWR; SLiWR; HB-R; TE-R,3x1,TRIPS - CLOSED,NICKEL,OKST D03; OKST D08; OKST D10; OKST D11; OKST D23,OKST D04; OKST D05; OKST D16; OKST D26,OKST D00; OKST D95,NO INTERIOR,,COVER 3 SEAM,,80,,-1.787,-1.087,28752_6319290,28752-TNMR-5
6319771,28752,2025-08-28,2025,01,407560,2221,2,1,02:43,0,,0,17,0,6,1,12,0,1,,,0,0,0,7,0,,0,6319674,6319778,,17.07,0,,83,0,,,0,0,,2,0,0,TNMR 01,7; OKST D00 (34); OKST D04 (09); OKST D05 (16); OKST D06 (25); OKST D14 (05); OKST D71 (25); OKST D94 (17),,,,,LCB (6); FS (11); SCBR (8); RCB (2),LLB (05); LEO (09); LILB (16); DLT (17); DRT (25); RILB (25); ROLB (34),3-3-5,OKST D00 (ROLB); OKST D03 (LCB); OKST D04 (LEO); OKST D05 (LILB); OKST D06 (RILB); OKST D08 (FS); OKST D10 (RCB); OKST D11 (SCBR); OKST D14 (LLB); OKST D71 (DRT); OKST D94 (DLT),OKST D00 (-1.0); OKST D03 (0.0); OKST D04 (0.0); OKST D05 (0.0); OKST D06 (0.0); OKST D08 (0.0); OKST D10 (0.0); OKST D11 (0.0); OKST D14 (0.0); OKST D71 (+0.5); OKST D94 (0.0),DRIVE START,F,OKST,10,,LEO (09); DLT (17); DRT (25),,PUNT,-42,4,KICKOFF - TB,-25,,,-25,OKST D08,,,,12,,,R,L,,,,,,TNMR 01 (HB); TNMR 55 (LG); TNMR 72 (LT); OKST D00 (ROLB); OKST D06 (RILB); OKST D71 (DRT),,,,,,,,,,LLB (3); LILB (5); RILB (5); ROLB (0),,C,O,OKST D00,LWR^; SLWR; HB; TE-R; RWR^,2x2,TE>RWR,2-0-1-2,12,TNMR 01; TNMR 03; TNMR 15; TNMR 22; TNMR 88,TNMR 01 (HB); TNMR 03 (SLWR); TNMR 08 (QB); TNMR 15 (LWR); TNMR 22 (RWR); TNMR 55 (LG); TNMR 62 (C); TNMR 72 (LT); TNMR 78 (RT); TNMR 79 (RG); TNMR 88 (TE-R),TNMR 01 (+0.5); TNMR 03 (0.0); TNMR 08 (0.0); TNMR 15 (0.0); TNMR 22 (0.0); TNMR 55 (+0.5); TNMR 62 (0.0); TNMR 72 (0.0); TNMR 78 (0.0); TNMR 79 (0.0); TNMR 88 (0.0),DRIVE START,T,TNMR,TNMR 15; TNMR 22,,,,3,,,,,,,LWR z; SLWR 0u(-2); HB r; TE-R r; RWR r,-; 0; -; -; -,TNMR 15 z; TNMR 03 0u(-2); TNMR 01 r; TNMR 88 r; TNMR 22 r,,,,,,,,,,,P,,-37,LE,,LE,TNMR 01; TNMR 55; OKST D71,OKST D10 > TNMR 15,,0,,,TNMR 08,0,,,0,,HB,HB (-8),R,1; TNMR 01 (HB),,,,OUTSIDE ZONE,,R,,-10,TNMR 03* (R:Lx),S,,,,OKST D08,,R,,,,LWR^(-8.5); SLWR(+4.5); RWR^(+11.5),,1,36,0,0,0,,false,3,1,0.555,0.843,,false,12,TNMR 01,TNMR 22; TNMR 88,TNMR 03; TNMR 15,PISTOL,SLOT - PRO,LWR; HB; TE-R; SRWR; RWR,1x3,TREY - OPEN,NICKEL,OKST D03; OKST D08; OKST D10; OKST D11; OKST D14,OKST D04; OKST D05; OKST D06,OKST D00; OKST D71; OKST D94,WIDE OVER,,COVER 3,,75,,0.31,1.061,28752_6319771,28752-TNMR-6
6319778,28752,2025-08-28,2025,01,407560,2247,2,1,02:10,0,,0,17,0,6,2,4,0,,,,0,0,0,7,1,,0,6319771,6319846,,17.07,0,,84,0,,,0,0,,5,0,0,TNMR 01,6; OKST D00 (34); OKST D04 (09); OKST D05 (13); OKST D06 (22); OKST D71 (25); OKST D94 (16),TNMR 15; TNMR 22,,,,LCB (7); SCBL (4); SSL (10); FSR (11); RCB (2),SSL (07); LEO (09); LLB (13); DLT (16); MLB (22); DRT (25); ROLB (34),3-3-5,OKST D00 (ROLB); OKST D03 (LCB); OKST D04 (LEO); OKST D05 (LLB); OKST D06 (MLB); OKST D08 (SSL); OKST D10 (RCB); OKST D11 (FSR); OKST D14 (SCBL); OKST D71 (DRT); OKST D94 (DLT),OKST D00 (0.0); OKST D03 (0.0); OKST D04 (-1.0); OKST D05 (0.0); OKST D06 (0.0); OKST D08 (0.0); OKST D10 (0.0); OKST D11 (0.0); OKST D14 (0.0); OKST D71 (0.0); OKST D94 (0.0),,F,OKST,10,,LEO (09); DLT (16); DRT (25),,PUNT,-42,4,KICKOFF - TB,-25,,,-37,OKST D04,,,,4,,,R,L,,,,,,TNMR 01 (HB-R); TNMR 78 (RT); OKST D04 (LEO); OKST D94 (DLT),,,,,,,,,,LLB (5); MLB (5); ROLB (0),OKST D04,O,O,OKST D04,LWR^; HB-R; TE-R; SRWR; RWR^,1x3,TE>SRWR,2-0-1-2,12,TNMR 01; TNMR 03; TNMR 15; TNMR 22; TNMR 88,TNMR 01 (HB-R); TNMR 03 (LWR); TNMR 08 (QB); TNMR 15 (RWR); TNMR 22 (SRWR); TNMR 55 (LG); TNMR 62 (C); TNMR 72 (LT); TNMR 78 (RT); TNMR 79 (RG); TNMR 88 (TE-R),TNMR 01 (+0.5); TNMR 03 (0.0); TNMR 08 (0.0); TNMR 15 (0.0); TNMR 22 (0.0); TNMR 55 (0.0); TNMR 62 (0.0); TNMR 72 (0.0); TNMR 78 (0.0); TNMR 79 (0.0); TNMR 88 (0.0),,T,TNMR,TNMR 03; TNMR 15,,,,4,,,,,,,,,,,,,,,,,,,,,,-41,RT,,RT,TNMR 01,OKST D10 > TNMR 03,,0,,,TNMR 08,0,,,0,,HB-R,HB-R (-5),L,1; TNMR 01 (HB-R),,,,OUTSIDE ZONE,READ OPTION,R,,-10,,S,,OKST D06,,OKST D06,OKST D08,R,,,,LWR^(-12.5); SRWR(+16.5); RWR^(+19.5),,0,36,0,0,0,,true,3,1,1.398,0.048,,true,12,TNMR 01,TNMR 22; TNMR 88,TNMR 03; TNMR 15,GUN STRONG,TREY - OPEN,LWR; HB-R; TE-R; SRWR; RWR,1x3,TREY - OPEN,NICKEL,OKST D03; OKST D08; OKST D10; OKST D11; OKST D14,OKST D04; OKST D05; OKST D06,OKST D00; OKST D71; OKST D94,WIDE OVER,,COVER 4,,63,,1.371,-0.162,28752_6319778,28752-TNMR-6
6319846,28752,2025-08-28,2025,01,407560,2273,2,2,02:00,0,,0,17,0,6,3,-2,0,,,,0,0,0,7,0,,0,6319778,6319864,,17.07,0,,85,0,,,0,0,,1,0,0,TNMR 01,7; OKST D04 (10); OKST D05 (16); OKST D06 (25); OKST D14 (07); OKST D71 (25); OKST D94 (17); OKST D95 (33),,,,,LCB (5); FS (11); SCBR (8); RCB (2),LLB (07); LEO (10); LILB (16); DLT (17); DRT (25); RILB (25); REO (33),3-3-5,OKST D03 (LCB); OKST D04 (LEO); OKST D05 (LILB); OKST D06 (RILB); OKST D08 (FS); OKST D10 (RCB); OKST D11 (SCBR); OKST D14 (LLB); OKST D71 (DRT); OKST D94 (DLT); OKST D95 (REO),OKST D03 (0.0); OKST D04 (+0.5); OKST D05 (0.0); OKST D06 (0.0); OKST D08 (0.0); OKST D10 (0.0); OKST D11 (0.0); OKST D14 (0.0); OKST D71 (+1.0); OKST D94 (+0.5); OKST D95 (+0.5),OKST D95,T,OKST,6,,LEO (10); DLT (17); DRT (25); REO (33),,PUNT,-42,4,KICKOFF - TB,-25,,,-41,OKST D04,,,,-2,,,R,L,,,,,,TNMR 55 (LG); TNMR 78 (RT); TNMR 79 (RG); OKST D04 (LEO); OKST D71 (DRT); OKST D94 (DLT); OKST D95 (REO),,,,,,,,,,LLB (5); LILB (5); RILB (5),,C,O,TNMR 55; TNMR 78,LWR^; SLWR; HB; TE-R; RWR^,2x2,TE>RWR,2-0-1-2,12,TNMR 01; TNMR 03; TNMR 15; TNMR 22; TNMR 88,TNMR 01 (HB); TNMR 03 (SLWR); TNMR 08 (QB); TNMR 15 (LWR); TNMR 22 (TE-R); TNMR 55 (LG); TNMR 62 (C); TNMR 72 (LT); TNMR 78 (RT); TNMR 79 (RG); TNMR 88 (RWR),TNMR 01 (0.0); TNMR 03 (0.0); TNMR 08 (0.0); TNMR 15 (0.0); TNMR 22 (0.0); TNMR 55 (-1.0); TNMR 62 (0.0); TNMR 72 (0.0); TNMR 78 (-1.0); TNMR 79 (0.0); TNMR 88 (0.0),,F,TNMR,TNMR 15; TNMR 88,,,,3,,,,,,,LWR 2(1); SLWR 0u(-3); HB r; TE-R r; RWR r,2; 0; -; -; -,TNMR 15 2(1); TNMR 03 0u(-3); TNMR 01 r; TNMR 22 r; TNMR 88 r,,,,,,,,,,,P,,-39,LG,,LG,OKST D04; OKST D71; OKST D94; OKST D95,OKST D10 > TNMR 15,,0,,,TNMR 08,0,,,0,,HB,HB (-8),R,1; TNMR 01 (HB),,,,OUTSIDE ZONE,,R,,-10,TNMR 01 (R:B); TNMR 03* (R:Lx); TNMR 22 (R:L{R}); TNMR 88 (R:L{R}),S,,OKST D95,,OKST D95,OKST D94,R,,,,LWR^(-14.5); SLWR(+4.5); RWR^(+12.5),,1,11,0,0,0,,false,3,1,1.446,-0.812,,false,12,TNMR 01,TNMR 22; TNMR 88,TNMR 03; TNMR 15,PISTOL,SLOT - PRO,LWR; SRiWR; SRWR; SRoWR; RWR,1x4,QUADS - OPEN,NICKEL,OKST D03; OKST D08; OKST D10; OKST D11; OKST D14,OKST D04; OKST D05; OKST D06,OKST D71; OKST D94; OKST D95,WIDE OVER,,COVER 3,,59,,1.209,-1.553,28752_6319846,28752-TNMR-6
6319864,28752,2025-08-28,2025,01,407560,2299,2,3,01:18,0,,0,17,0,6,4,3,0,,,,0,0,0,7,1,,0,6319846,6319912,,17.07,0,,86,0,,,0,0,,2,0,0,TNMR 01,6; OKST D00 (30); OKST D04 (04); OKST D05 (26); OKST D14 (01); OKST D16 (35); OKST D95 (15),,,,,LCB (7); FS (11); SSR (10); SCBR (6); RCB (1),LLB (01); LOLB (04); LE (15); RILB (26); RE (30); ROLB (35); SSR (42),2-4-5,OKST D00 (RE); OKST D03 (LCB); OKST D04 (LOLB); OKST D05 (RILB); OKST D08 (FS); OKST D10 (RCB); OKST D11 (SSR); OKST D14 (LLB); OKST D16 (ROLB); OKST D26 (SCBR); OKST D95 (LE),OKST D00 (0.0); OKST D03 (0.0); OKST D04 (0.0); OKST D05 (0.0); OKST D08 (0.0); OKST D10 (0.0); OKST D11 (0.0); OKST D14 (0.0); OKST D16 (0.0); OKST D26 (0.0); OKST D95 (+0.5),OKST D00; OKST D16; OKST D26,T,OKST,8,,LE (15); RE (30),,PUNT,-42,4,KICKOFF - TB,-25,,,-39,OKST D00,,,,3,,,R,L,,,,,,TNMR 55 (LG); TNMR 79 (RG); OKST D05 (RILB); OKST D95 (LE),,,,,,,,,,LOLB (0); LLB (6); RILB (5); ROLB (0),,C,O,TNMR 55; TNMR 79,LWR^; SLWR; HB-L; TE-R; RWR^,2x2,,3-0-1-1,11,TNMR 01; TNMR 03; TNMR 05; TNMR 15; TNMR 88,TNMR 01 (HB-L); TNMR 03 (SLWR); TNMR 05 (LWR); TNMR 08 (QB); TNMR 15 (RWR); TNMR 55 (LG); TNMR 62 (C); TNMR 72 (LT); TNMR 78 (RT); TNMR 79 (RG); TNMR 88 (TE-R),TNMR 01 (0.0); TNMR 03 (0.0); TNMR 05 (0.0); TNMR 08 (0.0); TNMR 15 (0.0); TNMR 55 (-1.0); TNMR 62 (0.0); TNMR 72 (0.0); TNMR 78 (0.0); TNMR 79 (-0.5); TNMR 88 (0.0),TNMR 05,F,TNMR,TNMR 05; TNMR 15,,,,1,,,,,,,,,,,,,,,,,,,,,,-42,ML,,ML,OKST D95,OKST D10 > TNMR 05,,0,,,TNMR 08,0,,,0,,HB-L,HB-L (-5),R,1; TNMR 01 (HB-L),,,,OUTSIDE ZONE,READ OPTION,R,,-10,TNMR 03* (R:Lx),S,,OKST D00,,OKST D00,OKST D05,R,,,,LWR^(-8.5); SLWR(+4.5); RWR^(+19.5),,0,4,0,0,0,,false,3,1,0.634,-0.671,,false,11,TNMR 01,TNMR 88,TNMR 03; TNMR 05; TNMR 15,GUN WEAK,SLOT - PRO,LWR; HB-L; TE-R; SRWR; RWR,1x3,TREY - OPEN,NICKEL,OKST D03; OKST D08; OKST D10; OKST D11; OKST D14,OKST D04; OKST D05; OKST D16; OKST D26,OKST D00; OKST D95,ONE INTERIOR,,COVER 1,,61,,-0.344,-1.323,28752_6319864,28752-TNMR-6
6320750,28752,2025-08-28,2025,01,407560,2479,3,1,15:00,0,,0,17,0,7,1,3,0,,,,0,0,0,7,0,,0,6320737,6320777,,17.07,0,,93,0,,,0,0,,1,0,0,TNMR 01,6; OKST D04 (11); OKST D05 (08); OKST D06 (23); OKST D95 (34); OKST D96 (27); OKST D99 (19),TNMR 03; TNMR 15; TNMR 22,,,,LCB (9); SCBoL (7); FSL (12); FSR (11); RCB (1),LLB (08); LEO (11); DLT (19); MLB (23); DRT (27); ROLB (34),3-3-5,OKST D01 (RCB); OKST D03 (LCB); OKST D04 (LEO); OKST D05 (LLB); OKST D06 (MLB); OKST D11 (FSR); OKST D18 (FSL); OKST D23 (SCBoL); OKST D95 (ROLB); OKST D96 (DRT); OKST D99 (DLT),OKST D01 (0.0); OKST D03 (0.0); OKST D04 (0.0); OKST D05 (0.0); OKST D06 (0.0); OKST D11 (0.0); OKST D18 (0.0); OKST D23 (0.0); OKST D95 (0.0); OKST D96 (0.0); OKST D99 (+0.5),DRIVE START,T,OKST,10,,LEO (11); DLT (19); DRT (27),,PUNT,+38,11,KICKOFF - TB,-25,,,-25,OKST D96,,,,3,,,C,C,,,,,,TNMR 55 (LG); TNMR 62 (C); TNMR 78 (RT); TNMR 79 (RG); OKST D04 (LEO); OKST D06 (MLB); OKST D96 (DRT); OKST D99 (DLT),,,,,,,,,,LLB (5); MLB (5); ROLB (0),,O,O,TNMR 79,LWR^; HB-R; SRiWR; SRoWR; RWR^,1x3,TE>SRiWR,3-0-1-1,11,TNMR 01; TNMR 03; TNMR 05; TNMR 15; TNMR 22,TNMR 01 (HB-R); TNMR 03 (SRoWR); TNMR 05 (LWR); TNMR 08 (QB); TNMR 15 (RWR); TNMR 22 (SRiWR); TNMR 55 (LG); TNMR 62 (C); TNMR 72 (LT); TNMR 78 (RT); TNMR 79 (RG),TNMR 01 (0.0); TNMR 03 (0.0); TNMR 05 (0.0); TNMR 08 (0.0); TNMR 15 (0.0); TNMR 22 (0.0); TNMR 55 (0.0); TNMR 62 (0.0); TNMR 72 (0.0); TNMR 78 (0.0); TNMR 79 (-0.5),DRIVE START,F,TNMR,TNMR 05; TNMR 15,,,,4,,,,,,,LWR 6i(4); HB-R r; SRiWR 0(0); SRoWR 2(4); RWR 6(11),6; -; 0; 2; 6,TNMR 05 6i(4); TNMR 01 r; TNMR 22 0(0); TNMR 03 2(4); TNMR 15 6(11),,,,,,,,,,,,,-28,ML,,ML,OKST D99,OKST D01 > TNMR 05,,0,,,TNMR 08,0,,,0,,HB-R,HB-R (-5),L,1; TNMR 01 (HB-R),,,,INSIDE ZONE,,R,,-10,TNMR 22* (L:R{R}),S,,OKST D06,,OKST D06,OKST D99,,,,,LWR^(-16.5); SRiWR(+12.5); SRoWR(+15.5); RWR^(+17.5),,1,4,0,0,0,,false,3,3,-0.191,-0.452,,false,11,TNMR 01,TNMR 22,TNMR 03; TNMR 05; TNMR 15,GUN STRONG,TRIPS - OPEN,LWR; HB-R; TE-R; SRWR; RWR,1x3,TREY - OPEN,NICKEL,OKST D01; OKST D03; OKST D11; OKST D18; OKST D23,OKST D04; OKST D05; OKST D06,OKST D95; OKST D96; OKST D99,WIDE UNDER,,COVER 4,,75,,0.31,-0.427,28752_6320750,28752-TNMR-7
6320777,28752,2025-08-28,2025,01,407560,2505,3,2,14:29,0,1,0,17,0,7,2,6,0,,,,0,0,0,7,0,,0,6320750,6320795,,17.07,0,,94,1,,1.3,0,0,1,1,0,0,TNMR 03,5; OKST D04 (11); OKST D06 (14); OKST D95 (34); OKST D96 (19); OKST D99 (28),TNMR 01; TNMR 15; TNMR 22,R,,,LCB (7); SCBoL (5); SCBL (5); FSL (12); FSR (12); RCB (1),LOLB (11); LLB (14); DLT (19); DRT (28); REO (34),3-3-5,OKST D01 (RCB); OKST D03 (LCB); OKST D04 (LOLB); OKST D05 (SCBL); OKST D06 (LLB); OKST D11 (FSL); OKST D18 (FSR); OKST D23 (SCBoL); OKST D95 (REO); OKST D96 (DLT); OKST D99 (DRT),OKST D01 (0.0); OKST D03 (0.0); OKST D04 (0.0); OKST D05 (0.0); OKST D06 (0.0); OKST D11 (0.0); OKST D18 (0.0); OKST D23 (0.0); OKST D95 (0.0); OKST D96 (0.0); OKST D99 (0.0),,F,OKST,7,,DLT (19); DRT (28); REO (34),,PUNT,+38,11,KICKOFF - TB,-25,5,SD,-28,OKST D05,,,,6,,,C,C,,,,,,,,,,,,,,,,LOLB (0); LLB (5),,O,O,,LWR^; SRiWR; SRWR; SRoWR^; RWR,1x4,HB>RWR; TE>SRoWR,3-0-1-1,11,TNMR 01; TNMR 03; TNMR 05; TNMR 15; TNMR 22,TNMR 01 (RWR); TNMR 03 (SRiWR); TNMR 05 (LWR); TNMR 08 (QB); TNMR 15 (SRWR); TNMR 22 (SRoWR); TNMR 55 (LG); TNMR 62 (C); TNMR 72 (LT); TNMR 78 (RT); TNMR 79 (RG),TNMR 01 (0.0); TNMR 03 (0.0); TNMR 05 (0.0); TNMR 08 (0.0); TNMR 15 (0.0); TNMR 22 (0.0); TNMR 55 (0.0); TNMR 62 (0.0); TNMR 72 (0.0); TNMR 78 (0.0); TNMR 79 (0.0),,T,TNMR,TNMR 05; TNMR 22,,5; TNMR 55 (LG); TNMR 62 (C); TNMR 72 (LT); TNMR 78 (RT); TNMR 79 (RG),,4,OKST D05,,7; OKST D01; OKST D03; OKST D05; OKST D06; OKST D11; OKST D18; OKST D23,5,M,TNMR 08 (QB),LWR 6i(11); SRiWR 6(4); SRWR z; SRoWR z; RWR 0(-3),6; 6; -; -; 0,TNMR 05 6i(11); TNMR 03 6(4); TNMR 15 z; TNMR 22 z; TNMR 01 0(-3),SRiWR,TNMR 03,COMPLETE,6(4),6R,4; OKST D04 (LOLB); OKST D95 (REO); OKST D96 (DLT); OKST D99 (DRT),,33,4,,,,-34,,,,,OKST D01 > TNMR 05,,0,,,TNMR 08,0,,,0,,EMPTY,,,,,,,DRAW,,P,,-10,TNMR 01 (L:R{R}); TNMR 03 (R:L{R}); TNMR 15 (L:R{R}),S,,,,OKST D05,,,,,,LWR^(-12.5); SRiWR(+8.5); SRWR(+15.5); SRoWR^(+16.5); RWR(+17.5),1; OKST D05,1,14,0,0,0,,false,3,3,-0.643,0.768,Hitch,false,11,TNMR 01,TNMR 22,TNMR 03; TNMR 05; TNMR 15,GUN EMPTY,QUADS - OPEN,LWR; SRiWR; SRWR; SRoWR; RWR,1x4,QUADS - OPEN,NICKEL,OKST D01; OKST D03; OKST D11; OKST D18; OKST D23,OKST D04; OKST D05; OKST D06,OKST D95; OKST D96; OKST D99,WIDE UNDER,,COVER 4,,72,,-0.117,0.503,28752_6320777,28752-TNMR-7
6320795,28752,2025-08-28,2025,01,407560,2533,3,3,13:52,0,,0,17,0,7,3,3,0,1,,,0,0,0,7,1,,0,6320777,6320809,,17.07,0,,95,0,,,0,0,,3,0,0,TNMR 01,7; OKST D04 (07); OKST D05 (11); OKST D06 (27); OKST D18 (06); OKST D95 (34); OKST D96 (24); OKST D99 (17),,,,,LCB (1); SCBL (5); SSR (10); RCB (1),LLB (06); LOLB (07); LLB (11); DLT (17); DRT (24); RILB (27); ROLB (34); SSR (39),3-3-5,OKST D01 (RCB); OKST D03 (LCB); OKST D04 (LOLB); OKST D05 (LLB); OKST D06 (RILB); OKST D11 (SSR); OKST D18 (LLB); OKST D23 (SCBL); OKST D95 (ROLB); OKST D96 (DRT); OKST D99 (DLT),OKST D01 (0.0); OKST D03 (0.0); OKST D04 (0.0); OKST D05 (-0.5); OKST D06 (0.0); OKST D11 (0.0); OKST D18 (0.0); OKST D23 (0.0); OKST D95 (0.0); OKST D96 (0.0); OKST D99 (0.0),,F,OKST,1,,DLT (17); DRT (24),,PUNT,+38,11,KICKOFF - TB,-25,,,-34,OKST D96,,,,3,,,R,L,,,,,,TNMR 01 (HB-L); TNMR 62 (C); TNMR 79 (RG); OKST D05 (LLB); OKST D99 (DLT),,,,,,,,,,LOLB (0); LLB (5); LLB (4); RILB (4); ROLB (0),,C,O,OKST D05,LWR^; HB-L; TE-R; SRWR; RWR^,1x3,,3-0-1-1,11,TNMR 01; TNMR 03; TNMR 05; TNMR 15; TNMR 22,TNMR 01 (HB-L); TNMR 03 (SRWR); TNMR 05 (LWR); TNMR 08 (QB); TNMR 15 (RWR); TNMR 22 (TE-R); TNMR 55 (LG); TNMR 62 (C); TNMR 72 (LT); TNMR 78 (RT); TNMR 79 (RG),TNMR 01 (+0.5); TNMR 03 (0.0); TNMR 05 (0.0); TNMR 08 (0.0); TNMR 15 (0.0); TNMR 22 (0.0); TNMR 55 (0.0); TNMR 62 (+0.5); TNMR 72 (0.0); TNMR 78 (0.0); TNMR 79 (0.0),,T,TNMR,TNMR 05; TNMR 15,,,,1,,,,,,,,,,,,,,,,,,,,,,-37,MR,,MR,TNMR 01; TNMR 62,OKST D01 > TNMR 05; OKST D03 > TNMR 15,,0,,,TNMR 08,0,,,0,,HB-L,HB-L (-5),R,1; TNMR 01 (HB-L),,,,OUTSIDE ZONE,READ OPTION,R,,-10,TNMR 01 (B:B),S,,,,OKST D96,,R,,,,LWR^(-11.5); SRWR(+13.5); RWR^(+18.5),,0,9,0,0,0,,true,3,3,0.125,0.961,,true,11,TNMR 01,TNMR 22,TNMR 03; TNMR 05; TNMR 15,GUN WEAK,TREY - OPEN,LWR; HB-R; TE-R; SRWR; RWR,1x3,TREY - OPEN,NICKEL,OKST D01; OKST D03; OKST D11; OKST D18; OKST D23,OKST D04; OKST D05; OKST D06,OKST D95; OKST D96; OKST D99,WIDE OVER,,COVER 1,,66,,0.386,0.985,28752_6320795,28752-TNMR-7
6320809,28752,2025-08-28,2025,01,407560,2559,3,1,13:24,1,,0,17,0,7,4,6,0,,,,0,0,0,7,0,,0,6320795,6320892,,17.07,0,,96,1,,,0,0,,5,0,0,TNMR 01,5; OKST D04 (12); OKST D05 (25); OKST D95 (33); OKST D96 (27); OKST D99 (19),TNMR 03; TNMR 22,,,,LCB (1); SSL (10); FSR (12); SCBiR (4); SCBoR (6); RCB (1),SSL (01); LOLB (12); DLT (19); RILB (25); DRT (27); REO (33),3-3-5,OKST D01 (RCB); OKST D03 (LCB); OKST D04 (LOLB); OKST D05 (RILB); OKST D06 (SCBiR); OKST D11 (FSR); OKST D18 (SSL); OKST D23 (SCBoR); OKST D95 (REO); OKST D96 (DRT); OKST D99 (DLT),OKST D01 (0.0); OKST D03 (0.0); OKST D04 (-0.5); OKST D05 (0.0); OKST D06 (0.0); OKST D11 (0.0); OKST D18 (0.0); OKST D23 (0.0); OKST D95 (0.0); OKST D96 (0.0); OKST D99 (0.0),,F,OKST,10,,DLT (19); DRT (27); REO (33),,PUNT,+38,11,KICKOFF - TB,-25,,,-37,OKST D96,,,,6,,,R,L,,,,OKST D18,,TNMR 01 (HB-L); TNMR 55 (LG); TNMR 62 (C); TNMR 78 (RT); TNMR 79 (RG); OKST D04 (LOLB); OKST D05 (RILB); OKST D96 (DRT); OKST D99 (DLT),,,,,,,,,,LOLB (0); RILB (5),,C,O,OKST D04,LWR; SLoWR^; SLiWR; HB-L; RWR^,3x1,TE>SLiWR,3-0-1-1,11,TNMR 01; TNMR 03; TNMR 05; TNMR 15; TNMR 22,TNMR 01 (HB-L); TNMR 03 (SLoWR); TNMR 05 (LWR); TNMR 08 (QB); TNMR 15 (RWR); TNMR 22 (SLiWR); TNMR 55 (LG); TNMR 62 (C); TNMR 72 (LT); TNMR 78 (RT); TNMR 79 (RG),TNMR 01 (+0.5); TNMR 03 (0.0); TNMR 05 (0.0); TNMR 08 (0.0); TNMR 15 (0.0); TNMR 22 (0.0); TNMR 55 (0.0); TNMR 62 (0.0); TNMR 72 (0.0); TNMR 78 (+0.5); TNMR 79 (0.0),,T,TNMR,TNMR 03; TNMR 15,,,,1b,,,,,,,LWR 6i(12); SLoWR 9o; SLiWR 3(5); HB-L r; RWR 11(3),6; 9; 3; -; 6,TNMR 05 6i(12); TNMR 03 9o; TNMR 22 3(5); TNMR 01 r; TNMR 15 11(3),,,,,,,,,,,,,-43,MR,,MR,TNMR 01; TNMR 78,OKST D01 > TNMR 05; OKST D03 > TNMR 15,,0,,,TNMR 08,0,,,0,,HB-L,HB-L (-5),R,1; TNMR 01 (HB-L),,,,MAN,,R,,-10,TNMR 01 (B:B),S,,,,OKST D18,,,,,,LWR(-16.5); SLoWR^(-9.5); SLiWR(-7.5); RWR^(+17.5),,1,17,0,0,0,,true,3,3,1.086,0.268,,false,11,TNMR 01,TNMR 22,TNMR 03; TNMR 05; TNMR 15,GUN STRONG,TRIPS - OPEN,LWR; SLoWR; SLiWR; HB-R; RWR,3x1,TRIPS - OPEN,NICKEL,OKST D01; OKST D03; OKST D11; OKST D18; OKST D23,OKST D04; OKST D05; OKST D06,OKST D95; OKST D96; OKST D99,WIDE OVER,,COVER 1,,63,,1.371,0.33,28752_6320809,28752-TNMR-7
6320892,28752,2025-08-28,2025,01,407560,2585,3,2,12:44,0,,0,17,0,7,5,,0,,,,0,1,1,7,0,-5,0,6320809,6320908,,17.07,0,,97,0,,,0,0,,,0,0,,7; OKST D00 (09); OKST D04 (34); OKST D05 (25); OKST D06 (11); OKST D88 (31); OKST D96 (24); OKST D99 (16),,,,,SSL (7); SCBiR (4); SCBoR (8); RCB (1),SSL (07); LOLB (09); LLB (11); DLT (16); DRT (24); RILB (25); RE (31); ROLB (34),4-3-4,OKST D00 (LOLB); OKST D01 (RCB); OKST D03 (SCBiR); OKST D04 (ROLB); OKST D05 (RILB); OKST D06 (LLB); OKST D08 (SSL); OKST D11 (SCBoR); OKST D88 (RE); OKST D96 (DRT); OKST D99 (DLT),OKST D00 (0.0); OKST D01 (0.0); OKST D03 (0.0); OKST D04 (0.0); OKST D05 (0.0); OKST D06 (0.0); OKST D08 (0.0); OKST D11 (0.0); OKST D88 (0.0); OKST D96 (0.0); OKST D99 (0.0),OKST D00; OKST D08; OKST D88,,OKST,4,,DLT (16); DRT (24); RE (31),,PUNT,+38,11,KICKOFF - TB,-25,,,-43,,,,,-5,,,R,L,,,,,,TNMR 78 (RT),,,,,,,,,,LOLB (0); LLB (4); RILB (5); ROLB (0),,,,TNMR 78,LWR^; SLoWR^; SLiWR; HB-R; TE-R,3x1,,3-0-1-1,11,TNMR 03; TNMR 05; TNMR 15; TNMR 22; TNMR 39,TNMR 03 (SLiWR); TNMR 05 (LWR); TNMR 08 (QB); TNMR 15 (SLoWR); TNMR 22 (TE-R); TNMR 39 (HB-R); TNMR 55 (LG); TNMR 62 (C); TNMR 72 (LT); TNMR 78 (RT); TNMR 79 (RG),TNMR 03 (0.0); TNMR 05 (0.0); TNMR 08 (0.0); TNMR 15 (0.0); TNMR 22 (0.0); TNMR 39 (0.0); TNMR 55 (0.0); TNMR 62 (0.0); TNMR 72 (0.0); TNMR 78 (-1.0); TNMR 79 (0.0),TNMR 39,,TNMR,TNMR 05; TNMR 15,,,,,,,,,,,,,,,,,,,,,,,TNMR 78 FST,,,-38,,,,,OKST D01 > TNMR 05,,0,,,TNMR 08,0,,,0,,HB-R,HB-R (-5),,1; TNMR 39 (HB-R),,,,,,X,,-10,TNMR 22* (L:Rx); TNMR 39 (B:B),S,,,,,,R,,,,LWR^(-17.5); SLoWR^(-13.5); SLiWR(-6.5),,0,21,0,0,0,,false,3,3,1.354,-1.05,,false,11,TNMR 39,TNMR 22,TNMR 03; TNMR 05; TNMR 15,GUN STRONG,TRIPS - CLOSED,LWR; SLoWR; SLiWR; TE-L; HB,4x0,QUAY - NIX,BASE,OKST D01; OKST D03; OKST D08; OKST D11,OKST D04; OKST D05; OKST D06,OKST D00; OKST D88; OKST D96; OKST D99,WIDE OVER,,,,57,,1.701,-1.089,28752_6320892,28752-TNMR-7
6320908,28752,2025-08-28,2025,01,407560,2612,3,2,12:32,0,1,0,17,0,7,6,11,0,1,,,0,0,0,7,0,,0,6320892,6320921,,17.07,1,,98,0,,1.1,0,0,13,4,0,0,TNMR 03,7; OKST D03 (03); OKST D04 (11); OKST D05 (28); OKST D06 (17); OKST D95 (34); OKST D96 (23); OKST D99 (17),,L,,,FS (12); SCBiR (10); SCBoR (7); RCB (3),LLB (03); LEO (11); LILB (17); DLT (17); NRT (23); RILB (28); ROLB (34),3-3-5,OKST D01 (RCB); OKST D03 (LLB); OKST D04 (LEO); OKST D05 (RILB); OKST D06 (LILB); OKST D08 (FS); OKST D11 (SCBiR); OKST D23 (SCBoR); OKST D95 (ROLB); OKST D96 (NRT); OKST D99 (DLT),OKST D01 (0.0); OKST D03 (0.0); OKST D04 (0.0); OKST D05 (0.0); OKST D06 (0.0); OKST D08 (0.0); OKST D11 (0.0); OKST D23 (-0.5); OKST D95 (0.0); OKST D96 (0.0); OKST D99 (0.0),OKST D23; OKST D95,F,OKST,9,,LEO (11); DLT (17); NRT (23),,PUNT,+38,11,KICKOFF - TB,-25,5,SD,-38,OKST D01,,,,11,,,R,L,,,,,,TNMR 03 (SLiWR); TNMR 15 (SLoWR); OKST D23 (SCBoR),,,,,,,,,,LLB (6); LILB (6); RILB (5); ROLB (0),OKST D23,C,O,TNMR 15; OKST D23,LWR^; SLoWR; SLiWR; HB-R; TE-R^,3x1,,3-0-1-1,11,TNMR 03; TNMR 05; TNMR 15; TNMR 22; TNMR 39,TNMR 03 (SLiWR); TNMR 05 (LWR); TNMR 08 (QB); TNMR 15 (SLoWR); TNMR 22 (TE-R); TNMR 39 (HB-R); TNMR 55 (LG); TNMR 62 (C); TNMR 72 (LT); TNMR 78 (RT); TNMR 79 (RG),TNMR 03 (+0.5); TNMR 05 (0.0); TNMR 08 (0.0); TNMR 15 (-0.5); TNMR 22 (0.0); TNMR 39 (0.0); TNMR 55 (0.0); TNMR 62 (0.0); TNMR 72 (0.0); TNMR 78 (0.0); TNMR 79 (0.0),,T,TNMR,TNMR 05; TNMR 22,,6; TNMR 22 (TE-R); TNMR 55 (LG); TNMR 62 (C); TNMR 72 (LT); TNMR 78 (RT); TNMR 79 (RG),,3S,OKST D23,,7; OKST D01; OKST D03; OKST D05; OKST D06; OKST D08; OKST D11; OKST D23,-2,M,TNMR 08 (QB),LWR z; SLoWR z; SLiWR 0u(-2); HB-R fl; TE-R r,-; -; 0; -; -,TNMR 05 z; TNMR 15 z; TNMR 03 0u(-2); TNMR 39 fl; TNMR 22 r,SLiWR,TNMR 03,COMPLETE,0u(-2),0R,4; OKST D04 (LEO); OKST D95 (ROLB); OKST D96 (NRT); OKST D99 (DLT),,16,3L,,,TNMR 39,-49,,,,TNMR 03,OKST D01 > TNMR 05,,0,,,TNMR 08,0,,,0,,HB-R,HB-R (-5),,1; TNMR 39 (HB-R),,,,INSIDE ZONE,,P,,-10,,S,,,,OKST D01,OKST D05,R,,,,LWR^(-15.5); SLoWR(-8.5); SLiWR(-4.5),,1,13,0,0,0,,false,3,3,0.304,1.725,Bubble,false,11,TNMR 39,TNMR 22,TNMR 03; TNMR 05; TNMR 15,GUN STRONG,TRIPS - CLOSED,LWR; SLoWR; SLiWR; HB-R; TE-R,3x1,TRIPS - CLOSED,NICKEL,OKST D01; OKST D03; OKST D08; OKST D11; OKST D23,OKST D04; OKST D05; OKST D06,OKST D95; OKST D96; OKST D99,OVER,,COVER 3 SEAM,,62,,0.612,1.714,28752_6320908,28752-TNMR-7
6320921,28752,2025-08-28,2025,01,407560,2640,3,1,12:06,0,,0,17,0,7,7,13,0,1,,,0,0,0,7,1,,0,6320908,6320932,,17.07,0,,99,0,,,0,0,,8,0,0,TNMR 39,7; OKST D00 (32); OKST D01 (43); OKST D05 (12); OKST D06 (35); OKST D95 (11); OKST D96 (16); OKST D99 (27),TNMR 05; TNMR 15,,,,LCB (2); SCBoL (7); FSL (11); FS (10),LEO (11); LLB (12); DLT (16); DRT (27); ROLB (32); RLB (35); RLB (43),4-2-5,OKST D00 (ROLB); OKST D01 (RLB); OKST D03 (LCB); OKST D05 (LLB); OKST D06 (RLB); OKST D08 (FS); OKST D11 (FSL); OKST D23 (SCBoL); OKST D95 (LEO); OKST D96 (DLT); OKST D99 (DRT),OKST D00 (-0.5); OKST D01 (0.0); OKST D03 (0.0); OKST D05 (0.0); OKST D06 (0.0); OKST D08 (-1.0); OKST D11 (0.0); OKST D23 (0.0); OKST D95 (0.0); OKST D96 (0.0); OKST D99 (0.0),OKST D00,F,OKST,10,,LEO (11); DLT (16); DRT (27),,PUNT,+38,11,KICKOFF - TB,-25,,,-49,OKST D08,,,,13,,,L,R,,,,,,TNMR 22 (TE-L); TNMR 39 (HB-L); TNMR 55 (LG); TNMR 72 (LT); OKST D00 (ROLB); OKST D08 (FS); OKST D99 (DRT),,,,,,,,,,LLB (5); RLB (5); RLB (3); ROLB (0),OKST D08,O,O,OKST D00; OKST D08,TE-L^; HB-L; SRiWR; SRoWR; RWR^,1x3,,3-0-1-1,11,TNMR 03; TNMR 05; TNMR 15; TNMR 22; TNMR 39,TNMR 03 (SRiWR); TNMR 05 (RWR); TNMR 08 (QB); TNMR 15 (SRoWR); TNMR 22 (TE-L); TNMR 39 (HB-L); TNMR 55 (LG); TNMR 62 (C); TNMR 72 (LT); TNMR 78 (RT); TNMR 79 (RG),TNMR 03 (0.0); TNMR 05 (0.0); TNMR 08 (0.0); TNMR 15 (0.0); TNMR 22 (+0.5); TNMR 39 (+0.5); TNMR 55 (0.0); TNMR 62 (0.0); TNMR 72 (+0.5); TNMR 78 (0.0); TNMR 79 (0.0),,T,TNMR,TNMR 05; TNMR 22,,,,4,,,,,,,TE-L r; HB-L r; SRiWR 0u(-2); SRoWR z; RWR z,-; -; 0; -; -,TNMR 22 r; TNMR 39 r; TNMR 03 0u(-2); TNMR 15 z; TNMR 05 z,,,,,,,,,,,,,+38,LG,,LG,TNMR 22; TNMR 39; TNMR 72,OKST D03 > TNMR 05,,0,,,TNMR 08,0,,,0,,HB-L,HB-L (-5),R,1; TNMR 39 (HB-L),,,,INSIDE ZONE,READ OPTION,R,,-10,,S,,,,OKST D11,OKST D06,L,,,,SRiWR(+6.5); SRoWR(+11.5); RWR^(+14.5),,1,21,0,0,0,,true,3,3,2.029,0.916,,false,11,TNMR 39,TNMR 22,TNMR 03; TNMR 05; TNMR 15,GUN STRONG,TRIPS - CLOSED,TE-L; HB-L; SRiWR; SRoWR; RWR,1x3,TRIPS - CLOSED,NICKEL,OKST D01; OKST D03; OKST D08; OKST D11; OKST D23,OKST D05; OKST D06,OKST D00; OKST D95; OKST D96; OKST D99,EVEN,,COVER 4,,51,,2.326,0.858,28752_6320921,28752-TNMR-7
6320932,28752,2025-08-28,2025,01,407560,2666,3,1,11:42,1,,0,17,0,7,8,-1,0,,,,0,0,1,7,1,,0,6320921,6320967,,17.07,0,,100,0,,,0,0,,2,0,0,TNMR 39,7; OKST D00 (33); OKST D05 (14); OKST D06 (27); OKST D11 (02); OKST D95 (11); OKST D96 (17); OKST D99 (25),TNMR 05; TNMR 15,,,,LCB (2); SCBoL (6); SCBiL (3); FS (10),LLB (02); LEO (11); LLB (14); DLT (17); DRT (25); RILB (27); ROLB (33),4-2-5,OKST D00 (ROLB); OKST D01 (SCBiL); OKST D03 (LCB); OKST D05 (LLB); OKST D06 (RILB); OKST D08 (FS); OKST D11 (LLB); OKST D23 (SCBoL); OKST D95 (LEO); OKST D96 (DLT); OKST D99 (DRT),OKST D00 (+0.5); OKST D01 (0.0); OKST D03 (0.0); OKST D05 (0.0); OKST D06 (0.0); OKST D08 (0.0); OKST D11 (0.0); OKST D23 (0.0); OKST D95 (+0.5); OKST D96 (0.0); OKST D99 (0.0),,T,OKST,10,,LEO (11); DLT (17); DRT (25),,PUNT,+38,11,KICKOFF - TB,-25,,,+38,OKST D95,,,,-1,,,C,C,,,,,,TNMR 55 (LG); TNMR 72 (LT); OKST D00 (ROLB); OKST D06 (RILB); OKST D95 (LEO),,,,,,,,,,LLB (5); LLB (4); RILB (2); ROLB (0),,C,C,TNMR 72,HB-R; TE-R^; SRiWR; SRoWR; RWR^,0x4,,3-0-1-1,11,TNMR 03; TNMR 05; TNMR 15; TNMR 22; TNMR 39,TNMR 03 (SRiWR); TNMR 05 (RWR); TNMR 08 (QB); TNMR 15 (SRoWR); TNMR 22 (TE-R); TNMR 39 (HB-R); TNMR 55 (LG); TNMR 62 (C); TNMR 72 (LT); TNMR 78 (RT); TNMR 79 (RG),TNMR 03 (0.0); TNMR 05 (0.0); TNMR 08 (0.0); TNMR 15 (0.0); TNMR 22 (0.0); TNMR 39 (0.0); TNMR 55 (0.0); TNMR 62 (0.0); TNMR 72 (-0.5); TNMR 78 (0.0); TNMR 79 (0.0),,F,TNMR,TNMR 05; TNMR 22,,,,1b,,,,,,,,,,,,,,,,,,,,,,+39,LG,,LG,OKST D00; OKST D95,OKST D03 > TNMR 05,,0,,,TNMR 08,0,,,0,,HB-R,HB-R (-5),L,1; TNMR 39 (HB-R),,,,OUTSIDE ZONE,READ OPTION,R,,-10,,S,,OKST D95,,OKST D95,,R,,,,SRiWR(+9.5); SRoWR(+14.5); RWR^(+17.5),,0,24,0,0,0,,true,3,3,2.945,-1.132,,false,11,TNMR 39,TNMR 22,TNMR 03; TNMR 05; TNMR 15,GUN STRONG,QUAY - NIX,HB-R; TE-R; SRiWR; SRoWR; RWR,0x4,QUAY - NIX,NICKEL,OKST D01; OKST D03; OKST D08; OKST D11; OKST D23,OKST D05; OKST D06,OKST D00; OKST D95; OKST D96; OKST D99,WIDE OVER,SINGLE MUG,COVER 1,,38,,3.184,-0.893,28752_6320932,28752-TNMR-7
6320967,28752,2025-08-28,2025,01,407560,2692,3,2,11:17,0,0,0,17,0,7,9,1,0,,,,0,0,0,7,0,,0,6320932,6320984,,17.07,1,,101,0,,1.4,0,0,,0,0,0,TNMR 39,5; OKST D00 (34); OKST D06 (19); OKST D95 (10); OKST D96 (19); OKST D99 (27),TNMR 03; TNMR 22,R,,,LCB (8); SCBoL (7); SCBiL (5); FSL (11); FSR (11); RCB (1),LEO (10); LILB (19); DLT (19); DRT (27); ROLB (34),4-2-5,OKST D00 (ROLB); OKST D01 (RCB); OKST D03 (LCB); OKST D05 (SCBiL); OKST D06 (LILB); OKST D08 (FSR); OKST D11 (FSL); OKST D23 (SCBoL); OKST D95 (LEO); OKST D96 (DLT); OKST D99 (DRT),OKST D00 (0.0); OKST D01 (0.0); OKST D03 (0.0); OKST D05 (+0.5); OKST D06 (+0.5); OKST D08 (0.0); OKST D11 (0.0); OKST D23 (+0.5); OKST D95 (+0.5); OKST D96 (0.0); OKST D99 (0.0),,T,OKST,11,,LEO (10); DLT (19); DRT (27),,PUNT,+38,11,KICKOFF - TB,-25,5,SD,+39,OKST D06,,,,1,,,L,R,,,,,,TNMR 03 (SRoWR); TNMR 22 (SRiWR); TNMR 78 (RT); OKST D05 (SCBiL); OKST D06 (LILB); OKST D23 (SCBoL); OKST D95 (LEO),,,,,,,,,,LILB (5); ROLB (0),,O,O,TNMR 03; TNMR 22; TNMR 78,LWR^; HB-R; SRiWR; SRoWR; RWR^,1x3,TE>SRiWR,3-0-1-1,11,TNMR 03; TNMR 05; TNMR 15; TNMR 22; TNMR 39,TNMR 03 (SRoWR); TNMR 05 (LWR); TNMR 08 (QB); TNMR 15 (RWR); TNMR 22 (SRiWR); TNMR 39 (HB-R); TNMR 55 (LG); TNMR 62 (C); TNMR 72 (LT); TNMR 78 (RT); TNMR 79 (RG),TNMR 03 (-0.5); TNMR 05 (0.0); TNMR 08 (0.0); TNMR 15 (0.0); TNMR 22 (-0.5); TNMR 39 (0.0); TNMR 55 (0.0); TNMR 62 (0.0); TNMR 72 (0.0); TNMR 78 (-0.5); TNMR 79 (0.0),,F,TNMR,TNMR 05; TNMR 15,,5; TNMR 55 (LG); TNMR 62 (C); TNMR 72 (LT); TNMR 78 (RT); TNMR 79 (RG),,4,,,7; OKST D01; OKST D03; OKST D05; OKST D06; OKST D08; OKST D11; OKST D23,-6,M,TNMR 08 (QB),LWR 6o(7); HB-R h2(-6); SRiWR z; SRoWR z; RWR z,6; H2; -; -; -,TNMR 05 6o(7); TNMR 39 h2(-6); TNMR 22 z; TNMR 03 z; TNMR 15 z,,,LATERAL,,,4; OKST D00 (ROLB); OKST D95 (LEO); OKST D96 (DLT); OKST D99 (DRT),,33,4,,,,+38,,,,OKST D05; OKST D06; OKST D23; OKST D95,OKST D01 > TNMR 05,OKST D95 (O) TNMR 78,0,,,TNMR 08,0,,,0,,HB-R,HB-R (-5),,1; TNMR 39 (HB-R),,,,,,P,,-10,,S,,OKST D06,,OKST D06,,,,,,LWR^(-19.5); SRiWR(+7.5); SRoWR(+9.5); RWR^(+15.5),,0,20,0,0,0,,true,3,3,1.813,-0.885,,false,11,TNMR 39,TNMR 22,TNMR 03; TNMR 05; TNMR 15,GUN STRONG,TRIPS - OPEN,LWR; HB-R; SRiWR; SRoWR; RWR,1x3,TRIPS - OPEN,NICKEL,OKST D01; OKST D03; OKST D08; OKST D11; OKST D23,OKST D05; OKST D06,OKST D00; OKST D95; OKST D96; OKST D99,WIDE UNDER,,COVER 4,,39,,2.291,-0.824,28752_6320967,28752-TNMR-7
6320984,28752,2025-08-28,2025,01,407560,2718,3,3,10:36,0,,0,17,0,7,10,5,0,,,,0,0,0,7,0,,0,6320967,6321113,,17.07,0,,102,0,,,0,0,,3,0,0,TNMR 01,7; OKST D00 (30); OKST D04 (07); OKST D05 (17); OKST D16 (39); OKST D23 (37); OKST D26 (29); OKST D95 (15),,,,,LCB (4); SSL (10); FSR (12); RCB (5),LOLB (07); SSL (09); LE (15); LILB (17); RLB (29); RE (30); RLB (37); ROLB (39),2-4-5,OKST D00 (RE); OKST D01 (RCB); OKST D03 (LCB); OKST D04 (LOLB); OKST D05 (LILB); OKST D08 (SSL); OKST D11 (FSR); OKST D16 (ROLB); OKST D23 (RLB); OKST D26 (RLB); OKST D95 (LE),OKST D00 (0.0); OKST D01 (0.0); OKST D03 (0.0); OKST D04 (0.0); OKST D05 (0.0); OKST D08 (0.0); OKST D11 (0.0); OKST D16 (0.0); OKST D23 (0.0); OKST D26 (0.0); OKST D95 (0.0),OKST D04; OKST D16; OKST D26,T,OKST,10,,LE (15); RE (30),,PUNT,+38,11,KICKOFF - TB,-25,,,+38,OKST D26,,,,5,,,R,L,,,,,,TNMR 01 (HB-R); TNMR 88 (TE-iL); OKST D16 (ROLB),,,,,,,,,,LOLB (0); LILB (4); RLB (5); RLB (4); ROLB (0),,O,O,,LWR^; TE-oL; TE-iL; HB-R; RWR^,3x1,,2-0-1-2,12,TNMR 01; TNMR 03; TNMR 15; TNMR 22; TNMR 88,TNMR 01 (HB-R); TNMR 03 (LWR); TNMR 08 (QB); TNMR 15 (RWR); TNMR 22 (TE-oL); TNMR 55 (LG); TNMR 62 (C); TNMR 74 (LT); TNMR 78 (RT); TNMR 79 (RG); TNMR 88 (TE-iL),TNMR 01 (+0.5); TNMR 03 (0.0); TNMR 08 (0.0); TNMR 15 (0.0); TNMR 22 (0.0); TNMR 55 (0.0); TNMR 62 (0.0); TNMR 74 (0.0); TNMR 78 (0.0); TNMR 79 (0.0); TNMR 88 (0.0),TNMR 01; TNMR 74; TNMR 88,F,TNMR,TNMR 03; TNMR 15,,,,2,,,,,,,,,,,,,,,,,,,,,,+33,LE,,LE,TNMR 01,,,0,,,TNMR 08,0,,,0,,HB-R,HB-R (-5),L,1; TNMR 01 (HB-R),,,,TRICK,MISDIRECTION,R,,-10,,S,,OKST D26,,OKST D26,OKST D11,L;L,,,,LWR^(-14.5); RWR^(+17.5),,0,4,0,0,0,,false,3,3,0.928,-0.116,,false,12,TNMR 01,TNMR 22; TNMR 88,TNMR 03; TNMR 15,GUN WEAK,TOAD WING - OPEN,LWR; TE-oL; TE-iL; HB-R; RWR,3x1,TOAD WING - OPEN,NICKEL,OKST D01; OKST D03; OKST D08; OKST D11; OKST D23,OKST D04; OKST D05; OKST D16; OKST D26,OKST D00; OKST D95,ONE INTERIOR,,COVER 2,,38,,1.467,-0.88,28752_6320984,28752-TNMR-7
6321113,28752,2025-08-28,2025,01,407560,2744,3,4,09:50,0,,0,17,0,7,11,,0,,,,0,1,0,7,0,-5,0,6320984,6321151,,17.07,0,,103,0,,,0,0,,,0,0,,7; OKST D00 (15); OKST D04 (35); OKST D05 (22); OKST D16 (07); OKST D23 (02); OKST D26 (31); OKST D95 (28),,,,,LCB (1); SCBL (6); FS (10); RCB (5),LLB (02); LOLB (07); LE (15); MLB (22); DRT (28); RLB (31); ROLB (35),2-4-5,OKST D00 (LE); OKST D01 (RCB); OKST D03 (LCB); OKST D04 (ROLB); OKST D05 (MLB); OKST D08 (FS); OKST D11 (SCBL); OKST D16 (LOLB); OKST D23 (LLB); OKST D26 (RLB); OKST D95 (DRT),OKST D00 (0.0); OKST D01 (0.0); OKST D03 (0.0); OKST D04 (0.0); OKST D05 (0.0); OKST D08 (0.0); OKST D11 (0.0); OKST D16 (0.0); OKST D23 (0.0); OKST D26 (0.0); OKST D95 (0.0),,,OKST,5,,LE (15); DRT (28),,PUNT,+38,11,KICKOFF - TB,-25,,,+33,,,,,-5,,,L,R,,,,,,TNMR 78 (RT),,,,,,,,,,LOLB (0); LLB (2); MLB (0); RLB (4); ROLB (0),,,,TNMR 78,LWR; SLWR^; HB-L; SRWR; RWR^,2x2,TE>SLWR,3-0-1-1,11,TNMR 01; TNMR 03; TNMR 05; TNMR 15; TNMR 88,TNMR 01 (HB-L); TNMR 03 (SRWR); TNMR 05 (RWR); TNMR 08 (QB); TNMR 15 (LWR); TNMR 55 (LG); TNMR 62 (C); TNMR 72 (LT); TNMR 78 (RT); TNMR 79 (RG); TNMR 88 (SLWR),TNMR 01 (0.0); TNMR 03 (0.0); TNMR 05 (0.0); TNMR 08 (0.0); TNMR 15 (0.0); TNMR 55 (0.0); TNMR 62 (0.0); TNMR 72 (0.0); TNMR 78 (-1.0); TNMR 79 (0.0); TNMR 88 (0.0),TNMR 05; TNMR 72,,TNMR,TNMR 05; TNMR 88,,,,,,,,,,,,,,,,,,,,,,,TNMR 78 FST,,,+38,,,,,OKST D03 > TNMR 05,,0,,,TNMR 08,0,,,0,,HB-L,HB-L (-6),,1; TNMR 01 (HB-L),,,,,,X,,-10,TNMR 03* (L:Rx),S,,,,,,,,,,LWR(-16.5); SLWR^(-12.5); SRWR(-1.5); RWR^(+7.5),,0,13,0,0,0,,false,3,2,0.812,-1.724,,false,11,TNMR 01,TNMR 88,TNMR 03; TNMR 05; TNMR 15,GUN STRONG,SLOT - SLOT,LWR; SLoWR; SLiWR; HB-L; RWR,3x1,TRIPS - OPEN,NICKEL,OKST D01; OKST D03; OKST D08; OKST D11; OKST D23,OKST D04; OKST D05; OKST D16; OKST D26,OKST D00; OKST D95,EVEN,SINGLE MUG,,,33,,0.587,-1.052,28752_6321113,28752-TNMR-7
6321552,28752,2025-08-28,2025,01,407560,3045,3,1,05:12,0,,0,20,0,8,1,-2,0,,,,0,0,0,7,0,,0,6321528,6321566,,20.07,0,,115,0,,,0,0,,-1,0,0,TNMR 01,7; OKST D01 (40); OKST D05 (07); OKST D06 (25); OKST D17 (27); OKST D40 (34); OKST D71 (19); OKST D87 (07),,,,,LCB (2); SCBL (6); SSL (10); FS (10),SSL (00); LOLB (07); LLB (07); DLT (19); RILB (25); DRT (27); REO (34); RLB (40),3-3-5,OKST D01 (RLB); OKST D05 (LLB); OKST D06 (RILB); OKST D08 (FS); OKST D10 (LCB); OKST D11 (SSL); OKST D17 (DRT); OKST D23 (SCBL); OKST D40 (REO); OKST D71 (DLT); OKST D87 (LOLB),OKST D01 (0.0); OKST D05 (-0.5); OKST D06 (+0.5); OKST D08 (-0.5); OKST D10 (0.0); OKST D11 (0.0); OKST D17 (+0.5); OKST D23 (0.0); OKST D40 (+0.5); OKST D71 (0.0); OKST D87 (0.0),DRIVE START,T,OKST,10,,DLT (19); DRT (27); REO (34),,INTERCEPTION,+26,12,KICKOFF - FC,-25,,,-25,OKST D08,,,,-2,,,C,C,,,,,,TNMR 01 (HB-R); TNMR 22 (SRiWR); TNMR 64 (RG); TNMR 72 (LT); TNMR 79 (LG); OKST D05 (LLB); OKST D06 (RILB); OKST D08 (FS); OKST D17 (DRT); OKST D40 (REO),,,,,,,,,,LOLB (0); LLB (5); RILB (5); RLB (6),OKST D08,O,O,TNMR 79; OKST D05; OKST D08,TE-L^; HB-R; SRiWR; SRoWR; RWR^,1x3,TE>SRiWR,2-0-1-2,12,TNMR 01; TNMR 03; TNMR 15; TNMR 22; TNMR 88,TNMR 01 (HB-R); TNMR 03 (SRoWR); TNMR 08 (QB); TNMR 15 (RWR); TNMR 22 (SRiWR); TNMR 62 (C); TNMR 64 (RG); TNMR 65 (RT); TNMR 72 (LT); TNMR 79 (LG); TNMR 88 (TE-L),TNMR 01 (0.0); TNMR 03 (0.0); TNMR 08 (0.0); TNMR 15 (0.0); TNMR 22 (0.0); TNMR 62 (0.0); TNMR 64 (0.0); TNMR 65 (0.0); TNMR 72 (+0.5); TNMR 79 (-0.5); TNMR 88 (0.0),DRIVE START,F,TNMR,TNMR 15; TNMR 88,,,,4,,,,,,,TE-L r; HB-R r; SRiWR r; SRoWR 8(9); RWR 4(5),-; -; -; 8; 4,TNMR 88 r; TNMR 01 r; TNMR 22 r; TNMR 03 8(9); TNMR 15 4(5),,,,,,,,,,,,,-23,LE,FORCED,LG,TNMR 72; OKST D06; OKST D17; OKST D40,OKST D10 > TNMR 15,,0,,,TNMR 08,0,,,0,,HB-R,HB-R (-5),L,1; TNMR 01 (HB-R),,,,COUNTER,CROSS LEAD,R,,-13,TNMR 22* (L:Rx),S,,OKST D06,,OKST D06,OKST D40,L,,,,SRiWR(-0.5); SRoWR(+8.5); RWR^(+19.5),,1,4,0,0,0,,false,3,2,-0.261,-1.003,,false,12,TNMR 01,TNMR 22; TNMR 88,TNMR 03; TNMR 15,GUN WEAK,TRIPS - CLOSED,TE-oL; TE-iL; HB-R; SRWR; RWR,2x2,SLOT - WING,NICKEL,OKST D01; OKST D08; OKST D10; OKST D11; OKST D23,OKST D05; OKST D06; OKST D40,OKST D17; OKST D71; OKST D87,WIDE OVER,,COVER 4,,75,,0.31,-1.262,28752_6321552,28752-TNMR-8
6321566,28752,2025-08-28,2025,01,407560,3071,3,2,04:40,0,1,0,20,0,8,2,4,0,,,,0,0,1,7,0,,0,6321552,6321586,,20.07,0,,116,0,,1.9,0,0,1,0,0,0,TNMR 18,7; OKST D01 (31); OKST D05 (13); OKST D06 (24); OKST D17 (27); OKST D40 (34); OKST D71 (19); OKST D87 (11),TNMR 03; TNMR 18,L,,,LCB (7); SCBoL (6); SCBiL (5); FSL (12); SS (8),LEO (11); LLB (13); DLT (19); RILB (24); DRT (27); SS (31); ROLB (34),3-3-5,OKST D01 (SS); OKST D05 (LLB); OKST D06 (RILB); OKST D08 (FSL); OKST D10 (LCB); OKST D11 (SCBiL); OKST D17 (DRT); OKST D23 (SCBoL); OKST D40 (ROLB); OKST D71 (DLT); OKST D87 (LEO),OKST D01 (0.0); OKST D05 (0.0); OKST D06 (0.0); OKST D08 (0.0); OKST D10 (0.0); OKST D11 (0.0); OKST D17 (0.0); OKST D23 (+0.5); OKST D40 (0.0); OKST D71 (0.0); OKST D87 (0.0),,T,OKST,12,,LEO (11); DLT (19); DRT (27),,INTERCEPTION,+26,12,KICKOFF - FC,-25,0,RR,-23,OKST D23,,,,4,,,L,R,,,,,,TNMR 18 (SRiWR); OKST D23 (SCBoL),,,,,,,,,,LLB (4); RILB (5); ROLB (0),,C,C,,HB-R; TE-R; SRiWR; SRoWR^; RWR^,0x4,,3-0-1-1,11,TNMR 01; TNMR 03; TNMR 15; TNMR 18; TNMR 22,TNMR 01 (HB-R); TNMR 03 (SRoWR); TNMR 08 (QB); TNMR 15 (RWR); TNMR 18 (SRiWR); TNMR 22 (TE-R); TNMR 62 (C); TNMR 64 (RG); TNMR 65 (RT); TNMR 72 (LT); TNMR 79 (LG),TNMR 01 (0.0); TNMR 03 (0.0); TNMR 08 (0.0); TNMR 15 (0.0); TNMR 18 (0.0); TNMR 22 (0.0); TNMR 62 (0.0); TNMR 64 (0.0); TNMR 65 (0.0); TNMR 72 (0.0); TNMR 79 (0.0),TNMR 18,F,TNMR,TNMR 03; TNMR 15,,7; TNMR 01 (HB-R); TNMR 22 (TE-R); TNMR 62 (C); TNMR 64 (RG); TNMR 65 (RT); TNMR 72 (LT); TNMR 79 (LG),,3S,OKST D23,,7; OKST D01; OKST D05; OKST D06; OKST D08; OKST D10; OKST D11; OKST D23,3,M,TNMR 08 (QB),HB-R kr; TE-R k; SRiWR 1; SRoWR 3(16); RWR 8(13),-; -; 3; 3; 8,TNMR 01 kr; TNMR 22 k; TNMR 18 1; TNMR 03 3(16); TNMR 15 8(13),SRiWR,TNMR 18,COMPLETE,1,1R,4; OKST D17 (DRT); OKST D40 (ROLB); OKST D71 (DLT); OKST D87 (LEO),,43,5R,,,,-27,,,,OKST D23,,,0,,,TNMR 08,0,,,0,,HB-R,HB-R (-5),R,1; TNMR 01 (HB-R),,,,,,P,,-13,,S,,OKST D23,,OKST D23,,R,,,,SRiWR(+6.5); SRoWR^(+9.5); RWR^(+16.5),,0,15,0,0,0,,false,3,2,-1.264,-0.443,Flat,false,11,TNMR 01,TNMR 22,TNMR 03; TNMR 15; TNMR 18,GUN STRONG,QUAY - NIX,HB-R; TE-R; SRiWR; SRoWR; RWR,0x4,QUAY - NIX,NICKEL,OKST D01; OKST D08; OKST D10; OKST D11; OKST D23,OKST D05; OKST D06; OKST D40,OKST D17; OKST D71; OKST D87,WIDE UNDER,,COVER 3 SEAM,,77,,-0.952,-0.476,28752_6321566,28752-TNMR-8
6321586,28752,2025-08-28,2025,01,407560,3099,3,3,04:03,1,1,0,20,0,8,3,17,0,1,,,0,0,0,7,0,,0,6321566,6321678,,20.07,0,,117,1,2.6,3.8,0,0,3,2,0,0,TNMR 18,6; OKST D00 (25); OKST D04 (10); OKST D05 (27); OKST D16 (34); OKST D26 (19); OKST D95 (14),TNMR 03; TNMR 18; TNMR 22,L,TNMR 02,,LCB (2); FS (10); SCBiR (8); SCBoR (4); RCB (4),LOLB (10); LE (14); LILB (19); DRT (25); RILB (27); ROLB (34),2-4-5,OKST D00 (DRT); OKST D01 (RCB); OKST D04 (LOLB); OKST D05 (RILB); OKST D08 (FS); OKST D10 (LCB); OKST D11 (SCBiR); OKST D16 (ROLB); OKST D23 (SCBoR); OKST D26 (LILB); OKST D95 (LE),OKST D00 (+1.0); OKST D01 (0.0); OKST D04 (0.0); OKST D05 (0.0); OKST D08 (0.0); OKST D10 (0.0); OKST D11 (-0.5); OKST D16 (0.0); OKST D23 (0.0); OKST D26 (0.0); OKST D95 (0.0),OKST D00; OKST D04; OKST D16; OKST D26; OKST D95,F,OKST,8,,LE (14); DRT (25),,INTERCEPTION,+26,12,KICKOFF - FC,-25,9,SR,-27,OKST D11,,,,17,,,R,L,,OKST D00,,,,TNMR 08 (QB); TNMR 18 (SLiWR); TNMR 62 (C); OKST D00 (DRT); OKST D11 (SCBiR),,,,,,,,,,LOLB (0); LILB (3); RILB (3); ROLB (0),,C,C,TNMR 62; OKST D11,LWR; SLoWR^; SLiWR; HB-R; RWR^,3x1,TE>SLoWR,3-0-1-1,11,TNMR 02; TNMR 03; TNMR 15; TNMR 18; TNMR 22,TNMR 02 (HB-R); TNMR 03 (LWR); TNMR 08 (QB); TNMR 15 (RWR); TNMR 18 (SLiWR); TNMR 22 (SLoWR); TNMR 62 (C); TNMR 64 (RG); TNMR 65 (RT); TNMR 72 (LT); TNMR 79 (LG),TNMR 02 (0.0); TNMR 03 (0.0); TNMR 08 (+0.5); TNMR 15 (0.0); TNMR 18 (+0.5); TNMR 22 (0.0); TNMR 62 (-1.0); TNMR 64 (0.0); TNMR 65 (0.0); TNMR 72 (0.0); TNMR 79 (0.0),TNMR 02,T,TNMR,TNMR 15; TNMR 22,,5; TNMR 62 (C); TNMR 64 (RG); TNMR 65 (RT); TNMR 72 (LT); TNMR 79 (LG),,1b,OKST D11,,7; OKST D01; OKST D04; OKST D08; OKST D10; OKST D11; OKST D23; OKST D26,14,R,TNMR 08 (QB),LWR 4(13); SLoWR 6(5); SLiWR xl(10); HB-R krh66(1); RWR 7(13),4; 6; X; H6; 7,TNMR 03 4(13); TNMR 22 6(5); TNMR 18 xl(10); TNMR 02 krh66(1); TNMR 15 7(13),SLiWR,TNMR 18,COMPLETE,xl(10),XR,4; OKST D00 (DRT); OKST D05 (RILB); OKST D16 (ROLB); OKST D95 (LE),HURRY,49,6R,,,,-44,,,,TNMR 08; TNMR 18; OKST D00,OKST D10 > TNMR 15,OKST D00 (CR) TNMR 62,0,,,TNMR 08,1,OKST D00,TNMR 62,0,,HB-R,HB-R (-5),R,1; TNMR 02 (HB-R),,,,,,P,,-13,TNMR 18* (L:R{L}),S,,,,OKST D11,,,,,,LWR(-8.5); SLoWR^(-7.5); SLiWR(-5.5); RWR^(+12.5),,0,10,0,0,0,,false,2,2,-1.707,3.36,Behind LB,false,11,TNMR 02,TNMR 22,TNMR 03; TNMR 15; TNMR 18,GUN WEAK,TRIPS - OPEN,LWR; SLoWR; SLiWR; HB-R; RWR,3x1,TRIPS - OPEN,NICKEL,OKST D01; OKST D08; OKST D10; OKST D11; OKST D23,OKST D04; OKST D05; OKST D16; OKST D26,OKST D00; OKST D95,ONE INTERIOR,,COVER 1,,73,,-1.428,3.373,28752_6321586,28752-TNMR-8
6321678,28752,2025-08-28,2025,01,407560,3127,3,1,03:40,1,0,0,20,0,8,4,,0,,,,0,0,0,7,0,,0,6321586,6321691,,20.07,0,,118,0,2.0,2.2,0,0,,,0,0,,6; OKST D05 (35); OKST D06 (26); OKST D17 (16); OKST D40 (10); OKST D71 (25); OKST D87 (34),,L,,,LCB (1); SSL (10); FSR (11); SCBR (6); RCB (1),SSL (03); LOLB (10); DLT (16); DRT (25); RILB (26); ROLB (34); RLB (35),3-3-5,OKST D01 (RCB); OKST D05 (RLB); OKST D06 (RILB); OKST D08 (SSL); OKST D10 (LCB); OKST D11 (FSR); OKST D17 (DLT); OKST D23 (SCBR); OKST D40 (LOLB); OKST D71 (DRT); OKST D87 (ROLB),OKST D01 (0.0); OKST D05 (0.0); OKST D06 (0.0); OKST D08 (0.0); OKST D10 (0.0); OKST D11 (0.0); OKST D17 (0.0); OKST D23 (0.0); OKST D40 (+1.0); OKST D71 (0.0); OKST D87 (0.0),OKST D06; OKST D17; OKST D40; OKST D71; OKST D87,T,OKST,10,,DLT (16); DRT (25),,INTERCEPTION,+26,12,KICKOFF - FC,-25,8,SD,-44,,,,,0,,,R,L,,OKST D40,BR,,,TNMR 08 (QB); TNMR 65 (RT); OKST D40 (LOLB),,,,,,,,,,LOLB (0); RILB (5); RLB (4); ROLB (0),,C,O,TNMR 08; TNMR 65,LWR^; SLWR; HB-L; SRWR; RWR^,2x2,HB>SRWR; TE>SLWR; WR>HB-L,3-0-1-1,11,TNMR 02; TNMR 03; TNMR 15; TNMR 18; TNMR 22,TNMR 02 (SRWR); TNMR 03 (RWR); TNMR 08 (QB); TNMR 15 (HB-L); TNMR 18 (LWR); TNMR 22 (SLWR); TNMR 62 (C); TNMR 64 (RG); TNMR 65 (RT); TNMR 72 (LT); TNMR 79 (LG),TNMR 02 (0.0); TNMR 03 (0.0); TNMR 08 (-0.5); TNMR 15 (0.0); TNMR 18 (0.0); TNMR 22 (0.0); TNMR 62 (0.0); TNMR 64 (0.0); TNMR 65 (-1.0); TNMR 72 (0.0); TNMR 79 (0.0),,F,TNMR,TNMR 03; TNMR 18,,5; TNMR 62 (C); TNMR 64 (RG); TNMR 65 (RT); TNMR 72 (LT); TNMR 79 (LG),,3CLb,OKST D08,,6; OKST D01; OKST D05; OKST D06; OKST D08; OKST D11; OKST D23,6,R,TNMR 08 (QB),LWR 9o; SLWR xo(12); HB-L h7s; SRWR xg(-7); RWR 11(6),9; X; 9; X; 6,TNMR 18 9o; TNMR 22 xo(12); TNMR 15 h7s; TNMR 02 xg(-7); TNMR 03 11(6),RWR,TNMR 03,INCOMPLETE,11(6),6R,5; OKST D10 (LCB); OKST D17 (DLT); OKST D40 (LOLB); OKST D71 (DRT); OKST D87 (ROLB),HURRY,52,7R,,,,-44,,,,OKST D40,OKST D01 > TNMR 18; OKST D10 > TNMR 03,OKST D40 (I) TNMR 65,0,,,TNMR 08,0,OKST D40,TNMR 65,0,,HB-L,HB-L (-6),,1; TNMR 15 (HB-L),,,,,,P,,-13,TNMR 02* (L:Rx>R:L{R}),S,,,,,,,,,,LWR^(-19.5); SLWR(-4.5); SRWR(+8.5); RWR^(+18.5),,0,18,0,0,0,,false,2,2,1.653,-0.854,Hot,false,11,TNMR 02,TNMR 22,TNMR 03; TNMR 15; TNMR 18,GUN STRONG,SLOT - SLOT,LWR; SLoWR; SLiWR; HB-L; RWR,3x1,TRIPS - OPEN,NICKEL,OKST D01; OKST D08; OKST D10; OKST D11; OKST D23,OKST D05; OKST D06; OKST D40,OKST D17; OKST D71; OKST D87,WIDE UNDER,,COVER 3 CLOUD,,56,,1.945,-0.895,28752_6321678,28752-TNMR-8
6321691,28752,2025-08-28,2025,01,407560,3153,3,2,03:35,0,,0,20,0,8,5,8,0,,,,0,0,0,7,1,,0,6321678,6321780,,20.07,0,,119,0,,,0,0,,9,0,0,TNMR 08,7; OKST D05 (26); OKST D06 (17); OKST D08 (07); OKST D17 (17); OKST D40 (10); OKST D71 (25); OKST D87 (34),TNMR 15; TNMR 18,,,,LCB (6); FSR (12); SCBR (4); RCB (7),LLB (07); LEO (10); LILB (17); DLT (17); DRT (25); RILB (26); ROLB (34),3-3-5,OKST D01 (RCB); OKST D05 (RILB); OKST D06 (LILB); OKST D08 (LLB); OKST D10 (LCB); OKST D11 (FSR); OKST D17 (DLT); OKST D23 (SCBR); OKST D40 (LEO); OKST D71 (DRT); OKST D87 (ROLB),OKST D01 (0.0); OKST D05 (-0.5); OKST D06 (0.0); OKST D08 (0.0); OKST D10 (0.0); OKST D11 (-0.5); OKST D17 (0.0); OKST D23 (0.0); OKST D40 (-0.5); OKST D71 (0.0); OKST D87 (-0.5),,F,OKST,10,,LEO (10); DLT (17); DRT (25),,INTERCEPTION,+26,12,KICKOFF - FC,-25,,,-44,OKST D40,,,,8,,,R,L,,,,OKST D87,,TNMR 08 (QB); TNMR 18 (LWR); TNMR 64 (RG); TNMR 65 (RT); TNMR 72 (LT); TNMR 79 (LG); OKST D05 (RILB); OKST D11 (FSR); OKST D23 (SCBR); OKST D40 (LEO); OKST D71 (DRT); OKST D87 (ROLB),,,,,,,,,,LLB (3); LILB (5); RILB (5); ROLB (0),OKST D40,C,C,OKST D05; OKST D11; OKST D40; OKST D87,LWR^; SLWR; HB-R; TE-R; RWR^,2x2,,3-0-1-1,11,TNMR 02; TNMR 03; TNMR 15; TNMR 18; TNMR 22,TNMR 02 (HB-R); TNMR 03 (RWR); TNMR 08 (QB); TNMR 15 (SLWR); TNMR 18 (LWR); TNMR 22 (TE-R); TNMR 62 (C); TNMR 64 (RG); TNMR 65 (RT); TNMR 72 (LT); TNMR 79 (LG),TNMR 02 (0.0); TNMR 03 (0.0); TNMR 08 (+0.5); TNMR 15 (0.0); TNMR 18 (0.0); TNMR 22 (0.0); TNMR 62 (0.0); TNMR 64 (+0.5); TNMR 65 (+0.5); TNMR 72 (+0.5); TNMR 79 (0.0),,T,TNMR,TNMR 03; TNMR 18,,,,3,,,,,,,,,,,,,,,,,,,,,,+48,LG,,LG,TNMR 08; TNMR 64; TNMR 65; TNMR 72,,,0,,,TNMR 08,0,,,0,,HB-R,HB-R (-5),L,1; TNMR 02 (HB-R),,,,COUNTER,CROSS LEAD;INVERTED;READ OPTION,R,,-13,TNMR 15* (L:R{L}),S,,,,OKST D01,,R,,,,LWR^(-1.5); SLWR(-0.5); RWR^(+13.5),,0,7,0,0,0,,false,2,2,0.799,0.609,,false,11,TNMR 02,TNMR 22,TNMR 03; TNMR 15; TNMR 18,GUN STRONG,SLOT - PRO,LWR; SLWR; HB-R; TE-R; RWR,2x2,SLOT - PRO,NICKEL,OKST D01; OKST D08; OKST D10; OKST D11; OKST D23,OKST D05; OKST D06; OKST D40,OKST D17; OKST D71; OKST D87,WIDE OVER,,COVER 3,,56,,1.05,0.796,28752_6321691,28752-TNMR-8
6321780,28752,2025-08-28,2025,01,407560,3179,3,3,03:06,1,,0,20,0,8,6,6,0,1,,,0,0,0,7,1,,0,6321691,6321794,,20.07,0,,120,0,,,0,0,,3,0,0,TNMR 15,7; OKST D00 (34); OKST D05 (11); OKST D06 (31); OKST D17 (25); OKST D40 (08); OKST D71 (17); OKST D88 (11),,,,,LCB (2); FS (9); SCBR (8); RCB (0),LEO (08); LLB (11); LEO (11); DLT (17); DRT (25); RLB (31); ROLB (34),4-3-4,OKST D00 (ROLB); OKST D01 (RCB); OKST D05 (LLB); OKST D06 (RLB); OKST D08 (LCB); OKST D10 (FS); OKST D11 (SCBR); OKST D17 (DRT); OKST D40 (LEO); OKST D71 (DLT); OKST D88 (LEO),OKST D00 (0.0); OKST D01 (0.0); OKST D05 (0.0); OKST D06 (0.0); OKST D08 (0.0); OKST D10 (0.0); OKST D11 (0.0); OKST D17 (0.0); OKST D40 (0.0); OKST D71 (0.0); OKST D88 (0.0),OKST D00; OKST D88,F,OKST,2,,LEO (08); LEO (11); DLT (17); DRT (25),,INTERCEPTION,+26,12,KICKOFF - FC,-25,,,+48,OKST D05,,,,6,,,C,C,,,,,,TNMR 15 (SLWR); TNMR 22 (RWR); TNMR 65 (RT); OKST D40 (LEO); OKST D71 (DLT),,,,,,,,,,LLB (3); RLB (2); ROLB (0),,C,C,,LWR^; SLWR; HB-R; TE-R; RWR^,2x2,TE>RWR,2-0-1-2,12,TNMR 02; TNMR 03; TNMR 15; TNMR 22; TNMR 88,TNMR 02 (HB-R); TNMR 03 (LWR); TNMR 08 (QB); TNMR 15 (SLWR); TNMR 22 (RWR); TNMR 62 (C); TNMR 64 (RG); TNMR 65 (RT); TNMR 72 (LT); TNMR 79 (LG); TNMR 88 (TE-R),TNMR 02 (0.0); TNMR 03 (0.0); TNMR 08 (0.0); TNMR 15 (+0.5); TNMR 22 (0.0); TNMR 62 (0.0); TNMR 64 (0.0); TNMR 65 (0.0); TNMR 72 (0.0); TNMR 79 (0.0); TNMR 88 (0.0),TNMR 88,T,TNMR,TNMR 03; TNMR 22,,,,1b,,,,,,,,,,,,,,,,,,,,,,+42,JET SWEEP RIGHT,,JET SWEEP RIGHT,TNMR 15,OKST D01 > TNMR 03; OKST D08 > TNMR 22,,0,,,TNMR 08,0,,,0,,HB-R,HB-R (-5),R,1; TNMR 02 (HB-R),,,,POWER,INVERTED;READ OPTION,R,,-13,TNMR 15* (R:Lx),S,,,,OKST D05,OKST D40,R,,,,LWR^(-8.5); SLWR(-1.5); RWR^(+8.5),,0,22,0,0,0,,false,2,2,1.408,1.291,,false,12,TNMR 02,TNMR 22; TNMR 88,TNMR 03; TNMR 15,GUN STRONG,SLOT - PRO,LWR; HB-R; TE-R; SRWR; RWR,1x3,TREY - OPEN,BASE,OKST D01; OKST D08; OKST D10; OKST D11,OKST D05; OKST D06; OKST D40,OKST D00; OKST D17; OKST D71; OKST D88,WIDE OVER,,COVER 1,,48,,1.846,1.096,28752_6321780,28752-TNMR-8
6321794,28752,2025-08-28,2025,01,407560,3205,3,1,02:36,1,,0,20,0,8,7,3,0,,,,0,0,0,7,1,,0,6321780,6321820,,20.07,0,,121,0,,,0,0,,2,0,0,TNMR 02,5; OKST D06 (25); OKST D17 (16); OKST D40 (09); OKST D71 (24); OKST D95 (34),,,,,LCB (1); FS (10); SSR (8); SCBiR (2); SCBoR (6); RCB (6),LOLB (09); DLT (16); DRT (24); RILB (25); ROLB (34); SSR (44),3-3-5,OKST D01 (RCB); OKST D05 (SCBiR); OKST D06 (RILB); OKST D08 (FS); OKST D10 (LCB); OKST D11 (SSR); OKST D17 (DLT); OKST D23 (SCBoR); OKST D40 (LOLB); OKST D71 (DRT); OKST D95 (ROLB),OKST D01 (0.0); OKST D05 (0.0); OKST D06 (0.0); OKST D08 (0.0); OKST D10 (0.0); OKST D11 (0.0); OKST D17 (0.0); OKST D23 (0.0); OKST D40 (0.0); OKST D71 (0.0); OKST D95 (+0.5),OKST D23; OKST D95,T,OKST,10,,DLT (16); DRT (24),,INTERCEPTION,+26,12,KICKOFF - FC,-25,,,+42,OKST D06,,,,3,,,R,L,,,,,,TNMR 62 (C); TNMR 72 (LT); OKST D71 (DRT); OKST D95 (ROLB),,,,,,,,,,LOLB (0); RILB (5); ROLB (0),,C,O,TNMR 72,LWR^; SLoWR; SLiWR; HB-L; RWR^,3x1,TE>LWR; TE>SLoWR,2-0-1-2,12,TNMR 02; TNMR 03; TNMR 15; TNMR 22; TNMR 88,TNMR 02 (HB-L); TNMR 03 (SLiWR); TNMR 08 (QB); TNMR 15 (RWR); TNMR 22 (LWR); TNMR 62 (C); TNMR 64 (RG); TNMR 65 (RT); TNMR 72 (LT); TNMR 79 (LG); TNMR 88 (SLoWR),TNMR 02 (0.0); TNMR 03 (0.0); TNMR 08 (0.0); TNMR 15 (0.0); TNMR 22 (0.0); TNMR 62 (0.0); TNMR 64 (0.0); TNMR 65 (0.0); TNMR 72 (-1.0); TNMR 79 (0.0); TNMR 88 (0.0),,F,TNMR,TNMR 15; TNMR 22,,,,1b,,,,,,,LWR 6(5); SLoWR 9; SLiWR 6(3); HB-L r; RWR r,6; 9; 6; -; -,TNMR 22 6(5); TNMR 88 9; TNMR 03 6(3); TNMR 02 r; TNMR 15 r,,,,,,,,,,,,,+39,ML,,ML,OKST D95,OKST D05 > TNMR 03; OKST D10 > TNMR 15,,0,,,TNMR 08,0,,,0,,HB-L,HB-L (-5),R,1; TNMR 02 (HB-L),,,,INSIDE ZONE,READ OPTION,R,,-13,TNMR 02 (B:B); TNMR 03 (R:Lx),S,,OKST D06,,OKST D06,,,,,,LWR^(-13.5); SLoWR(-7.5); SLiWR(-3.5); RWR^(+17.5),,1,16,0,0,0,,false,2,2,2.699,-0.766,,false,12,TNMR 02,TNMR 22; TNMR 88,TNMR 03; TNMR 15,GUN STRONG,TRIPS - OPEN,LWR; SLWR; HB-R; SRWR; RWR,2x2,SLOT - SLOT,NICKEL,OKST D01; OKST D08; OKST D10; OKST D11; OKST D23,OKST D05; OKST D06; OKST D40,OKST D17; OKST D71; OKST D95,WIDE UNDER,,COVER 1,,42,,2.942,-0.253,28752_6321794,28752-TNMR-8
6321820,28752,2025-08-28,2025,01,407560,3231,3,2,01:59,0,,0,20,0,8,8,6,0,,,,0,0,0,7,1,,0,6321794,6321841,,20.07,0,,122,0,,,0,0,,4,0,0,TNMR 02,6; OKST D05 (27); OKST D06 (11); OKST D17 (19); OKST D40 (09); OKST D71 (27); OKST D95 (32),,,,,LCB (6); SSL (10); FSR (11); SCBR (7); RCB (6),SSL (08); LEO (09); LLB (11); DLT (19); DRT (27); RILB (27); REO (32),3-3-5,OKST D01 (RCB); OKST D05 (RILB); OKST D06 (LLB); OKST D08 (SSL); OKST D10 (LCB); OKST D11 (FSR); OKST D17 (DLT); OKST D23 (SCBR); OKST D40 (LEO); OKST D71 (DRT); OKST D95 (REO),OKST D01 (0.0); OKST D05 (0.0); OKST D06 (0.0); OKST D08 (0.0); OKST D10 (0.0); OKST D11 (0.0); OKST D17 (0.0); OKST D23 (0.0); OKST D40 (0.0); OKST D71 (0.0); OKST D95 (0.0),,F,OKST,7,,LEO (09); DLT (19); DRT (27); REO (32),,INTERCEPTION,+26,12,KICKOFF - FC,-25,,,+39,OKST D05,,,,6,,,R,L,,,,,,TNMR 02 (HB-R); TNMR 62 (C); TNMR 64 (RG); TNMR 79 (LG); OKST D05 (RILB); OKST D40 (LEO); OKST D71 (DRT),,,,,,,,,,LLB (5); RILB (5),,O,O,TNMR 62,LWR^; SLWR; HB-R; TE-R; RWR^,2x2,,3-0-1-1,11,TNMR 02; TNMR 03; TNMR 15; TNMR 18; TNMR 22,TNMR 02 (HB-R); TNMR 03 (LWR); TNMR 08 (QB); TNMR 15 (RWR); TNMR 18 (SLWR); TNMR 22 (TE-R); TNMR 62 (C); TNMR 64 (RG); TNMR 65 (RT); TNMR 72 (LT); TNMR 79 (LG),TNMR 02 (+0.5); TNMR 03 (0.0); TNMR 08 (0.0); TNMR 15 (0.0); TNMR 18 (0.0); TNMR 22 (0.0); TNMR 62 (-1.0); TNMR 64 (0.0); TNMR 65 (0.0); TNMR 72 (0.0); TNMR 79 (0.0),TNMR 18,T,TNMR,TNMR 03; TNMR 15,,,,4,,,,,,,,,,,,,,,,,,,,,,+33,MR,,MR,TNMR 02,,,0,,,TNMR 08,0,,,0,,HB-R,HB-R (-5),L,1; TNMR 02 (HB-R),,,,OUTSIDE ZONE,READ OPTION,R,,-13,TNMR 22* (L:Rx),S,,,,OKST D05,OKST D40,R,,,,LWR^(-17.5); SLWR(-6.5); RWR^(+17.5),,0,10,0,0,0,,false,2,2,1.933,1.003,,false,11,TNMR 02,TNMR 22,TNMR 03; TNMR 15; TNMR 18,GUN STRONG,SLOT - PRO,LWR; SLWR; TE-L; HB-R; RWR,3x1,TREY - OPEN,NICKEL,OKST D01; OKST D08; OKST D10; OKST D11; OKST D23,OKST D05; OKST D06; OKST D40,OKST D17; OKST D71; OKST D95,WIDE UNDER,,COVER 4,,39,,2.689,0.796,28752_6321820,28752-TNMR-8
6321841,28752,2025-08-28,2025,01,407560,3257,3,3,01:15,0,,0,20,0,8,9,1,0,1,,,0,0,0,7,0,,0,6321820,6321867,,20.07,0,,123,1,,,0,0,,2,0,0,TNMR 02,7; OKST D05 (17); OKST D06 (35); OKST D08 (05); OKST D17 (15); OKST D40 (09); OKST D71 (22); OKST D95 (29),,,,,LCB (1); SCBL (4); SSR (10); RCB (1),LLB (05); LEO (09); LE (15); LILB (17); NT (22); RE (29); ROLB (35); SSR (36),3-3-5,OKST D01 (RCB); OKST D05 (LILB); OKST D06 (ROLB); OKST D08 (LLB); OKST D10 (LCB); OKST D11 (SSR); OKST D17 (LE); OKST D23 (SCBL); OKST D40 (LEO); OKST D71 (NT); OKST D95 (RE),OKST D01 (0.0); OKST D05 (0.0); OKST D06 (0.0); OKST D08 (0.0); OKST D10 (0.0); OKST D11 (0.0); OKST D17 (-0.5); OKST D23 (0.0); OKST D40 (0.0); OKST D71 (0.0); OKST D95 (+0.5),,F,OKST,1,,LEO (09); LE (15); NT (22); RE (29),,INTERCEPTION,+26,12,KICKOFF - FC,-25,,,+33,OKST D08,,,,1,,,C,C,,,,,,TNMR 02 (HB-R); TNMR 22 (TE-R); TNMR 62 (C); TNMR 65 (RT); OKST D17 (LE); OKST D40 (LEO); OKST D95 (RE),,,,,,,,,,LLB (4); LILB (4); ROLB (0),,C,C,TNMR 62; OKST D17,LWR^; HB-R; TE-R; SRWR; RWR^,1x3,,3-0-1-1,11,TNMR 02; TNMR 03; TNMR 15; TNMR 18; TNMR 22,TNMR 02 (HB-R); TNMR 03 (LWR); TNMR 08 (QB); TNMR 15 (RWR); TNMR 18 (SRWR); TNMR 22 (TE-R); TNMR 62 (C); TNMR 64 (RG); TNMR 65 (RT); TNMR 72 (LT); TNMR 79 (LG),TNMR 02 (+0.5); TNMR 03 (0.0); TNMR 08 (0.0); TNMR 15 (0.0); TNMR 18 (0.0); TNMR 22 (0.0); TNMR 62 (-0.5); TNMR 64 (0.0); TNMR 65 (+0.5); TNMR 72 (0.0); TNMR 79 (0.0),,T,TNMR,TNMR 03; TNMR 15,,,,1,,,,,,,,,,,,,,,,,,,,,,+32,MR,,MR,TNMR 02; TNMR 65; OKST D95,OKST D01 > TNMR 03; OKST D10 > TNMR 15,,0,,,TNMR 08,0,,,0,,HB-R,HB-R (-5),L,1; TNMR 02 (HB-R),,,,INSIDE ZONE,,R,,-13,TNMR 03 (R:L{L}),S,,,,OKST D08,,R,,,,LWR^(-15.5); SRWR(+13.5); RWR^(+17.5),,0,2,0,0,0,,true,2,2,2.936,0.467,,true,11,TNMR 02,TNMR 22,TNMR 03; TNMR 15; TNMR 18,GUN STRONG,TREY - OPEN,LWR; HB-R; TE-R; SRWR; RWR,1x3,TREY - OPEN,NICKEL,OKST D01; OKST D08; OKST D10; OKST D11; OKST D23,OKST D05; OKST D06; OKST D40,OKST D17; OKST D71; OKST D95,ODD,,COVER 1,,33,,3.485,0.026,28752_6321841,28752-TNMR-8
6321867,28752,2025-08-28,2025,01,407560,3283,3,1,00:33,0,,0,20,0,8,10,2,0,,,,0,0,0,7,1,,0,6321841,6321999,,20.07,0,,124,0,,,0,0,,1,0,0,TNMR 39,6; OKST D00 (32); OKST D05 (15); OKST D06 (28); OKST D17 (27); OKST D71 (21); OKST D95 (09),,,,,LCB (1); SCBL (5); SSL (7); SSR (10); RCB (1),SSL (04); LOLB (09); LLB (15); NLT (21); DRT (27); RILB (28); ROLB (32); SSR (35),4-2-5,OKST D00 (ROLB); OKST D01 (RCB); OKST D05 (LLB); OKST D06 (RILB); OKST D08 (SSR); OKST D10 (LCB); OKST D11 (SSL); OKST D17 (DRT); OKST D23 (SCBL); OKST D71 (NLT); OKST D95 (LOLB),OKST D00 (0.0); OKST D01 (0.0); OKST D05 (0.0); OKST D06 (+0.5); OKST D08 (0.0); OKST D10 (0.0); OKST D11 (0.0); OKST D17 (0.0); OKST D23 (0.0); OKST D71 (0.0); OKST D95 (+0.5),OKST D00,T,OKST,10,,NLT (21); DRT (27),,INTERCEPTION,+26,12,KICKOFF - FC,-25,,,+32,OKST D06,,,,2,,,C,C,,,,,,TNMR 62 (C); TNMR 64 (RG); TNMR 65 (RT); OKST D05 (LLB); OKST D06 (RILB); OKST D71 (NLT); OKST D95 (LOLB),,,,,,,,,,LOLB (0); LLB (4); RILB (5); ROLB (1),,C,O,TNMR 62; TNMR 65,LWR^; HB-L; TE-R; SRWR; RWR^,1x3,,3-0-1-1,11,TNMR 03; TNMR 15; TNMR 18; TNMR 22; TNMR 39,TNMR 03 (LWR); TNMR 08 (QB); TNMR 15 (RWR); TNMR 18 (SRWR); TNMR 22 (TE-R); TNMR 39 (HB-L); TNMR 62 (C); TNMR 64 (RG); TNMR 65 (RT); TNMR 72 (LT); TNMR 79 (LG),TNMR 03 (0.0); TNMR 08 (0.0); TNMR 15 (0.0); TNMR 18 (0.0); TNMR 22 (0.0); TNMR 39 (0.0); TNMR 62 (-1.0); TNMR 64 (0.0); TNMR 65 (-0.5); TNMR 72 (0.0); TNMR 79 (0.0),TNMR 39,F,TNMR,TNMR 03; TNMR 15,,,,1,,,,,,,,,,,,,,,,,,,,,,+30,MR,,MR,OKST D06; OKST D95,OKST D01 > TNMR 03; OKST D10 > TNMR 15,,0,,,TNMR 08,0,,,0,,HB-L,HB-L (-5),R,1; TNMR 39 (HB-L),,,,OUTSIDE ZONE,READ OPTION,R,,-13,TNMR 22* (L:Rx),S,,OKST D06,,OKST D06,,R,,,,LWR^(-15.5); SRWR(+11.5); RWR^(+16.5),,0,4,0,0,0,,false,2,2,3.403,-0.559,,false,11,TNMR 39,TNMR 22,TNMR 03; TNMR 15; TNMR 18,GUN WEAK,TREY - OPEN,LWR; TE-L; HB-L; SRWR; RWR,2x2,SLOT - PRO,NICKEL,OKST D01; OKST D08; OKST D10; OKST D11; OKST D23,OKST D05; OKST D06,OKST D00; OKST D17; OKST D71; OKST D95,UNDER,,COVER 1,,32,,3.511,-0.365,28752_6321867,28752-TNMR-8
6321999,28752,2025-08-28,2025,01,407560,3318,4,2,15:00,0,,0,20,0,8,11,4,0,,,,0,0,0,7,1,,0,6321867,6322043,,20.07,0,,125,0,,,0,0,,3,0,0,TNMR 08,6; OKST D00 (10); OKST D05 (18); OKST D06 (34); OKST D17 (19); OKST D71 (27); OKST D95 (33),,,,,LCB (1); SCBL (5); SSL (10); SSR (9); RCB (0),SSL (09); LEO (10); LILB (18); DLT (19); DRT (27); REO (33); RLB (34); SSR (43),4-2-5,OKST D00 (LEO); OKST D01 (RCB); OKST D05 (LILB); OKST D06 (RLB); OKST D08 (SSL); OKST D10 (LCB); OKST D11 (SSR); OKST D17 (DLT); OKST D23 (SCBL); OKST D71 (DRT); OKST D95 (REO),OKST D00 (0.0); OKST D01 (0.0); OKST D05 (0.0); OKST D06 (0.0); OKST D08 (0.0); OKST D10 (0.0); OKST D11 (0.0); OKST D17 (+0.5); OKST D23 (0.0); OKST D71 (0.0); OKST D95 (0.0),,F,OKST,8,,LEO (10); DLT (19); DRT (27); REO (33),,INTERCEPTION,+26,12,KICKOFF - FC,-25,,,+30,OKST D17,,,,4,,,R,L,,,,,,TNMR 64 (RG); TNMR 79 (LG); OKST D06 (RLB); OKST D17 (DLT),,,,,,,,,,LILB (4); RLB (4),,C,O,TNMR 64,LWR^; TE-oL; TE-iL; SRWR; RWR^,3x2,HB>SRWR,2-0-1-2,12,TNMR 01; TNMR 03; TNMR 15; TNMR 22; TNMR 88,TNMR 01 (SRWR); TNMR 03 (LWR); TNMR 08 (QB); TNMR 15 (RWR); TNMR 22 (TE-oL); TNMR 62 (C); TNMR 64 (RG); TNMR 65 (RT); TNMR 72 (LT); TNMR 79 (LG); TNMR 88 (TE-iL),TNMR 01 (0.0); TNMR 03 (0.0); TNMR 08 (0.0); TNMR 15 (0.0); TNMR 22 (0.0); TNMR 62 (0.0); TNMR 64 (-0.5); TNMR 65 (0.0); TNMR 72 (0.0); TNMR 79 (0.0); TNMR 88 (0.0),TNMR 01; TNMR 88,T,TNMR,TNMR 03; TNMR 15,,,,1,,,,,,,,,,,,,,,,,,,,,,+26,RE,,RE,OKST D17,OKST D01 > TNMR 03; OKST D10 > TNMR 15,,0,,,TNMR 08,0,,,0,,EMPTY,,R,,,,,COUNTER,CROSS LEAD;INVERTED;READ OPTION,R,,-13,TNMR 01* (R:L{R}),S,,OKST D17,,OKST D17,OKST D05,L;L,,,,LWR^(-16.5); SRWR(+9.5); RWR^(+17.5),,0,8,0,0,0,,false,2,2,2.844,0.03,,false,12,TNMR 01,TNMR 22; TNMR 88,TNMR 03; TNMR 15,GUN EMPTY,TOAD WING - SLOT,LWR; TE-oL; TE-iL; SRWR; RWR,3x2,TOAD WING - SLOT,NICKEL,OKST D01; OKST D08; OKST D10; OKST D11; OKST D23,OKST D05; OKST D06,OKST D00; OKST D17; OKST D71; OKST D95,WIDE OVER,,COVER 1,,30,,3.146,-0.058,28752_6321999,28752-TNMR-8
6322043,28752,2025-08-28,2025,01,407560,3344,4,3,14:15,1,0,0,20,0,8,12,,0,,,,0,0,0,7,0,,0,6321999,6322050,,20.07,0,,126,0,2.3,2.5,0,0,,,0,0,,6; OKST D00 (30); OKST D04 (09); OKST D05 (16); OKST D16 (35); OKST D26 (23); OKST D95 (14),TNMR 15; TNMR 22,R,,,LCB (1); SCBL (7); FSR (11); SCBR (6); RCB (1),LOLB (09); LE (14); LILB (16); MLB (23); RE (30); ROLB (35),2-4-5,OKST D00 (RE); OKST D01 (RCB); OKST D04 (LOLB); OKST D05 (LILB); OKST D08 (SCBL); OKST D10 (LCB); OKST D11 (FSR); OKST D16 (ROLB); OKST D23 (SCBR); OKST D26 (MLB); OKST D95 (LE),OKST D00 (0.0); OKST D01 (0.0); OKST D04 (+0.5); OKST D05 (0.0); OKST D08 (0.0); OKST D10 (+0.5); OKST D11 (0.0); OKST D16 (0.0); OKST D23 (0.0); OKST D26 (+0.5); OKST D95 (0.0),OKST D04; OKST D16; OKST D26,T,OKST,4,,LE (14); RE (30),,INTERCEPTION,+26,12,KICKOFF - FC,-25,9,SD,+26,,,,,0,,,R,L,OKST D26,,RC,,OKST D10,TNMR 01 (HB-R); TNMR 08 (QB); TNMR 62 (C); OKST D04 (LOLB); OKST D10 (LCB); OKST D26 (MLB),,,,,,,,,,LOLB (0); LILB (4); MLB (4); ROLB (0),,C,C,TNMR 08; TNMR 62,LWR^; SLWR; HB-R; SRWR; RWR^,2x2,TE>SRWR,3-0-1-1,11,TNMR 01; TNMR 03; TNMR 05; TNMR 15; TNMR 22,TNMR 01 (HB-R); TNMR 03 (SLWR); TNMR 05 (LWR); TNMR 08 (QB); TNMR 15 (RWR); TNMR 22 (SRWR); TNMR 62 (C); TNMR 64 (RG); TNMR 65 (RT); TNMR 72 (LT); TNMR 79 (LG),TNMR 01 (0.0); TNMR 03 (0.0); TNMR 05 (0.0); TNMR 08 (-1.0); TNMR 15 (0.0); TNMR 22 (0.0); TNMR 62 (-1.0); TNMR 64 (0.0); TNMR 65 (0.0); TNMR 72 (0.0); TNMR 79 (0.0),TNMR 05,F,TNMR,TNMR 05; TNMR 15,,5; TNMR 62 (C); TNMR 64 (RG); TNMR 65 (RT); TNMR 72 (LT); TNMR 79 (LG),,1b,OKST D04,,7; OKST D01; OKST D04; OKST D08; OKST D10; OKST D11; OKST D16; OKST D23,16,R,TNMR 08 (QB),LWR 9o; SLWR xd(3); HB-R h8; SRWR xd(2); RWR x6(10),9; X; H8; X; X,TNMR 05 9o; TNMR 03 xd(3); TNMR 01 h8; TNMR 22 xd(2); TNMR 15 x6(10),HB-R,TNMR 01,INTERCEPTION,h8,H8,4; OKST D00 (RE); OKST D05 (LILB); OKST D26 (MLB); OKST D95 (LE),HIT,46,6R,,,,+26,,,,OKST D04; OKST D10; OKST D26,OKST D01 > TNMR 05; OKST D10 > TNMR 15,OKST D26 (U) TNMR 62,0,,,TNMR 08,0,OKST D26,TNMR 62,0,,HB-R,HB-R (-5),,1; TNMR 01 (HB-R),,,,,,P,,-13,TNMR 22* (R:L{R}),S,,,,,,,,OKST D26 (L.A.N) MLB,,LWR^(-12.5); SLWR(-4.5); SRWR(+15.5); RWR^(+17.5),,0,2,0,0,1,,false,2,2,2.874,-3.693,Wheel,false,11,TNMR 01,TNMR 22,TNMR 03; TNMR 05; TNMR 15,GUN STRONG,SLOT - SLOT,LWR; SLWR; HB-R; SRWR; RWR,2x2,SLOT - SLOT,NICKEL,OKST D01; OKST D08; OKST D10; OKST D11; OKST D23,OKST D04; OKST D05; OKST D16; OKST D26,OKST D00; OKST D95,NO INTERIOR,,COVER 1,,26,,3.088,-3.274,28752_6322043,28752-TNMR-8
6322379,28752,2025-08-28,2025,01,407560,3578,4,1,11:41,0,,0,20,0,9,1,,0,,,,0,1,0,7,0,-5,0,6322254,6322388,,20.07,0,,135,0,,,0,0,,,0,0,,7; OKST D04 (35); OKST D05 (19); OKST D06 (31); OKST D11 (03); OKST D88 (11); OKST D96 (16); OKST D99 (25),,,,,LCB (1); SCBL (4); SSR (10); RCB (1),LLB (03); LEO (11); DLT (16); LILB (19); DRT (25); RLB (31); SSR (34); ROLB (35),3-3-5,OKST D03 (LCB); OKST D04 (ROLB); OKST D05 (LILB); OKST D06 (RLB); OKST D08 (SSR); OKST D10 (RCB); OKST D11 (LLB); OKST D14 (SCBL); OKST D88 (LEO); OKST D96 (DLT); OKST D99 (DRT),OKST D03 (0.0); OKST D04 (0.0); OKST D05 (0.0); OKST D06 (0.0); OKST D08 (0.0); OKST D10 (0.0); OKST D11 (0.0); OKST D14 (0.0); OKST D88 (0.0); OKST D96 (0.0); OKST D99 (0.0),DRIVE START,,OKST,10,,LEO (11); DLT (16); DRT (25),,PUNT,-21,4,PUNT - DOWNED,-22,,,-22,,,,,-5,,,L,R,,,,,,TNMR 65 (RT); TNMR 71 (RG),,,,,,,,,,LLB (6); LILB (4); RLB (4); ROLB (0),,,,TNMR 65; TNMR 71,LWR^; HB-L; HB-R; SRWR; RWR^,1x2,TE>SRWR; WR>HB-R,3-0-1-1,11,TNMR 02; TNMR 03; TNMR 05; TNMR 15; TNMR 88,TNMR 02 (HB-L); TNMR 03 (RWR); TNMR 05 (LWR); TNMR 08 (QB); TNMR 15 (HB-R); TNMR 62 (C); TNMR 65 (RT); TNMR 71 (RG); TNMR 72 (LT); TNMR 79 (LG); TNMR 88 (SRWR),TNMR 02 (0.0); TNMR 03 (0.0); TNMR 05 (0.0); TNMR 08 (0.0); TNMR 15 (0.0); TNMR 62 (0.0); TNMR 65 (-1.0); TNMR 71 (-1.0); TNMR 72 (0.0); TNMR 79 (0.0); TNMR 88 (0.0),DRIVE START,,TNMR,TNMR 03; TNMR 05,,,,,,,,,,,,,,,,,,,,,,,TNMR 65 FST,,,-17,,,,,OKST D03 > TNMR 03; OKST D10 > TNMR 05,,0,,,TNMR 08,0,,,0,,HB-L; HB-R,HB-L (-5); HB-R (-5),,2; TNMR 02 (HB-L); TNMR 15 (HB-R),,,,,,X,,-13,,S,,,,,,,,,,LWR^(-17.5); SRWR(+9.5); RWR^(+16.5),,0,10,0,0,0,,false,2,1,-0.094,-0.538,,false,11,TNMR 02,TNMR 88,TNMR 03; TNMR 05; TNMR 15,GUN SPLIT,SLOT - OPEN,LWR; HB-L; HB-R; SRWR; RWR,1x2,SLOT - OPEN,NICKEL,OKST D03; OKST D08; OKST D10; OKST D11; OKST D14,OKST D04; OKST D05; OKST D06,OKST D88; OKST D96; OKST D99,WIDE OVER,,,,78,,0.036,-0.927,28752_6322379,28752-TNMR-9
6322388,28752,2025-08-28,2025,01,407560,3605,4,1,11:41,0,,0,20,0,9,2,1,0,,,,0,0,0,7,0,,0,6322379,6322404,,20.07,0,,136,0,,,0,0,,0,0,0,TNMR 02,5; OKST D04 (33); OKST D06 (20); OKST D88 (10); OKST D96 (16); OKST D99 (25),,,,,LCB (4); SCBoL (5); SCBiL (4); FSL (12); FSR (11); RCB (1),LEO (10); DLT (16); LILB (20); DRT (25); ROLB (33),3-3-5,OKST D03 (LCB); OKST D04 (ROLB); OKST D05 (SCBiL); OKST D06 (LILB); OKST D08 (FSR); OKST D10 (RCB); OKST D11 (FSL); OKST D14 (SCBoL); OKST D88 (LEO); OKST D96 (DLT); OKST D99 (DRT),OKST D03 (0.0); OKST D04 (0.0); OKST D05 (+0.5); OKST D06 (+0.5); OKST D08 (0.0); OKST D10 (0.0); OKST D11 (0.0); OKST D14 (0.0); OKST D88 (0.0); OKST D96 (0.0); OKST D99 (+1.0),,T,OKST,15,,LEO (10); DLT (16); DRT (25),,PUNT,-21,4,PUNT - DOWNED,-22,,,-17,OKST D06,,,,1,,,L,R,,,,,,TNMR 62 (C); TNMR 71 (RG); TNMR 72 (LT); TNMR 79 (LG); TNMR 88 (SRiWR); OKST D04 (ROLB); OKST D05 (SCBiL); OKST D06 (LILB); OKST D96 (DLT); OKST D99 (DRT),,,,,,,,,,LILB (5); ROLB (0),,C,O,TNMR 72; TNMR 79; TNMR 88,LWR^; HB-R; SRiWR; SRoWR; RWR^,1x3,TE>SRiWR,3-0-1-1,11,TNMR 02; TNMR 03; TNMR 05; TNMR 15; TNMR 88,TNMR 02 (HB-R); TNMR 03 (SRoWR); TNMR 05 (LWR); TNMR 08 (QB); TNMR 15 (RWR); TNMR 62 (C); TNMR 65 (RT); TNMR 71 (RG); TNMR 72 (LT); TNMR 79 (LG); TNMR 88 (SRiWR),TNMR 02 (0.0); TNMR 03 (0.0); TNMR 05 (0.0); TNMR 08 (0.0); TNMR 15 (0.0); TNMR 62 (0.0); TNMR 65 (0.0); TNMR 71 (0.0); TNMR 72 (-0.5); TNMR 79 (-0.5); TNMR 88 (-1.0),,F,TNMR,TNMR 05; TNMR 15,,,,3S,,,,,,,LWR r; HB-R r; SRiWR r; SRoWR 2(2); RWR 2(4),-; -; -; 2; 2,TNMR 05 r; TNMR 02 r; TNMR 88 r; TNMR 03 2(2); TNMR 15 2(4),,,,,,,,,,,,,-18,LG,,LG,OKST D05; OKST D06; OKST D99,OKST D10 > TNMR 05,,0,,,TNMR 08,0,,,0,,HB-R,HB-R (-5),L,1; TNMR 02 (HB-R),,,,COUNTER,CROSS LEAD,R,,-13,TNMR 88* (R:L{R}),S,,OKST D06,,OKST D06,OKST D99,,,,,LWR^(-17.5); SRiWR(+1.5); SRoWR(+8.5); RWR^(+18.5),,1,8,0,0,0,,false,2,1,-0.632,-0.538,,false,11,TNMR 02,TNMR 88,TNMR 03; TNMR 05; TNMR 15,GUN STRONG,TRIPS - OPEN,LWR; HB-R; SRiWR; SRoWR; RWR,1x3,TRIPS - OPEN,NICKEL,OKST D03; OKST D08; OKST D10; OKST D11; OKST D14,OKST D04; OKST D05; OKST D06,OKST D88; OKST D96; OKST D99,WIDE OVER,,COVER 3 SEAM,,83,,-0.891,-0.588,28752_6322388,28752-TNMR-9
6322404,28752,2025-08-28,2025,01,407560,3631,4,2,11:12,0,0,0,20,0,9,3,-4,0,,,,0,0,0,7,0,,0,6322388,6322411,,20.07,0,,137,0,3.4,8.8,0,0,,,0,0,TNMR 08,6; OKST D04 (35); OKST D05 (13); OKST D06 (23); OKST D88 (11); OKST D96 (19); OKST D99 (27),,R,,,LCB (3); SCBL (4); SSL (10); FSR (11); RCB (1),SSL (00); LEO (11); LLB (13); DLT (19); MLB (23); DRT (27); ROLB (35),3-3-5,OKST D03 (LCB); OKST D04 (ROLB); OKST D05 (LLB); OKST D06 (MLB); OKST D08 (FSR); OKST D10 (RCB); OKST D11 (SSL); OKST D14 (SCBL); OKST D88 (LEO); OKST D96 (DLT); OKST D99 (DRT),OKST D03 (0.0); OKST D04 (+0.5); OKST D05 (0.0); OKST D06 (0.0); OKST D08 (0.0); OKST D10 (0.0); OKST D11 (0.0); OKST D14 (0.0); OKST D88 (-0.5); OKST D96 (0.0); OKST D99 (0.0),,T,OKST,14,,LEO (11); DLT (19); DRT (27),,PUNT,-21,4,PUNT - DOWNED,-22,8,SR,-18,,,,,-4,,,L,R,,OKST D04; OKST D88,,,,TNMR 08 (QB); TNMR 72 (LT); OKST D04 (ROLB); OKST D06 (MLB); OKST D88 (LEO),,,,,,,,,,LLB (4); MLB (5); ROLB (0),OKST D88,C,O,TNMR 72; OKST D88,LWR^; HB-L; HB-R; SRWR; RWR^,1x2,TE>SRWR; WR>HB-R,3-0-1-1,11,TNMR 02; TNMR 03; TNMR 05; TNMR 15; TNMR 88,TNMR 02 (HB-L); TNMR 03 (RWR); TNMR 05 (LWR); TNMR 08 (QB); TNMR 15 (HB-R); TNMR 62 (C); TNMR 65 (RT); TNMR 71 (RG); TNMR 72 (LT); TNMR 79 (LG); TNMR 88 (SRWR),TNMR 02 (0.0); TNMR 03 (0.0); TNMR 05 (0.0); TNMR 08 (0.0); TNMR 15 (0.0); TNMR 62 (0.0); TNMR 65 (0.0); TNMR 71 (0.0); TNMR 72 (-0.5); TNMR 79 (0.0); TNMR 88 (0.0),,F,TNMR,TNMR 03; TNMR 05,,5; TNMR 62 (C); TNMR 65 (RT); TNMR 71 (RG); TNMR 72 (LT); TNMR 79 (LG),,3S,,,7; OKST D03; OKST D05; OKST D06; OKST D08; OKST D10; OKST D11; OKST D14,,X,TNMR 08 (QB),LWR xd(3); HB-L h3(-6); HB-R h219(2); SRWR 4(10); RWR 8s(12),X; H3; H8; 4; 8,TNMR 05 xd(3); TNMR 02 h3(-6); TNMR 15 h219(2); TNMR 88 4(10); TNMR 03 8s(12),,,SACK,,,4; OKST D04 (ROLB); OKST D88 (LEO); OKST D96 (DLT); OKST D99 (DRT),SACK,,,,,,-14,,,,OKST D04,OKST D10 > TNMR 05,OKST D04 (O) TNMR 72; OKST D06 (P) TNMR 08; OKST D88 (CU),0,,OKST D06,TNMR 08,1,OKST D04; OKST D06; OKST D88,TNMR 08; TNMR 72,0,,HB-L; HB-R,HB-L (-5); HB-R (-5),,2; TNMR 02 (HB-L); TNMR 15 (HB-R),,,,,,P,OKST D06,-13,,S,,OKST D06,,,,,,,,LWR^(-17.5); SRWR(+9.5); RWR^(+15.5),,0,16,0,0,0,,false,2,1,-1.17,-1.104,,false,11,TNMR 02,TNMR 88,TNMR 03; TNMR 05; TNMR 15,GUN SPLIT,SLOT - OPEN,LWR; HB-L; HB-R; SRWR; RWR,1x2,SLOT - OPEN,NICKEL,OKST D03; OKST D08; OKST D10; OKST D11; OKST D14,OKST D04; OKST D05; OKST D06,OKST D88; OKST D96; OKST D99,WIDE UNDER,,COVER 3 SEAM,,82,,-1.479,-1.388,28752_6322404,28752-TNMR-9
6322411,28752,2025-08-28,2025,01,407560,3654,4,3,10:31,0,,0,20,1,9,4,7,0,,,,0,0,0,7,0,,0,6322404,6322445,,20.07,0,,138,0,,,0,0,,13,0,0,TNMR 08,5; OKST D00 (31); OKST D04 (07); OKST D05 (21); OKST D16 (36); OKST D95 (14),,,,,LCB (7); FSL (15); SS (8); SSR (7); FSR (16); SCBoR (7); RCB (8),LEO (07); LE (14); SS (21); RE (31); ROLB (36); SSR (40),2-4-5,OKST D00 (RE); OKST D03 (LCB); OKST D04 (LEO); OKST D05 (SS); OKST D08 (FSL); OKST D10 (RCB); OKST D11 (FSR); OKST D14 (SCBoR); OKST D16 (ROLB); OKST D26 (SSR); OKST D95 (LE),OKST D00 (+0.5); OKST D03 (0.0); OKST D04 (0.0); OKST D05 (0.0); OKST D08 (0.0); OKST D10 (0.0); OKST D11 (0.0); OKST D14 (0.0); OKST D16 (0.0); OKST D26 (0.0); OKST D95 (0.0),OKST D00; OKST D16; OKST D26; OKST D95,T,OKST,18,,LEO (07); LE (14); RE (31),,PUNT,-21,4,PUNT - DOWNED,-22,,,-14,OKST D00,,,,7,,,R,L,,,,,,TNMR 79 (LG); OKST D00 (RE),,,,,,,,,,ROLB (0),,O,O,TNMR 79,LWR^; SLoWR; SLiWR; HB-R; RWR^,3x1,TE>SLoWR,3-0-1-1,11,TNMR 02; TNMR 03; TNMR 05; TNMR 15; TNMR 88,TNMR 02 (HB-R); TNMR 03 (SLiWR); TNMR 05 (RWR); TNMR 08 (QB); TNMR 15 (LWR); TNMR 62 (C); TNMR 65 (RT); TNMR 71 (RG); TNMR 72 (LT); TNMR 79 (LG); TNMR 88 (SLoWR),TNMR 02 (0.0); TNMR 03 (0.0); TNMR 05 (0.0); TNMR 08 (0.0); TNMR 15 (0.0); TNMR 62 (0.0); TNMR 65 (0.0); TNMR 71 (0.0); TNMR 72 (0.0); TNMR 79 (-0.5); TNMR 88 (0.0),,F,TNMR,TNMR 05; TNMR 15,,,,2,,,,,,,LWR 9; SLoWR 9s; SLiWR 3(15); HB-R r; RWR 6(8),9; 9; 3; -; 6,TNMR 15 9; TNMR 88 9s; TNMR 03 3(15); TNMR 02 r; TNMR 05 6(8),,,,,,,,,,,,,-21,LG,,LG,OKST D00,,,0,,,TNMR 08,0,,,0,,HB-R,HB-R (-5),L,1; TNMR 02 (HB-R),,,,DRAW,LEAD;QB RUNS,R,,-13,,S,,OKST D95,,OKST D95,,,,,,LWR^(-17.5); SLoWR(-8.5); SLiWR(-4.5); RWR^(+18.5),,1,7,0,0,0,,false,2,1,-2.274,-0.189,,false,11,TNMR 02,TNMR 88,TNMR 03; TNMR 05; TNMR 15,GUN WEAK,TRIPS - OPEN,LWR; SLoWR; SLiWR; HB-R; RWR,3x1,TRIPS - OPEN,NICKEL,OKST D03; OKST D08; OKST D10; OKST D11; OKST D14,OKST D04; OKST D05; OKST D16; OKST D26,OKST D00; OKST D95,NO INTERIOR,,COVER 2,,86,,-2.867,0.088,28752_6322411,28752-TNMR-9
6322852,28752,2025-08-28,2025,01,407560,4063,4,1,04:36,0,,0,27,0,10,1,,0,,,,0,1,1,7,0,-5,0,6322823,6322865,,27.07,0,,154,0,,,0,0,,,0,0,,7; OKST D03 (34); OKST D04 (37); OKST D05 (11); OKST D06 (21); OKST D95 (10); OKST D96 (18); OKST D99 (27),,,,,LCB (6); SCBoL (6); SCBiL (5); SSL (10),SSL (00); LEO (10); LLB (11); DLT (18); MLB (21); DRT (27); RLB (34); ROLB (37),3-3-5,OKST D01 (LCB); OKST D03 (RLB); OKST D04 (ROLB); OKST D05 (LLB); OKST D06 (MLB); OKST D08 (SSL); OKST D11 (SCBiL); OKST D14 (SCBoL); OKST D95 (LEO); OKST D96 (DLT); OKST D99 (DRT),OKST D01 (0.0); OKST D03 (0.0); OKST D04 (0.0); OKST D05 (0.0); OKST D06 (0.0); OKST D08 (0.0); OKST D11 (0.0); OKST D14 (0.0); OKST D95 (0.0); OKST D96 (0.0); OKST D99 (0.0),DRIVE START,,OKST,10,,LEO (10); DLT (18); DRT (27),,PUNT,-29,4,KICKOFF - TB,-25,,,-25,,,,,-5,,,L,R,,,,,,TNMR 62 (C),,,,,,,,,,LLB (4); MLB (5); RLB (6); ROLB (0),,,,TNMR 62,HB-R; TE-R^; SRiWR; SRoWR; RWR^,0x4,,3-0-1-1,11,TNMR 02; TNMR 17; TNMR 18; TNMR 20; TNMR 85,TNMR 02 (HB-R); TNMR 08 (QB); TNMR 17 (SRoWR); TNMR 18 (SRiWR); TNMR 20 (RWR); TNMR 62 (C); TNMR 64 (RG); TNMR 65 (RT); TNMR 72 (LT); TNMR 79 (LG); TNMR 85 (TE-R),TNMR 02 (0.0); TNMR 08 (0.0); TNMR 17 (0.0); TNMR 18 (0.0); TNMR 20 (0.0); TNMR 62 (-1.0); TNMR 64 (0.0); TNMR 65 (0.0); TNMR 72 (0.0); TNMR 79 (0.0); TNMR 85 (0.0),DRIVE START,,TNMR,TNMR 20; TNMR 85,,,,,,,,,,,,,,,,,,,,,,,TNMR 62 FST,,,-20,,,,,,,0,,,TNMR 08,0,,,0,,HB-R,HB-R (-5),,1; TNMR 02 (HB-R),,,,,,X,,-20,,S,,,,,,R,,,,SRiWR(+6.5); SRoWR(+11.5); RWR^(+17.5),,0,8,0,0,0,,false,2,1,0.359,-0.407,,true,11,TNMR 02,TNMR 85,TNMR 17; TNMR 18; TNMR 20,GUN STRONG,QUAY - NIX,HB-R; TE-R; SRiWR; SRoWR; RWR,0x4,QUAY - NIX,NICKEL,OKST D01; OKST D03; OKST D08; OKST D11; OKST D14,OKST D04; OKST D05; OKST D06,OKST D95; OKST D96; OKST D99,WIDE UNDER,,,,75,,0.31,-0.944,28752_6322852,28752-TNMR-10
6322865,28752,2025-08-28,2025,01,407560,4090,4,1,04:36,0,0,0,27,0,10,2,,0,,,,0,0,1,7,0,,0,6322852,6322890,,27.07,0,,155,0,,4.8,0,0,,,0,0,,6; OKST D04 (36); OKST D05 (11); OKST D06 (23); OKST D95 (11); OKST D96 (19); OKST D99 (28),,L,,,LCB (7); SCBoL (6); SCBiL (5); FSL (11); SSR (8),LLB (11); LEO (11); DLT (19); MLB (23); DRT (28); SSR (32); ROLB (36),3-3-5,OKST D01 (LCB); OKST D03 (SSR); OKST D04 (ROLB); OKST D05 (LLB); OKST D06 (MLB); OKST D08 (FSL); OKST D11 (SCBiL); OKST D14 (SCBoL); OKST D95 (LEO); OKST D96 (DLT); OKST D99 (DRT),OKST D01 (0.0); OKST D03 (0.0); OKST D04 (0.0); OKST D05 (0.0); OKST D06 (0.0); OKST D08 (0.0); OKST D11 (0.0); OKST D14 (0.0); OKST D95 (0.0); OKST D96 (0.0); OKST D99 (0.0),,,OKST,15,,LEO (11); DLT (19); DRT (28),,PUNT,-29,4,KICKOFF - TB,-25,0,RR,-20,,,,,0,,,L,R,,,TA,,,,,,,,,,,,,LLB (5); MLB (5); ROLB (0),,C,O,,HB-R; TE-R^; SRiWR; SRoWR; RWR^,0x4,,3-0-1-1,11,TNMR 02; TNMR 17; TNMR 18; TNMR 20; TNMR 85,TNMR 02 (HB-R); TNMR 08 (QB); TNMR 17 (SRoWR); TNMR 18 (SRiWR); TNMR 20 (RWR); TNMR 62 (C); TNMR 64 (RG); TNMR 65 (RT); TNMR 72 (LT); TNMR 79 (LG); TNMR 85 (TE-R),TNMR 02 (0.0); TNMR 08 (0.0); TNMR 17 (0.0); TNMR 18 (0.0); TNMR 20 (0.0); TNMR 62 (0.0); TNMR 64 (0.0); TNMR 65 (0.0); TNMR 72 (0.0); TNMR 79 (0.0); TNMR 85 (0.0),,,TNMR,TNMR 20; TNMR 85,,7; TNMR 02 (HB-R); TNMR 62 (C); TNMR 64 (RG); TNMR 65 (RT); TNMR 72 (LT); TNMR 79 (LG); TNMR 85 (TE-R),,3S,,,7; OKST D01; OKST D03; OKST D05; OKST D06; OKST D08; OKST D11; OKST D14,,X,TNMR 08 (QB),HB-R kr; TE-R k; SRiWR 1; SRoWR 3(14); RWR 9,-; -; 3; 3; 9,TNMR 02 kr; TNMR 85 k; TNMR 18 1; TNMR 17 3(14); TNMR 20 9,,,THROWN AWAY,,,4; OKST D04 (ROLB); OKST D95 (LEO); OKST D96 (DLT); OKST D99 (DRT),,,,,,,-20,,,,,,,0,,,TNMR 08,0,,,0,,HB-R,HB-R (-5),R,1; TNMR 02 (HB-R),,,,,,P,,-20,,S,,,,,,R,,,,SRiWR(+5.5); SRoWR(+10.5); RWR^(+16.5),,0,22,0,0,0,,false,2,1,-0.048,-0.475,,false,11,TNMR 02,TNMR 85,TNMR 17; TNMR 18; TNMR 20,GUN STRONG,QUAY - NIX,HB-R; TE-R; SRiWR; SRoWR; RWR,0x4,QUAY - NIX,NICKEL,OKST D01; OKST D03; OKST D08; OKST D11; OKST D14,OKST D04; OKST D05; OKST D06,OKST D95; OKST D96; OKST D99,WIDE UNDER,,COVER 3 SEAM,,80,,-0.634,-0.724,28752_6322865,28752-TNMR-10
6322890,28752,2025-08-28,2025,01,407560,4116,4,2,04:29,0,,0,27,0,10,3,-1,0,,,,0,0,0,7,0,,0,6322865,6322912,,27.07,0,,156,0,,,0,0,,1,0,0,TNMR 02,6; OKST D04 (33); OKST D05 (05); OKST D06 (23); OKST D95 (09); OKST D96 (17); OKST D99 (26),,,,,LCB (2); SCBL (5); FSL (11); SSR (10); RCB (1),LLB (05); LEO (09); DLT (17); MLB (23); DRT (26); ROLB (33); SSR (37),3-3-5,OKST D01 (LCB); OKST D03 (RCB); OKST D04 (ROLB); OKST D05 (LLB); OKST D06 (MLB); OKST D08 (SSR); OKST D11 (FSL); OKST D14 (SCBL); OKST D95 (LEO); OKST D96 (DLT); OKST D99 (DRT),OKST D01 (0.0); OKST D03 (0.0); OKST D04 (0.0); OKST D05 (0.0); OKST D06 (0.0); OKST D08 (0.0); OKST D11 (0.0); OKST D14 (0.0); OKST D95 (+1.0); OKST D96 (0.0); OKST D99 (0.0),,T,OKST,15,,LEO (09); DLT (17); DRT (26),,PUNT,-29,4,KICKOFF - TB,-25,,,-20,OKST D95,,,,-1,,,L,R,,,,,,TNMR 65 (RT); TNMR 79 (LG); OKST D95 (LEO); OKST D99 (DRT),,,,,,,,,,LLB (5); MLB (5); ROLB (0),,C,O,TNMR 65,LWR^; HB; TE-R; SRWR; RWR^,1x3,,3-0-1-1,11,TNMR 02; TNMR 17; TNMR 18; TNMR 20; TNMR 85,TNMR 02 (HB); TNMR 08 (QB); TNMR 17 (RWR); TNMR 18 (SRWR); TNMR 20 (LWR); TNMR 62 (C); TNMR 64 (RG); TNMR 65 (RT); TNMR 72 (LT); TNMR 79 (LG); TNMR 85 (TE-R),TNMR 02 (0.0); TNMR 08 (0.0); TNMR 17 (0.0); TNMR 18 (0.0); TNMR 20 (0.0); TNMR 62 (0.0); TNMR 64 (0.0); TNMR 65 (-1.0); TNMR 72 (0.0); TNMR 79 (0.0); TNMR 85 (0.0),,F,TNMR,TNMR 17; TNMR 20,,,,3S,,,,,,,,,,,,,,,,,,,,P,,-19,RT,VOLUNTARY,LG,OKST D95,OKST D01 > TNMR 17; OKST D03 > TNMR 20,,0,,,TNMR 08,0,,,0,,HB,HB (-7),R,1; TNMR 02 (HB),,,,OUTSIDE ZONE,SPLIT,R,,-20,,S,,OKST D95,,OKST D95,,R,,,,LWR^(-17.5); SRWR(+8.5); RWR^(+16.5),,0,9,0,0,0,,false,2,1,-0.523,-0.699,,false,11,TNMR 02,TNMR 85,TNMR 17; TNMR 18; TNMR 20,PISTOL,TREY - OPEN,LWR; HB; TE-R; SRWR; RWR,1x3,TREY - OPEN,NICKEL,OKST D01; OKST D03; OKST D08; OKST D11; OKST D14,OKST D04; OKST D05; OKST D06,OKST D95; OKST D96; OKST D99,WIDE OVER,,COVER 3 SEAM,,80,,-1.358,-1.105,28752_6322890,28752-TNMR-10
6322912,28752,2025-08-28,2025,01,407560,4142,4,3,03:47,0,1,0,27,0,10,4,10,0,,,,0,0,0,7,0,,0,6322890,6322923,,27.07,0,,157,0,1.7,3.0,0,0,0,0,0,0,TNMR 18,5; OKST D00 (31); OKST D04 (08); OKST D05 (13); OKST D16 (36); OKST D95 (14),,R,,TNMR 02,LCB (7); FS (11); FSR (13); SCBiR (6); SCBoR (5); RCB (5),LOLB (08); LLB (13); LE (14); RE (31); ROLB (36),2-4-5,OKST D00 (RE); OKST D01 (LCB); OKST D03 (RCB); OKST D04 (LOLB); OKST D05 (LLB); OKST D08 (FS); OKST D11 (FSR); OKST D14 (SCBoR); OKST D16 (ROLB); OKST D26 (SCBiR); OKST D95 (LE),OKST D00 (0.0); OKST D01 (0.0); OKST D03 (0.0); OKST D04 (0.0); OKST D05 (0.0); OKST D08 (0.0); OKST D11 (0.0); OKST D14 (0.0); OKST D16 (0.0); OKST D26 (0.0); OKST D95 (+0.5),OKST D00; OKST D16; OKST D26,T,OKST,16,,LE (14); RE (31),,PUNT,-29,4,KICKOFF - TB,-25,7,SL,-19,,,,,10,,,R,L,,OKST D16; OKST D95,,,,TNMR 64 (RG); OKST D16 (ROLB); OKST D95 (LE),,,,,,,,,,LOLB (0); LLB (6); ROLB (0),,C,O,TNMR 64,LWR^; SLoWR; SLiWR; HB-R; RWR^,3x1,TE>SLiWR,3-0-1-1,11,TNMR 02; TNMR 17; TNMR 18; TNMR 20; TNMR 85,TNMR 02 (HB-R); TNMR 08 (QB); TNMR 17 (LWR); TNMR 18 (SLoWR); TNMR 20 (RWR); TNMR 62 (C); TNMR 64 (RG); TNMR 65 (RT); TNMR 72 (LT); TNMR 79 (LG); TNMR 85 (SLiWR),TNMR 02 (0.0); TNMR 08 (0.0); TNMR 17 (0.0); TNMR 18 (0.0); TNMR 20 (0.0); TNMR 62 (0.0); TNMR 64 (-0.5); TNMR 65 (0.0); TNMR 72 (0.0); TNMR 79 (0.0); TNMR 85 (0.0),,F,TNMR,TNMR 17; TNMR 20,,5; TNMR 62 (C); TNMR 64 (RG); TNMR 65 (RT); TNMR 72 (LT); TNMR 79 (LG),,3S,OKST D14,,7; OKST D01; OKST D03; OKST D05; OKST D08; OKST D11; OKST D14; OKST D26,10,M,TNMR 08 (QB),LWR 5(15); SLoWR 6(12); SLiWR 6i(10); HB-R ch6(-2); RWR 76(15),5; 6; 6; H6; 6,TNMR 17 5(15); TNMR 18 6(12); TNMR 85 6i(10); TNMR 02 ch6(-2); TNMR 20 76(15),SLoWR,TNMR 18,COMPLETE,6(12),6R,4; OKST D00 (RE); OKST D04 (LOLB); OKST D16 (ROLB); OKST D95 (LE),HURRY,14,3L,,,,-29,,,,OKST D95,,OKST D16 (CU); OKST D95 (B) TNMR 64,0,,,TNMR 08,1,OKST D16; OKST D95,TNMR 64,0,,HB-R,HB-R (-4),,1; TNMR 02 (HB-R),,,,,,P,,-20,,S,,,,,,,,,,LWR^(-18.5); SLoWR(-9.5); SLiWR(-2.5); RWR^(+12.5),,0,5,0,0,0,FELL,false,2,1,-1.222,-0.358,Hitch,false,11,TNMR 02,TNMR 85,TNMR 17; TNMR 18; TNMR 20,GUN WEAK,TRIPS - OPEN,LWR; SLoWR; SLiWR; HB-R; RWR,3x1,TRIPS - OPEN,NICKEL,OKST D01; OKST D03; OKST D08; OKST D11; OKST D14,OKST D04; OKST D05; OKST D16; OKST D26,OKST D00; OKST D95,NO INTERIOR,,COVER 3 SEAM,,81,,-2.463,0.084,28752_6322912,28752-TNMR-10
6323079,28752,2025-08-28,2025,01,407560,4331,4,1,00:08,0,,0,27,0,11,1,-3,1,,,,0,0,0,7,1,,0,6323056,,,27.07,0,,164,0,,,0,0,,0,0,0,TNMR 39,6; OKST D25 (07); OKST D30 (19); OKST D40 (35); OKST D88 (10); OKST D96 (16); OKST D99 (25),,,,,LCB (5); SCBL (6); FSL (11); SSR (10); RCB (2),LLB (07); LEO (10); DLT (16); LILB (19); DRT (25); SSR (33); ROLB (35),3-3-5,OKST D07 (SCBL); OKST D09 (RCB); OKST D13 (LCB); OKST D15 (FSL); OKST D25 (LLB); OKST D30 (LILB); OKST D32 (SSR); OKST D40 (ROLB); OKST D88 (LEO); OKST D96 (DLT); OKST D99 (DRT),OKST D07 (0.0); OKST D09 (0.0); OKST D13 (0.0); OKST D15 (0.0); OKST D25 (0.0); OKST D30 (0.0); OKST D32 (0.0); OKST D40 (+0.5); OKST D88 (+0.5); OKST D96 (-0.5); OKST D99 (0.0),DRIVE START,T,OKST,10,,LEO (10); DLT (16); DRT (25),,END OF GAME,-11,1,PUNT - DOWNED,-14,,,-14,OKST D40,,,,-3,,,L,R,,,,,,TNMR 64 (RG); TNMR 65 (RT); TNMR 72 (LT); TNMR 85 (TE-R); OKST D40 (ROLB); OKST D88 (LEO); OKST D96 (DLT),,,,,,,,,,LLB (4); LILB (5); ROLB (0),,C,O,TNMR 72; TNMR 85; OKST D96,LWR^; HB-R; TE-R; SRWR; RWR^,1x3,,3-0-1-1,11,TNMR 17; TNMR 20; TNMR 35; TNMR 39; TNMR 85,TNMR 04 (QB); TNMR 17 (RWR); TNMR 20 (SRWR); TNMR 35 (LWR); TNMR 39 (HB-R); TNMR 62 (C); TNMR 64 (RG); TNMR 65 (RT); TNMR 72 (LT); TNMR 79 (LG); TNMR 85 (TE-R),TNMR 04 (0.0); TNMR 17 (0.0); TNMR 20 (0.0); TNMR 35 (0.0); TNMR 39 (0.0); TNMR 62 (0.0); TNMR 64 (+0.5); TNMR 65 (+0.5); TNMR 72 (-1.0); TNMR 79 (0.0); TNMR 85 (-1.0),DRIVE START,F,TNMR,TNMR 17; TNMR 35,,,,3S,,,,,,,,,,,,,,,,,,,,,,-11,MR,,MR,TNMR 64; TNMR 65; OKST D40; OKST D88,OKST D09 > TNMR 35,,0,,,TNMR 04,0,,,0,,HB-R,HB-R (-5),L,1; TNMR 39 (HB-R),,,,INSIDE ZONE,READ OPTION,R,,-20,,S,,OKST D40,,OKST D40,,R,,,,LWR^(-18.5); SRWR(+9.5); RWR^(+17.5),,0,20,0,0,0,,false,1,1,-0.013,0.0,,true,11,TNMR 39,TNMR 85,TNMR 17; TNMR 20; TNMR 35,GUN STRONG,TREY - OPEN,LWR; HB-R; TE-R; SRWR; RWR,1x3,TREY - OPEN,NICKEL,OKST D07; OKST D09; OKST D13; OKST D15; OKST D32,OKST D25; OKST D30; OKST D40,OKST D88; OKST D96; OKST D99,WIDE OVER,,COVER 3 SEAM,,86,,-0.692,0.0,28752_6323079,28752-TNMR-11
6371130,28886,2025-09-06,2025,02,407739,60,1,1,15:00,0,1,0,0,0,1,1,6,0,,,,0,0,0,0,0,,1,6371105,6371146,,0.00,0,,2,0,,2.7,0,0,3,2,0,0,ORUN 09,7; OKST D04 (35); OKST D05 (28); OKST D06 (07); OKST D23 (42); OKST D95 (29); OKST D96 (23); OKST D99 (15),,R,,,LCB (5); SSL (10); FS (10); RCB (5),LOLB (07); SSL (09); LE (15); NRT (23); RILB (28); RE (29); ROLB (35); RLB (42),3-3-5,OKST D03 (LCB); OKST D04 (ROLB); OKST D05 (RILB); OKST D06 (LOLB); OKST D08 (SSL); OKST D10 (RCB); OKST D11 (FS); OKST D23 (RLB); OKST D95 (RE); OKST D96 (NRT); OKST D99 (LE),OKST D03 (0.0); OKST D04 (0.0); OKST D05 (0.0); OKST D06 (0.0); OKST D08 (0.0); OKST D10 (0.0); OKST D11 (0.0); OKST D23 (0.0); OKST D95 (0.0); OKST D96 (0.0); OKST D99 (0.0),DRIVE START,F,OKST,10,,LE (15); NRT (23); RE (29),,TOUCHDOWN,+0,2,KICKOFF - OOB,-35,0,RL,-35,OKST D10,,,,6,,,R,L,,,,,,,,,,,,,,,,LOLB (0); RILB (4); RLB (2); ROLB (0),,O,O,,LWR; TE-oL; TE-iL^; HB; RWR^,3x1,,2-0-1-2,12,ORUN 01; ORUN 02; ORUN 06; ORUN 09; ORUN 18,ORUN 01 (RWR); ORUN 02 (LWR); ORUN 05 (QB); ORUN 06 (HB); ORUN 09 (TE-iL); ORUN 18 (TE-oL); ORUN 71 (RT); ORUN 72 (C); ORUN 74 (RG); ORUN 75 (LG); ORUN 76 (LT),ORUN 01 (0.0); ORUN 02 (0.0); ORUN 05 (0.0); ORUN 06 (0.0); ORUN 09 (0.0); ORUN 18 (0.0); ORUN 71 (0.0); ORUN 72 (0.0); ORUN 74 (0.0); ORUN 75 (0.0); ORUN 76 (0.0),DRIVE START,T,ORUN,ORUN 01; ORUN 09,,5; ORUN 71 (RT); ORUN 72 (C); ORUN 74 (RG); ORUN 75 (LG); ORUN 76 (LT),,4,OKST D10,,7; OKST D03; OKST D05; OKST D06; OKST D08; OKST D10; OKST D11; OKST D23,3,M,ORUN 05 (QB),LWR xj(-4); TE-oL 7(5); TE-iL 3(2); HB fr; RWR xl(8),X; 7; 3; -; X,ORUN 02 xj(-4); ORUN 18 7(5); ORUN 09 3(2); ORUN 06 fr; ORUN 01 xl(8),TE-iL,ORUN 09,COMPLETE,3(2),1R,4; OKST D04 (ROLB); OKST D95 (RE); OKST D96 (NRT); OKST D99 (LE),,19,3L,,,ORUN 06,-41,,,,,,,0,,,ORUN 05,0,,,0,,HB,HB (-7),,1; ORUN 06 (HB),,,,OUTSIDE ZONE,,P,,0,ORUN 02* (L:R{L}>L:R{L}),,,,,OKST D10,,L;L,,,,LWR(+3.5); RWR^(+13.5),,0,6,0,0,0,,false,3,3,2.432,0.189,Out,false,12,ORUN 06,ORUN 09; ORUN 18,ORUN 01; ORUN 02,ACE,TOAD WING - OPEN,LWR; TE-oL; TE-iL; HB; RWR,3x1,TOAD WING - OPEN,NICKEL,OKST D03; OKST D08; OKST D10; OKST D11; OKST D23,OKST D04; OKST D05; OKST D06,OKST D95; OKST D96; OKST D99,UNDER,,COVER 4,,65,,2.486,0.261,28886_6371130,28886-ORUN-1
6371146,28886,2025-09-06,2025,02,407739,88,1,2,14:30,0,,0,0,0,1,2,59,0,1,,,0,0,1,0,0,,0,6371130,6371181,,0.00,0,,3,0,,,0,0,,0,0,0,ORUN 06,6; OKST D04 (34); OKST D06 (22); OKST D10 (41); OKST D95 (10); OKST D96 (19); OKST D99 (25),,,,,LCB (8); SCBoL (8); SCBiL (4); FSL (11); FS (9),LEO (10); DLT (19); MLB (22); DRT (25); ROLB (34); RLB (41),3-3-5,OKST D03 (LCB); OKST D04 (ROLB); OKST D05 (SCBiL); OKST D06 (MLB); OKST D08 (FS); OKST D10 (RLB); OKST D11 (FSL); OKST D23 (SCBoL); OKST D95 (LEO); OKST D96 (DLT); OKST D99 (DRT),OKST D03 (0.0); OKST D04 (0.0); OKST D05 (0.0); OKST D06 (-0.5); OKST D08 (-1.0); OKST D10 (0.0); OKST D11 (-1.0); OKST D23 (0.0); OKST D95 (-1.0); OKST D96 (0.0); OKST D99 (0.0),,F,OKST,4,,LEO (10); DLT (19); DRT (25),,TOUCHDOWN,+0,2,KICKOFF - OOB,-35,,,-41,,,,,59,,,L,R,,,,,,ORUN 06 (HB); ORUN 18 (TE-L); ORUN 71 (RT); ORUN 75 (LG); OKST D05 (SCBiL); OKST D06 (MLB); OKST D08 (FS); OKST D11 (FSL); OKST D95 (LEO),,,,,,,,,,MLB (5); RLB (5); ROLB (0),OKST D08; OKST D11,O,O,OKST D06; OKST D08; OKST D11; OKST D95,TE-L; HB; SRiWR; SRoWR^; RWR^,1x3,HB>SRiWR,2-0-2-1,21,ORUN 01; ORUN 02; ORUN 06; ORUN 18; ORUN 23,ORUN 01 (RWR); ORUN 02 (SRoWR); ORUN 05 (QB); ORUN 06 (HB); ORUN 18 (TE-L); ORUN 23 (SRiWR); ORUN 71 (RT); ORUN 72 (C); ORUN 74 (RG); ORUN 75 (LG); ORUN 76 (LT),ORUN 01 (0.0); ORUN 02 (0.0); ORUN 05 (0.0); ORUN 06 (+1.0); ORUN 18 (0.0); ORUN 23 (0.0); ORUN 71 (+0.5); ORUN 72 (0.0); ORUN 74 (0.0); ORUN 75 (+0.5); ORUN 76 (0.0),ORUN 23,T,ORUN,ORUN 01; ORUN 02,,,,4,,,,,,,,,,,,,,,,,,,,P,,+0,RG,,RG,ORUN 06; ORUN 71; ORUN 75,,,0,,,ORUN 05,0,,,0,,HB,HB (-7),R,1; ORUN 06 (HB),,,,COUNTER,CROSS LEAD,R,,0,ORUN 23* (R:L{R}),S,,,,,,L,ORUN 06,,,SRiWR(-2.5); SRoWR^(+12.5); RWR^(+17.5),,0,16,0,0,0,,false,3,3,2.621,4.379,,false,21,ORUN 06; ORUN 23,ORUN 18,ORUN 01; ORUN 02,PISTOL,TRIPS - CLOSED,TE-L; HB; SRiWR; SRoWR; RWR,1x3,TRIPS - CLOSED,NICKEL,OKST D03; OKST D08; OKST D10; OKST D11; OKST D23,OKST D04; OKST D05; OKST D06,OKST D95; OKST D96; OKST D99,EVEN,,COVER 4,,59,,2.747,4.253,28886_6371146,28886-ORUN-1
6371681,28886,2025-09-06,2025,02,407739,249,1,1,13:36,1,1,1,0,0,2,1,65,0,1,,,0,0,0,7,0,,0,6371476,6371711,,7.00,0,,10,1,,3.3,0,0,29,21,0,0,ORUN 01,6; OKST D04 (07); OKST D05 (26); OKST D06 (17); OKST D95 (29); OKST D96 (22); OKST D99 (15),,C,ORUN 18,,LCB (1); FS (10); SSR (7); SCBR (3); RCB (6),LOLB (07); LE (15); LILB (17); NT (22); RILB (26); RE (29); SSR (35),3-3-5,OKST D03 (LCB); OKST D04 (LOLB); OKST D05 (RILB); OKST D06 (LILB); OKST D10 (RCB); OKST D11 (SSR); OKST D14 (SCBR); OKST D18 (FS); OKST D95 (RE); OKST D96 (NT); OKST D99 (LE),OKST D03 (0.0); OKST D04 (0.0); OKST D05 (0.0); OKST D06 (0.0); OKST D10 (-1.5); OKST D11 (0.0); OKST D14 (0.0); OKST D18 (-1.0); OKST D95 (0.0); OKST D96 (0.0); OKST D99 (0.0),DRIVE START,F,OKST,10,,LE (15); NT (22); RE (29),,TOUCHDOWN,+0,1,PUNT - FC,-35,0,RL,-35,OKST D18,,,,65,,,R,L,,,,,,ORUN 01 (LWR); ORUN 05 (QB); OKST D10 (RCB); OKST D18 (FS),,,,,,,,,,LOLB (0); LILB (2); RILB (4),OKST D18,C,C,OKST D10; OKST D18,LWR; SLWR^; TE-L; HB-L; RWR^,3x1,,3-0-1-1,11,ORUN 01; ORUN 02; ORUN 06; ORUN 11; ORUN 18,ORUN 01 (LWR); ORUN 02 (SLWR); ORUN 05 (QB); ORUN 06 (HB-L); ORUN 11 (RWR); ORUN 18 (TE-L); ORUN 71 (RT); ORUN 72 (C); ORUN 74 (RG); ORUN 75 (LG); ORUN 76 (LT),ORUN 01 (+1.5); ORUN 02 (0.0); ORUN 05 (+1.0); ORUN 06 (0.0); ORUN 11 (0.0); ORUN 18 (0.0); ORUN 71 (0.0); ORUN 72 (0.0); ORUN 74 (0.0); ORUN 75 (0.0); ORUN 76 (0.0),DRIVE START,T,ORUN,ORUN 02; ORUN 11,,6; ORUN 06 (HB-L); ORUN 71 (RT); ORUN 72 (C); ORUN 74 (RG); ORUN 75 (LG); ORUN 76 (LT),,3b,OKST D10,,7; OKST D03; OKST D04; OKST D05; OKST D10; OKST D11; OKST D14; OKST D18,36,L,ORUN 05 (QB),LWR 39(10); SLWR 9s; TE-L k1; HB-L kr; RWR 79(15),9; 9; 3; -; 9,ORUN 01 39(10); ORUN 02 9s; ORUN 18 k1; ORUN 06 kr; ORUN 11 79(15),LWR,ORUN 01,COMPLETE,39(10),39R,4; OKST D06 (LILB); OKST D95 (RE); OKST D96 (NT); OKST D99 (LE),,2,2L,,,,+0,,,,ORUN 01; ORUN 05,OKST D03 > ORUN 11,,0,,,ORUN 05,0,,,0,,HB-L,HB-L (-6),R,1; ORUN 06 (HB-L),,,,,,P,,+7,ORUN 01* (R:L{L}),S,,,,,,L,ORUN 01,,,LWR(-6.5); SLWR^(+0.5); RWR^(+13.5),,0,7,0,0,0,,false,3,3,2.417,4.583,Out & Up,false,11,ORUN 06,ORUN 18,ORUN 01; ORUN 02; ORUN 11,GUN STRONG,TREY - OPEN,LWR; SLWR; TE-L; HB-L; RWR,3x1,TREY - OPEN,NICKEL,OKST D03; OKST D10; OKST D11; OKST D14; OKST D18,OKST D04; OKST D05; OKST D06,OKST D95; OKST D96; OKST D99,ODD,SINGLE MUG,COVER 3,,65,,2.486,4.514,28886_6371681,28886-ORUN-2
6372126,28886,2025-09-06,2025,02,407739,437,1,1,11:19,0,,0,0,0,3,1,12,0,1,,,0,0,0,13,0,,0,6371970,6372156,,13.00,0,,18,0,,,0,0,,2,0,0,ORUN 06,6; OKST D00 (17); OKST D03 (43); OKST D04 (10); OKST D06 (38); OKST D17 (30); OKST D71 (23),,,,,LCB (1); SCBoL (4); SCBiL (5); SSL (8); FS (11),SSL (00); LOLB (10); DLT (17); NRT (23); RE (30); ROLB (38); RLB (43),3-3-5,OKST D00 (DLT); OKST D01 (LCB); OKST D03 (RLB); OKST D04 (LOLB); OKST D05 (SCBiL); OKST D06 (ROLB); OKST D08 (FS); OKST D11 (SSL); OKST D17 (RE); OKST D23 (SCBoL); OKST D71 (NRT),OKST D00 (0.0); OKST D01 (0.0); OKST D03 (0.0); OKST D04 (0.0); OKST D05 (-1.0); OKST D06 (0.0); OKST D08 (0.0); OKST D11 (0.0); OKST D17 (0.0); OKST D23 (0.0); OKST D71 (-0.5),DRIVE START,F,OKST,10,,DLT (17); NRT (23); RE (30),,DOWNS,+44,7,PUNT - FC,-27,,,-27,OKST D08,,,,12,,,L,R,,,,,,ORUN 06 (HB); ORUN 72 (C); ORUN 75 (LG); ORUN 76 (LT); OKST D05 (SCBiL); OKST D17 (RE); OKST D71 (NRT),,,,,,,,,,LOLB (0); RLB (5); ROLB (0),,C,O,OKST D05; OKST D71,TE-L^; HB; SRiWR; SRoWR; RWR^,1x3,,3-0-1-1,11,ORUN 02; ORUN 04; ORUN 06; ORUN 14; ORUN 18,ORUN 02 (SRoWR); ORUN 04 (RWR); ORUN 05 (QB); ORUN 06 (HB); ORUN 14 (SRiWR); ORUN 18 (TE-L); ORUN 71 (RT); ORUN 72 (C); ORUN 74 (RG); ORUN 75 (LG); ORUN 76 (LT),ORUN 02 (0.0); ORUN 04 (0.0); ORUN 05 (0.0); ORUN 06 (+0.5); ORUN 14 (0.0); ORUN 18 (0.0); ORUN 71 (0.0); ORUN 72 (+0.5); ORUN 74 (0.0); ORUN 75 (+1.0); ORUN 76 (0.0),DRIVE START,T,ORUN,ORUN 04; ORUN 18,,,,1,,,,,,,,,,,,,,,,,,,,,,-39,ML,,ML,ORUN 06; ORUN 72; ORUN 75,OKST D01 > ORUN 04,,0,,,ORUN 05,0,,,0,,HB,HB (-7),L,1; ORUN 06 (HB),,,,MAN,CROSS LEAD,R,,+13,ORUN 14* (L:Rx); ORUN 18 (R:Lx),,,,,OKST D08,,L,,,,SRiWR(-2.5); SRoWR(+8.5); RWR^(+17.5),,0,8,0,0,0,,false,3,3,1.727,0.861,,false,11,ORUN 06,ORUN 18,ORUN 02; ORUN 04; ORUN 14,ACE,TRIPS - CLOSED,LWR; HB; TE-R; SRWR; RWR,1x3,TREY - OPEN,NICKEL,OKST D01; OKST D03; OKST D08; OKST D11; OKST D23,OKST D04; OKST D05; OKST D06,OKST D00; OKST D17; OKST D71,UNDER,,COVER 1,,73,,1.858,0.918,28886_6372126,28886-ORUN-3
6372156,28886,2025-09-06,2025,02,407739,463,1,1,10:47,0,,0,0,0,3,2,11,0,1,,,0,0,0,13,0,,0,6372126,6372178,,13.00,0,,19,0,,,0,0,,3,0,0,ORUN 06,7; OKST D00 (09); OKST D03 (44); OKST D04 (34); OKST D05 (12); OKST D06 (25); OKST D17 (26); OKST D71 (19),,,,,LCB (2); SCBoL (6); SCBiL (10); FS (11),LEO (09); LLB (12); DLT (19); RILB (25); DRT (26); REO (34); RLB (44),3-3-5,OKST D00 (LEO); OKST D01 (LCB); OKST D03 (RLB); OKST D04 (REO); OKST D05 (LLB); OKST D06 (RILB); OKST D08 (FS); OKST D11 (SCBiL); OKST D17 (DRT); OKST D23 (SCBoL); OKST D71 (DLT),OKST D00 (0.0); OKST D01 (0.0); OKST D03 (-0.5); OKST D04 (0.0); OKST D05 (-0.5); OKST D06 (-1.0); OKST D08 (0.0); OKST D11 (0.0); OKST D17 (0.0); OKST D23 (0.0); OKST D71 (0.0),,F,OKST,10,,LEO (09); DLT (19); DRT (26); REO (34),,DOWNS,+44,7,PUNT - FC,-27,,,-39,OKST D08,,,,11,,,L,R,,,,,,ORUN 06 (HB-R); ORUN 18 (TE-L); ORUN 71 (RT); ORUN 72 (C); ORUN 75 (LG); OKST D03 (RLB); OKST D04 (REO); OKST D05 (LLB); OKST D06 (RILB),,,,,,,,,,LLB (5); RILB (5); RLB (5),,O,O,OKST D03; OKST D05; OKST D06,TE-L^; HB-R; SRiWR; SRoWR; RWR^,1x3,,3-0-1-1,11,ORUN 02; ORUN 04; ORUN 06; ORUN 14; ORUN 18,ORUN 02 (SRiWR); ORUN 04 (RWR); ORUN 05 (QB); ORUN 06 (HB-R); ORUN 14 (SRoWR); ORUN 18 (TE-L); ORUN 71 (RT); ORUN 72 (C); ORUN 74 (RG); ORUN 75 (LG); ORUN 76 (LT),ORUN 02 (0.0); ORUN 04 (0.0); ORUN 05 (0.0); ORUN 06 (+0.5); ORUN 14 (0.0); ORUN 18 (0.0); ORUN 71 (+0.5); ORUN 72 (+0.5); ORUN 74 (0.0); ORUN 75 (+0.5); ORUN 76 (0.0),,T,ORUN,ORUN 04; ORUN 18,,,,4,,,,,,,TE-L r; HB-R r; SRiWR 0u(-3); SRoWR z; RWR 9z,-; -; 0; -; 9,ORUN 18 r; ORUN 06 r; ORUN 02 0u(-3); ORUN 14 z; ORUN 04 9z,,,,,,,,,,,,,+50,LE,,LE,ORUN 06; ORUN 71; ORUN 72; ORUN 75,,,0,,,ORUN 05,0,,,0,,HB-R,HB-R (-6),L,1; ORUN 06 (HB-R),,,,PULL LEAD,,R,,+13,ORUN 06* (B:B),S,,,,OKST D08,,L,,,,SRiWR(+4.5); SRoWR(+9.5); RWR^(+17.5),,1,15,0,0,0,,true,3,3,2.588,0.689,,false,11,ORUN 06,ORUN 18,ORUN 02; ORUN 04; ORUN 14,GUN WEAK,TRIPS - CLOSED,TE-L; HB-L; SRiWR; SRoWR; RWR,1x3,TRIPS - CLOSED,NICKEL,OKST D01; OKST D03; OKST D08; OKST D11; OKST D23,OKST D04; OKST D05; OKST D06,OKST D00; OKST D17; OKST D71,WIDE OVER,,COVER 4,,61,,2.776,0.702,28886_6372156,28886-ORUN-3
6372178,28886,2025-09-06,2025,02,407739,489,1,1,10:16,0,1,0,0,0,3,3,5,0,,,,0,0,0,13,0,-10,1,6372156,6372229,,13.00,1,,20,0,,3.5,0,0,10,0,0,0,ORUN 27,7; OKST D00 (16); OKST D04 (09); OKST D05 (27); OKST D06 (42); OKST D17 (29); OKST D23 (09); OKST D71 (23),ORUN 14; ORUN 18,R,,,LCB (1); FSL (12); SSR (10); RCB (6),LOLB (09); LLB (09); DLT (16); NRT (23); RILB (27); RE (29); SSR (33); ROLB (42),3-3-5,OKST D00 (DLT); OKST D01 (LCB); OKST D03 (RCB); OKST D04 (LOLB); OKST D05 (RILB); OKST D06 (ROLB); OKST D08 (SSR); OKST D11 (FSL); OKST D17 (RE); OKST D23 (LLB); OKST D71 (NRT),OKST D00 (0.0); OKST D01 (0.0); OKST D03 (0.0); OKST D04 (0.0); OKST D05 (0.0); OKST D06 (0.0); OKST D08 (0.0); OKST D11 (0.0); OKST D17 (0.0); OKST D23 (0.0); OKST D71 (0.0),,F,OKST,10,,DLT (16); NRT (23); RE (29),,DOWNS,+44,7,PUNT - FC,-27,8,SD,+50,,,,,-5,,,L,R,,,,,,ORUN 09 (TE-L); ORUN 27 (HB-L); OKST D06 (ROLB),,,,,,,,,,LOLB (0); LLB (4); RILB (4); ROLB (0),,C,O,ORUN 09,LWR; SLWR^; TE-L; HB-L; RWR^,3x1,TE>SLWR,2-0-1-2,12,ORUN 04; ORUN 09; ORUN 14; ORUN 18; ORUN 27,ORUN 04 (RWR); ORUN 05 (QB); ORUN 09 (TE-L); ORUN 14 (LWR); ORUN 18 (SLWR); ORUN 27 (HB-L); ORUN 71 (RT); ORUN 72 (C); ORUN 74 (RG); ORUN 75 (LG); ORUN 76 (LT),ORUN 04 (0.0); ORUN 05 (0.0); ORUN 09 (-1.0); ORUN 14 (0.0); ORUN 18 (0.0); ORUN 27 (+0.5); ORUN 71 (0.0); ORUN 72 (0.0); ORUN 74 (0.0); ORUN 75 (0.0); ORUN 76 (0.0),ORUN 09; ORUN 27,T,ORUN,ORUN 04; ORUN 18,,5; ORUN 71 (RT); ORUN 72 (C); ORUN 74 (RG); ORUN 75 (LG); ORUN 76 (LT),,3,OKST D06,,7; OKST D01; OKST D03; OKST D05; OKST D06; OKST D08; OKST D11; OKST D23,-5,L,ORUN 05 (QB),LWR 4(13); SLWR xl(7); TE-L 1z; HB-L flh3(-5); RWR 8si(15),4; X; 3; H3; 8,ORUN 14 4(13); ORUN 18 xl(7); ORUN 09 1z; ORUN 27 flh3(-5); ORUN 04 8si(15),HB-L,ORUN 27,COMPLETE,flh3(-5),H3,4; OKST D00 (DLT); OKST D04 (LOLB); OKST D17 (RE); OKST D71 (NRT),,3,2L,ORUN 09 OH,,ORUN 27,-45,,,,ORUN 27,OKST D01 > ORUN 04,,0,,,ORUN 05,0,,,0,,HB-L,HB-L (-6),,1; ORUN 27 (HB-L),,,,POWER,,P,,+13,,S,,,,,,L,,,,LWR(-14.5); SLWR^(-12.5); RWR^(+11.5),,0,15,0,0,0,PENALTY,false,3,3,3.277,-0.472,Flare,false,12,ORUN 27,ORUN 09; ORUN 18,ORUN 04; ORUN 14,GUN STRONG,TREY - OPEN,LWR; SLWR; TE-L; HB-L; RWR,3x1,TREY - OPEN,NICKEL,OKST D01; OKST D03; OKST D08; OKST D11; OKST D23,OKST D04; OKST D05; OKST D06,OKST D00; OKST D17; OKST D71,UNDER,,COVER 3,,50,,3.478,-0.842,28886_6372178,28886-ORUN-3
6372229,28886,2025-09-06,2025,02,407739,528,1,1,09:50,1,1,0,0,0,3,4,1,0,,,,0,0,0,13,0,,0,6372178,6372245,,13.00,1,,21,1,,1.6,0,0,8,1,0,0,ORUN 22,6; OKST D00 (10); OKST D04 (40); OKST D05 (07); OKST D06 (18); OKST D17 (25); OKST D71 (16),ORUN 14; ORUN 18,R,,,LCB (8); SCBoL (5); SCBiL (10); FS (10); RCB (1),LOLB (07); LEO (10); DLT (16); LILB (18); DRT (25); ROLB (40),3-3-5,OKST D00 (LEO); OKST D01 (LCB); OKST D03 (RCB); OKST D04 (ROLB); OKST D05 (LOLB); OKST D06 (LILB); OKST D08 (FS); OKST D11 (SCBiL); OKST D17 (DRT); OKST D23 (SCBoL); OKST D71 (DLT),OKST D00 (0.0); OKST D01 (0.0); OKST D03 (0.0); OKST D04 (+0.5); OKST D05 (0.0); OKST D06 (+0.5); OKST D08 (0.0); OKST D11 (+0.5); OKST D17 (0.0); OKST D23 (-0.5); OKST D71 (0.0),,T,OKST,15,,LEO (10); DLT (16); DRT (25),,DOWNS,+44,7,PUNT - FC,-27,7,SD,-45,OKST D23,,,,1,,,L,R,,,,,,ORUN 14 (RWR); ORUN 22 (HB-R); ORUN 27 (SRiWR); ORUN 76 (LT); OKST D04 (ROLB); OKST D06 (LILB); OKST D11 (SCBiL); OKST D23 (SCBoL),,,,,,,,,,LOLB (0); LILB (5); ROLB (0),OKST D23,C,O,ORUN 14; ORUN 27; ORUN 76; OKST D23,LWR^; HB-R; SRiWR; SRoWR; RWR^,1x3,HB>SRiWR; TE>SRoWR,2-0-2-1,21,ORUN 04; ORUN 14; ORUN 18; ORUN 22; ORUN 27,ORUN 04 (LWR); ORUN 05 (QB); ORUN 14 (RWR); ORUN 18 (SRoWR); ORUN 22 (HB-R); ORUN 27 (SRiWR); ORUN 71 (RT); ORUN 72 (C); ORUN 74 (RG); ORUN 75 (LG); ORUN 76 (LT),ORUN 04 (0.0); ORUN 05 (0.0); ORUN 14 (-0.5); ORUN 18 (0.0); ORUN 22 (0.0); ORUN 27 (-0.5); ORUN 71 (0.0); ORUN 72 (0.0); ORUN 74 (0.0); ORUN 75 (0.0); ORUN 76 (-0.5),ORUN 22,F,ORUN,ORUN 04; ORUN 14,,6; ORUN 18 (SRoWR); ORUN 71 (RT); ORUN 72 (C); ORUN 74 (RG); ORUN 75 (LG); ORUN 76 (LT),,3b,OKST D23,,6; OKST D01; OKST D03; OKST D06; OKST D08; OKST D11; OKST D23,-7,M,ORUN 05 (QB),LWR 9z; HB-R h2(-6); SRiWR 1z; SRoWR k; RWR z,9; H2; 3; -; -,ORUN 04 9z; ORUN 22 h2(-6); ORUN 27 1z; ORUN 18 k; ORUN 14 z,HB-R,ORUN 22,COMPLETE,h2(-6),H2,5; OKST D00 (LEO); OKST D04 (ROLB); OKST D05 (LOLB); OKST D17 (DRT); OKST D71 (DLT),,30,4,,,,-46,,,,OKST D04; OKST D06; OKST D11,OKST D03 > ORUN 04,OKST D04 (I) ORUN 76,0,,,ORUN 05,0,,,0,,HB-R,HB-R (-5),,1; ORUN 22 (HB-R),,,,,,P,,+13,ORUN 27* (L:Rx),S,,OKST D06,,OKST D06,OKST D11,,,,,LWR^(-14.5); SRiWR(-4.5); SRoWR(+1.5); RWR^(+3.5),,0,8,0,0,0,,false,3,3,2.805,-0.667,Flare,false,21,ORUN 22; ORUN 27,ORUN 18,ORUN 04; ORUN 14,GUN STRONG,TRIPS - OPEN,LWR; SLWR; HB-R; SRWR; RWR,2x2,SLOT - SLOT,NICKEL,OKST D01; OKST D03; OKST D08; OKST D11; OKST D23,OKST D04; OKST D05; OKST D06,OKST D00; OKST D17; OKST D71,WIDE OVER,,COVER 3,,55,,2.636,-0.46,28886_6372229,28886-ORUN-3
6372245,28886,2025-09-06,2025,02,407739,556,1,2,09:14,1,0,0,0,0,3,5,,0,,,,0,0,0,13,0,,0,6372229,6372289,,13.00,0,,22,0,,2.3,0,0,,,0,0,,5; OKST D00 (30); OKST D05 (21); OKST D17 (15); OKST D40 (07); OKST D71 (22),,C,,,LCB (0); SCBL (1); SSL (9); FSR (12); SCBR (5); RCB (2),SSL (00); LOLB (07); LE (15); MLB (21); NT (22); RE (30),3-3-5,OKST D00 (RE); OKST D01 (LCB); OKST D03 (RCB); OKST D05 (MLB); OKST D06 (SCBL); OKST D08 (SSL); OKST D11 (FSR); OKST D17 (LE); OKST D23 (SCBR); OKST D40 (LOLB); OKST D71 (NT),OKST D00 (0.0); OKST D01 (0.0); OKST D03 (+0.5); OKST D05 (0.0); OKST D06 (0.0); OKST D08 (0.0); OKST D11 (0.0); OKST D17 (0.0); OKST D23 (0.0); OKST D40 (0.0); OKST D71 (0.0),OKST D40,T,OKST,14,,LE (15); NT (22); RE (30),,DOWNS,+44,7,PUNT - FC,-27,8,SD,-46,,,,,0,,,R,L,,,OT,,,ORUN 05 (QB); OKST D03 (RCB),,,,,,,,,,LOLB (1); MLB (5),,C,C,ORUN 05,LWR^; SLWR; HB-R; SRWR; RWR^,2x2,TE>SLWR; TE>SRWR,2-0-1-2,12,ORUN 04; ORUN 09; ORUN 14; ORUN 18; ORUN 27,ORUN 04 (LWR); ORUN 05 (QB); ORUN 09 (SRWR); ORUN 14 (RWR); ORUN 18 (SLWR); ORUN 27 (HB-R); ORUN 71 (RT); ORUN 72 (C); ORUN 74 (RG); ORUN 75 (LG); ORUN 76 (LT),ORUN 04 (0.0); ORUN 05 (-0.5); ORUN 09 (0.0); ORUN 14 (0.0); ORUN 18 (0.0); ORUN 27 (0.0); ORUN 71 (0.0); ORUN 72 (0.0); ORUN 74 (0.0); ORUN 75 (0.0); ORUN 76 (0.0),ORUN 09,F,ORUN,ORUN 04; ORUN 14,,6; ORUN 27 (HB-R); ORUN 71 (RT); ORUN 72 (C); ORUN 74 (RG); ORUN 75 (LG); ORUN 76 (LT),,1b,OKST D03,,6; OKST D01; OKST D03; OKST D05; OKST D08; OKST D11; OKST D23,15,L,ORUN 05 (QB),LWR 9o; SLWR 9s; HB-R kr; SRWR 9s; RWR 9o,9; 9; -; 9; 9,ORUN 04 9o; ORUN 18 9s; ORUN 27 kr; ORUN 09 9s; ORUN 14 9o,LWR,ORUN 04,INCOMPLETE,9o,9R,5; OKST D00 (RE); OKST D06 (SCBL); OKST D17 (LE); OKST D40 (LOLB); OKST D71 (NT),,1,1L,,,,-46,,,,OKST D03,OKST D01 > ORUN 14; OKST D03 > ORUN 04,,0,,,ORUN 05,0,,,0,,HB-R,HB-R (-5),R,1; ORUN 27 (HB-R),,,,,,P,,+13,,S,,,,,,,,,,LWR^(-17.5); SLWR(-7.5); SRWR(+12.5); RWR^(+19.5),,0,12,0,0,0,,false,3,3,2.138,-1.031,Go,false,12,ORUN 27,ORUN 09; ORUN 18,ORUN 04; ORUN 14,GUN WEAK,SLOT - SLOT,LWR; SLWR; HB-R; SRWR; RWR,2x2,SLOT - SLOT,NICKEL,OKST D01; OKST D03; OKST D08; OKST D11; OKST D23,OKST D05; OKST D06; OKST D40,OKST D00; OKST D17; OKST D71,ODD,,COVER 1,,54,,2.176,-1.048,28886_6372245,28886-ORUN-3
6372289,28886,2025-09-06,2025,02,407739,582,1,3,09:09,0,1,0,0,0,3,6,10,0,,,,0,0,0,13,0,,0,6372245,6372350,,13.00,1,,23,0,,2.0,0,0,9,2,0,0,ORUN 14,6; OKST D00 (35); OKST D05 (30); OKST D16 (41); OKST D26 (14); OKST D40 (05); OKST D95 (25),,L,,,LCB (6); FSL (11); SS (7); FSR (15); SCBoR (9); RCB (9),LOLB (05); SS (14); DRT (25); RLB (30); REO (35); ROLB (41),2-4-5,OKST D00 (REO); OKST D01 (LCB); OKST D03 (RCB); OKST D05 (RLB); OKST D08 (FSL); OKST D11 (FSR); OKST D16 (ROLB); OKST D23 (SCBoR); OKST D26 (SS); OKST D40 (LOLB); OKST D95 (DRT),OKST D00 (0.0); OKST D01 (+0.5); OKST D03 (0.0); OKST D05 (-0.5); OKST D08 (0.0); OKST D11 (0.0); OKST D16 (0.0); OKST D23 (0.0); OKST D26 (-1.0); OKST D40 (0.0); OKST D95 (0.0),OKST D16; OKST D26; OKST D95,T,OKST,14,,DRT (25); REO (35),,DOWNS,+44,7,PUNT - FC,-27,8,SD,-46,OKST D01,,,,10,,,R,L,,,,,,ORUN 14 (RWR); ORUN 18 (SLiWR); OKST D01 (LCB); OKST D05 (RLB); OKST D26 (SS),,,,,,,,,,LOLB (0); RLB (6); ROLB (0),OKST D26,O,O,OKST D05; OKST D26,LWR^; SLoWR; SLiWR; HB-L; RWR^,3x1,TE>SLiWR,3-0-1-1,11,ORUN 02; ORUN 04; ORUN 14; ORUN 18; ORUN 27,ORUN 02 (SLoWR); ORUN 04 (LWR); ORUN 05 (QB); ORUN 14 (RWR); ORUN 18 (SLiWR); ORUN 27 (HB-L); ORUN 71 (RT); ORUN 72 (C); ORUN 74 (RG); ORUN 75 (LG); ORUN 76 (LT),ORUN 02 (0.0); ORUN 04 (0.0); ORUN 05 (0.0); ORUN 14 (0.0); ORUN 18 (+0.5); ORUN 27 (0.0); ORUN 71 (0.0); ORUN 72 (0.0); ORUN 74 (0.0); ORUN 75 (0.0); ORUN 76 (0.0),ORUN 02,F,ORUN,ORUN 04; ORUN 14,,5; ORUN 71 (RT); ORUN 72 (C); ORUN 74 (RG); ORUN 75 (LG); ORUN 76 (LT),,2,OKST D01,OKST D26,7; OKST D01; OKST D03; OKST D05; OKST D08; OKST D11; OKST D23; OKST D26,1,M,ORUN 05 (QB),LWR z; SLoWR 9z; SLiWR z; HB-L z; RWR xd(1),-; 9; -; -; X,ORUN 04 z; ORUN 02 9z; ORUN 18 z; ORUN 27 z; ORUN 14 xd(1),RWR,ORUN 14,COMPLETE,xd(1),XR,4; OKST D00 (REO); OKST D16 (ROLB); OKST D40 (LOLB); OKST D95 (DRT),,30,4,,,,+44,,,,ORUN 18; OKST D01,,,0,,,ORUN 05,0,,,0,,HB-L,HB-L (-5),,1; ORUN 27 (HB-L),,,,,,P,,+13,ORUN 14 (R:L{R}); ORUN 18 (R:Lx); ORUN 27 (B:B),S,,OKST D01,,OKST D01,,,,,,LWR^(-17.5); SLoWR(-9.5); SLiWR(-4.5); RWR^(+17.5),,0,1,0,0,0,,false,3,3,1.107,0.667,Drag,true,11,ORUN 27,ORUN 18,ORUN 02; ORUN 04; ORUN 14,GUN STRONG,TRIPS - OPEN,LWR; SLWR; HB-R; SRWR; RWR,2x2,SLOT - SLOT,NICKEL,OKST D01; OKST D03; OKST D08; OKST D11; OKST D23,OKST D05; OKST D16; OKST D26; OKST D40,OKST D00; OKST D95,ONE INTERIOR,,COVER 2,,54,,1.128,0.009,28886_6372289,28886-ORUN-3
6372350,28886,2025-09-06,2025,02,407739,610,1,4,08:32,1,0,0,0,0,3,7,,0,,,,0,0,0,13,0,,0,6372289,6372521,,13.00,0,,24,1,,1.8,0,0,,,0,0,,6; OKST D00 (30); OKST D05 (38); OKST D16 (16); OKST D26 (03); OKST D40 (07); OKST D95 (22),ORUN 14; ORUN 18,C,,,LCB (1); SCBL (6); FS (10); SCBR (3); RCB (6),LOLB (03); LOLB (07); LILB (16); NT (22); RE (30); ROLB (38),2-4-5,OKST D00 (RE); OKST D01 (LCB); OKST D03 (RCB); OKST D05 (ROLB); OKST D08 (FS); OKST D11 (SCBL); OKST D16 (LILB); OKST D23 (SCBR); OKST D26 (LOLB); OKST D40 (LOLB); OKST D95 (NT),OKST D00 (0.0); OKST D01 (0.0); OKST D03 (0.0); OKST D05 (0.0); OKST D08 (0.0); OKST D11 (+0.5); OKST D16 (0.0); OKST D23 (0.0); OKST D26 (0.0); OKST D40 (0.0); OKST D95 (0.0),,T,OKST,4,,NT (22); RE (30),,DOWNS,+44,7,PUNT - FC,-27,7,SD,+44,,,,,0,,,L,R,,,OT,,,ORUN 05 (QB); OKST D11 (SCBL),,,,,,,,,,LOLB (1); LOLB (0); LILB (0); ROLB (1),,C,C,ORUN 05,LWR; SLWR^; HB-L; SRWR; RWR^,2x2,TE>SLWR,3-0-1-1,11,ORUN 02; ORUN 04; ORUN 06; ORUN 14; ORUN 18,ORUN 02 (SRWR); ORUN 04 (RWR); ORUN 05 (QB); ORUN 06 (HB-L); ORUN 14 (LWR); ORUN 18 (SLWR); ORUN 71 (RT); ORUN 72 (C); ORUN 74 (RG); ORUN 75 (LG); ORUN 76 (LT),ORUN 02 (0.0); ORUN 04 (0.0); ORUN 05 (-0.5); ORUN 06 (0.0); ORUN 14 (0.0); ORUN 18 (0.0); ORUN 71 (0.0); ORUN 72 (0.0); ORUN 74 (0.0); ORUN 75 (0.0); ORUN 76 (0.0),ORUN 06,F,ORUN,ORUN 04; ORUN 18,,6; ORUN 06 (HB-L); ORUN 71 (RT); ORUN 72 (C); ORUN 74 (RG); ORUN 75 (LG); ORUN 76 (LT),,3Sb,OKST D11,,7; OKST D01; OKST D03; OKST D05; OKST D08; OKST D11; OKST D16; OKST D23,4,M,ORUN 05 (QB),LWR xd(2); SLWR 4o(10); HB-L kr; SRWR xg(5); RWR 9y,X; 4; -; X; 9,ORUN 14 xd(2); ORUN 18 4o(10); ORUN 06 kr; ORUN 02 xg(5); ORUN 04 9y,SRWR,ORUN 02,INCOMPLETE,xg(5),3R,4; OKST D00 (RE); OKST D26 (LOLB); OKST D40 (LOLB); OKST D95 (NT),,41,5R,,,,+44,,,,OKST D11,OKST D01 > ORUN 04,,0,,,ORUN 05,0,,,0,,HB-L,HB-L (-5),R,1; ORUN 06 (HB-L),,,,,,P,,+13,ORUN 02* (L:Rx),S,,,,,,,,,,LWR(-13.5); SLWR^(-12.5); SRWR(-2.5); RWR^(+7.5),,0,6,0,0,0,,false,2,3,1.774,-3.448,Ghost,false,11,ORUN 06,ORUN 18,ORUN 02; ORUN 04; ORUN 14,GUN STRONG,SLOT - SLOT,LWR; SLoWR; SLiWR; HB-L; RWR,3x1,TRIPS - OPEN,NICKEL,OKST D01; OKST D03; OKST D08; OKST D11; OKST D23,OKST D05; OKST D16; OKST D26; OKST D40,OKST D00; OKST D95,ODD,SINGLE MUG,COVER 3 SEAM,,44,,1.137,-3.082,28886_6372350,28886-ORUN-3
6372645,28886,2025-09-06,2025,02,407739,763,1,1,07:15,0,,0,0,0,4,1,9,0,,,,0,0,0,13,0,,0,6372599,6372701,,13.00,0,,30,0,,,0,0,,3,0,0,ORUN 06,6; OKST D04 (36); OKST D05 (27); OKST D06 (17); OKST D94 (27); OKST D95 (10); OKST D96 (19),,,,,LCB (1); SSL (9); FSR (11); SCBR (5); RCB (7),SSL (00); LEO (10); LILB (17); DLT (19); DRT (27); RILB (27); ROLB (36),3-3-5,OKST D01 (LCB); OKST D04 (ROLB); OKST D05 (RILB); OKST D06 (LILB); OKST D10 (RCB); OKST D11 (SSL); OKST D18 (FSR); OKST D23 (SCBR); OKST D94 (DRT); OKST D95 (LEO); OKST D96 (DLT),OKST D01 (0.0); OKST D04 (0.0); OKST D05 (-1.0); OKST D06 (0.0); OKST D10 (0.0); OKST D11 (0.0); OKST D18 (0.0); OKST D23 (0.0); OKST D94 (-0.5); OKST D95 (0.0); OKST D96 (0.0),DRIVE START,F,OKST,10,,LEO (10); DLT (19); DRT (27),,TOUCHDOWN,+0,5,PUNT - TB,-20,,,-20,OKST D18,,,,9,,,L,R,,,,,,ORUN 06 (HB-L); ORUN 27 (HB-R); ORUN 72 (C); ORUN 75 (LG); OKST D05 (RILB); OKST D94 (DRT); OKST D96 (DLT),,,,,,,,,,LILB (5); RILB (5); ROLB (0),,O,O,OKST D05; OKST D94,LWR^; SLWR; HB-L; HB-R; RWR^,2x1,TE>SLWR,2-0-2-1,21,ORUN 01; ORUN 03; ORUN 06; ORUN 18; ORUN 27,ORUN 01 (RWR); ORUN 03 (LWR); ORUN 05 (QB); ORUN 06 (HB-L); ORUN 18 (SLWR); ORUN 27 (HB-R); ORUN 71 (RT); ORUN 72 (C); ORUN 74 (RG); ORUN 75 (LG); ORUN 76 (LT),ORUN 01 (0.0); ORUN 03 (0.0); ORUN 05 (0.0); ORUN 06 (+0.5); ORUN 18 (0.0); ORUN 27 (+0.5); ORUN 71 (0.0); ORUN 72 (0.0); ORUN 74 (0.0); ORUN 75 (+0.5); ORUN 76 (0.0),DRIVE START,T,ORUN,ORUN 01; ORUN 03,,,,4,,,,,,,LWR 6(5); SLWR 6(5); HB-L r; HB-R r; RWR r,6; 6; -; -; -,ORUN 03 6(5); ORUN 18 6(5); ORUN 06 r; ORUN 27 r; ORUN 01 r,,,,,,,,,,,,,-29,ML,,ML,ORUN 06; ORUN 27; ORUN 75,OKST D01 > ORUN 01,,0,,,ORUN 05,0,,,0,,HB-L; HB-R,HB-L (-6); HB-R (-6),R,2; ORUN 06 (HB-L); ORUN 27 (HB-R),,,,INSIDE ZONE,SPLIT,R,,+13,,S,,,,OKST D18,OKST D06,,,,,LWR^(-19.5); SLWR(-15.5); RWR^(+9.5),,1,7,0,0,0,,false,2,3,1.352,0.808,,false,21,ORUN 06; ORUN 27,ORUN 18,ORUN 01; ORUN 03,GUN SPLIT,SLOT - OPEN,LWR; SLWR; HB-L; HB-R; RWR,2x1,SLOT - OPEN,NICKEL,OKST D01; OKST D10; OKST D11; OKST D18; OKST D23,OKST D04; OKST D05; OKST D06,OKST D94; OKST D95; OKST D96,WIDE OVER,,COVER 4,,80,,1.263,1.152,28886_6372645,28886-ORUN-4
6372701,28886,2025-09-06,2025,02,407739,789,1,2,06:42,0,,0,0,0,4,2,,0,,,,0,1,0,13,0,-5,0,6372645,6372713,,13.00,0,,31,0,,,0,0,,,0,0,,8; OKST D04 (35); OKST D05 (23); OKST D06 (07); OKST D18 (38); OKST D23 (10); OKST D94 (29); OKST D95 (11); OKST D96 (22),,,,,LCB (0); SSL (10); RCB (0),LOLB (07); LLB (10); SSL (11); LEO (11); NT (22); MLB (23); RE (29); ROLB (35); RLB (38),3-3-5,OKST D01 (LCB); OKST D04 (ROLB); OKST D05 (MLB); OKST D06 (LOLB); OKST D10 (RCB); OKST D11 (SSL); OKST D18 (RLB); OKST D23 (LLB); OKST D94 (RE); OKST D95 (LEO); OKST D96 (NT),OKST D01 (0.0); OKST D04 (0.0); OKST D05 (0.0); OKST D06 (0.0); OKST D10 (0.0); OKST D11 (0.0); OKST D18 (0.0); OKST D23 (0.0); OKST D94 (0.0); OKST D95 (0.0); OKST D96 (0.0),,,OKST,1,,LEO (11); NT (22); RE (29),,TOUCHDOWN,+0,5,PUNT - TB,-20,,,-29,,,,,-5,,,L,R,,,,,,ORUN 03 (LWR),,,,,,,,,,LOLB (0); LLB (3); MLB (4); RLB (4); ROLB (0),,,,,LWR^; TE-L; HB; TE-R; RWR^,2x2,,2-0-1-2,12,ORUN 01; ORUN 03; ORUN 09; ORUN 18; ORUN 27,ORUN 01 (RWR); ORUN 03 (LWR); ORUN 05 (QB); ORUN 09 (TE-L); ORUN 18 (TE-R); ORUN 27 (HB); ORUN 71 (RT); ORUN 72 (C); ORUN 74 (RG); ORUN 75 (LG); ORUN 76 (LT),ORUN 01 (0.0); ORUN 03 (0.0); ORUN 05 (0.0); ORUN 09 (0.0); ORUN 18 (0.0); ORUN 27 (0.0); ORUN 71 (0.0); ORUN 72 (0.0); ORUN 74 (0.0); ORUN 75 (0.0); ORUN 76 (0.0),ORUN 09,,ORUN,ORUN 01; ORUN 03,,,,,,,,,,,,,,,,,,,,,,,ORUN 03 FST,,,-24,,,,,OKST D01 > ORUN 01; OKST D10 > ORUN 03,,0,,,ORUN 05,0,,,0,,HB,HB (-7),,1; ORUN 27 (HB),,,,,,X,,+13,,,,,,,,L;R,,,,LWR^(-18.5); RWR^(+4.5),,0,,0,0,0,,false,2,3,2.16,-1.061,,false,12,ORUN 27,ORUN 09; ORUN 18,ORUN 01; ORUN 03,ACE,PRO - PRO,LWR; TE-L; HB; TE-R; RWR,2x2,PRO - PRO,NICKEL,OKST D01; OKST D10; OKST D11; OKST D18; OKST D23,OKST D04; OKST D05; OKST D06,OKST D94; OKST D95; OKST D96,ODD,,,,71,,2.415,-1.419,28886_6372701,28886-ORUN-4
6372713,28886,2025-09-06,2025,02,407739,816,1,2,06:24,0,,0,0,0,4,3,53,0,1,,,0,0,0,13,0,,0,6372701,6372735,,13.00,0,,32,0,,,0,0,,8,0,0,ORUN 27,7; OKST D04 (34); OKST D05 (17); OKST D06 (32); OKST D23 (08); OKST D94 (26); OKST D95 (10); OKST D96 (18),,,,,LCB (6); SSL (10); FS (9); RCB (7),LLB (08); SSL (10); LEO (10); LILB (17); DLT (18); DRT (26); RLB (32); ROLB (34),3-3-5,OKST D01 (LCB); OKST D04 (ROLB); OKST D05 (LILB); OKST D06 (RLB); OKST D10 (RCB); OKST D11 (SSL); OKST D18 (FS); OKST D23 (LLB); OKST D94 (DRT); OKST D95 (LEO); OKST D96 (DLT),OKST D01 (-1.0); OKST D04 (0.0); OKST D05 (0.0); OKST D06 (-1.0); OKST D10 (0.0); OKST D11 (0.0); OKST D18 (0.0); OKST D23 (-0.5); OKST D94 (0.0); OKST D95 (-1.0); OKST D96 (-0.5),,F,OKST,6,,LEO (10); DLT (18); DRT (26),,TOUCHDOWN,+0,5,PUNT - TB,-20,,,-24,OKST D18,,,,53,,,L,R,,,,,,ORUN 03 (RWR); ORUN 09 (TE-R); ORUN 18 (TE-L); ORUN 27 (HB-L); ORUN 71 (RT); ORUN 74 (RG); ORUN 75 (LG); OKST D01 (LCB); OKST D05 (LILB); OKST D06 (RLB); OKST D23 (LLB); OKST D95 (LEO); OKST D96 (DLT),,,,,,,,,,LLB (6); LILB (5); RLB (4); ROLB (0),,O,O,OKST D01; OKST D06; OKST D23; OKST D95; OKST D96,LWR^; TE-L; HB-L; TE-R; RWR^,2x2,,2-0-1-2,12,ORUN 01; ORUN 03; ORUN 09; ORUN 18; ORUN 27,ORUN 01 (LWR); ORUN 03 (RWR); ORUN 05 (QB); ORUN 09 (TE-R); ORUN 18 (TE-L); ORUN 27 (HB-L); ORUN 71 (RT); ORUN 72 (C); ORUN 74 (RG); ORUN 75 (LG); ORUN 76 (LT),ORUN 01 (0.0); ORUN 03 (+0.5); ORUN 05 (0.0); ORUN 09 (+1.0); ORUN 18 (0.0); ORUN 27 (+1.0); ORUN 71 (+1.0); ORUN 72 (0.0); ORUN 74 (+0.5); ORUN 75 (0.0); ORUN 76 (0.0),,T,ORUN,ORUN 01; ORUN 03,,,,4,,,,,,,,,,,,,,,,,,,,,,+23,RE,,RE,ORUN 03; ORUN 09; ORUN 27; ORUN 71; ORUN 74,,,0,,,ORUN 05,0,,,0,,HB-L,HB-L (-6),R,1; ORUN 27 (HB-L),,,,COUNTER,CROSS LEAD,R,,+13,ORUN 09 (R:L{R}); ORUN 18 (L:R{L}),S,,,,OKST D18,,L;R,,,,LWR^(-12.5); RWR^(+3.5),,0,8,0,0,0,,false,2,3,1.099,3.631,,false,12,ORUN 27,ORUN 09; ORUN 18,ORUN 01; ORUN 03,GUN WEAK,PRO - PRO,LWR; SLWR; HB-L; SRWR; RWR,2x2,SLOT - SLOT,NICKEL,OKST D01; OKST D10; OKST D11; OKST D18; OKST D23,OKST D04; OKST D05; OKST D06,OKST D94; OKST D95; OKST D96,EVEN,,COVER 4,,76,,0.996,3.61,28886_6372713,28886-ORUN-4
6372735,28886,2025-09-06,2025,02,407739,842,1,1,05:55,0,1,0,0,0,4,4,4,0,,,,0,0,0,13,0,,0,6372713,6372776,,13.00,1,,33,0,,1.3,0,0,8,3,0,0,ORUN 01,5; OKST D04 (38); OKST D05 (21); OKST D94 (16); OKST D95 (29); OKST D96 (24),ORUN 01; ORUN 03; ORUN 09; ORUN 18,L,,,LCB (6); SCBL (1); SSL (10); SSR (10); SCBR (7); RCB (2),SSL (00); DLT (16); MLB (21); DRT (24); RE (29); ROLB (38); SSR (42),3-3-5,OKST D01 (LCB); OKST D04 (ROLB); OKST D05 (MLB); OKST D06 (SCBL); OKST D10 (RCB); OKST D11 (SSR); OKST D18 (SSL); OKST D23 (SCBR); OKST D94 (DLT); OKST D95 (RE); OKST D96 (DRT),OKST D01 (0.0); OKST D04 (0.0); OKST D05 (0.0); OKST D06 (0.0); OKST D10 (-0.5); OKST D11 (0.0); OKST D18 (0.0); OKST D23 (+0.5); OKST D94 (0.0); OKST D95 (0.0); OKST D96 (0.0),,F,OKST,10,,DLT (16); DRT (24); RE (29),,TOUCHDOWN,+0,5,PUNT - TB,-20,6,SD,+23,OKST D23,,,,4,,,R,L,,,,,,ORUN 01 (SLWR); ORUN 18 (LWR); OKST D10 (RCB); OKST D23 (SCBR),,,,,,,,,,MLB (5); ROLB (0),,O,O,OKST D10,LWR^; SLWR; HB-R; SRWR; RWR^,2x2,TE>LWR; TE>RWR,2-0-1-2,12,ORUN 01; ORUN 03; ORUN 09; ORUN 18; ORUN 27,ORUN 01 (SLWR); ORUN 03 (SRWR); ORUN 05 (QB); ORUN 09 (RWR); ORUN 18 (LWR); ORUN 27 (HB-R); ORUN 71 (RT); ORUN 72 (C); ORUN 74 (RG); ORUN 75 (LG); ORUN 76 (LT),ORUN 01 (0.0); ORUN 03 (0.0); ORUN 05 (0.0); ORUN 09 (0.0); ORUN 18 (+0.5); ORUN 27 (0.0); ORUN 71 (0.0); ORUN 72 (0.0); ORUN 74 (0.0); ORUN 75 (0.0); ORUN 76 (0.0),,T,ORUN,ORUN 09; ORUN 18,,5; ORUN 71 (RT); ORUN 72 (C); ORUN 74 (RG); ORUN 75 (LG); ORUN 76 (LT),,4,OKST D23,,7; OKST D01; OKST D05; OKST D06; OKST D10; OKST D11; OKST D18; OKST D23,-4,M,ORUN 05 (QB),LWR z; SLWR 0(-4); HB-R fl; SRWR 0(-2); RWR z,-; 0; -; 0; -,ORUN 18 z; ORUN 01 0(-4); ORUN 27 fl; ORUN 03 0(-2); ORUN 09 z,SLWR,ORUN 01,COMPLETE,0(-4),0R,4; OKST D04 (ROLB); OKST D94 (DLT); OKST D95 (RE); OKST D96 (DRT),,13,3L,,,ORUN 27,+19,,,,ORUN 18; OKST D23,OKST D06 > ORUN 03,,0,,,ORUN 05,0,,,0,,HB-R,HB-R (-6),,1; ORUN 27 (HB-R),,,,INSIDE ZONE,,P,,+13,,S,,OKST D23,,OKST D23,,,,,,LWR^(-13.5); SLWR(-13.5); SRWR(+18.5); RWR^(+18.5),,1,25,0,0,0,,true,2,3,4.73,-0.192,WR Screen,false,12,ORUN 27,ORUN 09; ORUN 18,ORUN 01; ORUN 03,GUN WEAK,SLOT - SLOT,LWR; SLWR; HB-R; SRWR; RWR,2x2,SLOT - SLOT,NICKEL,OKST D01; OKST D10; OKST D11; OKST D18; OKST D23,OKST D04; OKST D05; OKST D06,OKST D94; OKST D95; OKST D96,WIDE OVER,,COVER 4,,23,,4.606,0.026,28886_6372735,28886-ORUN-4
6372776,28886,2025-09-06,2025,02,407739,870,1,2,05:12,1,,0,0,0,4,5,19,0,1,,,0,0,0,13,0,,0,6372735,6372901,,13.00,0,,34,0,,,0,1,,0,0,0,ORUN 23,7; OKST D04 (33); OKST D05 (18); OKST D06 (25); OKST D23 (00); OKST D94 (25); OKST D95 (07); OKST D96 (17),ORUN 03; ORUN 17,,,,LCB (7); SCBL (5); FS (9); RCB (2),LLB (00); LOLB (07); DLT (17); LILB (18); DRT (25); RILB (25); ROLB (33),3-3-5,OKST D01 (LCB); OKST D04 (ROLB); OKST D05 (LILB); OKST D06 (RILB); OKST D10 (RCB); OKST D11 (SCBL); OKST D18 (FS); OKST D23 (LLB); OKST D94 (DRT); OKST D95 (LOLB); OKST D96 (DLT),OKST D01 (-0.5); OKST D04 (0.0); OKST D05 (-1.0); OKST D06 (0.0); OKST D10 (0.0); OKST D11 (0.0); OKST D18 (0.0); OKST D23 (-1.0); OKST D94 (0.0); OKST D95 (0.0); OKST D96 (0.0),,F,OKST,6,,DLT (17); DRT (25),,TOUCHDOWN,+0,5,PUNT - TB,-20,,,+19,,,,,19,,,L,R,,,,,,ORUN 18 (TE-R); ORUN 23 (LWR); ORUN 71 (RT); OKST D01 (LCB); OKST D05 (LILB); OKST D11 (SCBL); OKST D23 (LLB),,,,,,,,,,LOLB (1); LLB (5); LILB (4); RILB (4); ROLB (0),OKST D23,C,C,OKST D01; OKST D05; OKST D23,LWR^; HB; TE-R; SRWR^; RWR,1x3,HB>LWR; WR>HB,3-0-1-1,11,ORUN 01; ORUN 03; ORUN 17; ORUN 18; ORUN 23,ORUN 01 (HB); ORUN 03 (RWR); ORUN 05 (QB); ORUN 17 (SRWR); ORUN 18 (TE-R); ORUN 23 (LWR); ORUN 71 (RT); ORUN 72 (C); ORUN 74 (RG); ORUN 75 (LG); ORUN 76 (LT),ORUN 01 (0.0); ORUN 03 (0.0); ORUN 05 (0.0); ORUN 17 (0.0); ORUN 18 (0.0); ORUN 23 (+0.5); ORUN 71 (+0.5); ORUN 72 (0.0); ORUN 74 (0.0); ORUN 75 (0.0); ORUN 76 (0.0),ORUN 17; ORUN 23,T,ORUN,ORUN 17; ORUN 23,,,,3b,,,,,,,,,,,,,,,,,,,,,,+0,END AROUND - RIGHT,,END AROUND - RIGHT,ORUN 23; ORUN 71,OKST D10 > ORUN 23,,0,,,ORUN 05,0,,,0,,HB,HB (-7),L,1; ORUN 01 (HB),,,,TRICK,,R,,+13,ORUN 18* (L:Rx),,,,,,,R,ORUN 23,,,LWR^(-13.5); SRWR^(-0.5); RWR(+1.5),,0,4,0,0,0,,false,2,3,4.538,2.462,,false,11,ORUN 23,ORUN 18,ORUN 01; ORUN 03; ORUN 17,ACE,TREY - OPEN,LWR; SLWR; HB; SRWR; RWR,2x2,SLOT - SLOT,NICKEL,OKST D01; OKST D10; OKST D11; OKST D18; OKST D23,OKST D04; OKST D05; OKST D06,OKST D94; OKST D95; OKST D96,WIDE OVER,,COVER 3,,19,,4.632,2.368,28886_6372776,28886-ORUN-4
6379315,28886,2025-09-06,2025,02,407739,1459,2,1,12:08,0,,0,3,0,5,1,,0,,,,0,1,0,20,0,-5,0,6373963,6374029,,20.03,0,,57,0,,,0,0,,,0,0,,6; OKST D00 (10); OKST D05 (21); OKST D06 (10); OKST D17 (25); OKST D40 (36); OKST D71 (16),,,,,LCB (1); SSL (9); SSR (10); SCBR (4); RCB (1),SSL (00); LLB (10); LEO (10); DLT (16); MLB (21); DRT (25); SSR (32); ROLB (36),3-3-5,OKST D00 (LEO); OKST D03 (LCB); OKST D05 (MLB); OKST D06 (LLB); OKST D08 (SSR); OKST D10 (RCB); OKST D11 (SSL); OKST D14 (SCBR); OKST D17 (DRT); OKST D40 (ROLB); OKST D71 (DLT),OKST D00 (0.0); OKST D03 (0.0); OKST D05 (0.0); OKST D06 (0.0); OKST D08 (0.0); OKST D10 (0.0); OKST D11 (0.0); OKST D14 (0.0); OKST D17 (0.0); OKST D40 (0.0); OKST D71 (0.0),DRIVE START,,OKST,10,,LEO (10); DLT (16); DRT (25),,TOUCHDOWN,+0,6,KICKOFF - FC,-25,,,-25,,,,,-5,,,C,C,,,,,,ORUN 02 (SLWR),,,,,,,,,,LLB (4); MLB (4); ROLB (0),,,,,LWR^; SLWR; HB-L; TE-R^; RWR,2x2,,3-0-1-1,11,ORUN 01; ORUN 02; ORUN 11; ORUN 18; ORUN 22,ORUN 01 (LWR); ORUN 02 (SLWR); ORUN 05 (QB); ORUN 11 (RWR); ORUN 18 (TE-R); ORUN 22 (HB-L); ORUN 71 (RT); ORUN 72 (C); ORUN 74 (RG); ORUN 75 (LG); ORUN 76 (LT),ORUN 01 (0.0); ORUN 02 (0.0); ORUN 05 (0.0); ORUN 11 (0.0); ORUN 18 (0.0); ORUN 22 (0.0); ORUN 71 (0.0); ORUN 72 (0.0); ORUN 74 (0.0); ORUN 75 (0.0); ORUN 76 (0.0),DRIVE START,,ORUN,ORUN 01; ORUN 18,,,,,,,,,,,,,,,,,,,,,,,ORUN 02 FST,,,-20,,,,,OKST D03 > ORUN 11; OKST D10 > ORUN 01,,0,,,ORUN 05,0,,,0,,HB-L,HB-L (-6),,1; ORUN 22 (HB-L),,,,,,X,,+17,ORUN 02* (L:R{L}),S,,,,,,R,,,,LWR^(-17.5); SLWR(-6.5); RWR(+14.5),,0,9,0,0,0,,false,2,2,1.217,-0.323,,false,11,ORUN 22,ORUN 18,ORUN 01; ORUN 02; ORUN 11,GUN WEAK,SLOT - PRO,LWR; SLWR; HB-L; TE-R; RWR,2x2,SLOT - PRO,NICKEL,OKST D03; OKST D08; OKST D10; OKST D11; OKST D14,OKST D05; OKST D06; OKST D40,OKST D00; OKST D17; OKST D71,WIDE OVER,,,,75,,1.691,-0.945,28886_6379315,28886-ORUN-5
6374029,28886,2025-09-06,2025,02,407739,1486,2,1,12:08,0,1,0,3,0,5,2,26,0,1,,,0,0,1,20,0,,1,6379315,6374059,,20.03,0,,58,0,3.2,3.3,0,0,21,4,0,0,ORUN 18,6; OKST D00 (10); OKST D05 (13); OKST D06 (22); OKST D17 (24); OKST D40 (35); OKST D71 (16),ORUN 01; ORUN 11,L,ORUN 18,,LCB (7); SCBL (5); SSL (10); SSR (10); RCB (1),SSL (00); LEO (10); LLB (13); DLT (16); MLB (22); DRT (24); SSR (34); ROLB (35),3-3-5,OKST D00 (LEO); OKST D03 (LCB); OKST D05 (LLB); OKST D06 (MLB); OKST D08 (SSR); OKST D10 (RCB); OKST D11 (SSL); OKST D14 (SCBL); OKST D17 (DRT); OKST D40 (ROLB); OKST D71 (DLT),OKST D00 (0.0); OKST D03 (0.0); OKST D05 (-1.0); OKST D06 (0.0); OKST D08 (0.0); OKST D10 (0.0); OKST D11 (0.0); OKST D14 (0.0); OKST D17 (0.0); OKST D40 (+0.5); OKST D71 (0.0),,F,OKST,15,,LEO (10); DLT (16); DRT (24),,TOUCHDOWN,+0,6,KICKOFF - FC,-25,0,RR,-20,OKST D10,,,,26,,,C,C,,OKST D40,,,,ORUN 18 (TE-R); ORUN 76 (LT); OKST D05 (LLB); OKST D40 (ROLB),,,,,,,,,,LLB (4); MLB (4); ROLB (0),,O,O,ORUN 76; OKST D05,LWR; HB; TE-R; SRWR^; RWR^,1x3,,3-0-1-1,11,ORUN 01; ORUN 02; ORUN 11; ORUN 18; ORUN 22,ORUN 01 (RWR); ORUN 02 (LWR); ORUN 05 (QB); ORUN 11 (SRWR); ORUN 18 (TE-R); ORUN 22 (HB); ORUN 71 (RT); ORUN 72 (C); ORUN 74 (RG); ORUN 75 (LG); ORUN 76 (LT),ORUN 01 (0.0); ORUN 02 (0.0); ORUN 05 (0.0); ORUN 11 (0.0); ORUN 18 (+0.5); ORUN 22 (0.0); ORUN 71 (0.0); ORUN 72 (0.0); ORUN 74 (0.0); ORUN 75 (0.0); ORUN 76 (-0.5),,T,ORUN,ORUN 01; ORUN 11,,5; ORUN 71 (RT); ORUN 72 (C); ORUN 74 (RG); ORUN 75 (LG); ORUN 76 (LT),,4,OKST D05,,7; OKST D03; OKST D05; OKST D06; OKST D08; OKST D10; OKST D11; OKST D14,5,M,ORUN 05 (QB),LWR 8i(15); HB h9; TE-R kxd(4); SRWR 0(-6); RWR 7i(10),8; H9; X; 0; 7,ORUN 02 8i(15); ORUN 22 h9; ORUN 18 kxd(4); ORUN 11 0(-6); ORUN 01 7i(10),TE-R,ORUN 18,COMPLETE,kxd(4),XR,4; OKST D00 (LEO); OKST D17 (DRT); OKST D40 (ROLB); OKST D71 (DLT),HURRY,17,3L,,P,,-46,,,,ORUN 18; OKST D40,OKST D10 > ORUN 02,OKST D40 (O) ORUN 76,0,,,ORUN 05,0,OKST D40,ORUN 76,0,,HB,HB (-8),,1; ORUN 22 (HB),,,,POWER,,P,,+17,ORUN 02* (R:Lx),S,,,,OKST D10,,R,,,,LWR(-13.5); SRWR^(+16.5); RWR^(+18.5),,0,6,0,1,0,,false,2,2,0.894,2.062,Drag,false,11,ORUN 22,ORUN 18,ORUN 01; ORUN 02; ORUN 11,PISTOL,TREY - OPEN,HB; TE-R; SRiWR; SRoWR; RWR,0x4,QUAY - NIX,NICKEL,OKST D03; OKST D08; OKST D10; OKST D11; OKST D14,OKST D05; OKST D06; OKST D40,OKST D00; OKST D17; OKST D71,WIDE OVER,,COVER 4,,80,,0.746,2.494,28886_6374029,28886-ORUN-5
6374059,28886,2025-09-06,2025,02,407739,1514,2,1,11:46,1,,0,3,0,5,3,2,0,,,,0,0,0,20,0,,0,6374029,6374093,,20.03,0,,59,0,,,0,0,,1,0,0,ORUN 22,6; OKST D00 (10); OKST D05 (10); OKST D06 (22); OKST D17 (27); OKST D40 (35); OKST D71 (19),ORUN 02; ORUN 11,,,,LCB (6); SCBL (3); SSL (9); SSR (9); RCB (1),SSL (06); LLB (10); LEO (10); DLT (19); MLB (22); DRT (27); SSR (34); ROLB (35),3-3-5,OKST D00 (LEO); OKST D03 (LCB); OKST D05 (LLB); OKST D06 (MLB); OKST D08 (SSR); OKST D10 (RCB); OKST D11 (SSL); OKST D14 (SCBL); OKST D17 (DRT); OKST D40 (ROLB); OKST D71 (DLT),OKST D00 (-0.5); OKST D03 (0.0); OKST D05 (0.0); OKST D06 (0.0); OKST D08 (0.0); OKST D10 (0.0); OKST D11 (0.0); OKST D14 (+0.5); OKST D17 (-0.5); OKST D40 (0.0); OKST D71 (0.0),,T,OKST,10,,LEO (10); DLT (19); DRT (27),,TOUCHDOWN,+0,6,KICKOFF - FC,-25,,,-46,OKST D14,,,,2,,,L,R,,,,,,ORUN 02 (SRWR); ORUN 18 (TE-R); ORUN 72 (C); ORUN 74 (RG); ORUN 75 (LG); OKST D00 (LEO); OKST D14 (SCBL); OKST D17 (DRT); OKST D71 (DLT),,,,,,,,,,LLB (4); MLB (5); ROLB (0),,O,O,ORUN 02; OKST D00; OKST D17,LWR^; HB-R; TE-R; SRWR^; RWR,1x3,,3-0-1-1,11,ORUN 01; ORUN 02; ORUN 11; ORUN 18; ORUN 22,ORUN 01 (LWR); ORUN 02 (SRWR); ORUN 05 (QB); ORUN 11 (RWR); ORUN 18 (TE-R); ORUN 22 (HB-R); ORUN 71 (RT); ORUN 72 (C); ORUN 74 (RG); ORUN 75 (LG); ORUN 76 (LT),ORUN 01 (0.0); ORUN 02 (-0.5); ORUN 05 (0.0); ORUN 11 (0.0); ORUN 18 (+0.5); ORUN 22 (0.0); ORUN 71 (0.0); ORUN 72 (+0.5); ORUN 74 (0.0); ORUN 75 (+0.5); ORUN 76 (0.0),,F,ORUN,ORUN 01; ORUN 02,,,,6Rb,,,,,,,,,,,,,,,,,,,,,,-48,RT,VOLUNTARY,MR,ORUN 18; ORUN 72; ORUN 75; OKST D14,OKST D10 > ORUN 01,,0,,,ORUN 05,0,,,0,,HB-R,HB-R (-6),R,1; ORUN 22 (HB-R),,,,MAN,,R,,+17,,S,,OKST D14,,OKST D14,,R,,,,LWR^(-17.5); SRWR^(-0.5); RWR(+0.5),,0,12,0,0,0,,false,2,2,2.956,-0.681,,false,11,ORUN 22,ORUN 18,ORUN 01; ORUN 02; ORUN 11,GUN STRONG,TREY - OPEN,LWR; HB-R; TE-R; SRWR; RWR,1x3,TREY - OPEN,NICKEL,OKST D03; OKST D08; OKST D10; OKST D11; OKST D14,OKST D05; OKST D06; OKST D40,OKST D00; OKST D17; OKST D71,WIDE UNDER,,COVER 6,,54,,3.24,-0.47,28886_6374059,28886-ORUN-5
6374093,28886,2025-09-06,2025,02,407739,1540,2,2,11:05,1,,0,3,0,5,4,5,0,,,,0,0,1,20,0,,0,6374059,6374132,,20.03,0,,60,0,,,0,0,,4,0,0,ORUN 20,8; OKST D00 (11); OKST D05 (18); OKST D06 (27); OKST D10 (10); OKST D11 (00); OKST D17 (24); OKST D40 (35); OKST D71 (16),,,,,LCB (1); SCBL (5); FS (10),LLB (00); LLB (10); LEO (11); DLT (16); LILB (18); DRT (24); RILB (27); ROLB (35),3-3-5,OKST D00 (LEO); OKST D03 (LCB); OKST D05 (LILB); OKST D06 (RILB); OKST D08 (FS); OKST D10 (LLB); OKST D11 (LLB); OKST D14 (SCBL); OKST D17 (DRT); OKST D40 (ROLB); OKST D71 (DLT),OKST D00 (0.0); OKST D03 (0.0); OKST D05 (0.0); OKST D06 (0.0); OKST D08 (0.0); OKST D10 (0.0); OKST D11 (0.0); OKST D14 (0.0); OKST D17 (-0.5); OKST D40 (0.0); OKST D71 (+0.5),,F,OKST,8,,LEO (11); DLT (16); DRT (24),,TOUCHDOWN,+0,6,KICKOFF - FC,-25,,,-48,OKST D08,,,,5,,,C,C,,,,,,ORUN 20 (HB); ORUN 27 (FB-L); ORUN 72 (C); ORUN 74 (RG); ORUN 76 (LT); OKST D08 (FS); OKST D17 (DRT); OKST D40 (ROLB); OKST D71 (DLT),,,,,,,,,,LLB (6); LLB (2); LILB (4); RILB (4); ROLB (0),,C,C,ORUN 74; OKST D17,FB-L; HB; TE-R^; SRWR; RWR^,0x3,,2-0-2-1,21,ORUN 01; ORUN 11; ORUN 18; ORUN 20; ORUN 27,ORUN 01 (RWR); ORUN 05 (QB); ORUN 11 (SRWR); ORUN 18 (TE-R); ORUN 20 (HB); ORUN 27 (FB-L); ORUN 71 (RT); ORUN 72 (C); ORUN 74 (RG); ORUN 75 (LG); ORUN 76 (LT),ORUN 01 (0.0); ORUN 05 (0.0); ORUN 11 (0.0); ORUN 18 (0.0); ORUN 20 (+0.5); ORUN 27 (0.0); ORUN 71 (0.0); ORUN 72 (+0.5); ORUN 74 (-0.5); ORUN 75 (0.0); ORUN 76 (0.0),ORUN 20; ORUN 27,T,ORUN,ORUN 01; ORUN 18,,,,1b,,,,,,,,,,,,,,,,,,,,P,,+47,LG,,LG,ORUN 20; ORUN 72; OKST D71,OKST D03 > ORUN 01,,0,,,ORUN 05,0,,,0,,HB; FB-L,HB (-8); FB-L (-5),L,2; ORUN 20 (HB); ORUN 27 (FB-L),,,,OUTSIDE ZONE,LEAD,R,,+17,ORUN 27* (B:B),S,,,,OKST D11,,R,,,,SRWR(+13.5); RWR^(+18.5),,0,7,0,0,0,,false,2,2,2.275,0.119,,false,21,ORUN 20; ORUN 27,ORUN 18,ORUN 01; ORUN 11,PISTOL I WEAK,TREY - NIX,HB; FB-R; TE-R; SRWR; RWR,0x3,TREY - NIX,NICKEL,OKST D03; OKST D08; OKST D10; OKST D11; OKST D14,OKST D05; OKST D06; OKST D40,OKST D00; OKST D17; OKST D71,WIDE OVER,,COVER 1,,52,,2.77,0.061,28886_6374093,28886-ORUN-5
6374132,28886,2025-09-06,2025,02,407739,1566,2,3,10:24,1,,0,3,0,5,5,5,0,1,,,0,0,0,20,1,,0,6374093,6374165,,20.03,0,,61,0,,,0,0,,4,0,0,ORUN 27,5; OKST D05 (10); OKST D16 (15); OKST D33 (29); OKST D40 (37); OKST D95 (22),,,,,LCB (1); SCBL (5); SSL (10); SSR (10); SCBR (3); RCB (3),SSL (00); LOLB (10); LOLB (15); NT (22); RE (29); ROLB (37); SSR (38),2-4-5,OKST D03 (LCB); OKST D05 (LOLB); OKST D08 (SSR); OKST D10 (RCB); OKST D11 (SSL); OKST D14 (SCBL); OKST D16 (LOLB); OKST D26 (SCBR); OKST D33 (RE); OKST D40 (ROLB); OKST D95 (NT),OKST D03 (0.0); OKST D05 (0.0); OKST D08 (0.0); OKST D10 (0.0); OKST D11 (0.0); OKST D14 (0.0); OKST D16 (-1.0); OKST D26 (0.0); OKST D33 (0.0); OKST D40 (0.0); OKST D95 (0.0),OKST D16; OKST D26; OKST D33; OKST D95,F,OKST,3,,NT (22); RE (29),,TOUCHDOWN,+0,6,KICKOFF - FC,-25,,,+47,OKST D40,,,,5,,,L,R,,,,,,ORUN 27 (HB-L); ORUN 71 (RT); ORUN 74 (RG); ORUN 75 (LG); OKST D05 (LOLB); OKST D16 (LOLB); OKST D95 (NT),,,,,,,,,,LOLB (0); LOLB (0); ROLB (0),,C,O,OKST D16,LWR^; SLWR; HB-L; SRWR; RWR^,2x2,TE>SLWR,3-0-1-1,11,ORUN 01; ORUN 02; ORUN 11; ORUN 18; ORUN 27,ORUN 01 (RWR); ORUN 02 (SRWR); ORUN 05 (QB); ORUN 11 (LWR); ORUN 18 (SLWR); ORUN 27 (HB-L); ORUN 71 (RT); ORUN 72 (C); ORUN 74 (RG); ORUN 75 (LG); ORUN 76 (LT),ORUN 01 (0.0); ORUN 02 (0.0); ORUN 05 (0.0); ORUN 11 (0.0); ORUN 18 (0.0); ORUN 27 (+0.5); ORUN 71 (+0.5); ORUN 72 (0.0); ORUN 74 (0.0); ORUN 75 (0.0); ORUN 76 (0.0),ORUN 02,T,ORUN,ORUN 01; ORUN 11,,,,3b,,,,,,,,,,,,,,,,,,,,,,+42,RG,,RG,ORUN 27; ORUN 71,OKST D03 > ORUN 01; OKST D10 > ORUN 11,,0,,,ORUN 05,0,,,0,,HB-L,HB-L (-6),R,1; ORUN 27 (HB-L),,,,COUNTER,READ OPTION,R,,+17,ORUN 18 (R:Lx); ORUN 27 (B:B),S,,,,OKST D40,,,,,,LWR^(-19.5); SLWR(-15.5); SRWR(+7.5); RWR^(+16.5),,0,7,0,0,0,,false,2,2,2.394,1.038,,false,11,ORUN 27,ORUN 18,ORUN 01; ORUN 02; ORUN 11,GUN STRONG,SLOT - SLOT,LWR; HB-R; SRiWR; SRoWR; RWR,1x3,TRIPS - OPEN,NICKEL,OKST D03; OKST D08; OKST D10; OKST D11; OKST D14,OKST D05; OKST D16; OKST D26; OKST D40,OKST D33; OKST D95,ODD,,COVER 3,,47,,2.831,1.067,28886_6374132,28886-ORUN-5
6374165,28886,2025-09-06,2025,02,407739,1592,2,1,09:45,0,1,1,3,0,5,6,42,0,1,,,0,0,0,20,0,,1,6374132,6374194,,20.03,0,,62,0,,3.2,0,0,2,0,0,0,ORUN 04,7; OKST D00 (35); OKST D04 (10); OKST D05 (22); OKST D06 (10); OKST D14 (27); OKST D17 (17); OKST D71 (25),,L,,,LCB (6); SCBL (5); FS (10); RCB (1),LLB (10); LEO (10); DLT (17); MLB (22); DRT (25); RILB (27); REO (35),3-3-5,OKST D00 (REO); OKST D03 (LCB); OKST D04 (LEO); OKST D05 (MLB); OKST D06 (LLB); OKST D08 (SCBL); OKST D10 (RCB); OKST D11 (FS); OKST D14 (RILB); OKST D17 (DLT); OKST D71 (DRT),OKST D00 (+0.5); OKST D03 (0.0); OKST D04 (0.0); OKST D05 (0.0); OKST D06 (0.0); OKST D08 (0.0); OKST D10 (0.0); OKST D11 (-1.0); OKST D14 (0.0); OKST D17 (0.0); OKST D71 (0.0),OKST D00; OKST D04; OKST D06; OKST D17; OKST D71,F,OKST,10,,LEO (10); DLT (17); DRT (25); REO (35),,TOUCHDOWN,+0,6,KICKOFF - FC,-25,9,SD,+42,,,,,42,,,C,C,,,,,,ORUN 04 (RWR); ORUN 05 (QB); ORUN 76 (LT); OKST D00 (REO); OKST D11 (FS),,,,,,,,,,LLB (4); MLB (4); RILB (5),,C,O,ORUN 76; OKST D11,LWR^; HB-R; TE-R; SRWR; RWR^,1x3,,3-0-1-1,11,ORUN 01; ORUN 02; ORUN 04; ORUN 18; ORUN 27,ORUN 01 (LWR); ORUN 02 (SRWR); ORUN 04 (RWR); ORUN 05 (QB); ORUN 18 (TE-R); ORUN 27 (HB-R); ORUN 71 (RT); ORUN 72 (C); ORUN 74 (RG); ORUN 75 (LG); ORUN 76 (LT),ORUN 01 (0.0); ORUN 02 (0.0); ORUN 04 (+1.0); ORUN 05 (+1.0); ORUN 18 (0.0); ORUN 27 (0.0); ORUN 71 (0.0); ORUN 72 (0.0); ORUN 74 (0.0); ORUN 75 (0.0); ORUN 76 (-0.5),ORUN 04,T,ORUN,ORUN 01; ORUN 04,,6; ORUN 18 (TE-R); ORUN 71 (RT); ORUN 72 (C); ORUN 74 (RG); ORUN 75 (LG); ORUN 76 (LT),,3,OKST D11,,7; OKST D03; OKST D05; OKST D06; OKST D08; OKST D10; OKST D11; OKST D14,40,M,ORUN 05 (QB),LWR 3o(15); HB-R flh31(2); TE-R k; SRWR 4o(13); RWR 8s(17),3; H5; -; 4; 8,ORUN 01 3o(15); ORUN 27 flh31(2); ORUN 18 k; ORUN 02 4o(13); ORUN 04 8s(17),RWR,ORUN 04,COMPLETE,8s(17),8R,4; OKST D00 (REO); OKST D04 (LEO); OKST D17 (DLT); OKST D71 (DRT),,24,4,,,ORUN 27,+0,,,,ORUN 04; ORUN 05; OKST D00,OKST D10 > ORUN 01,OKST D00 (O) ORUN 76,0,,,ORUN 05,0,,,0,,HB-R,HB-R (-6),,1; ORUN 27 (HB-R),,,,POWER,,P,,+17,ORUN 02* (L:Rx),S,,,,,,R,ORUN 04,,,LWR^(-7.5); SRWR(+3.5); RWR^(+9.5),,0,7,0,1,0,,false,2,2,3.432,3.568,Skinny Post,false,11,ORUN 27,ORUN 18,ORUN 01; ORUN 02; ORUN 04,GUN STRONG,TREY - OPEN,LWR; SLWR; HB-R; TE-R; RWR,2x2,SLOT - PRO,NICKEL,OKST D03; OKST D08; OKST D10; OKST D11; OKST D14,OKST D04; OKST D05; OKST D06,OKST D00; OKST D17; OKST D71,WIDE OVER,,COVER 3,,42,,3.898,3.102,28886_6374165,28886-ORUN-5
6374674,28886,2025-09-06,2025,02,407739,1817,2,1,07:52,1,1,0,3,0,6,1,28,0,1,,,0,0,0,27,0,,1,6374520,6374685,,27.03,1,,71,0,,4.0,1,1,33,2,0,0,ORUN 02,7; OKST D04 (07); OKST D05 (27); OKST D06 (10); OKST D23 (42); OKST D88 (29); OKST D96 (22); OKST D99 (14),,L,,,LCB (0); SSL (10); SSR (9); RCB (0),SSL (01); LOLB (07); LLB (10); LE (14); NT (22); RILB (27); RE (29); SSR (38); RLB (42),3-3-5,OKST D01 (RCB); OKST D03 (LCB); OKST D04 (LOLB); OKST D05 (RILB); OKST D06 (LLB); OKST D11 (SSR); OKST D18 (SSL); OKST D23 (RLB); OKST D88 (RE); OKST D96 (NT); OKST D99 (LE),OKST D01 (-1.0); OKST D03 (0.0); OKST D04 (0.0); OKST D05 (0.0); OKST D06 (0.0); OKST D11 (-1.0); OKST D18 (0.0); OKST D23 (0.0); OKST D88 (0.0); OKST D96 (0.0); OKST D99 (0.0),DRIVE START,F,OKST,10,,LE (14); NT (22); RE (29),,TOUCHDOWN,+0,5,PUNT - FC,-37,0,FF,-37,OKST D18,,,,28,,,R,L,,,,,,ORUN 02 (SRWR); OKST D01 (RCB); OKST D11 (SSR),,,,,,,,,,LOLB (0); LLB (3); RILB (4); RLB (3),,O,O,OKST D01; OKST D11,LWR; TE-L^; HB-L; SRWR; RWR^,2x2,,3-0-1-1,11,ORUN 01; ORUN 02; ORUN 06; ORUN 09; ORUN 11,ORUN 01 (RWR); ORUN 02 (SRWR); ORUN 05 (QB); ORUN 06 (HB-L); ORUN 09 (TE-L); ORUN 11 (LWR); ORUN 71 (RT); ORUN 72 (C); ORUN 74 (RG); ORUN 75 (LG); ORUN 76 (LT),ORUN 01 (0.0); ORUN 02 (+0.5); ORUN 05 (0.0); ORUN 06 (0.0); ORUN 09 (0.0); ORUN 11 (0.0); ORUN 71 (0.0); ORUN 72 (0.0); ORUN 74 (0.0); ORUN 75 (0.0); ORUN 76 (0.0),DRIVE START,T,ORUN,ORUN 01; ORUN 09,,7; ORUN 06 (HB-L); ORUN 09 (TE-L); ORUN 71 (RT); ORUN 72 (C); ORUN 74 (RG); ORUN 75 (LG); ORUN 76 (LT),,4b,OKST D23,,7; OKST D01; OKST D03; OKST D04; OKST D05; OKST D11; OKST D18; OKST D23,-5,M,ORUN 05 (QB),LWR fffrxg(-8); TE-L k; HB-L kr; SRWR ffflxj(-5); RWR 8si(13),X; -; -; X; 8,ORUN 11 fffrxg(-8); ORUN 09 k; ORUN 06 kr; ORUN 02 ffflxj(-5); ORUN 01 8si(13),SRWR,ORUN 02,COMPLETE,ffflxj(-5),GL,4; OKST D06 (LLB); OKST D88 (RE); OKST D96 (NT); OKST D99 (LE),,14,3L,,,ORUN 02; ORUN 11,+35,,,,ORUN 02,OKST D01 > ORUN 11; OKST D03 > ORUN 01,,0,,,ORUN 05,0,,,0,,HB-L,HB-L (-5),R,1; ORUN 06 (HB-L),,,,TRICK,,P,,+24,ORUN 02* (R:L{R}),S,,,,OKST D18,,L,,,,LWR(-7.5); SRWR(+11.5); RWR^(+17.5),,0,10,0,0,0,,false,2,2,2.32,1.572,Jet,false,11,ORUN 06,ORUN 09,ORUN 01; ORUN 02; ORUN 11,GUN STRONG,SLOT - PRO,LWR; TE-L; HB-L; SRWR; RWR,2x2,SLOT - PRO,NICKEL,OKST D01; OKST D03; OKST D11; OKST D18; OKST D23,OKST D04; OKST D05; OKST D06,OKST D88; OKST D96; OKST D99,ODD,,COVER 4,,63,,2.634,1.57,28886_6374674,28886-ORUN-6
6374685,28886,2025-09-06,2025,02,407739,1845,2,1,07:14,0,1,0,3,0,6,2,7,0,,,,0,0,0,27,0,,1,6374674,6374784,,27.03,1,,72,0,,1.3,0,0,8,1,0,0,ORUN 02,6; OKST D01 (44); OKST D04 (33); OKST D06 (24); OKST D88 (10); OKST D96 (19); OKST D99 (28),,L,,,LCB (1); SCBoL (6); SCBiL (4); FSL (11); SSR (9),LEO (10); DLT (19); RILB (24); DRT (28); REO (33); SSR (38); ROLB (44),3-3-5,OKST D01 (ROLB); OKST D03 (LCB); OKST D04 (REO); OKST D05 (SCBiL); OKST D06 (RILB); OKST D11 (FSL); OKST D18 (SSR); OKST D23 (SCBoL); OKST D88 (LEO); OKST D96 (DLT); OKST D99 (DRT),OKST D01 (0.0); OKST D03 (0.0); OKST D04 (0.0); OKST D05 (0.0); OKST D06 (0.0); OKST D11 (0.0); OKST D18 (0.0); OKST D23 (0.0); OKST D88 (0.0); OKST D96 (0.0); OKST D99 (0.0),,F,OKST,10,,LEO (10); DLT (19); DRT (28); REO (33),,TOUCHDOWN,+0,5,PUNT - FC,-37,6,SD,+35,OKST D11,,,,7,,,L,R,,,,OKST D03,,ORUN 01 (RWR); OKST D03 (LCB),,,,,,,,,,RILB (5); ROLB (1),,O,O,ORUN 01,TE-L^; HB-R; SRiWR; SRoWR; RWR^,1x3,,3-0-1-1,11,ORUN 01; ORUN 02; ORUN 06; ORUN 09; ORUN 11,ORUN 01 (RWR); ORUN 02 (SRiWR); ORUN 05 (QB); ORUN 06 (HB-R); ORUN 09 (TE-L); ORUN 11 (SRoWR); ORUN 71 (RT); ORUN 72 (C); ORUN 74 (RG); ORUN 75 (LG); ORUN 76 (LT),ORUN 01 (-0.5); ORUN 02 (0.0); ORUN 05 (0.0); ORUN 06 (0.0); ORUN 09 (0.0); ORUN 11 (0.0); ORUN 71 (0.0); ORUN 72 (0.0); ORUN 74 (0.0); ORUN 75 (0.0); ORUN 76 (0.0),,T,ORUN,ORUN 01; ORUN 09,,6; ORUN 09 (TE-L); ORUN 71 (RT); ORUN 72 (C); ORUN 74 (RG); ORUN 75 (LG); ORUN 76 (LT),,6R,OKST D05,,7; OKST D01; OKST D03; OKST D05; OKST D06; OKST D11; OKST D18; OKST D23,-1,M,ORUN 05 (QB),TE-L r; HB-R fl; SRiWR 0u(-2); SRoWR z; RWR z,-; -; 0; -; -,ORUN 09 r; ORUN 06 fl; ORUN 02 0u(-2); ORUN 11 z; ORUN 01 z,SRiWR,ORUN 02,COMPLETE,0u(-2),0R,4; OKST D04 (REO); OKST D88 (LEO); OKST D96 (DLT); OKST D99 (DRT),,37,5R,,,ORUN 06,+28,,,,,OKST D03 > ORUN 01,,0,,,ORUN 05,0,,,0,,HB-R,HB-R (-6),,1; ORUN 06 (HB-R),,,,PULL LEAD,,P,,+24,ORUN 06* (B:B),S,,,,OKST D11,,L,,,,SRiWR(+5.5); SRoWR(+11.5); RWR^(+16.5),,1,14,0,0,0,,false,2,2,3.892,0.423,Bubble,false,11,ORUN 06,ORUN 09,ORUN 01; ORUN 02; ORUN 11,GUN WEAK,TRIPS - CLOSED,TE-L; HB-L; SRiWR; SRoWR; RWR,1x3,TRIPS - CLOSED,NICKEL,OKST D01; OKST D03; OKST D11; OKST D18; OKST D23,OKST D04; OKST D05; OKST D06,OKST D88; OKST D96; OKST D99,WIDE OVER,,COVER 6,,35,,4.204,0.55,28886_6374685,28886-ORUN-6
6374784,28886,2025-09-06,2025,02,407739,1873,2,2,06:44,1,0,0,3,0,6,3,,0,,,,0,0,0,27,0,,0,6374685,6374845,,27.03,0,,73,1,1.7,2.7,0,0,,,0,0,,5; OKST D04 (07); OKST D05 (12); OKST D88 (33); OKST D96 (27); OKST D99 (19),,L,,,LCB (4); SCBL (6); SSR (9); SCBiR (3); SCBoR (6); RCB (5),LOLB (07); LOLB (12); DLT (19); DRT (27); REO (33); SSR (42),3-3-5,OKST D01 (RCB); OKST D04 (LOLB); OKST D05 (LOLB); OKST D06 (LCB); OKST D10 (SCBL); OKST D11 (SCBiR); OKST D18 (SSR); OKST D23 (SCBoR); OKST D88 (REO); OKST D96 (DRT); OKST D99 (DLT),OKST D01 (0.0); OKST D04 (-0.5); OKST D05 (0.0); OKST D06 (0.0); OKST D10 (0.0); OKST D11 (0.0); OKST D18 (0.0); OKST D23 (0.0); OKST D88 (0.0); OKST D96 (0.0); OKST D99 (0.0),OKST D10,,OKST,3,,DLT (19); DRT (27); REO (33),,TOUCHDOWN,+0,5,PUNT - FC,-37,7,SD,+28,,,,,0,,,R,L,,OKST D04; OKST D99,TA,,,OKST D04 (LOLB); OKST D99 (DLT),,,,,,,,,,LOLB (0); LOLB (0),,O,C,OKST D04,LWR^; SLoWR; SLiWR; SRWR^; RWR,3x2,HB>RWR; TE>SLiWR,3-0-1-1,11,ORUN 01; ORUN 02; ORUN 11; ORUN 18; ORUN 27,ORUN 01 (SRWR); ORUN 02 (SLoWR); ORUN 05 (QB); ORUN 11 (LWR); ORUN 18 (SLiWR); ORUN 27 (RWR); ORUN 71 (RT); ORUN 72 (C); ORUN 74 (RG); ORUN 75 (LG); ORUN 76 (LT),ORUN 01 (0.0); ORUN 02 (0.0); ORUN 05 (0.0); ORUN 11 (0.0); ORUN 18 (0.0); ORUN 27 (0.0); ORUN 71 (0.0); ORUN 72 (0.0); ORUN 74 (0.0); ORUN 75 (0.0); ORUN 76 (0.0),ORUN 18; ORUN 27,,ORUN,ORUN 01; ORUN 11,,5; ORUN 71 (RT); ORUN 72 (C); ORUN 74 (RG); ORUN 75 (LG); ORUN 76 (LT),,0b,,,5; OKST D01; OKST D06; OKST D10; OKST D18; OKST D23,,X,ORUN 05 (QB),LWR 4(6); SLoWR 8(7); SLiWR 7(8); SRWR 9y; RWR 4(4),4; 8; 7; 9; 4,ORUN 11 4(6); ORUN 02 8(7); ORUN 18 7(8); ORUN 01 9y; ORUN 27 4(4),,,THROWN AWAY,,,6; OKST D04 (LOLB); OKST D05 (LOLB); OKST D11 (SCBiR); OKST D88 (REO); OKST D96 (DRT); OKST D99 (DLT),HURRY,,,,,,+28,,,,,,OKST D04 (U); OKST D99 (CU),0,,,ORUN 05,0,OKST D04; OKST D99,,0,,EMPTY,,,,,,,,,P,,+24,,S,,,,,,,,OKST D04 (R.E.O) LOLB,,LWR^(-16.5); SLoWR(-8.5); SLiWR(-2.5); SRWR^(+15.5); RWR(+22.5),,0,21,0,0,0,,false,2,2,4.315,-0.824,,false,11,ORUN 27,ORUN 18,ORUN 01; ORUN 02; ORUN 11,GUN EMPTY,TRIPS - SLOT,LWR; SLoWR; SLiWR; SRWR; RWR,3x2,TRIPS - SLOT,NICKEL,OKST D01; OKST D10; OKST D11; OKST D18; OKST D23,OKST D04; OKST D05; OKST D06,OKST D88; OKST D96; OKST D99,WIDE OVER,,COVER 0,,28,,4.754,-0.7,28886_6374784,28886-ORUN-6
6374845,28886,2025-09-06,2025,02,407739,1899,2,3,06:38,1,,0,3,0,6,4,3,0,1,,,0,0,0,27,0,,0,6374784,6374858,,27.03,0,,74,0,,,1,1,,2,0,0,ORUN 18,8; OKST D04 (10); OKST D05 (27); OKST D06 (14); OKST D11 (40); OKST D23 (34); OKST D88 (33); OKST D96 (27); OKST D99 (18),,,,,LCB (0); SSL (7); RCB (5),SSL (06); LEO (10); LLB (14); DLT (18); DRT (27); RILB (27); REO (33); RLB (34); RLB (40),3-3-5,OKST D01 (RCB); OKST D04 (LEO); OKST D05 (RILB); OKST D06 (LLB); OKST D10 (LCB); OKST D11 (RLB); OKST D18 (SSL); OKST D23 (RLB); OKST D88 (REO); OKST D96 (DRT); OKST D99 (DLT),OKST D01 (0.0); OKST D04 (-0.5); OKST D05 (-1.0); OKST D06 (+0.5); OKST D10 (0.0); OKST D11 (0.0); OKST D18 (0.0); OKST D23 (0.0); OKST D88 (0.0); OKST D96 (0.0); OKST D99 (+0.5),,F,OKST,3,,LEO (10); DLT (18); DRT (27); REO (33),,TOUCHDOWN,+0,5,PUNT - FC,-37,,,+28,OKST D99,,,,3,,,R,L,,,,,,ORUN 09 (TE-R); ORUN 18 (QB); ORUN 71 (RT); ORUN 72 (C); ORUN 74 (RG); ORUN 75 (LG); OKST D04 (LEO); OKST D05 (RILB); OKST D06 (LLB); OKST D96 (DRT); OKST D99 (DLT),,,,,,,,,,LLB (4); RILB (3); RLB (4); RLB (4),,C,O,ORUN 09; ORUN 71; ORUN 72; OKST D04; OKST D05,LWR^; TE-L; HB-R; TE-R^; RWR,2x2,QB>LWR; TE>QB,1-0-1-3,13,ORUN 02; ORUN 05; ORUN 09; ORUN 27; ORUN 83,ORUN 02 (RWR); ORUN 05 (LWR); ORUN 09 (TE-R); ORUN 18 (QB); ORUN 27 (HB-R); ORUN 71 (RT); ORUN 72 (C); ORUN 74 (RG); ORUN 75 (LG); ORUN 76 (LT); ORUN 83 (TE-L),ORUN 02 (0.0); ORUN 05 (0.0); ORUN 09 (-0.5); ORUN 18 (+0.5); ORUN 27 (0.0); ORUN 71 (-1.0); ORUN 72 (-0.5); ORUN 74 (0.0); ORUN 75 (0.0); ORUN 76 (0.0); ORUN 83 (0.0),ORUN 09; ORUN 83,T,ORUN,ORUN 05; ORUN 09,,,,3b,,,,,,,,,,,,,,,,,,,,,,+25,RG,,RG,ORUN 18; OKST D06; OKST D99,OKST D10 > ORUN 02,,0,,,ORUN 18,0,,,0,,HB-R,HB-R (-5),R,1; ORUN 27 (HB-R),,,,COUNTER,CROSS LEAD;QB RUNS,R,,+24,,S,,,,OKST D96,,L;R,,,,LWR^(-7.5); RWR(+19.5),,0,8,0,0,0,,false,2,2,3.491,0.835,,false,13,ORUN 27,ORUN 09; ORUN 18; ORUN 83,ORUN 02,GUN STRONG,PRO - PRO,LWR; TE-L; HB-R; TE-R; RWR,2x2,PRO - PRO,NICKEL,OKST D01; OKST D10; OKST D11; OKST D18; OKST D23,OKST D04; OKST D05; OKST D06,OKST D88; OKST D96; OKST D99,WIDE UNDER,,COVER 3,,28,,4.054,0.495,28886_6374845,28886-ORUN-6
6374858,28886,2025-09-06,2025,02,407739,1925,2,1,05:55,1,,0,3,0,6,5,25,0,1,,,0,0,1,27,0,,0,6374845,6375004,,27.03,0,,75,0,,,0,0,,3,0,0,ORUN 01,7; OKST D04 (10); OKST D05 (27); OKST D06 (17); OKST D23 (43); OKST D88 (29); OKST D96 (22); OKST D99 (16),,,,,LCB (4); FS (11); SSR (8); RCB (4),LOLB (10); DLT (16); LILB (17); NT (22); RILB (27); RE (29); SSR (38); RLB (43),3-3-5,OKST D01 (RCB); OKST D04 (LOLB); OKST D05 (RILB); OKST D06 (LILB); OKST D10 (LCB); OKST D11 (SSR); OKST D18 (FS); OKST D23 (RLB); OKST D88 (RE); OKST D96 (NT); OKST D99 (DLT),OKST D01 (-1.0); OKST D04 (0.0); OKST D05 (0.0); OKST D06 (0.0); OKST D10 (0.0); OKST D11 (0.0); OKST D18 (0.0); OKST D23 (0.0); OKST D88 (0.0); OKST D96 (0.0); OKST D99 (0.0),,F,OKST,10,,DLT (16); NT (22); RE (29),,TOUCHDOWN,+0,5,PUNT - FC,-37,,,+25,OKST D18,,,,25,,,R,L,,,,,,ORUN 01 (RWR); ORUN 02 (LWR); ORUN 09 (TE-iL); ORUN 18 (TE-oL); OKST D01 (RCB); OKST D11 (SSR); OKST D23 (RLB),,,,,,,,,,LOLB (0); LILB (4); RILB (3); RLB (4),,C,O,OKST D01,LWR^; TE-oL; TE-iL^; HB; RWR,3x1,,2-0-1-2,12,ORUN 01; ORUN 02; ORUN 09; ORUN 18; ORUN 22,ORUN 01 (RWR); ORUN 02 (LWR); ORUN 05 (QB); ORUN 09 (TE-iL); ORUN 18 (TE-oL); ORUN 22 (HB); ORUN 71 (RT); ORUN 72 (C); ORUN 74 (RG); ORUN 75 (LG); ORUN 76 (LT),ORUN 01 (+1.0); ORUN 02 (0.0); ORUN 05 (0.0); ORUN 09 (0.0); ORUN 18 (0.0); ORUN 22 (0.0); ORUN 71 (0.0); ORUN 72 (0.0); ORUN 74 (0.0); ORUN 75 (0.0); ORUN 76 (0.0),ORUN 01; ORUN 22,T,ORUN,ORUN 02; ORUN 09,,,,3b,,,,,,,,,,,,,,,,,,,,,,+0,JET SWEEP LEFT,,JET SWEEP LEFT,ORUN 01,,,0,,,ORUN 05,0,,,0,,HB,HB (-7),R,1; ORUN 22 (HB),,,,TRICK,,R,,+24,ORUN 01* (R:L{R}); ORUN 09 (R:Lx); ORUN 18 (R:Lx),,,,,,,L;L,ORUN 01,,,LWR^(-6.5); RWR(+11.5),,0,3,0,0,0,,false,2,2,4.326,2.674,,false,12,ORUN 22,ORUN 09; ORUN 18,ORUN 01; ORUN 02,ACE,TOAD WING - OPEN,LWR; HB; TE-iR; TE-oR; RWR,1x3,TOAD WING - OPEN,NICKEL,OKST D01; OKST D10; OKST D11; OKST D18; OKST D23,OKST D04; OKST D05; OKST D06,OKST D88; OKST D96; OKST D99,UNDER,,COVER 3,,25,,4.549,2.451,28886_6374858,28886-ORUN-6
6375167,28886,2025-09-06,2025,02,407739,2088,2,1,04:20,0,,0,3,0,7,1,0,0,,,,0,0,1,34,0,,0,6375144,6375201,,34.03,0,,82,0,,,0,0,,1,0,0,ORUN 00,7; OKST D00 (10); OKST D01 (37); OKST D05 (14); OKST D06 (22); OKST D17 (26); OKST D40 (34); OKST D71 (18),,,,,LCB (1); SCBoL (5); SCBiL (10); FS (10),LEO (10); LLB (14); DLT (18); MLB (22); DRT (26); REO (34); RLB (37),3-3-5,OKST D00 (LEO); OKST D01 (RLB); OKST D05 (LLB); OKST D06 (MLB); OKST D08 (FS); OKST D10 (LCB); OKST D11 (SCBiL); OKST D17 (DRT); OKST D23 (SCBoL); OKST D40 (REO); OKST D71 (DLT),OKST D00 (0.0); OKST D01 (0.0); OKST D05 (+0.5); OKST D06 (-1.0); OKST D08 (0.0); OKST D10 (0.0); OKST D11 (0.0); OKST D17 (0.0); OKST D23 (0.0); OKST D40 (0.0); OKST D71 (0.0),DRIVE START,T,OKST,10,,LEO (10); DLT (18); DRT (26); REO (34),,TOUCHDOWN,+0,12,PUNT - FC,-24,,,-24,OKST D05,,,,0,,,L,R,,,,,,ORUN 18 (TE-L); ORUN 71 (RT); ORUN 72 (C); OKST D00 (LEO); OKST D05 (LLB); OKST D06 (MLB),,,,,,,,,,LLB (5); MLB (5); RLB (6),,C,C,ORUN 18; OKST D06,TE-L; HB; SRiWR; SRoWR^; RWR^,1x3,HB>SRiWR,2-0-2-1,21,ORUN 00; ORUN 11; ORUN 14; ORUN 18; ORUN 23,ORUN 00 (HB); ORUN 05 (QB); ORUN 11 (SRoWR); ORUN 14 (RWR); ORUN 18 (TE-L); ORUN 23 (SRiWR); ORUN 71 (RT); ORUN 72 (C); ORUN 74 (RG); ORUN 75 (LG); ORUN 76 (LT),ORUN 00 (0.0); ORUN 05 (0.0); ORUN 11 (0.0); ORUN 14 (0.0); ORUN 18 (-1.0); ORUN 23 (0.0); ORUN 71 (0.0); ORUN 72 (0.0); ORUN 74 (0.0); ORUN 75 (0.0); ORUN 76 (0.0),DRIVE START,F,ORUN,ORUN 11; ORUN 14,,,,3S,,,,,,,,,,,,,,,,,,,,P,,-24,RE,,RE,OKST D05,,,0,,,ORUN 05,0,,,0,,HB,HB (-7),R,1; ORUN 00 (HB),,,,COUNTER,CROSS LEAD,R,,+31,ORUN 23* (R:L{R}),S,,OKST D05,,OKST D05,,L,,,,SRiWR(-0.5); SRoWR^(+13.5); RWR^(+19.5),,0,14,0,0,0,,false,2,2,0.982,-0.529,,false,21,ORUN 00; ORUN 23,ORUN 18,ORUN 11; ORUN 14,PISTOL,TRIPS - CLOSED,TE-L; HB; SRiWR; SRoWR; RWR,1x3,TRIPS - CLOSED,NICKEL,OKST D01; OKST D08; OKST D10; OKST D11; OKST D23,OKST D05; OKST D06; OKST D40,OKST D00; OKST D17; OKST D71,EVEN,,COVER 3 SEAM,,76,,1.607,-0.957,28886_6375167,28886-ORUN-7
6375201,28886,2025-09-06,2025,02,407739,2114,2,2,03:50,0,1,0,3,0,7,2,9,0,,,,0,0,0,34,0,,0,6375167,6375225,,34.03,0,,83,1,,1.9,0,0,6,2,0,0,ORUN 14,4; OKST D00 (35); OKST D17 (16); OKST D40 (08); OKST D71 (25),ORUN 11; ORUN 17; ORUN 18,L,,,LCB (1); SSL (10); SSR (9); SCBiR (4); SCBR (4); SCBoR (4); RCB (6),LOLB (08); SSL (10); DLT (16); DRT (25); ROLB (35); SSR (44),3-3-5,OKST D00 (ROLB); OKST D01 (RCB); OKST D05 (SCBR); OKST D06 (SCBiR); OKST D08 (SSL); OKST D10 (LCB); OKST D11 (SSR); OKST D17 (DLT); OKST D23 (SCBoR); OKST D40 (LOLB); OKST D71 (DRT),OKST D00 (0.0); OKST D01 (0.0); OKST D05 (0.0); OKST D06 (0.0); OKST D08 (-1.0); OKST D10 (-0.5); OKST D11 (0.0); OKST D17 (0.0); OKST D23 (0.0); OKST D40 (0.0); OKST D71 (0.0),,F,OKST,10,,DLT (16); DRT (25),,TOUCHDOWN,+0,12,PUNT - FC,-24,7,SD,-24,OKST D08,,,,9,,,R,L,,,,,,ORUN 05 (QB); ORUN 14 (RWR); OKST D08 (SSL); OKST D10 (LCB),,,,,,,,,,LOLB (0); ROLB (0),OKST D08,O,O,OKST D08; OKST D10,LWR; SLoWR; SLWR^; SLiWR; RWR^,4x1,HB>LWR; TE>SLWR,3-0-1-1,11,ORUN 11; ORUN 14; ORUN 17; ORUN 18; ORUN 20,ORUN 05 (QB); ORUN 11 (SLoWR); ORUN 14 (RWR); ORUN 17 (SLiWR); ORUN 18 (SLWR); ORUN 20 (LWR); ORUN 71 (RT); ORUN 72 (C); ORUN 74 (RG); ORUN 75 (LG); ORUN 76 (LT),ORUN 05 (0.0); ORUN 11 (0.0); ORUN 14 (+0.5); ORUN 17 (0.0); ORUN 18 (0.0); ORUN 20 (0.0); ORUN 71 (0.0); ORUN 72 (0.0); ORUN 74 (0.0); ORUN 75 (0.0); ORUN 76 (0.0),ORUN 17; ORUN 20,T,ORUN,ORUN 14; ORUN 18,,5; ORUN 71 (RT); ORUN 72 (C); ORUN 74 (RG); ORUN 75 (LG); ORUN 76 (LT),,6L,OKST D10,,7; OKST D01; OKST D05; OKST D06; OKST D08; OKST D10; OKST D11; OKST D23,3,M,ORUN 05 (QB),LWR 9; SLoWR 6(8); SLWR x6(8); SLiWR 1; RWR 2(1),9; 6; X; 3; 2,ORUN 20 9; ORUN 11 6(8); ORUN 18 x6(8); ORUN 17 1; ORUN 14 2(1),RWR,ORUN 14,COMPLETE,2(1),2R,4; OKST D00 (ROLB); OKST D17 (DLT); OKST D40 (LOLB); OKST D71 (DRT),,41,5R,,,,-33,,,,ORUN 14,OKST D10 > ORUN 14,,0,,,ORUN 05,0,,,0,,EMPTY,,,,,,,,,P,,+31,,S,,,,OKST D05,,,,,,LWR(-14.5); SLoWR(-7.5); SLWR^(-5.5); SLiWR(-3.5); RWR^(+18.5),,0,15,0,0,0,,false,2,2,0.453,0.489,Slant,false,11,ORUN 20,ORUN 18,ORUN 11; ORUN 14; ORUN 17,GUN EMPTY,QUADS - OPEN,LWR; SLoWR; SLWR; SLiWR; RWR,4x1,QUADS - OPEN,NICKEL,OKST D01; OKST D08; OKST D10; OKST D11; OKST D23,OKST D05; OKST D06; OKST D40,OKST D00; OKST D17; OKST D71,WIDE UNDER,,COVER 6,,76,,0.65,0.959,28886_6375201,28886-ORUN-7
6375225,28886,2025-09-06,2025,02,407739,2142,2,3,03:31,0,,0,3,0,7,3,1,0,1,,,0,0,0,34,0,,0,6375201,6375255,,34.03,0,,84,0,,,0,0,,0,0,0,ORUN 05,7; OKST D00 (30); OKST D05 (22); OKST D06 (39); OKST D08 (06); OKST D17 (25); OKST D40 (14); OKST D71 (19),,,,,LCB (1); FS (9); SCBR (2); RCB (2),LOLB (06); LE (14); DLT (19); MLB (22); DRT (25); RE (30); ROLB (39),3-3-5,OKST D00 (RE); OKST D01 (RCB); OKST D05 (MLB); OKST D06 (ROLB); OKST D08 (LOLB); OKST D10 (LCB); OKST D11 (FS); OKST D17 (DRT); OKST D23 (SCBR); OKST D40 (LE); OKST D71 (DLT),OKST D00 (0.0); OKST D01 (0.0); OKST D05 (0.0); OKST D06 (0.0); OKST D08 (0.0); OKST D10 (0.0); OKST D11 (0.0); OKST D17 (0.0); OKST D23 (0.0); OKST D40 (0.0); OKST D71 (0.0),,F,OKST,1,,LE (14); DLT (19); DRT (25); RE (30),,TOUCHDOWN,+0,12,PUNT - FC,-24,,,-33,OKST D05,,,,1,,,C,C,,,,,,ORUN 05 (QB),,,,,,,,,,LOLB (0); MLB (2); ROLB (0),,C,C,,LWR^; SLWR; HB; TE-R^; RWR,2x2,,3-0-1-1,11,ORUN 11; ORUN 14; ORUN 17; ORUN 18; ORUN 20,ORUN 05 (QB); ORUN 11 (LWR); ORUN 14 (RWR); ORUN 17 (SLWR); ORUN 18 (TE-R); ORUN 20 (HB); ORUN 71 (RT); ORUN 72 (C); ORUN 74 (RG); ORUN 75 (LG); ORUN 76 (LT),ORUN 05 (+0.5); ORUN 11 (0.0); ORUN 14 (0.0); ORUN 17 (0.0); ORUN 18 (0.0); ORUN 20 (0.0); ORUN 71 (0.0); ORUN 72 (0.0); ORUN 74 (0.0); ORUN 75 (0.0); ORUN 76 (0.0),,T,ORUN,ORUN 11; ORUN 18,,,,1,,,,,,,,,,,,,,,,,,,,,,-34,QB SNEAK,,QB SNEAK,ORUN 05,OKST D01 > ORUN 11; OKST D10 > ORUN 14; OKST D23 > ORUN 17,,0,,,ORUN 05,0,,,0,,HB,HB (-5),U,1; ORUN 20 (HB),,,,SNEAK,,R,,+31,,,,,,OKST D05,,R,,,,LWR^(-11.5); SLWR(-7.5); RWR(+19.5),,0,29,0,0,0,,true,2,2,0.942,0.442,,false,11,ORUN 20,ORUN 18,ORUN 11; ORUN 14; ORUN 17,ACE,SLOT - PRO,LWR; SLWR; HB; TE-R; RWR,2x2,SLOT - PRO,NICKEL,OKST D01; OKST D08; OKST D10; OKST D11; OKST D23,OKST D05; OKST D06; OKST D40,OKST D00; OKST D17; OKST D71,EVEN,SINGLE MUG,COVER 1,,67,,1.609,0.802,28886_6375225,28886-ORUN-7
6375255,28886,2025-09-06,2025,02,407739,2168,2,1,02:50,0,,0,3,0,7,4,6,0,,,,0,0,0,34,0,,0,6375225,6375279,,34.03,0,,85,1,,,0,0,,1,0,0,ORUN 20,7; OKST D00 (27); OKST D05 (24); OKST D06 (07); OKST D10 (06); OKST D17 (15); OKST D40 (36); OKST D71 (22),,,,,FS (10); SCBiR (9); SCBoR (5); RCB (2),LLB (06); LOLB (07); LE (15); NT (22); RILB (24); DRT (27); ROLB (36),3-3-5,OKST D00 (DRT); OKST D01 (RCB); OKST D05 (RILB); OKST D06 (LOLB); OKST D08 (FS); OKST D10 (LLB); OKST D11 (SCBiR); OKST D17 (LE); OKST D23 (SCBoR); OKST D40 (ROLB); OKST D71 (NT),OKST D00 (0.0); OKST D01 (0.0); OKST D05 (0.0); OKST D06 (0.0); OKST D08 (0.0); OKST D10 (-0.5); OKST D11 (0.0); OKST D17 (0.0); OKST D23 (0.0); OKST D40 (0.0); OKST D71 (0.0),,F,OKST,10,,LE (15); NT (22); DRT (27),,TOUCHDOWN,+0,12,PUNT - FC,-24,,,-34,OKST D08,,,,6,,,C,C,,,,,,ORUN 11 (SLiWR); ORUN 18 (TE-R); ORUN 20 (HB); ORUN 71 (RT); ORUN 74 (RG); OKST D05 (RILB); OKST D06 (LOLB); OKST D10 (LLB); OKST D17 (LE),,,,,,,,,,LOLB (0); LLB (6); RILB (5); ROLB (0),,O,O,ORUN 71; OKST D10,LWR^; SLoWR; SLiWR; HB; TE-R^,3x1,,3-0-1-1,11,ORUN 11; ORUN 14; ORUN 17; ORUN 18; ORUN 20,ORUN 05 (QB); ORUN 11 (SLiWR); ORUN 14 (LWR); ORUN 17 (SLoWR); ORUN 18 (TE-R); ORUN 20 (HB); ORUN 71 (RT); ORUN 72 (C); ORUN 74 (RG); ORUN 75 (LG); ORUN 76 (LT),ORUN 05 (0.0); ORUN 11 (+0.5); ORUN 14 (0.0); ORUN 17 (0.0); ORUN 18 (0.0); ORUN 20 (+0.5); ORUN 71 (-0.5); ORUN 72 (0.0); ORUN 74 (0.0); ORUN 75 (0.0); ORUN 76 (0.0),,T,ORUN,ORUN 14; ORUN 18,,,,4,,,,,,,,,,,,,,,,,,,,,,-40,RT,,RT,ORUN 11; ORUN 20,OKST D01 > ORUN 14,,0,,,ORUN 05,0,,,0,,HB,HB (-8),R,1; ORUN 20 (HB),,,,MAN,CROSS LEAD,R,,+31,ORUN 11* (R:Lx),,,,,OKST D05,OKST D06,R,,,,LWR^(-18.5); SLoWR(-10.5); SLiWR(-2.5),,0,3,0,0,0,,false,2,2,1.384,0.428,,false,11,ORUN 20,ORUN 18,ORUN 11; ORUN 14; ORUN 17,ACE,TRIPS - CLOSED,LWR; SLWR; HB; TE-R; RWR,2x2,SLOT - PRO,NICKEL,OKST D01; OKST D08; OKST D10; OKST D11; OKST D23,OKST D05; OKST D06; OKST D40,OKST D00; OKST D17; OKST D71,UNDER,,COVER 4,,66,,2.411,0.257,28886_6375255,28886-ORUN-7
6375279,28886,2025-09-06,2025,02,407739,2194,2,2,02:12,1,,0,3,0,7,5,6,0,1,,,0,0,0,34,1,,0,6375255,6375379,,34.03,0,,86,0,,,0,0,,3,0,0,ORUN 22,6; OKST D00 (38); OKST D04 (09); OKST D05 (27); OKST D06 (10); OKST D17 (15); OKST D71 (25),,,,,LCB (0); SSL (9); FSR (11); SCBR (5); RCB (1),SSL (06); LOLB (09); LLB (10); LE (15); DRT (25); RILB (27); ROLB (38),3-3-5,OKST D00 (ROLB); OKST D01 (RCB); OKST D04 (LOLB); OKST D05 (RILB); OKST D06 (LLB); OKST D08 (SSL); OKST D10 (LCB); OKST D11 (FSR); OKST D17 (LE); OKST D23 (SCBR); OKST D71 (DRT),OKST D00 (0.0); OKST D01 (0.0); OKST D04 (0.0); OKST D05 (0.0); OKST D06 (0.0); OKST D08 (0.0); OKST D10 (0.0); OKST D11 (0.0); OKST D17 (-0.5); OKST D23 (0.0); OKST D71 (0.0),OKST D04,F,OKST,4,,LE (15); DRT (25),,TOUCHDOWN,+0,12,PUNT - FC,-24,,,-40,OKST D17,,,,6,,,R,L,,,,,,ORUN 18 (TE-R); ORUN 22 (HB-L); ORUN 72 (C); ORUN 74 (RG); ORUN 75 (LG); OKST D05 (RILB); OKST D17 (LE); OKST D71 (DRT),,,,,,,,,,LOLB (0); LLB (4); RILB (4); ROLB (0),,C,O,OKST D17,LWR^; SLWR; HB-L; TE-R; RWR^,2x2,,3-0-1-1,11,ORUN 11; ORUN 14; ORUN 17; ORUN 18; ORUN 22,ORUN 05 (QB); ORUN 11 (RWR); ORUN 14 (LWR); ORUN 17 (SLWR); ORUN 18 (TE-R); ORUN 22 (HB-L); ORUN 71 (RT); ORUN 72 (C); ORUN 74 (RG); ORUN 75 (LG); ORUN 76 (LT),ORUN 05 (0.0); ORUN 11 (0.0); ORUN 14 (0.0); ORUN 17 (0.0); ORUN 18 (0.0); ORUN 22 (+0.5); ORUN 71 (0.0); ORUN 72 (+0.5); ORUN 74 (+0.5); ORUN 75 (0.0); ORUN 76 (0.0),ORUN 22,T,ORUN,ORUN 11; ORUN 14,,,,3CLb,,,,,,,LWR 9o; SLWR 6(5); HB-L r; TE-R r; RWR 6o(10),9; 6; -; -; 6,ORUN 14 9o; ORUN 17 6(5); ORUN 22 r; ORUN 18 r; ORUN 11 6o(10),,,,,,,,,,,,,-46,ML,,ML,ORUN 22; ORUN 72; ORUN 74,OKST D01 > ORUN 14; OKST D10 > ORUN 11,,0,,,ORUN 05,0,,,0,,HB-L,HB-L (-5),R,1; ORUN 22 (HB-L),,,,INSIDE ZONE,READ OPTION;SPLIT,R,,+31,,S,,,,OKST D06,OKST D71,R,,,,LWR^(-17.5); SLWR(-6.5); RWR^(+19.5),,1,10,0,0,0,,false,2,2,1.812,0.248,,true,11,ORUN 22,ORUN 18,ORUN 11; ORUN 14; ORUN 17,GUN WEAK,SLOT - PRO,LWR; SLWR; HB-L; TE-R; RWR,2x2,SLOT - PRO,NICKEL,OKST D01; OKST D08; OKST D10; OKST D11; OKST D23,OKST D04; OKST D05; OKST D06,OKST D00; OKST D17; OKST D71,WIDE OVER,,COVER 3 CLOUD,,60,,2.668,0.572,28886_6375279,28886-ORUN-7
6375379,28886,2025-09-06,2025,02,407739,2220,2,1,02:00,0,1,0,3,0,7,6,25,0,1,,,0,0,0,34,0,,1,6375279,6375398,,34.03,0,,87,0,2.2,2.3,0,0,24,8,2,0,ORUN 11,7; OKST D00 (35); OKST D04 (10); OKST D05 (30); OKST D06 (18); OKST D10 (05); OKST D17 (17); OKST D71 (25),,L,,,FS (12); SCBiR (8); SCBoR (5); RCB (5),LLB (05); LEO (10); DLT (17); LILB (18); DRT (25); RLB (30); ROLB (35),3-3-5,OKST D00 (ROLB); OKST D01 (RCB); OKST D04 (LEO); OKST D05 (RLB); OKST D06 (LILB); OKST D08 (FS); OKST D10 (LLB); OKST D11 (SCBiR); OKST D17 (DLT); OKST D23 (SCBoR); OKST D71 (DRT),OKST D00 (0.0); OKST D01 (0.0); OKST D04 (0.0); OKST D05 (0.0); OKST D06 (-1.0); OKST D08 (0.0); OKST D10 (0.0); OKST D11 (0.0); OKST D17 (0.0); OKST D23 (0.0); OKST D71 (0.0),,F,OKST,10,,LEO (10); DLT (17); DRT (25),,TOUCHDOWN,+0,12,PUNT - FC,-24,0,RR,-46,OKST D17,,,,25,,,R,L,,OKST D04,,,,ORUN 05 (QB); ORUN 11 (SLiWR); OKST D04 (LEO); OKST D06 (LILB); OKST D17 (DLT),,,,,,,,,,LLB (4); LILB (4); RLB (4); ROLB (0),OKST D17,C,C,OKST D06,LWR^; SLoWR; SLiWR; HB; TE-R^,3x1,,3-0-1-1,11,ORUN 11; ORUN 14; ORUN 17; ORUN 18; ORUN 27,ORUN 05 (QB); ORUN 11 (SLiWR); ORUN 14 (LWR); ORUN 17 (SLoWR); ORUN 18 (TE-R); ORUN 27 (HB); ORUN 71 (RT); ORUN 72 (C); ORUN 74 (RG); ORUN 75 (LG); ORUN 76 (LT),ORUN 05 (0.0); ORUN 11 (+0.5); ORUN 14 (0.0); ORUN 17 (0.0); ORUN 18 (0.0); ORUN 27 (0.0); ORUN 71 (0.0); ORUN 72 (0.0); ORUN 74 (0.0); ORUN 75 (0.0); ORUN 76 (0.0),ORUN 27,T,ORUN,ORUN 14; ORUN 18,,5; ORUN 71 (RT); ORUN 72 (C); ORUN 74 (RG); ORUN 75 (LG); ORUN 76 (LT),,3S,OKST D06,,7; OKST D01; OKST D05; OKST D06; OKST D08; OKST D10; OKST D11; OKST D23,1,R,ORUN 05 (QB),LWR xo(26); SLoWR xl(11); SLiWR xu(-2); HB fl; TE-R 7(4),X; X; X; -; 7,ORUN 14 xo(26); ORUN 17 xl(11); ORUN 11 xu(-2); ORUN 27 fl; ORUN 18 7(4),SLiWR,ORUN 11,COMPLETE,xu(-2),SR,4; OKST D00 (ROLB); OKST D04 (LEO); OKST D17 (DLT); OKST D71 (DRT),HURRY,45,6R,,,ORUN 27,+29,,,,ORUN 11,,OKST D04 (U),0,,,ORUN 05,0,OKST D04,,0,,HB,HB (-8),,1; ORUN 27 (HB),,,,OUTSIDE ZONE,,P,,+31,ORUN 11* (R:Lx),,,,,OKST D06,,R,,OKST D04 (R.E.D) LEO,,LWR^(-9.5); SLoWR(-3.5); SLiWR(+3.5),,0,9,0,1,0,,false,2,2,2.06,1.33,Under,false,11,ORUN 27,ORUN 18,ORUN 11; ORUN 14; ORUN 17,ACE,TRIPS - CLOSED,LWR; SLWR; HB; TE-R; RWR,2x2,SLOT - PRO,NICKEL,OKST D01; OKST D08; OKST D10; OKST D11; OKST D23,OKST D04; OKST D05; OKST D06,OKST D00; OKST D17; OKST D71,WIDE OVER,,COVER 3 SEAM,,54,,3.24,1.183,28886_6375379,28886-ORUN-7
6375398,28886,2025-09-06,2025,02,407739,2248,2,1,01:45,0,0,1,3,0,7,7,,0,,,,0,0,0,34,0,,0,6375379,6375416,,34.03,0,,88,1,,3.1,0,0,,,2,0,,5; OKST D00 (34); OKST D04 (09); OKST D05 (24); OKST D17 (16); OKST D71 (25),ORUN 11; ORUN 14; ORUN 17; ORUN 18,L,,ORUN 27,LCB (4); SCBL (2); SSL (9); FSR (12); SCBR (6); RCB (2),SSL (05); LOLB (09); DLT (16); RILB (24); DRT (25); ROLB (34),3-3-5,OKST D00 (ROLB); OKST D01 (RCB); OKST D04 (LOLB); OKST D05 (RILB); OKST D06 (SCBL); OKST D08 (SSL); OKST D10 (LCB); OKST D11 (FSR); OKST D17 (DLT); OKST D23 (SCBR); OKST D71 (DRT),OKST D00 (0.0); OKST D01 (0.0); OKST D04 (0.0); OKST D05 (0.0); OKST D06 (0.0); OKST D08 (0.0); OKST D10 (-1.0); OKST D11 (0.0); OKST D17 (0.0); OKST D23 (0.0); OKST D71 (0.0),,T,OKST,10,,DLT (16); DRT (25),,TOUCHDOWN,+0,12,PUNT - FC,-24,8,SD,+29,,,,,0,,,R,L,,,OT,,,ORUN 05 (QB); OKST D10 (LCB),,,,,,,,,,LOLB (0); RILB (4); ROLB (0),,O,O,ORUN 05; OKST D10,LWR^; SLWR; HB-L; SRWR; RWR^,2x2,TE>RWR,3-0-1-1,11,ORUN 11; ORUN 14; ORUN 17; ORUN 18; ORUN 27,ORUN 05 (QB); ORUN 11 (SRWR); ORUN 14 (LWR); ORUN 17 (SLWR); ORUN 18 (RWR); ORUN 27 (HB-L); ORUN 71 (RT); ORUN 72 (C); ORUN 74 (RG); ORUN 75 (LG); ORUN 76 (LT),ORUN 05 (-0.5); ORUN 11 (0.0); ORUN 14 (0.0); ORUN 17 (0.0); ORUN 18 (0.0); ORUN 27 (0.0); ORUN 71 (0.0); ORUN 72 (0.0); ORUN 74 (0.0); ORUN 75 (0.0); ORUN 76 (0.0),,F,ORUN,ORUN 14; ORUN 18,,5; ORUN 71 (RT); ORUN 72 (C); ORUN 74 (RG); ORUN 75 (LG); ORUN 76 (LT),,6R,OKST D10,OKST D08,7; OKST D01; OKST D05; OKST D06; OKST D08; OKST D10; OKST D11; OKST D23,35,M,ORUN 05 (QB),LWR 9tv(1); SLWR 0(-3); HB-L cfrh2(-5); SRWR 8(9); RWR xl(12),9; 0; H2; 8; X,ORUN 14 9tv(1); ORUN 17 0(-3); ORUN 27 cfrh2(-5); ORUN 11 8(9); ORUN 18 xl(12),SRWR,ORUN 11,INCOMPLETE,8(9),8R,4; OKST D00 (ROLB); OKST D04 (LOLB); OKST D17 (DLT); OKST D71 (DRT),,33,4,,,ORUN 27,+29,,,,,OKST D01 > ORUN 14,,1,,,ORUN 05,0,,,0,,HB-L,HB-L (-5),,1; ORUN 27 (HB-L),,,,,,P,,+31,,S,,,,,,,,,,LWR^(-10.5); SLWR(-10.5); SRWR(+17.5); RWR^(+17.5),,0,21,0,0,0,,true,2,2,3.39,-0.395,Post,false,11,ORUN 27,ORUN 18,ORUN 11; ORUN 14; ORUN 17,GUN WEAK,SLOT - SLOT,LWR; SLWR; HB-L; SRWR; RWR,2x2,SLOT - SLOT,NICKEL,OKST D01; OKST D08; OKST D10; OKST D11; OKST D23,OKST D04; OKST D05; OKST D06,OKST D00; OKST D17; OKST D71,WIDE UNDER,,COVER 6,,29,,4.423,-0.542,28886_6375398,28886-ORUN-7
6375416,28886,2025-09-06,2025,02,407739,2274,2,2,01:39,0,,0,3,0,7,8,-1,0,,,,0,0,0,34,0,,0,6375398,6375443,,34.03,0,,89,1,,,0,0,,1,2,0,ORUN 27,5; OKST D04 (11); OKST D06 (18); OKST D81 (19); OKST D95 (36); OKST D96 (28),,,,,LCB (1); SSL (10); FSR (11); SCBiR (5); SCBoR (7); RCB (7),SSL (10); LOLB (11); LILB (18); DLT (19); DRT (28); ROLB (36),3-3-5,OKST D01 (RCB); OKST D04 (LOLB); OKST D05 (SCBiR); OKST D06 (LILB); OKST D08 (SSL); OKST D10 (LCB); OKST D11 (FSR); OKST D23 (SCBoR); OKST D81 (DLT); OKST D95 (ROLB); OKST D96 (DRT),OKST D01 (0.0); OKST D04 (+1.0); OKST D05 (0.0); OKST D06 (0.0); OKST D08 (0.0); OKST D10 (0.0); OKST D11 (0.0); OKST D23 (0.0); OKST D81 (0.0); OKST D95 (0.0); OKST D96 (0.0),OKST D81; OKST D95; OKST D96,T,OKST,10,,DLT (19); DRT (28),,TOUCHDOWN,+0,12,PUNT - FC,-24,,,+29,OKST D04,,,,-1,,,R,L,,,,,,ORUN 71 (RT); ORUN 75 (LG); OKST D04 (LOLB); OKST D95 (ROLB),,,,,,,,,,LOLB (0); LILB (5); ROLB (0),,O,O,ORUN 71,LWR^; SLoWR; SLiWR; HB-R; RWR^,3x1,TE>SLiWR,3-0-1-1,11,ORUN 04; ORUN 14; ORUN 17; ORUN 18; ORUN 27,ORUN 04 (RWR); ORUN 05 (QB); ORUN 14 (LWR); ORUN 17 (SLoWR); ORUN 18 (SLiWR); ORUN 27 (HB-R); ORUN 71 (RT); ORUN 72 (C); ORUN 74 (RG); ORUN 75 (LG); ORUN 76 (LT),ORUN 04 (0.0); ORUN 05 (0.0); ORUN 14 (0.0); ORUN 17 (0.0); ORUN 18 (0.0); ORUN 27 (0.0); ORUN 71 (-1.0); ORUN 72 (0.0); ORUN 74 (0.0); ORUN 75 (0.0); ORUN 76 (0.0),ORUN 04,F,ORUN,ORUN 04; ORUN 14,,,,4,,,,,,,LWR 6(6); SLoWR 9s; SLiWR 6(6); HB-R r; RWR 9o,6; 9; 6; -; 9,ORUN 14 6(6); ORUN 17 9s; ORUN 18 6(6); ORUN 27 r; ORUN 04 9o,,,,,,,,,,,,,+30,LT,FORCED,ML,OKST D04,OKST D10 > ORUN 04,,0,,,ORUN 05,0,,,0,,HB-R,HB-R (-5),R,1; ORUN 27 (HB-R),,,,INSIDE ZONE,,R,,+31,ORUN 17 (R:L{L}); ORUN 18 (R:L{L}),S,,OKST D04,,OKST D04,,,,,,LWR^(-20.5); SLoWR(-11.5); SLiWR(-6.5); RWR^(+17.5),,1,8,0,0,0,,false,2,2,2.995,-0.763,,false,11,ORUN 27,ORUN 18,ORUN 04; ORUN 14; ORUN 17,GUN WEAK,TRIPS - OPEN,LWR; SLoWR; SLiWR; HB-R; RWR,3x1,TRIPS - OPEN,NICKEL,OKST D01; OKST D08; OKST D10; OKST D11; OKST D23,OKST D04; OKST D05; OKST D06,OKST D81; OKST D95; OKST D96,WIDE OVER,,COVER 4,,29,,3.881,-0.909,28886_6375416,28886-ORUN-7
6375443,28886,2025-09-06,2025,02,407739,2300,2,3,01:02,1,,0,3,0,7,9,8,0,,,,0,0,0,34,0,,0,6375416,6375459,,34.03,0,,90,0,,,0,0,,4,2,0,ORUN 27,5; OKST D00 (38); OKST D04 (05); OKST D05 (18); OKST D16 (29); OKST D95 (22),,,,,LCB (4); SSL (8); FS (12); FSR (12); SCBR (3); RCB (7),LOLB (05); SSL (06); LILB (18); NT (22); RLB (29); ROLB (38),2-4-5,OKST D00 (ROLB); OKST D01 (RCB); OKST D04 (LOLB); OKST D05 (LILB); OKST D08 (SSL); OKST D10 (LCB); OKST D11 (FSR); OKST D16 (RLB); OKST D23 (SCBR); OKST D26 (FS); OKST D95 (NT),OKST D00 (0.0); OKST D01 (0.0); OKST D04 (0.0); OKST D05 (0.0); OKST D08 (0.0); OKST D10 (0.0); OKST D11 (0.0); OKST D16 (+0.5); OKST D23 (0.0); OKST D26 (0.0); OKST D95 (-0.5),OKST D00; OKST D16; OKST D26,T,OKST,11,,NT (22),,TOUCHDOWN,+0,12,PUNT - FC,-24,,,+30,OKST D04,,,,8,,,R,L,,,,,,ORUN 27 (HB-L); ORUN 71 (RT); ORUN 72 (C); ORUN 76 (LT); OKST D05 (LILB); OKST D16 (RLB); OKST D95 (NT),,,,,,,,,,LOLB (0); LILB (4); RLB (5); ROLB (0),,O,C,ORUN 76; OKST D95,LWR^; SLWR; TE-L; HB-L; RWR^,3x1,,3-0-1-1,11,ORUN 04; ORUN 14; ORUN 17; ORUN 18; ORUN 27,ORUN 04 (RWR); ORUN 05 (QB); ORUN 14 (LWR); ORUN 17 (SLWR); ORUN 18 (TE-L); ORUN 27 (HB-L); ORUN 71 (RT); ORUN 72 (C); ORUN 74 (RG); ORUN 75 (LG); ORUN 76 (LT),ORUN 04 (0.0); ORUN 05 (0.0); ORUN 14 (0.0); ORUN 17 (0.0); ORUN 18 (0.0); ORUN 27 (+0.5); ORUN 71 (+0.5); ORUN 72 (0.0); ORUN 74 (0.0); ORUN 75 (0.0); ORUN 76 (-1.0),,F,ORUN,ORUN 04; ORUN 14,,,,2b,,,,,,,,,,,,,,,,,,,,,,+22,RG,FORCED,ML,ORUN 27; ORUN 71; OKST D16,,,0,,,ORUN 05,0,,,0,,HB-L,HB-L (-5),R,1; ORUN 27 (HB-L),,,,INSIDE ZONE,,R,,+31,ORUN 18 (R:Lx>L:R{L}),S,,OKST D04,,OKST D04,OKST D95,L,,,,LWR^(-19.5); SLWR(-9.5); RWR^(+17.5),,0,9,0,0,0,,true,2,2,2.232,0.269,,false,11,ORUN 27,ORUN 18,ORUN 04; ORUN 14; ORUN 17,GUN STRONG,TREY - OPEN,LWR; SLWR; HB-L; SRWR; RWR,2x2,SLOT - SLOT,NICKEL,OKST D01; OKST D08; OKST D10; OKST D11; OKST D23,OKST D04; OKST D05; OKST D16; OKST D26,OKST D00; OKST D95,ODD,,COVER 2,,30,,2.972,0.333,28886_6375443,28886-ORUN-7
6375459,28886,2025-09-06,2025,02,407739,2326,2,4,00:35,1,1,0,3,0,7,10,7,0,1,,,0,0,0,34,0,,0,6375443,6375486,,34.03,0,,91,0,,2.3,0,0,2,0,2,0,ORUN 17,6; OKST D00 (25); OKST D04 (15); OKST D05 (22); OKST D16 (30); OKST D26 (10); OKST D95 (18),,L,,,LCB (1); SCBL (5); FS (9); SCBR (4); RCB (1),LOLB (10); LE (15); DLT (18); MLB (22); DRT (25); RE (30),2-4-5,OKST D00 (DRT); OKST D01 (RCB); OKST D04 (LE); OKST D05 (MLB); OKST D08 (SCBL); OKST D10 (LCB); OKST D11 (FS); OKST D16 (RE); OKST D23 (SCBR); OKST D26 (LOLB); OKST D95 (DLT),OKST D00 (0.0); OKST D01 (0.0); OKST D04 (0.0); OKST D05 (0.0); OKST D08 (0.0); OKST D10 (0.0); OKST D11 (0.0); OKST D16 (0.0); OKST D23 (-0.5); OKST D26 (0.0); OKST D95 (0.0),,F,OKST,3,,LE (15); DLT (18); DRT (25); RE (30),,TOUCHDOWN,+0,12,PUNT - FC,-24,9,SD,+22,,,,,7,,,R,L,,,,,,ORUN 05 (QB); ORUN 17 (SLWR); OKST D23 (SCBR),,,,,,,,,,LOLB (0); MLB (3),,C,C,OKST D23,LWR^; SLWR; HB-R; SRWR; RWR^,2x2,TE>SRWR,3-0-1-1,11,ORUN 04; ORUN 14; ORUN 17; ORUN 18; ORUN 27,ORUN 04 (RWR); ORUN 05 (QB); ORUN 14 (LWR); ORUN 17 (SLWR); ORUN 18 (SRWR); ORUN 27 (HB-R); ORUN 71 (RT); ORUN 72 (C); ORUN 74 (RG); ORUN 75 (LG); ORUN 76 (LT),ORUN 04 (0.0); ORUN 05 (+0.5); ORUN 14 (0.0); ORUN 17 (+0.5); ORUN 18 (0.0); ORUN 27 (0.0); ORUN 71 (0.0); ORUN 72 (0.0); ORUN 74 (0.0); ORUN 75 (0.0); ORUN 76 (0.0),,T,ORUN,ORUN 04; ORUN 14,,6; ORUN 27 (HB-R); ORUN 71 (RT); ORUN 72 (C); ORUN 74 (RG); ORUN 75 (LG); ORUN 76 (LT),,1b,OKST D23,,6; OKST D01; OKST D05; OKST D08; OKST D10; OKST D11; OKST D23,5,M,ORUN 05 (QB),LWR 9o; SLWR h72(2); HB-R kr; SRWR 4(8); RWR x6(5),9; H7; -; 4; X,ORUN 14 9o; ORUN 17 h72(2); ORUN 27 kr; ORUN 18 4(8); ORUN 04 x6(5),SLWR,ORUN 17,COMPLETE,h72(2),2R,5; OKST D00 (DRT); OKST D04 (LE); OKST D16 (RE); OKST D26 (LOLB); OKST D95 (DLT),,29,4,,,,+15,,,,ORUN 05; ORUN 17,OKST D01 > ORUN 14; OKST D10 > ORUN 04,,0,,,ORUN 05,0,,,0,,HB-R,HB-R (-5),R,1; ORUN 27 (HB-R),,,,,,P,,+31,ORUN 17* (B:L),S,,,,,,,,,,LWR^(-13.5); SLWR(-0.5); SRWR(+14.5); RWR^(+19.5),,0,20,0,0,0,FELL,true,2,2,2.501,1.555,HB angle left,false,11,ORUN 27,ORUN 18,ORUN 04; ORUN 14; ORUN 17,GUN STRONG,SLOT - SLOT,LWR; HB-L; HB-R; SRWR; RWR,1x2,SLOT - OPEN,NICKEL,OKST D01; OKST D08; OKST D10; OKST D11; OKST D23,OKST D04; OKST D05; OKST D16; OKST D26,OKST D00; OKST D95,OTHER,,COVER 1,,22,,3.305,1.494,28886_6375459,28886-ORUN-7
6375486,28886,2025-09-06,2025,02,407739,2354,2,1,00:31,0,0,0,3,0,7,11,10,0,1,,,0,0,0,34,0,,1,6375459,6375497,,34.03,0,,92,0,3.0,4.8,0,0,,3,2,0,ORUN 05,6; OKST D05 (27); OKST D06 (12); OKST D40 (10); OKST D81 (16); OKST D95 (35); OKST D96 (25),ORUN 11; ORUN 14,L,,,LCB (2); SSL (9); FSR (11); SCBR (5); RCB (6),SSL (06); LEO (10); LLB (12); DLT (16); DRT (25); RILB (27); ROLB (35),3-3-5,OKST D01 (RCB); OKST D05 (RILB); OKST D06 (LLB); OKST D08 (SSL); OKST D10 (LCB); OKST D11 (FSR); OKST D23 (SCBR); OKST D40 (LEO); OKST D81 (DLT); OKST D95 (ROLB); OKST D96 (DRT),OKST D01 (0.0); OKST D05 (0.0); OKST D06 (0.0); OKST D08 (0.0); OKST D10 (0.0); OKST D11 (0.0); OKST D23 (0.0); OKST D40 (0.0); OKST D81 (+0.5); OKST D95 (0.0); OKST D96 (0.0),OKST D06; OKST D40; OKST D81; OKST D96,F,OKST,10,,LEO (10); DLT (16); DRT (25),,TOUCHDOWN,+0,12,PUNT - FC,-24,10,SR,+15,OKST D06,,,,10,,,R,L,,OKST D81,,,,ORUN 05 (QB); ORUN 74 (RG); OKST D81 (DLT),,,,,,,,,,LLB (5); RILB (5); ROLB (0),,O,O,ORUN 74,LWR; SLWR^; HB-L; TE-R^; RWR,2x2,,3-0-1-1,11,ORUN 11; ORUN 14; ORUN 17; ORUN 18; ORUN 27,ORUN 05 (QB); ORUN 11 (LWR); ORUN 14 (SLWR); ORUN 17 (RWR); ORUN 18 (TE-R); ORUN 27 (HB-L); ORUN 71 (RT); ORUN 72 (C); ORUN 74 (RG); ORUN 75 (LG); ORUN 76 (LT),ORUN 05 (+0.5); ORUN 11 (0.0); ORUN 14 (0.0); ORUN 17 (0.0); ORUN 18 (0.0); ORUN 27 (0.0); ORUN 71 (0.0); ORUN 72 (0.0); ORUN 74 (-0.5); ORUN 75 (0.0); ORUN 76 (0.0),ORUN 11,T,ORUN,ORUN 14; ORUN 18,,5; ORUN 71 (RT); ORUN 72 (C); ORUN 74 (RG); ORUN 75 (LG); ORUN 76 (LT),,6R,,,7; OKST D01; OKST D05; OKST D06; OKST D08; OKST D10; OKST D11; OKST D23,,X,ORUN 05 (QB),LWR 9; SLWR 8(10); HB-L frh66(3); TE-R 7o(10); RWR xd(2),9; 8; H6; 7; X,ORUN 11 9; ORUN 14 8(10); ORUN 27 frh66(3); ORUN 18 7o(10); ORUN 17 xd(2),,,RUN,,,4; OKST D40 (LEO); OKST D81 (DLT); OKST D95 (ROLB); OKST D96 (DRT),HURRY,,,,,ORUN 27,+5,QB SCRAMBLE,,QB SCRAMBLE,ORUN 05; OKST D81,OKST D10 > ORUN 17,OKST D81 (O) ORUN 74,0,,,ORUN 05,1,OKST D81,ORUN 74,0,C,HB-L,HB-L (-5),,1; ORUN 27 (HB-L),,,,UNDEFINED,,P,,+31,ORUN 17* (L:Rx),S,,,,OKST D06,,R,,,,LWR(-9.5); SLWR^(-8.5); RWR(+12.5),,0,15,0,0,0,,false,2,1,4.056,0.79,,false,11,ORUN 27,ORUN 18,ORUN 11; ORUN 14; ORUN 17,GUN WEAK,SLOT - PRO,LWR; SLoWR; SLiWR; HB-L; TE-R,3x1,TRIPS - CLOSED,NICKEL,OKST D01; OKST D08; OKST D10; OKST D11; OKST D23,OKST D05; OKST D06; OKST D40,OKST D81; OKST D95; OKST D96,WIDE OVER,,COVER 6,,15,,4.799,0.937,28886_6375486,28886-ORUN-7
6375497,28886,2025-09-06,2025,02,407739,2380,2,1,00:16,0,,0,3,0,7,12,5,0,1,,,0,0,0,34,0,,0,6375486,6375547,,34.03,0,,93,0,,,0,0,,3,2,0,ORUN 27,8; OKST D05 (18); OKST D06 (25); OKST D08 (06); OKST D11 (30); OKST D40 (10); OKST D81 (17); OKST D95 (37); OKST D96 (25),,,,,LCB (0); SCBL (4); RCB (1),LLB (06); LEO (10); DLT (17); LILB (18); DRT (25); RILB (25); RLB (30); REO (37),3-3-5,OKST D01 (RCB); OKST D05 (LILB); OKST D06 (RILB); OKST D08 (LLB); OKST D10 (LCB); OKST D11 (RLB); OKST D23 (SCBL); OKST D40 (LEO); OKST D81 (DLT); OKST D95 (REO); OKST D96 (DRT),OKST D01 (0.0); OKST D05 (0.0); OKST D06 (0.0); OKST D08 (0.0); OKST D10 (0.0); OKST D11 (0.0); OKST D23 (0.0); OKST D40 (0.0); OKST D81 (-0.5); OKST D95 (0.0); OKST D96 (0.0),,F,OKST,5,,LEO (10); DLT (17); DRT (25); REO (37),,TOUCHDOWN,+0,12,PUNT - FC,-24,,,+5,OKST D96,,,,5,,,R,L,,,,,,ORUN 18 (TE-R); ORUN 27 (HB-R); ORUN 71 (RT); ORUN 72 (C); OKST D40 (LEO); OKST D81 (DLT); OKST D96 (DRT),,,,,,,,,,LLB (4); LILB (4); RILB (4); RLB (5),,O,O,ORUN 18; OKST D81,LWR^; HB-R; TE-R^; SRWR; RWR,1x3,,3-0-1-1,11,ORUN 11; ORUN 14; ORUN 17; ORUN 18; ORUN 27,ORUN 05 (QB); ORUN 11 (LWR); ORUN 14 (RWR); ORUN 17 (SRWR); ORUN 18 (TE-R); ORUN 27 (HB-R); ORUN 71 (RT); ORUN 72 (C); ORUN 74 (RG); ORUN 75 (LG); ORUN 76 (LT),ORUN 05 (0.0); ORUN 11 (0.0); ORUN 14 (0.0); ORUN 17 (0.0); ORUN 18 (-0.5); ORUN 27 (+0.5); ORUN 71 (+0.5); ORUN 72 (0.0); ORUN 74 (0.0); ORUN 75 (0.0); ORUN 76 (0.0),,T,ORUN,ORUN 11; ORUN 18,,,,RZ,,,,,,,LWR 99; HB-R r; TE-R r; SRWR 1z; RWR 0(-2),9; -; -; 3; 0,ORUN 11 99; ORUN 27 r; ORUN 18 r; ORUN 17 1z; ORUN 14 0(-2),,,,,,,,,,,,,+0,MR,FORCED,ML,ORUN 27; ORUN 71,OKST D01 > ORUN 11; OKST D10 > ORUN 14,,0,,,ORUN 05,0,,,0,,HB-R,HB-R (-5),L,1; ORUN 27 (HB-R),,,,INSIDE ZONE,,R,,+31,,S,,,,,,R,ORUN 27,,,LWR^(-10.5); SRWR(+16.5); RWR(+22.5),,1,29,0,0,0,,true,2,1,4.846,2.154,,false,11,ORUN 27,ORUN 18,ORUN 11; ORUN 14; ORUN 17,GUN STRONG,TREY - OPEN,LWR; HB-R; TE-R; SRWR; RWR,1x3,TREY - OPEN,NICKEL,OKST D01; OKST D08; OKST D10; OKST D11; OKST D23,OKST D05; OKST D06; OKST D40,OKST D81; OKST D95; OKST D96,WIDE OVER,,RED ZONE,,5,,5.736,1.264,28886_6375497,28886-ORUN-7
6376733,28886,2025-09-06,2025,02,407739,2596,3,1,13:40,0,,0,3,0,8,1,3,0,,,,0,0,0,41,0,,0,6376622,6376764,,41.03,0,,102,0,,,0,0,,3,0,0,ORUN 22,6; OKST D04 (37); OKST D05 (15); OKST D06 (25); OKST D95 (14); OKST D96 (22); OKST D99 (30),,,,,LCB (2); SCBL (3); FSL (11); SSR (9); RCB (1),LE (14); LLB (15); NT (22); RILB (25); RE (30); SSR (34); ROLB (37),3-3-5,OKST D01 (LCB); OKST D04 (ROLB); OKST D05 (LLB); OKST D06 (RILB); OKST D10 (RCB); OKST D11 (FSL); OKST D18 (SSR); OKST D23 (SCBL); OKST D95 (LE); OKST D96 (NT); OKST D99 (RE),OKST D01 (0.0); OKST D04 (0.0); OKST D05 (0.0); OKST D06 (0.0); OKST D10 (0.0); OKST D11 (0.0); OKST D18 (0.0); OKST D23 (0.0); OKST D95 (0.0); OKST D96 (-0.5); OKST D99 (+0.5),DRIVE START,T,OKST,10,,LE (14); NT (22); RE (30),,TOUCHDOWN,+0,10,PUNT - DOWNED,-37,,,-37,OKST D06,,,,3,,,L,R,,,,,,ORUN 71 (RT); ORUN 75 (LG); ORUN 76 (LT); OKST D06 (RILB); OKST D95 (LE); OKST D96 (NT); OKST D99 (RE),,,,,,,,,,LLB (4); RILB (4); ROLB (0),,O,O,ORUN 71; ORUN 76; OKST D96,LWR; TE-L^; HB-L; SRWR; RWR^,2x2,,3-0-1-1,11,ORUN 01; ORUN 02; ORUN 04; ORUN 18; ORUN 22,ORUN 01 (RWR); ORUN 02 (SRWR); ORUN 04 (LWR); ORUN 05 (QB); ORUN 18 (TE-L); ORUN 22 (HB-L); ORUN 71 (RT); ORUN 72 (C); ORUN 74 (RG); ORUN 75 (LG); ORUN 76 (LT),ORUN 01 (0.0); ORUN 02 (0.0); ORUN 04 (0.0); ORUN 05 (0.0); ORUN 18 (0.0); ORUN 22 (0.0); ORUN 71 (-1.0); ORUN 72 (0.0); ORUN 74 (0.0); ORUN 75 (+0.5); ORUN 76 (-0.5),DRIVE START,F,ORUN,ORUN 01; ORUN 18,,,,4,,,,,,,LWR 3(4); TE-L r; HB-L r; SRWR 0u(-3); RWR z,3; -; -; 0; -,ORUN 04 3(4); ORUN 18 r; ORUN 22 r; ORUN 02 0u(-3); ORUN 01 z,,,,,,,,,,,,,-40,LT,,LT,ORUN 75; OKST D99,OKST D01 > ORUN 01; OKST D10 > ORUN 04,,0,,,ORUN 05,0,,,0,,HB-L,HB-L (-6),R,1; ORUN 22 (HB-L),,,,INSIDE ZONE,,R,,+38,ORUN 04* (R:Lx); ORUN 22* (B:B),S,,OKST D06,,OKST D06,OKST D99,L,,,,LWR(-16.5); SRWR(+8.5); RWR^(+14.5),,1,14,0,0,0,,false,3,3,2.555,-0.517,,false,11,ORUN 22,ORUN 18,ORUN 01; ORUN 02; ORUN 04,GUN STRONG,SLOT - PRO,TE-L; HB-R; SRiWR; SRoWR; RWR,1x3,TRIPS - CLOSED,NICKEL,OKST D01; OKST D10; OKST D11; OKST D18; OKST D23,OKST D04; OKST D05; OKST D06,OKST D95; OKST D96; OKST D99,ODD,,COVER 4,,63,,2.634,-0.359,28886_6376733,28886-ORUN-8
6376764,28886,2025-09-06,2025,02,407739,2622,3,2,13:08,1,1,0,3,0,8,2,6,0,,,,0,0,0,41,0,,0,6376733,6376780,,41.03,0,,103,0,,1.9,0,0,1,0,0,0,ORUN 04,5; OKST D04 (34); OKST D05 (19); OKST D95 (07); OKST D96 (16); OKST D99 (25),ORUN 01; ORUN 02; ORUN 04; ORUN 18,L,ORUN 22,,LCB (6); SCBL (3); FS (11); SSR (7); SCBR (2); RCB (3),LOLB (07); DLT (16); LILB (19); DRT (25); ROLB (34); SSR (38),3-3-5,OKST D01 (LCB); OKST D04 (ROLB); OKST D05 (LILB); OKST D06 (SCBR); OKST D10 (RCB); OKST D11 (FS); OKST D18 (SSR); OKST D23 (SCBL); OKST D95 (LOLB); OKST D96 (DLT); OKST D99 (DRT),OKST D01 (0.0); OKST D04 (0.0); OKST D05 (0.0); OKST D06 (0.0); OKST D10 (0.0); OKST D11 (0.0); OKST D18 (0.0); OKST D23 (0.0); OKST D95 (0.0); OKST D96 (0.0); OKST D99 (0.0),,F,OKST,7,,DLT (16); DRT (25),,TOUCHDOWN,+0,10,PUNT - DOWNED,-37,7,SD,-40,OKST D10,,,,6,,,L,R,,,,,,ORUN 04 (LWR); OKST D10 (RCB),,,,,,,,,,LOLB (0); LILB (4); ROLB (0),,C,O,,LWR; SLWR^; HB-R; SRWR^; RWR,2x2,TE>SLWR,3-0-1-1,11,ORUN 01; ORUN 02; ORUN 04; ORUN 18; ORUN 22,ORUN 01 (RWR); ORUN 02 (SRWR); ORUN 04 (LWR); ORUN 05 (QB); ORUN 18 (SLWR); ORUN 22 (HB-R); ORUN 71 (RT); ORUN 72 (C); ORUN 74 (RG); ORUN 75 (LG); ORUN 76 (LT),ORUN 01 (0.0); ORUN 02 (0.0); ORUN 04 (0.0); ORUN 05 (0.0); ORUN 18 (0.0); ORUN 22 (0.0); ORUN 71 (0.0); ORUN 72 (0.0); ORUN 74 (0.0); ORUN 75 (0.0); ORUN 76 (0.0),,T,ORUN,ORUN 02; ORUN 18,,5; ORUN 71 (RT); ORUN 72 (C); ORUN 74 (RG); ORUN 75 (LG); ORUN 76 (LT),,3Sb,OKST D10,,7; OKST D01; OKST D05; OKST D10; OKST D11; OKST D18; OKST D23; OKST D95,5,L,ORUN 05 (QB),LWR 3(5); SLWR 3(3); HB-R krh66(0); SRWR 6(4); RWR 3(5),3; 3; H6; 6; 3,ORUN 04 3(5); ORUN 18 3(3); ORUN 22 krh66(0); ORUN 02 6(4); ORUN 01 3(5),LWR,ORUN 04,COMPLETE,3(5),3R,4; OKST D04 (ROLB); OKST D06 (SCBR); OKST D96 (DLT); OKST D99 (DRT),,7,2L,,,,-46,,,,,OKST D06 > ORUN 18,,0,,,ORUN 05,0,,,0,,HB-R,HB-R (-6),R,1; ORUN 22 (HB-R),,,,,,P,,+38,,S,,,,OKST D10,,,,,,LWR(-12.5); SLWR^(-9.5); SRWR^(+3.5); RWR(+4.5),,0,14,0,0,0,,false,3,3,2.038,0.556,Out,false,11,ORUN 22,ORUN 18,ORUN 01; ORUN 02; ORUN 04,GUN WEAK,SLOT - SLOT,LWR; SLWR; HB-R; SRWR; RWR,2x2,SLOT - SLOT,NICKEL,OKST D01; OKST D10; OKST D11; OKST D18; OKST D23,OKST D04; OKST D05; OKST D06,OKST D95; OKST D96; OKST D99,WIDE OVER,,COVER 3 SEAM,,60,,2.275,0.565,28886_6376764,28886-ORUN-8
6376780,28886,2025-09-06,2025,02,407739,2650,3,3,12:56,0,,0,3,0,8,3,3,0,1,,,0,0,0,41,0,,0,6376764,6376820,,41.03,0,,104,0,,,0,0,,3,0,0,ORUN 22,8; OKST D04 (29); OKST D05 (19); OKST D06 (34); OKST D18 (22); OKST D23 (00); OKST D95 (10); OKST D96 (18); OKST D99 (25),ORUN 02; ORUN 04,,,,LCB (5); SCBL (2); SS (8); RCB (1),LLB (00); LEO (10); DLT (18); LILB (19); SS (22); DRT (25); RE (29); ROLB (34),3-3-5,OKST D01 (LCB); OKST D04 (RE); OKST D05 (LILB); OKST D06 (ROLB); OKST D10 (RCB); OKST D11 (SCBL); OKST D18 (SS); OKST D23 (LLB); OKST D95 (LEO); OKST D96 (DLT); OKST D99 (DRT),OKST D01 (0.0); OKST D04 (-0.5); OKST D05 (0.0); OKST D06 (0.0); OKST D10 (0.0); OKST D11 (0.0); OKST D18 (0.0); OKST D23 (0.0); OKST D95 (0.0); OKST D96 (0.0); OKST D99 (-1.0),,F,OKST,1,,LEO (10); DLT (18); DRT (25); RE (29),,TOUCHDOWN,+0,10,PUNT - DOWNED,-37,,,-46,OKST D96,,,,3,,,L,R,,,,,,ORUN 22 (HB-R); ORUN 71 (RT); ORUN 72 (C); ORUN 75 (LG); OKST D04 (RE); OKST D96 (DLT); OKST D99 (DRT),,,,,,,,,,LLB (2); LILB (3); ROLB (0),,C,C,ORUN 71; OKST D04; OKST D99,LWR^; HB-R; TE-R; SRWR^; RWR,1x3,,3-0-1-1,11,ORUN 01; ORUN 02; ORUN 04; ORUN 18; ORUN 22,ORUN 01 (LWR); ORUN 02 (SRWR); ORUN 04 (RWR); ORUN 05 (QB); ORUN 18 (TE-R); ORUN 22 (HB-R); ORUN 71 (RT); ORUN 72 (C); ORUN 74 (RG); ORUN 75 (LG); ORUN 76 (LT),ORUN 01 (0.0); ORUN 02 (0.0); ORUN 04 (0.0); ORUN 05 (0.0); ORUN 18 (0.0); ORUN 22 (+0.5); ORUN 71 (-1.0); ORUN 72 (+0.5); ORUN 74 (0.0); ORUN 75 (+0.5); ORUN 76 (0.0),,T,ORUN,ORUN 01; ORUN 02,,,,3,,,,,,,,,,,,,,,,,,,,,,-49,ML,,ML,ORUN 22; ORUN 72; ORUN 75,OKST D10 > ORUN 01; OKST D11 > ORUN 02,,0,,,ORUN 05,0,,,0,,HB-R,HB-R (-5),L,1; ORUN 22 (HB-R),,,,INSIDE ZONE,,R,,+38,,S,,,,OKST D96,OKST D05,R,,,,LWR^(-12.5); SRWR^(-3.5); RWR(-0.5),,0,23,0,0,0,,true,3,3,2.594,0.673,,false,11,ORUN 22,ORUN 18,ORUN 01; ORUN 02; ORUN 04,GUN STRONG,TREY - OPEN,LWR; HB-R; TE-R; SRWR; RWR,1x3,TREY - OPEN,NICKEL,OKST D01; OKST D10; OKST D11; OKST D18; OKST D23,OKST D04; OKST D05; OKST D06,OKST D95; OKST D96; OKST D99,WIDE OVER,,COVER 3,,54,,2.84,0.58,28886_6376780,28886-ORUN-8
6376820,28886,2025-09-06,2025,02,407739,2676,3,1,12:16,0,0,0,3,0,8,4,,0,,,,0,0,0,41,0,,1,6376780,6376849,,41.03,0,,105,0,2.5,3.0,0,0,,,0,0,,8; OKST D04 (06); OKST D05 (22); OKST D06 (39); OKST D18 (38); OKST D23 (06); OKST D95 (14); OKST D96 (21); OKST D99 (29),,R,ORUN 09,,LCB (6); FSL (12); RCB (2),LOLB (06); LLB (06); LE (14); NLT (21); MLB (22); RE (29); RLB (38); ROLB (39),3-3-5,OKST D01 (LCB); OKST D04 (LOLB); OKST D05 (MLB); OKST D06 (ROLB); OKST D10 (RCB); OKST D11 (FSL); OKST D18 (RLB); OKST D23 (LLB); OKST D95 (LE); OKST D96 (NLT); OKST D99 (RE),OKST D01 (0.0); OKST D04 (0.0); OKST D05 (0.0); OKST D06 (0.0); OKST D10 (0.0); OKST D11 (0.0); OKST D18 (0.0); OKST D23 (0.0); OKST D95 (+0.5); OKST D96 (0.0); OKST D99 (0.0),,T,OKST,10,,LE (14); NLT (21); RE (29),,TOUCHDOWN,+0,10,PUNT - DOWNED,-37,10,SD,-49,,,,,0,,,L,R,OKST D95,,BR,,,ORUN 05 (QB); ORUN 71 (RT); OKST D06 (ROLB); OKST D95 (LE),,,,,,,,,,LOLB (0); LLB (3); MLB (4); RLB (4); ROLB (0),,C,C,ORUN 71,LWR^; TE-L; HB; TE-R; RWR^,2x2,,2-0-1-2,12,ORUN 01; ORUN 04; ORUN 09; ORUN 18; ORUN 22,ORUN 01 (RWR); ORUN 04 (LWR); ORUN 05 (QB); ORUN 09 (TE-L); ORUN 18 (TE-R); ORUN 22 (HB); ORUN 71 (RT); ORUN 72 (C); ORUN 74 (RG); ORUN 75 (LG); ORUN 76 (LT),ORUN 01 (0.0); ORUN 04 (0.0); ORUN 05 (0.0); ORUN 09 (0.0); ORUN 18 (0.0); ORUN 22 (0.0); ORUN 71 (-1.0); ORUN 72 (0.0); ORUN 74 (0.0); ORUN 75 (0.0); ORUN 76 (0.0),ORUN 09,F,ORUN,ORUN 01; ORUN 04,,6; ORUN 09 (TE-L); ORUN 71 (RT); ORUN 72 (C); ORUN 74 (RG); ORUN 75 (LG); ORUN 76 (LT),,1,OKST D06,,7; OKST D01; OKST D05; OKST D06; OKST D10; OKST D11; OKST D18; OKST D23,-1,L,ORUN 05 (QB),LWR 8si(15); TE-L krxu(-4); HB flh3(-1); TE-R xd9(1); RWR 7(10),8; X; H3; X; 7,ORUN 04 8si(15); ORUN 09 krxu(-4); ORUN 22 flh3(-1); ORUN 18 xd9(1); ORUN 01 7(10),HB,ORUN 22,INCOMPLETE,flh3(-1),H3,4; OKST D04 (LOLB); OKST D95 (LE); OKST D96 (NLT); OKST D99 (RE),HIT,7,2L,,,ORUN 22,-49,,,,OKST D95,OKST D10 > ORUN 04,OKST D95 (O) ORUN 71,0,,,ORUN 05,0,OKST D95,ORUN 71,0,,HB,HB (-7),R,1; ORUN 22 (HB),,,,OUTSIDE ZONE,,P,,+38,ORUN 09 (L:R{L}); ORUN 18 (R:L{R}),,,,,,,L;R,,,,LWR^(-15.5); RWR^(+3.5),,0,6,0,0,0,,false,3,3,3.267,-0.752,Flare,false,12,ORUN 22,ORUN 09; ORUN 18,ORUN 01; ORUN 04,ACE,PRO - PRO,LWR; SLWR; HB; SRWR; RWR,2x2,SLOT - SLOT,NICKEL,OKST D01; OKST D10; OKST D11; OKST D18; OKST D23,OKST D04; OKST D05; OKST D06,OKST D95; OKST D96; OKST D99,UNDER,,COVER 1,,51,,3.42,-0.757,28886_6376820,28886-ORUN-8
6376849,28886,2025-09-06,2025,02,407739,2702,3,2,12:11,1,,0,3,0,8,5,1,0,,,,0,0,0,41,0,,0,6376820,6376875,,41.03,0,,106,0,,,0,0,,3,0,0,ORUN 22,9; OKST D01 (00); OKST D04 (05); OKST D05 (20); OKST D06 (35); OKST D18 (29); OKST D23 (10); OKST D95 (13); OKST D96 (20); OKST D99 (27),,,,,FS (13); RCB (1),LLB (00); LOLB (05); LLB (10); LE (13); LILB (20); DLT (20); DRT (27); RLB (29); ROLB (35),3-3-5,OKST D01 (LLB); OKST D04 (LOLB); OKST D05 (LILB); OKST D06 (ROLB); OKST D10 (RCB); OKST D11 (FS); OKST D18 (RLB); OKST D23 (LLB); OKST D95 (LE); OKST D96 (DLT); OKST D99 (DRT),OKST D01 (0.0); OKST D04 (+0.5); OKST D05 (+0.5); OKST D06 (0.0); OKST D10 (0.0); OKST D11 (0.0); OKST D18 (0.0); OKST D23 (0.0); OKST D95 (+1.0); OKST D96 (-0.5); OKST D99 (+1.0),,T,OKST,10,,LE (13); DLT (20); DRT (27),,TOUCHDOWN,+0,10,PUNT - DOWNED,-37,,,-49,OKST D04,,,,1,,,L,R,,,,,,ORUN 18 (TE-oR); ORUN 71 (RT); ORUN 72 (C); ORUN 74 (RG); ORUN 75 (LG); OKST D04 (LOLB); OKST D05 (LILB); OKST D95 (LE); OKST D96 (DLT); OKST D99 (DRT),,,,,,,,,,LOLB (0); LLB (3); LLB (5); LILB (5); RLB (6); ROLB (0),,C,C,ORUN 18; ORUN 71; ORUN 72; ORUN 75; OKST D96,LWR^; SLWR; HB; TE-iR^; TE-oR,2x2,,2-0-1-2,12,ORUN 01; ORUN 02; ORUN 09; ORUN 18; ORUN 22,ORUN 01 (LWR); ORUN 02 (SLWR); ORUN 05 (QB); ORUN 09 (TE-iR); ORUN 18 (TE-oR); ORUN 22 (HB); ORUN 71 (RT); ORUN 72 (C); ORUN 74 (RG); ORUN 75 (LG); ORUN 76 (LT),ORUN 01 (0.0); ORUN 02 (0.0); ORUN 05 (0.0); ORUN 09 (0.0); ORUN 18 (-1.0); ORUN 22 (0.0); ORUN 71 (-1.0); ORUN 72 (-1.0); ORUN 74 (+0.5); ORUN 75 (-1.0); ORUN 76 (0.0),ORUN 02,F,ORUN,ORUN 01; ORUN 09,,,,3b,,,,,,,,,,,,,,,,,,,,,,+50,RG,,RG,ORUN 74; OKST D04; OKST D05; OKST D95; OKST D99,OKST D10 > ORUN 01,,0,,,ORUN 05,0,,,0,,HB,HB (-7),R,1; ORUN 22 (HB),,,,MAN,,R,,+38,ORUN 02* (R:Lx),,,OKST D99,,OKST D99,OKST D95,R;R,,,,LWR^(-17.5); SLWR(-9.5),,0,8,0,0,0,,false,3,3,2.515,-0.959,,false,12,ORUN 22,ORUN 09; ORUN 18,ORUN 01; ORUN 02,ACE,SLOT - WING,LWR; HB; TE-iR; TE-oR; RWR,1x3,TOAD WING - OPEN,NICKEL,OKST D01; OKST D10; OKST D11; OKST D18; OKST D23,OKST D04; OKST D05; OKST D06,OKST D95; OKST D96; OKST D99,WIDE UNDER,,COVER 3,,51,,2.663,-0.865,28886_6376849,28886-ORUN-8
6376875,28886,2025-09-06,2025,02,407739,2728,3,3,11:35,0,1,0,3,0,8,6,14,0,1,,,0,0,0,41,0,,0,6376849,6376892,,41.03,0,,107,1,,2.5,0,0,3,2,0,0,ORUN 18,6; OKST D00 (15); OKST D04 (38); OKST D05 (26); OKST D16 (05); OKST D26 (04); OKST D95 (29),ORUN 02; ORUN 04; ORUN 18,R,ORUN 27,,LCB (6); SCBoL (4); FSL (11); FSR (12); RCB (4),LLB (04); LOLB (05); LE (15); RILB (26); RE (29); ROLB (38),2-4-5,OKST D00 (LE); OKST D01 (LCB); OKST D04 (ROLB); OKST D05 (RILB); OKST D10 (RCB); OKST D11 (FSL); OKST D16 (LOLB); OKST D18 (FSR); OKST D23 (SCBoL); OKST D26 (LLB); OKST D95 (RE),OKST D00 (0.0); OKST D01 (0.0); OKST D04 (0.0); OKST D05 (0.0); OKST D10 (0.0); OKST D11 (0.0); OKST D16 (0.0); OKST D18 (0.0); OKST D23 (0.0); OKST D26 (-0.5); OKST D95 (0.0),OKST D00; OKST D16; OKST D26,F,OKST,9,,LE (15); RE (29),,TOUCHDOWN,+0,10,PUNT - DOWNED,-37,9,SD,+50,OKST D26,,,,14,,,L,R,,,,,,ORUN 05 (QB); ORUN 18 (SRiWR); OKST D26 (LLB),,,,,,,,,,LOLB (0); LLB (5); RILB (4); ROLB (0),,O,O,OKST D26,LWR^; HB-L; SRiWR; SRoWR^; RWR,1x3,TE>SRiWR,3-0-1-1,11,ORUN 01; ORUN 02; ORUN 04; ORUN 18; ORUN 27,ORUN 01 (LWR); ORUN 02 (SRoWR); ORUN 04 (RWR); ORUN 05 (QB); ORUN 18 (SRiWR); ORUN 27 (HB-L); ORUN 71 (RT); ORUN 72 (C); ORUN 74 (RG); ORUN 75 (LG); ORUN 76 (LT),ORUN 01 (0.0); ORUN 02 (0.0); ORUN 04 (0.0); ORUN 05 (+0.5); ORUN 18 (+0.5); ORUN 27 (0.0); ORUN 71 (0.0); ORUN 72 (0.0); ORUN 74 (0.0); ORUN 75 (0.0); ORUN 76 (0.0),ORUN 04; ORUN 27,T,ORUN,ORUN 01; ORUN 02,,5; ORUN 71 (RT); ORUN 72 (C); ORUN 74 (RG); ORUN 75 (LG); ORUN 76 (LT),,6R,OKST D26,,7; OKST D01; OKST D05; OKST D10; OKST D11; OKST D18; OKST D23; OKST D26,11,M,ORUN 05 (QB),LWR 8i(10); HB-L klh7(0); SRiWR 3(10); SRoWR 7(13); RWR 3(10),8; H7; 3; 7; 3,ORUN 01 8i(10); ORUN 27 klh7(0); ORUN 18 3(10); ORUN 02 7(13); ORUN 04 3(10),SRiWR,ORUN 18,COMPLETE,3(10),3R,4; OKST D00 (LE); OKST D04 (ROLB); OKST D16 (LOLB); OKST D95 (RE),,33,4,,,,+36,,,,ORUN 05; ORUN 18,,,0,,,ORUN 05,0,,,0,,HB-L,HB-L (-5),L,1; ORUN 27 (HB-L),,,,,,P,,+38,ORUN 18* (R:L{R}),S,,,,OKST D26,,,,,,LWR^(-17.5); SRiWR(+2.5); SRoWR^(+3.5); RWR(+4.5),,0,11,0,0,0,,false,3,3,1.556,2.457,Out,false,11,ORUN 27,ORUN 18,ORUN 01; ORUN 02; ORUN 04,GUN WEAK,TRIPS - OPEN,LWR; HB-L; SRiWR; SRoWR; RWR,1x3,TRIPS - OPEN,NICKEL,OKST D01; OKST D10; OKST D11; OKST D18; OKST D23,OKST D04; OKST D05; OKST D16; OKST D26,OKST D00; OKST D95,EVEN,,COVER 6,,50,,1.798,2.365,28886_6376875,28886-ORUN-8
6376892,28886,2025-09-06,2025,02,407739,2756,3,1,11:15,0,,0,3,0,8,7,17,0,1,,,0,0,0,41,0,,0,6376875,6376919,,41.03,0,,108,0,,,0,0,,12,0,0,ORUN 27,6; OKST D05 (16); OKST D23 (26); OKST D33 (27); OKST D40 (09); OKST D71 (20); OKST D94 (14),,,,,LCB (6); SCBL (3); SSL (10); FSR (12); RCB (1),SSL (00); LEO (09); LE (14); LILB (16); DLT (20); RILB (26); DRT (27),3-3-5,OKST D01 (LCB); OKST D05 (LILB); OKST D06 (SCBL); OKST D10 (RCB); OKST D11 (FSR); OKST D18 (SSL); OKST D23 (RILB); OKST D33 (DRT); OKST D40 (LEO); OKST D71 (DLT); OKST D94 (LE),OKST D01 (0.0); OKST D05 (-0.5); OKST D06 (0.0); OKST D10 (0.0); OKST D11 (-1.0); OKST D18 (0.0); OKST D23 (0.0); OKST D33 (0.0); OKST D40 (0.0); OKST D71 (0.0); OKST D94 (0.0),OKST D06; OKST D33; OKST D40; OKST D71; OKST D94,F,OKST,10,,LEO (09); LE (14); DLT (20); DRT (27),,TOUCHDOWN,+0,10,PUNT - DOWNED,-37,,,+36,OKST D11,,,,17,,,R,L,,,,,,ORUN 18 (TE-R); ORUN 27 (HB-R); ORUN 75 (LG); ORUN 76 (LT); OKST D05 (LILB); OKST D11 (FSR); OKST D23 (RILB); OKST D33 (DRT),,,,,,,,,,LILB (4); RILB (6),OKST D11,C,O,OKST D05; OKST D11,LWR^; HB-R; TE-R; SRWR; RWR^,1x3,,3-0-1-1,11,ORUN 01; ORUN 02; ORUN 04; ORUN 18; ORUN 27,ORUN 01 (LWR); ORUN 02 (SRWR); ORUN 04 (RWR); ORUN 05 (QB); ORUN 18 (TE-R); ORUN 27 (HB-R); ORUN 71 (RT); ORUN 72 (C); ORUN 74 (RG); ORUN 75 (LG); ORUN 76 (LT),ORUN 01 (0.0); ORUN 02 (0.0); ORUN 04 (0.0); ORUN 05 (0.0); ORUN 18 (0.0); ORUN 27 (+1.0); ORUN 71 (0.0); ORUN 72 (0.0); ORUN 74 (0.0); ORUN 75 (0.0); ORUN 76 (+0.5),,T,ORUN,ORUN 01; ORUN 04,,,,3,,,,,,,LWR r; HB-R r; TE-R r; SRWR 0u(-1); RWR z,-; -; -; 0; -,ORUN 01 r; ORUN 27 r; ORUN 18 r; ORUN 02 0u(-1); ORUN 04 z,,,,,,,,,,,,,+19,LG,,LG,ORUN 27; ORUN 76,OKST D10 > ORUN 01,,0,,,ORUN 05,0,,,0,,HB-R,HB-R (-5),L,1; ORUN 27 (HB-R),,,,MAN,CROSS LEAD,R,,+38,,S,,,,OKST D18,,R,,,,LWR^(-10.5); SRWR(+15.5); RWR^(+20.5),,1,28,0,0,0,,true,3,3,4.013,0.88,,false,11,ORUN 27,ORUN 18,ORUN 01; ORUN 02; ORUN 04,GUN STRONG,TREY - OPEN,LWR; HB-R; TE-R; SRWR; RWR,1x3,TREY - OPEN,NICKEL,OKST D01; OKST D10; OKST D11; OKST D18; OKST D23,OKST D05; OKST D06; OKST D40,OKST D33; OKST D71; OKST D94,WIDE UNDER,,COVER 3,,36,,4.163,0.546,28886_6376892,28886-ORUN-8
6376919,28886,2025-09-06,2025,02,407739,2782,3,1,10:31,0,,0,3,0,8,8,4,0,,,,0,0,1,41,1,,0,6376892,6376948,,41.03,0,,109,0,,,0,1,,2,0,0,ORUN 22,7; OKST D05 (15); OKST D06 (26); OKST D18 (42); OKST D33 (06); OKST D40 (32); OKST D71 (15); OKST D94 (22),,,,,LCB (2); SCBL (4); FSL (11); RCB (6),LEO (06); LLB (15); LE (15); NT (22); RILB (26); ROLB (32); RLB (42),3-3-5,OKST D01 (LCB); OKST D05 (LLB); OKST D06 (RILB); OKST D10 (RCB); OKST D11 (FSL); OKST D18 (RLB); OKST D23 (SCBL); OKST D33 (LEO); OKST D40 (ROLB); OKST D71 (LE); OKST D94 (NT),OKST D01 (0.0); OKST D05 (0.0); OKST D06 (0.0); OKST D10 (0.0); OKST D11 (0.0); OKST D18 (0.0); OKST D23 (0.0); OKST D33 (0.0); OKST D40 (0.0); OKST D71 (-1.0); OKST D94 (0.0),,F,OKST,10,,LEO (06); LE (15); NT (22),,TOUCHDOWN,+0,10,PUNT - DOWNED,-37,,,+19,OKST D23,,,,4,,,L,R,,,,,,ORUN 02 (SRWR); ORUN 71 (TE-R); ORUN 76 (RT); OKST D23 (SCBL); OKST D33 (LEO); OKST D71 (LE),,,,,,,,,,LLB (4); RILB (4); RLB (6); ROLB (0),,C,C,OKST D71,LWR; HB-L; TE-R^; SRWR; RWR^,1x3,OL>TE-R; TE>LT,3-0-1-1,11,ORUN 01; ORUN 02; ORUN 04; ORUN 22; ORUN 71,ORUN 01 (RWR); ORUN 02 (SRWR); ORUN 04 (LWR); ORUN 05 (QB); ORUN 18 (LT); ORUN 22 (HB-L); ORUN 71 (TE-R); ORUN 72 (C); ORUN 74 (RG); ORUN 75 (LG); ORUN 76 (RT),ORUN 01 (0.0); ORUN 02 (0.0); ORUN 04 (0.0); ORUN 05 (0.0); ORUN 18 (0.0); ORUN 22 (0.0); ORUN 71 (0.0); ORUN 72 (0.0); ORUN 74 (0.0); ORUN 75 (0.0); ORUN 76 (+0.5),ORUN 22,T,ORUN,ORUN 01; ORUN 71,,,,3S,,,,,,,LT 1; LWR 2(1)z; HB-L r; TE-R r; SRWR r; RWR r,3; 2; -; -; -; -,ORUN 18 1; ORUN 04 2(1)z; ORUN 22 r; ORUN 71 r; ORUN 02 r; ORUN 01 r,,,,,,,,,,,,,+15,RG,,RG,ORUN 76,OKST D01 > ORUN 01,,0,,,ORUN 05,0,,,0,,HB-L,HB-L (-5),R,1; ORUN 22 (HB-L),,,,OUTSIDE ZONE,READ OPTION,R,,+38,,S,,OKST D23,,OKST D23,,R,,,,LWR(-17.5); SRWR(+8.5); RWR^(+12.5),,1,7,0,0,0,,false,3,3,4.893,-0.02,,false,11,ORUN 22,ORUN 18,ORUN 01; ORUN 02; ORUN 04,GUN WEAK,TREY - OPEN,LWR; HB-L; TE-R; SRWR; RWR,1x3,TREY - OPEN,NICKEL,OKST D01; OKST D10; OKST D11; OKST D18; OKST D23,OKST D05; OKST D06; OKST D40,OKST D33; OKST D71; OKST D94,ODD,,COVER 3 SEAM,,19,,4.709,0.042,28886_6376919,28886-ORUN-8
6376948,28886,2025-09-06,2025,02,407739,2808,3,2,09:53,1,,0,3,0,8,9,4,0,,,,0,0,0,41,0,,0,6376919,6377103,,41.03,0,,110,0,,,0,0,,4,0,0,ORUN 22,7; OKST D05 (27); OKST D06 (17); OKST D23 (43); OKST D33 (34); OKST D40 (09); OKST D71 (23); OKST D94 (15),,,,,LCB (1); SSL (9); FS (9); RCB (1),SSL (00); LOLB (09); LE (15); LILB (17); NRT (23); RILB (27); REO (34); RLB (43),3-3-5,OKST D01 (LCB); OKST D05 (RILB); OKST D06 (LILB); OKST D10 (RCB); OKST D11 (FS); OKST D18 (SSL); OKST D23 (RLB); OKST D33 (REO); OKST D40 (LOLB); OKST D71 (NRT); OKST D94 (LE),OKST D01 (0.0); OKST D05 (+0.5); OKST D06 (0.0); OKST D10 (0.0); OKST D11 (0.0); OKST D18 (0.0); OKST D23 (0.0); OKST D33 (0.0); OKST D40 (-1.0); OKST D71 (0.0); OKST D94 (0.0),,F,OKST,6,,LE (15); NRT (23); REO (34),,TOUCHDOWN,+0,10,PUNT - DOWNED,-37,,,+15,OKST D01,,,,4,,,R,L,,,,ORUN 71,,ORUN 71 (RT); ORUN 74 (RG); ORUN 75 (LG); OKST D05 (RILB); OKST D40 (LOLB); OKST D94 (LE),,,,,,,,,,LOLB (0); LILB (4); RILB (4); RLB (3),,C,O,ORUN 71; OKST D40,LWR^; TE-L; HB-L; HB-R; RWR^,2x1,,2-0-2-1,21,ORUN 01; ORUN 04; ORUN 18; ORUN 22; ORUN 27,ORUN 01 (RWR); ORUN 04 (LWR); ORUN 05 (QB); ORUN 18 (TE-L); ORUN 22 (HB-L); ORUN 27 (HB-R); ORUN 71 (RT); ORUN 72 (C); ORUN 74 (RG); ORUN 75 (LG); ORUN 76 (LT),ORUN 01 (0.0); ORUN 04 (0.0); ORUN 05 (0.0); ORUN 18 (0.0); ORUN 22 (0.0); ORUN 27 (0.0); ORUN 71 (-1.0); ORUN 72 (0.0); ORUN 74 (0.0); ORUN 75 (+0.5); ORUN 76 (0.0),ORUN 27,T,ORUN,ORUN 01; ORUN 04,,,,3CLb,,,,,,,,,,,,,,,,,,,,,,+11,RG,,RG,ORUN 75; OKST D05,OKST D01 > ORUN 01; OKST D10 > ORUN 04,,0,,,ORUN 05,0,,,0,,HB-L; HB-R,HB-L (-6); HB-R (-6),R,2; ORUN 22 (HB-L); ORUN 27 (HB-R),,,,COUNTER,CROSS LEAD,R,,+38,,S,,,,OKST D01,,L,,,,LWR^(-12.5); RWR^(+17.5),,0,8,0,0,0,,false,3,3,4.873,0.042,,false,21,ORUN 22; ORUN 27,ORUN 18,ORUN 01; ORUN 04,GUN SPLIT,PRO - OPEN,LWR; TE-L; HB-L; HB-R; RWR,2x1,PRO - OPEN,NICKEL,OKST D01; OKST D10; OKST D11; OKST D18; OKST D23,OKST D05; OKST D06; OKST D40,OKST D33; OKST D71; OKST D94,UNDER,,COVER 3 CLOUD,,15,,4.751,0.26,28886_6376948,28886-ORUN-8
6377103,28886,2025-09-06,2025,02,407739,2834,3,3,09:26,1,1,0,3,0,8,10,11,0,1,,,0,0,0,41,0,0,0,6376948,6377135,,41.03,0,,111,0,,3.1,0,0,0,0,0,0,ORUN 02,9; OKST D00 (07); OKST D05 (20); OKST D06 (29); OKST D11 (38); OKST D18 (06); OKST D40 (36); OKST D71 (21); OKST D88 (27); OKST D94 (14),,R,ORUN 09,,LCB (0); RCB (1),LLB (06); LOLB (07); LE (14); LILB (20); NLT (21); DRT (27); RLB (29); ROLB (36); RLB (38),4-3-4,OKST D00 (LOLB); OKST D01 (LCB); OKST D05 (LILB); OKST D06 (RLB); OKST D10 (RCB); OKST D11 (RLB); OKST D18 (LLB); OKST D40 (ROLB); OKST D71 (NLT); OKST D88 (DRT); OKST D94 (LE),OKST D00 (0.0); OKST D01 (0.0); OKST D05 (-1.0); OKST D06 (-0.5); OKST D10 (0.0); OKST D11 (0.0); OKST D18 (0.0); OKST D40 (0.0); OKST D71 (0.0); OKST D88 (0.0); OKST D94 (0.0),OKST D00; OKST D88,F,OKST,2,,LE (14); NLT (21); DRT (27),,TOUCHDOWN,+0,10,PUNT - DOWNED,-37,9,SD,+11,,,,,11,,,R,L,,,,,,ORUN 02 (LWR); ORUN 05 (QB); ORUN 09 (TE-L); OKST D05 (LILB); OKST D06 (RLB); OKST D10 (RCB),,,,,,,,,,LOLB (0); LLB (2); LILB (3); RLB (3); RLB (5); ROLB (0),,O,O,OKST D05; OKST D06,LWR; SLWR; TE-L^; HB; RWR^,3x1,TE>SLWR,2-0-1-2,12,ORUN 01; ORUN 02; ORUN 09; ORUN 18; ORUN 27,ORUN 01 (RWR); ORUN 02 (LWR); ORUN 05 (QB); ORUN 09 (TE-L); ORUN 18 (SLWR); ORUN 27 (HB); ORUN 72 (C); ORUN 74 (RG); ORUN 75 (LG); ORUN 76 (LT); ORUN 78 (RT),ORUN 01 (0.0); ORUN 02 (+0.5); ORUN 05 (+0.5); ORUN 09 (0.0); ORUN 18 (0.0); ORUN 27 (0.0); ORUN 72 (0.0); ORUN 74 (0.0); ORUN 75 (0.0); ORUN 76 (0.0); ORUN 78 (0.0),ORUN 02; ORUN 09; ORUN 78,T,ORUN,ORUN 01; ORUN 09,,6; ORUN 27 (HB); ORUN 72 (C); ORUN 74 (RG); ORUN 75 (LG); ORUN 76 (LT); ORUN 78 (RT),,0b,OKST D10,,6; OKST D01; OKST D05; OKST D06; OKST D10; OKST D11; OKST D18,17,R,ORUN 05 (QB),LWR xl(9); SLWR xg(1); TE-L kxd(1); HB flkl; RWR xd(3),X; X; X; -; X,ORUN 02 xl(9); ORUN 18 xg(1); ORUN 09 kxd(1); ORUN 27 flkl; ORUN 01 xd(3),LWR,ORUN 02,COMPLETE,xl(9),XR,5; OKST D00 (LOLB); OKST D40 (ROLB); OKST D71 (NLT); OKST D88 (DRT); OKST D94 (LE),,46,6R,(D) OKST D05 DH,P,ORUN 27,+0,,,,ORUN 02; ORUN 05,OKST D01 > ORUN 01; OKST D10 > ORUN 02,,0,,,ORUN 05,0,,,0,,HB,HB (-8),L,1; ORUN 27 (HB),,,,,,P,,+38,ORUN 18* (R:Lx),S,,,,,,L,ORUN 02,,,LWR(-2.5); SLWR(+5.5); RWR^(+13.5),,0,9,0,0,0,,false,3,3,4.915,2.085,Behind LB,false,12,ORUN 27,ORUN 09; ORUN 18,ORUN 01; ORUN 02,PISTOL,TREY - OPEN,LWR; TE-L; HB; TE-R; RWR,2x2,PRO - PRO,BASE,OKST D01; OKST D10; OKST D11; OKST D18,OKST D05; OKST D06; OKST D40,OKST D00; OKST D71; OKST D88; OKST D94,OVER,,COVER 0,,11,,5.011,1.989,28886_6377103,28886-ORUN-8
6377551,28886,2025-09-06,2025,02,407739,3015,3,1,07:16,0,0,1,3,0,9,1,,0,1,,,0,1,0,48,0,10,1,6377415,6377600,,48.03,0,,118,0,,1.8,0,0,,,0,0,,6; OKST D00 (35); OKST D05 (16); OKST D06 (27); OKST D40 (07); OKST D81 (18); OKST D96 (26),,L,,,LCB (7); SCBL (5); FS (10); SSR (7); RCB (2),LOLB (07); LILB (16); DLT (18); DRT (26); RILB (27); REO (35); SSR (43),3-3-5,OKST D00 (REO); OKST D01 (LCB); OKST D05 (LILB); OKST D06 (RILB); OKST D08 (FS); OKST D10 (RCB); OKST D11 (SSR); OKST D23 (SCBL); OKST D40 (LOLB); OKST D81 (DLT); OKST D96 (DRT),OKST D00 (0.0); OKST D01 (0.0); OKST D05 (0.0); OKST D06 (0.0); OKST D08 (0.0); OKST D10 (-1.0); OKST D11 (0.0); OKST D23 (0.0); OKST D40 (0.0); OKST D81 (0.0); OKST D96 (0.0),DRIVE START,T,OKST,10,,DLT (18); DRT (26); REO (35),,MISSED FG,+39,5,PUNT - FC,-46,6,SD,-46,,,,,10,,,R,L,,,PE,,,ORUN 03 (LWR); OKST D10 (RCB),,,,,,,,,,LOLB (0); LILB (4); RILB (4),,C,O,OKST D10,LWR^; HB-L; HB-R; SRWR; RWR^,1x2,TE>SRWR,2-0-2-1,21,ORUN 00; ORUN 03; ORUN 09; ORUN 14; ORUN 23,ORUN 00 (HB-L); ORUN 03 (LWR); ORUN 09 (SRWR); ORUN 10 (QB); ORUN 14 (RWR); ORUN 23 (HB-R); ORUN 70 (C); ORUN 71 (RT); ORUN 74 (LG); ORUN 77 (RG); ORUN 78 (LT),ORUN 00 (0.0); ORUN 03 (0.0); ORUN 09 (0.0); ORUN 10 (0.0); ORUN 14 (0.0); ORUN 23 (0.0); ORUN 70 (0.0); ORUN 71 (0.0); ORUN 74 (0.0); ORUN 77 (0.0); ORUN 78 (0.0),DRIVE START,F,ORUN,ORUN 03; ORUN 14,,6; ORUN 00 (HB-L); ORUN 70 (C); ORUN 71 (RT); ORUN 74 (LG); ORUN 77 (RG); ORUN 78 (LT),,3S,OKST D10,,7; OKST D01; OKST D05; OKST D06; OKST D08; OKST D10; OKST D11; OKST D23,23,L,ORUN 10 (QB),LWR 9o; HB-L r; HB-R fl; SRWR 6(4); RWR 6(5),9; -; -; 6; 6,ORUN 03 9o; ORUN 00 r; ORUN 23 fl; ORUN 09 6(4); ORUN 14 6(5),LWR,ORUN 03,INCOMPLETE,9o,9R,4; OKST D00 (REO); OKST D40 (LOLB); OKST D81 (DLT); OKST D96 (DRT),,2,2L,OKST D10 DH,,ORUN 23,+44,,,,,OKST D10 > ORUN 03,,0,,,ORUN 10,0,,,0,,HB-L; HB-R,HB-L (-6); HB-R (-6),,2; ORUN 00 (HB-L); ORUN 23 (HB-R),,,,INSIDE ZONE,,P,,+45,,S,,,,,,,,,,LWR^(-15.5); SRWR(+14.5); RWR^(+20.5),,1,7,0,0,0,,false,3,3,3.18,0.459,Go,false,21,ORUN 00; ORUN 23,ORUN 09,ORUN 03; ORUN 14,GUN SPLIT,SLOT - OPEN,LWR; HB-L; HB-R; SRWR; RWR,1x2,SLOT - OPEN,NICKEL,OKST D01; OKST D08; OKST D10; OKST D11; OKST D23,OKST D05; OKST D06; OKST D40,OKST D00; OKST D81; OKST D96,EVEN,,COVER 3 SEAM,,54,,3.24,0.56,28886_6377551,28886-ORUN-9
6377600,28886,2025-09-06,2025,02,407739,3052,3,1,07:11,0,,0,3,0,9,2,5,0,,,,0,0,0,48,0,,0,6377551,6377617,,48.03,0,,119,0,,,0,0,,3,0,0,ORUN 00,6; OKST D00 (34); OKST D05 (26); OKST D06 (15); OKST D40 (10); OKST D81 (16); OKST D96 (25),,,,,LCB (6); SSL (7); FSR (13); SCBR (4); RCB (4),SSL (02); LEO (10); LLB (15); DLT (16); DRT (25); RILB (26); REO (34),3-3-5,OKST D00 (REO); OKST D01 (LCB); OKST D05 (RILB); OKST D06 (LLB); OKST D08 (SSL); OKST D10 (RCB); OKST D11 (FSR); OKST D23 (SCBR); OKST D40 (LEO); OKST D81 (DLT); OKST D96 (DRT),OKST D00 (0.0); OKST D01 (0.0); OKST D05 (+0.5); OKST D06 (+0.5); OKST D08 (0.0); OKST D10 (0.0); OKST D11 (0.0); OKST D23 (0.0); OKST D40 (0.0); OKST D81 (0.0); OKST D96 (0.0),,F,OKST,10,,LEO (10); DLT (16); DRT (25); REO (34),,MISSED FG,+39,5,PUNT - FC,-46,,,+44,OKST D96,,,,5,,,R,L,,,,,,ORUN 00 (HB-L); ORUN 70 (C); ORUN 71 (RT); ORUN 74 (LG); OKST D05 (RILB); OKST D06 (LLB); OKST D96 (DRT),,,,,,,,,,LLB (4); RILB (5),,C,O,ORUN 70; ORUN 71,LWR^; SLWR; HB-L; TE-R^; RWR,2x2,HB>SLWR,2-0-2-1,21,ORUN 00; ORUN 03; ORUN 09; ORUN 14; ORUN 23,ORUN 00 (HB-L); ORUN 03 (LWR); ORUN 09 (TE-R); ORUN 10 (QB); ORUN 14 (RWR); ORUN 23 (SLWR); ORUN 70 (C); ORUN 71 (RT); ORUN 74 (LG); ORUN 77 (RG); ORUN 78 (LT),ORUN 00 (+0.5); ORUN 03 (0.0); ORUN 09 (0.0); ORUN 10 (0.0); ORUN 14 (0.0); ORUN 23 (0.0); ORUN 70 (-0.5); ORUN 71 (-0.5); ORUN 74 (0.0); ORUN 77 (0.0); ORUN 78 (0.0),,T,ORUN,ORUN 03; ORUN 09,,,,3S,,,,,,,LWR 6(5); SLWR 6(7); HB-L r; TE-R r; RWR 6(4),6; 6; -; -; 6,ORUN 03 6(5); ORUN 23 6(7); ORUN 00 r; ORUN 09 r; ORUN 14 6(4),,,,,,,,,,,,,+39,MR,FORCED,LG,ORUN 00; OKST D05; OKST D06,,,0,,,ORUN 10,0,,,0,,HB-L,HB-L (-5),L,1; ORUN 00 (HB-L),,,,POWER,,R,,+45,ORUN 14 (L:Rx),S,,,,OKST D96,OKST D40,R,,,,LWR^(-16.5); SLWR(-2.5); RWR(+16.5),,1,16,0,0,0,,false,3,3,3.639,0.057,,false,21,ORUN 00; ORUN 23,ORUN 09,ORUN 03; ORUN 14,GUN WEAK,SLOT - PRO,LWR; SLoWR; SLiWR; HB-L; TE-R,3x1,TRIPS - CLOSED,NICKEL,OKST D01; OKST D08; OKST D10; OKST D11; OKST D23,OKST D05; OKST D06; OKST D40,OKST D00; OKST D81; OKST D96,WIDE OVER,,COVER 3 SEAM,,44,,3.8,0.119,28886_6377600,28886-ORUN-9
6377617,28886,2025-09-06,2025,02,407739,3078,3,2,06:40,0,,0,3,0,9,3,,0,,,,0,1,0,48,0,-5,0,6377600,6377652,,48.03,0,,120,0,,,0,0,,,0,0,,7; OKST D00 (34); OKST D05 (26); OKST D06 (16); OKST D11 (41); OKST D40 (09); OKST D81 (19); OKST D96 (27),,,,,LCB (1); SCBL (4); FS (12); RCB (2),LOLB (09); LILB (16); DLT (19); RILB (26); DRT (27); REO (34); ROLB (41),3-3-5,OKST D00 (REO); OKST D01 (LCB); OKST D05 (RILB); OKST D06 (LILB); OKST D08 (FS); OKST D10 (RCB); OKST D11 (ROLB); OKST D23 (SCBL); OKST D40 (LOLB); OKST D81 (DLT); OKST D96 (DRT),OKST D00 (0.0); OKST D01 (0.0); OKST D05 (0.0); OKST D06 (0.0); OKST D08 (0.0); OKST D10 (0.0); OKST D11 (0.0); OKST D23 (0.0); OKST D40 (0.0); OKST D81 (0.0); OKST D96 (0.0),,,OKST,5,,DLT (19); DRT (27); REO (34),,MISSED FG,+39,5,PUNT - FC,-46,,,+39,,,,,-5,,,R,L,,,,,,ORUN 71 (RT),,,,,,,,,,LOLB (0); LILB (4); RILB (4); ROLB (0),,,,ORUN 71,LWR^; HB-L; HB-R; SRWR; RWR^,1x2,TE>SRWR,2-0-2-1,21,ORUN 00; ORUN 03; ORUN 09; ORUN 14; ORUN 23,ORUN 00 (HB-L); ORUN 03 (LWR); ORUN 09 (SRWR); ORUN 10 (QB); ORUN 14 (RWR); ORUN 23 (HB-R); ORUN 70 (C); ORUN 71 (RT); ORUN 74 (LG); ORUN 77 (RG); ORUN 78 (LT),ORUN 00 (0.0); ORUN 03 (0.0); ORUN 09 (0.0); ORUN 10 (0.0); ORUN 14 (0.0); ORUN 23 (0.0); ORUN 70 (0.0); ORUN 71 (-1.0); ORUN 74 (0.0); ORUN 77 (0.0); ORUN 78 (0.0),,,ORUN,ORUN 03; ORUN 14,,,,,,,,,,,,,,,,,,,,,,,ORUN 71 FST,,,+44,,,,,OKST D01 > ORUN 14; OKST D10 > ORUN 03,,0,,,ORUN 10,0,,,0,,HB-L; HB-R,HB-L (-5); HB-R (-5),,2; ORUN 00 (HB-L); ORUN 23 (HB-R),,,,,,X,,+45,,S,,,,,,,,,,LWR^(-15.5); SRWR(+15.5); RWR^(+19.5),,0,15,0,0,0,,false,3,3,3.696,-0.836,,false,21,ORUN 00; ORUN 23,ORUN 09,ORUN 03; ORUN 14,GUN SPLIT,SLOT - OPEN,LWR; HB-L; HB-R; SRWR; RWR,1x2,SLOT - OPEN,NICKEL,OKST D01; OKST D08; OKST D10; OKST D11; OKST D23,OKST D05; OKST D06; OKST D40,OKST D00; OKST D81; OKST D96,WIDE UNDER,,,,39,,3.919,-0.806,28886_6377617,28886-ORUN-9
6377652,28886,2025-09-06,2025,02,407739,3105,3,2,06:23,1,1,0,3,0,9,4,2,0,,,,0,0,0,48,0,,1,6377617,6377692,,48.03,1,,121,0,,1.5,0,0,7,3,0,0,ORUN 17,5; OKST D00 (34); OKST D05 (39); OKST D40 (07); OKST D81 (16); OKST D96 (28),ORUN 09; ORUN 17,L,,,LCB (1); SSL (10); SCBiR (4); SCBR (8); SCBoR (5); RCB (2),LOLB (07); SSL (12); DLT (16); DRT (28); ROLB (34); ROLB (39),3-3-5,OKST D00 (ROLB); OKST D01 (LCB); OKST D05 (ROLB); OKST D06 (SCBiR); OKST D08 (SSL); OKST D10 (RCB); OKST D11 (SCBR); OKST D23 (SCBoR); OKST D40 (LOLB); OKST D81 (DLT); OKST D96 (DRT),OKST D00 (+0.5); OKST D01 (0.0); OKST D05 (+0.5); OKST D06 (0.0); OKST D08 (0.0); OKST D10 (0.0); OKST D11 (0.0); OKST D23 (0.0); OKST D40 (-0.5); OKST D81 (0.0); OKST D96 (0.0),,T,OKST,10,,DLT (16); DRT (28),,MISSED FG,+39,5,PUNT - FC,-46,6,SD,+44,OKST D40,,,,2,,,R,L,,,,,,ORUN 17 (SLoWR); ORUN 78 (LT); OKST D00 (ROLB); OKST D05 (ROLB); OKST D11 (SCBR); OKST D40 (LOLB),,,,,,,,,,LOLB (0); ROLB (0); ROLB (0),OKST D40,C,O,ORUN 78; OKST D40,LWR^; SLoWR; SLWR; SLiWR; RWR^,4x1,HB>SLiWR; TE>SLWR,3-0-1-1,11,ORUN 03; ORUN 09; ORUN 14; ORUN 17; ORUN 20,ORUN 03 (LWR); ORUN 09 (SLWR); ORUN 10 (QB); ORUN 14 (RWR); ORUN 17 (SLoWR); ORUN 20 (SLiWR); ORUN 70 (C); ORUN 71 (RT); ORUN 74 (LG); ORUN 77 (RG); ORUN 78 (LT),ORUN 03 (0.0); ORUN 09 (0.0); ORUN 10 (0.0); ORUN 14 (0.0); ORUN 17 (0.0); ORUN 20 (0.0); ORUN 70 (0.0); ORUN 71 (0.0); ORUN 74 (0.0); ORUN 77 (0.0); ORUN 78 (-0.5),ORUN 17; ORUN 20,F,ORUN,ORUN 03; ORUN 14,,5; ORUN 70 (C); ORUN 71 (RT); ORUN 74 (LG); ORUN 77 (RG); ORUN 78 (LT),,1b,OKST D11,,7; OKST D01; OKST D06; OKST D08; OKST D10; OKST D11; OKST D23; OKST D40,-5,M,ORUN 10 (QB),LWR 9z; SLoWR 0(-4); SLWR z; SLiWR h3(-5); RWR 2(2),9; 0; -; H3; 2,ORUN 03 9z; ORUN 17 0(-4); ORUN 09 z; ORUN 20 h3(-5); ORUN 14 2(2),SLoWR,ORUN 17,COMPLETE,0(-4),0R,4; OKST D00 (ROLB); OKST D05 (ROLB); OKST D81 (DLT); OKST D96 (DRT),,21,4,,,,+42,,,,OKST D00; OKST D05,OKST D01 > ORUN 14; OKST D10 > ORUN 03,,0,,,ORUN 10,0,,,0,,EMPTY,,,,,,,POWER,,P,,+45,ORUN 20* (B:L),S,,OKST D00,,OKST D00,OKST D05,,,,,LWR^(-17.5); SLoWR(-5.5); SLWR(-2.5); SLiWR(+6.5); RWR^(+19.5),,0,9,0,0,0,,false,3,3,2.86,-0.899,WR Screen,false,11,ORUN 20,ORUN 09,ORUN 03; ORUN 14; ORUN 17,GUN EMPTY,QUADS - OPEN,LWR; SLoWR; SLiWR; HB-R; RWR,3x1,TRIPS - OPEN,NICKEL,OKST D01; OKST D08; OKST D10; OKST D11; OKST D23,OKST D05; OKST D06; OKST D40,OKST D00; OKST D81; OKST D96,EVEN,,COVER 1,,44,,3.113,-0.63,28886_6377652,28886-ORUN-9
6377692,28886,2025-09-06,2025,02,407739,3133,3,3,05:45,1,,0,3,0,9,5,3,0,,,,0,0,0,48,0,,0,6377652,6377817,,48.03,0,,122,0,,,0,0,,2,0,0,ORUN 20,5; OKST D04 (38); OKST D05 (22); OKST D16 (03); OKST D33 (27); OKST D95 (15),,,,,LCB (1); SCBoL (5); SCBiL (5); FSL (12); SSR (7); RCB (1),LEO (03); LE (15); MLB (22); DRT (27); SSR (33); ROLB (38),2-4-5,OKST D01 (LCB); OKST D04 (ROLB); OKST D05 (MLB); OKST D08 (SSR); OKST D10 (RCB); OKST D11 (FSL); OKST D16 (LEO); OKST D23 (SCBoL); OKST D26 (SCBiL); OKST D33 (DRT); OKST D95 (LE),OKST D01 (0.0); OKST D04 (0.0); OKST D05 (0.0); OKST D08 (0.0); OKST D10 (0.0); OKST D11 (0.0); OKST D16 (0.0); OKST D23 (0.0); OKST D26 (0.0); OKST D33 (+0.5); OKST D95 (0.0),OKST D04; OKST D16; OKST D26; OKST D33; OKST D95,T,OKST,8,,LEO (03); LE (15); DRT (27),,MISSED FG,+39,5,PUNT - FC,-46,,,+42,OKST D33,,,,3,,,C,C,,,,,,ORUN 74 (LG); ORUN 78 (LT); OKST D05 (MLB); OKST D33 (DRT),,,,,,,,,,MLB (0); ROLB (0),,C,O,ORUN 78,LWR^; HB-L; SRiWR; SRoWR; RWR^,1x3,TE>SRiWR,3-0-1-1,11,ORUN 03; ORUN 09; ORUN 14; ORUN 17; ORUN 20,ORUN 03 (LWR); ORUN 09 (SRiWR); ORUN 10 (QB); ORUN 14 (RWR); ORUN 17 (SRoWR); ORUN 20 (HB-L); ORUN 70 (C); ORUN 71 (RT); ORUN 74 (LG); ORUN 77 (RG); ORUN 78 (LT),ORUN 03 (0.0); ORUN 09 (0.0); ORUN 10 (0.0); ORUN 14 (0.0); ORUN 17 (0.0); ORUN 20 (0.0); ORUN 70 (0.0); ORUN 71 (0.0); ORUN 74 (0.0); ORUN 77 (0.0); ORUN 78 (-0.5),,F,ORUN,ORUN 03; ORUN 14,,,,3b,,,,,,,,,,,,,,,,,,,,,,+39,ML,,ML,OKST D33,OKST D01 > ORUN 14; OKST D10 > ORUN 03,,0,,,ORUN 10,0,,,0,,HB-L,HB-L (-5),R,1; ORUN 20 (HB-L),,,,INSIDE ZONE,SPLIT,R,,+45,ORUN 09* (L:Rx>R:L{R}),S,,OKST D33,,OKST D33,,,,,,LWR^(-17.5); SRiWR(+3.5); SRoWR(+11.5); RWR^(+18.5),,0,10,0,0,0,,true,3,3,1.961,-1.228,,false,11,ORUN 20,ORUN 09,ORUN 03; ORUN 14; ORUN 17,GUN WEAK,TRIPS - OPEN,LWR; SLWR; HB-L; SRWR; RWR,2x2,SLOT - SLOT,NICKEL,OKST D01; OKST D08; OKST D10; OKST D11; OKST D23,OKST D04; OKST D05; OKST D16; OKST D26,OKST D33; OKST D95,EVEN,SINGLE MUG,COVER 3,,42,,2.483,-2.081,28886_6377692,28886-ORUN-9
6378035,28886,2025-09-06,2025,02,407739,3332,3,1,02:54,0,,0,3,0,10,1,2,0,,,,0,0,0,48,0,,0,6377983,6378120,,48.03,0,,129,0,,,0,0,,3,0,0,ORUN 20,7; OKST D04 (08); OKST D05 (23); OKST D06 (14); OKST D23 (38); OKST D71 (22); OKST D95 (14); OKST D99 (29),,,,,LCB (6); SSL (10); FSR (11); RCB (1),LOLB (08); SSL (09); LLB (14); LE (14); NT (22); MLB (23); RE (29); RLB (38),3-3-5,OKST D01 (LCB); OKST D04 (LOLB); OKST D05 (MLB); OKST D06 (LLB); OKST D10 (RCB); OKST D11 (FSR); OKST D18 (SSL); OKST D23 (RLB); OKST D71 (NT); OKST D95 (LE); OKST D99 (RE),OKST D01 (0.0); OKST D04 (0.0); OKST D05 (+1.0); OKST D06 (-0.5); OKST D10 (0.0); OKST D11 (0.0); OKST D18 (0.0); OKST D23 (0.0); OKST D71 (0.0); OKST D95 (0.0); OKST D99 (0.0),DRIVE START,T,OKST,10,,LE (14); NT (22); RE (29),,TOUCHDOWN,+0,4,PUNT - FC,-45,,,-45,OKST D06,,,,2,,,C,C,,,,OKST D23,,ORUN 09 (TE-L); ORUN 20 (HB-R); ORUN 77 (RG); OKST D05 (MLB); OKST D06 (LLB); OKST D23 (RLB),,,,,,,,,,LOLB (0); LLB (4); MLB (4); RLB (4),OKST D06,O,O,ORUN 09; OKST D06,LWR^; TE-L; HB-R; TE-R; RWR^,2x2,,2-0-1-2,12,ORUN 03; ORUN 09; ORUN 11; ORUN 20; ORUN 83,ORUN 03 (RWR); ORUN 09 (TE-L); ORUN 10 (QB); ORUN 11 (LWR); ORUN 20 (HB-R); ORUN 56 (LT); ORUN 70 (C); ORUN 74 (LG); ORUN 77 (RG); ORUN 78 (RT); ORUN 83 (TE-R),ORUN 03 (0.0); ORUN 09 (-1.0); ORUN 10 (0.0); ORUN 11 (0.0); ORUN 20 (+0.5); ORUN 56 (0.0); ORUN 70 (0.0); ORUN 74 (0.0); ORUN 77 (0.0); ORUN 78 (0.0); ORUN 83 (0.0),DRIVE START,F,ORUN,ORUN 03; ORUN 11,,,,4,,,,,,,,,,,,,,,,,,,,,,-47,LE,,LE,ORUN 20; OKST D05,OKST D10 > ORUN 11,,0,,,ORUN 10,0,,,0,,HB-R,HB-R (-5),L,1; ORUN 20 (HB-R),,,,COUNTER,CROSS LEAD,R,,+45,ORUN 09 (L:R{L}); ORUN 83 (R:L{R}),S,,OKST D05,,OKST D05,,L;R,,,,LWR^(-8.5); RWR^(+7.5),,0,7,0,0,0,,false,3,2,3.037,-0.599,,false,12,ORUN 20,ORUN 09; ORUN 83,ORUN 03; ORUN 11,GUN STRONG,PRO - PRO,LWR; SLWR; HB-R; SRWR; RWR,2x2,SLOT - SLOT,NICKEL,OKST D01; OKST D10; OKST D11; OKST D18; OKST D23,OKST D04; OKST D05; OKST D06,OKST D71; OKST D95; OKST D99,ODD,,COVER 4,,55,,3.177,-0.478,28886_6378035,28886-ORUN-10
6378120,28886,2025-09-06,2025,02,407739,3358,3,2,02:26,0,1,0,3,0,10,2,51,0,1,,,0,0,1,48,0,,0,6378035,6378139,,48.03,0,,130,0,,3.3,0,0,33,10,0,0,ORUN 11,7; OKST D04 (35); OKST D05 (11); OKST D06 (21); OKST D10 (28); OKST D71 (19); OKST D95 (10); OKST D99 (28),ORUN 11; ORUN 83,L,,,LCB (6); SCBoL (3); SCBL (2); FSL (11),LEO (10); LLB (11); DLT (19); MLB (21); DRT (28); RILB (28); ROLB (35),3-3-5,OKST D01 (LCB); OKST D04 (ROLB); OKST D05 (LLB); OKST D06 (MLB); OKST D10 (RILB); OKST D11 (SCBL); OKST D14 (SCBoL); OKST D18 (FSL); OKST D71 (DLT); OKST D95 (LEO); OKST D99 (DRT),OKST D01 (-1.0); OKST D04 (0.0); OKST D05 (-1.0); OKST D06 (0.0); OKST D10 (0.0); OKST D11 (0.0); OKST D14 (0.0); OKST D18 (0.0); OKST D71 (0.0); OKST D95 (0.0); OKST D99 (0.0),OKST D14,F,OKST,8,,LEO (10); DLT (19); DRT (28),,TOUCHDOWN,+0,4,PUNT - FC,-45,0,RR,-47,OKST D10,,,,51,,,L,R,,,,,,ORUN 10 (QB); ORUN 11 (SRWR); OKST D01 (LCB); OKST D05 (LLB),,,,,,,,,,LLB (4); MLB (4); RILB (5); ROLB (0),OKST D01,C,C,OKST D01; OKST D05,HB-R; SRiWR^; SRWR; SRoWR; RWR^,0x4,TE>SRiWR,3-0-1-1,11,ORUN 03; ORUN 11; ORUN 17; ORUN 20; ORUN 83,ORUN 03 (RWR); ORUN 10 (QB); ORUN 11 (SRWR); ORUN 17 (SRoWR); ORUN 20 (HB-R); ORUN 56 (LT); ORUN 70 (C); ORUN 74 (LG); ORUN 77 (RG); ORUN 78 (RT); ORUN 83 (SRiWR),ORUN 03 (0.0); ORUN 10 (+0.5); ORUN 11 (+1.0); ORUN 17 (0.0); ORUN 20 (0.0); ORUN 56 (0.0); ORUN 70 (0.0); ORUN 74 (0.0); ORUN 77 (0.0); ORUN 78 (0.0); ORUN 83 (0.0),ORUN 17,T,ORUN,ORUN 03; ORUN 83,,6; ORUN 56 (LT); ORUN 70 (C); ORUN 74 (LG); ORUN 77 (RG); ORUN 78 (RT); ORUN 83 (SRiWR),,3S,OKST D05,,7; OKST D01; OKST D05; OKST D06; OKST D10; OKST D11; OKST D14; OKST D18,18,M,ORUN 10 (QB),HB-R h21(0); SRiWR k; SRWR 3(18); SRoWR 8(13); RWR 8s(18),H4; -; 3; 8; 8,ORUN 20 h21(0); ORUN 83 k; ORUN 11 3(18); ORUN 17 8(13); ORUN 03 8s(18),SRWR,ORUN 11,COMPLETE,3(18),7R,4; OKST D04 (ROLB); OKST D71 (DLT); OKST D95 (LEO); OKST D99 (DRT),,44,5R,,,,+2,,,,ORUN 10; ORUN 11,,,0,,,ORUN 10,0,,,0,,HB-R,HB-R (-5),,1; ORUN 20 (HB-R),,,,,,P,,+45,ORUN 17* (L:R{R}),S,,,,OKST D10,,,,,,SRiWR^(-0.5); SRWR(+1.5); SRoWR(+5.5); RWR^(+17.5),,0,30,0,1,0,,false,3,2,2.438,3.921,Out,false,11,ORUN 20,ORUN 83,ORUN 03; ORUN 11; ORUN 17,GUN STRONG,QUADS - NIX,HB-R; SRiWR; SRWR; SRoWR; RWR,0x4,QUADS - NIX,NICKEL,OKST D01; OKST D10; OKST D11; OKST D14; OKST D18,OKST D04; OKST D05; OKST D06,OKST D71; OKST D95; OKST D99,WIDE UNDER,,COVER 3 SEAM,,53,,2.699,3.67,28886_6378120,28886-ORUN-10
6378139,28886,2025-09-06,2025,02,407739,3386,3,1,01:55,1,,0,3,0,10,3,1,0,,,,0,0,1,48,1,,0,6378120,6378165,,48.03,0,,131,0,,,0,0,,1,0,0,ORUN 20,8; OKST D04 (14); OKST D05 (20); OKST D06 (05); OKST D10 (30); OKST D11 (10); OKST D71 (24); OKST D95 (33); OKST D99 (18),ORUN 03; ORUN 11; ORUN 17,,,,LCB (3); SCBoL (1); SCBiL (1),LOLB (05); LLB (10); LE (14); DLT (18); LILB (20); DRT (24); RLB (30); ROLB (33),3-3-5,OKST D01 (LCB); OKST D04 (LE); OKST D05 (LILB); OKST D06 (LOLB); OKST D10 (RLB); OKST D11 (LLB); OKST D14 (SCBoL); OKST D18 (SCBiL); OKST D71 (DRT); OKST D95 (ROLB); OKST D99 (DLT),OKST D01 (0.0); OKST D04 (0.0); OKST D05 (0.0); OKST D06 (0.0); OKST D10 (+0.5); OKST D11 (0.0); OKST D14 (0.0); OKST D18 (0.0); OKST D71 (+0.5); OKST D95 (0.0); OKST D99 (+0.5),,F,OKST,2,,LE (14); DLT (18); DRT (24),,TOUCHDOWN,+0,4,PUNT - FC,-45,,,+2,OKST D10,,,,1,,,R,L,,,,,,ORUN 70 (C); ORUN 77 (RG); OKST D10 (RLB); OKST D71 (DRT); OKST D99 (DLT),,,,,,,,,,LOLB (0); LLB (2); LILB (2); RLB (4); ROLB (0),,C,C,ORUN 77,HB-R; TE-R^; SRiWR; SRoWR^; RWR,0x4,,3-0-1-1,11,ORUN 03; ORUN 11; ORUN 17; ORUN 20; ORUN 83,ORUN 03 (SRiWR); ORUN 10 (QB); ORUN 11 (SRoWR); ORUN 17 (RWR); ORUN 20 (HB-R); ORUN 56 (LT); ORUN 70 (C); ORUN 74 (LG); ORUN 77 (RG); ORUN 78 (RT); ORUN 83 (TE-R),ORUN 03 (0.0); ORUN 10 (0.0); ORUN 11 (0.0); ORUN 17 (0.0); ORUN 20 (0.0); ORUN 56 (0.0); ORUN 70 (0.0); ORUN 74 (0.0); ORUN 77 (-1.0); ORUN 78 (0.0); ORUN 83 (0.0),,T,ORUN,ORUN 11; ORUN 83,,,,1b,,,,,,,HB-R r; TE-R r; SRiWR z; SRoWR z; RWR 0(-2),-; -; -; -; 0,ORUN 20 r; ORUN 83 r; ORUN 03 z; ORUN 11 z; ORUN 17 0(-2),,,,,,,,,,,,,+1,LG,,LG,OKST D10; OKST D71; OKST D99,,,0,,,ORUN 10,0,,,0,,HB-R,HB-R (-5),L,1; ORUN 20 (HB-R),,,,INSIDE ZONE,READ OPTION,R,,+45,,S,,,,OKST D10,OKST D71,R,,,,SRiWR(+17.5); SRoWR^(+19.5); RWR(+20.5),,1,22,0,0,0,,true,3,2,6.359,-0.018,,false,11,ORUN 20,ORUN 83,ORUN 03; ORUN 11; ORUN 17,GUN STRONG,QUAY - NIX,HB-R; TE-R; SRiWR; SRoWR; RWR,0x4,QUAY - NIX,NICKEL,OKST D01; OKST D10; OKST D11; OKST D14; OKST D18,OKST D04; OKST D05; OKST D06,OKST D71; OKST D95; OKST D99,WIDE OVER,SINGLE MUG,COVER 1,,2,,6.369,-0.409,28886_6378139,28886-ORUN-10
6378165,28886,2025-09-06,2025,02,407739,3412,3,2,01:21,0,,0,3,0,10,4,1,0,1,,,0,0,0,48,0,,0,6378139,6378212,,48.03,0,,132,0,,,0,0,,1,0,0,ORUN 00,10; OKST D00 (10); OKST D01 (22); OKST D05 (17); OKST D06 (30); OKST D17 (14); OKST D18 (02); OKST D71 (24); OKST D94 (30); OKST D95 (34); OKST D96 (19),,,,,,LLB (02); LEO (10); LE (14); LILB (17); DLT (19); MLB (22); DRT (24); RE (30); RLB (30); REO (34),10 Men,OKST D00 (LEO); OKST D01 (MLB); OKST D05 (LILB); OKST D06 (RLB); OKST D17 (LE); OKST D18 (LLB); OKST D71 (DRT); OKST D94 (RE); OKST D95 (REO); OKST D96 (DLT),OKST D00 (0.0); OKST D01 (0.0); OKST D05 (0.0); OKST D06 (0.0); OKST D17 (0.0); OKST D18 (0.0); OKST D71 (0.0); OKST D94 (0.0); OKST D95 (0.0); OKST D96 (0.0),OKST D00; OKST D17; OKST D94; OKST D96,F,OKST,1,,LEO (10); LE (14); DLT (19); DRT (24); RE (30); REO (34),,TOUCHDOWN,+0,4,PUNT - FC,-45,,,+1,OKST D01,,,,1,,,C,C,,,,,,ORUN 00 (HB); ORUN 44 (FB-R); ORUN 55 (TE-L); ORUN 77 (RG); ORUN 83 (FB-L); OKST D01 (MLB); OKST D06 (RLB); OKST D95 (REO),,,,,,,,,,LLB (3); LILB (3); MLB (3); RLB (3),,O,O,ORUN 44; ORUN 83,TE-L^; FB-L; HB; FB-R; TE-R^,1x1,OL>TE-L; TE>FB-L; TE>FB-R,0-0-1-3 (*),13 (*),ORUN 00; ORUN 09; ORUN 44; ORUN 55; ORUN 83,ORUN 00 (HB); ORUN 09 (TE-R); ORUN 10 (QB); ORUN 44 (FB-R); ORUN 55 (TE-L); ORUN 56 (LT); ORUN 70 (C); ORUN 74 (LG); ORUN 77 (RG); ORUN 78 (RT); ORUN 83 (FB-L),ORUN 00 (+0.5); ORUN 09 (0.0); ORUN 10 (0.0); ORUN 44 (-1.0); ORUN 55 (0.0); ORUN 56 (0.0); ORUN 70 (0.0); ORUN 74 (0.0); ORUN 77 (+0.5); ORUN 78 (0.0); ORUN 83 (-1.0),ORUN 00; ORUN 09; ORUN 44; ORUN 55,T,ORUN,ORUN 09; ORUN 55,,,,GL,,,,,,,,,,,,,,,,,,,,,,+0,LE,,LE,ORUN 00; ORUN 77,,,0,,,ORUN 10,0,,,0,,HB; FB-L; FB-R,HB (-7); FB-L (-2); FB-R (-4),L,3; ORUN 00 (HB); ORUN 44 (FB-R); ORUN 83 (FB-L),,,,COUNTER,CROSS LEAD,R,,+45,ORUN 83 (R:B),,,,,,,L;R,ORUN 00,,,,,0,6,0,0,0,,false,3,2,6.341,0.659,,false,14H,ORUN 00,ORUN 09; ORUN 44; ORUN 83,,DIAMOND,CLOSED - CLOSED,TE-L; HB; FB-R; TE-iR; TE-oR,1x2,WING - CLOSED,HEAVY,OKST D01; OKST D18,OKST D05; OKST D06,OKST D00; OKST D17; OKST D71; OKST D94; OKST D95; OKST D96,WIDE OVER,,GOAL LINE,,1,,5.96,1.04,28886_6378165,28886-ORUN-10
6379142,28886,2025-09-06,2025,02,407739,3755,4,1,13:43,0,,0,3,0,11,1,3,1,,,,0,0,0,69,0,,0,6378980,6379184,,69.03,0,,146,0,,,0,0,,2,0,0,ORUN 20,8; OKST D06 (23); OKST D08 (32); OKST D14 (00); OKST D25 (11); OKST D40 (33); OKST D88 (11); OKST D94 (24); OKST D96 (16),,,,,LCB (8); SSL (9); RCB (6),LLB (00); SSL (05); LLB (11); LEO (11); DLT (16); MLB (23); DRT (24); RLB (32); ROLB (33),3-3-5,OKST D01 (RCB); OKST D06 (MLB); OKST D08 (RLB); OKST D10 (LCB); OKST D11 (SSL); OKST D14 (LLB); OKST D25 (LLB); OKST D40 (ROLB); OKST D88 (LEO); OKST D94 (DRT); OKST D96 (DLT),OKST D01 (0.0); OKST D06 (0.0); OKST D08 (0.0); OKST D10 (0.0); OKST D11 (0.0); OKST D14 (0.0); OKST D25 (0.0); OKST D40 (0.0); OKST D88 (0.0); OKST D94 (-0.5); OKST D96 (+0.5),DRIVE START,T,OKST,10,,LEO (11); DLT (16); DRT (24),,PUNT,+41,7,PUNT - FC,-29,,,-29,OKST D40,,,,3,,,L,R,,,,,,ORUN 70 (C); ORUN 77 (RG); ORUN 79 (LG); ORUN 83 (TE-oR); OKST D06 (MLB); OKST D40 (ROLB); OKST D94 (DRT); OKST D96 (DLT),,,,,,,,,,LLB (2); LLB (3); MLB (4); RLB (6); ROLB (0),,C,O,ORUN 77; ORUN 83; OKST D94,LWR^; HB; TE-iR^; TE-oR; RWR,1x3,,2-0-1-2,12,ORUN 03; ORUN 11; ORUN 20; ORUN 44; ORUN 83,ORUN 03 (LWR); ORUN 10 (QB); ORUN 11 (RWR); ORUN 20 (HB); ORUN 44 (TE-iR); ORUN 59 (LT); ORUN 70 (C); ORUN 77 (RG); ORUN 78 (RT); ORUN 79 (LG); ORUN 83 (TE-oR),ORUN 03 (0.0); ORUN 10 (0.0); ORUN 11 (0.0); ORUN 20 (0.0); ORUN 44 (0.0); ORUN 59 (0.0); ORUN 70 (0.0); ORUN 77 (-0.5); ORUN 78 (0.0); ORUN 79 (+0.5); ORUN 83 (-1.0),DRIVE START,F,ORUN,ORUN 03; ORUN 44,,,,3,,,,,,,,,,,,,,,,,,,,P,,-32,LG,,LG,ORUN 79; OKST D96,,,0,,,ORUN 10,0,,,0,,HB,HB (-8),R,1; ORUN 20 (HB),,,,OUTSIDE ZONE,,R,,+66,,S,,OKST D40,,OKST D40,OKST D06,R;R,,,,LWR^(-12.5); RWR(+3.5),,0,21,0,0,0,,false,3,2,1.785,-0.593,,false,12,ORUN 20,ORUN 44; ORUN 83,ORUN 03; ORUN 11,PISTOL,TOAD WING - OPEN,LWR; HB; TE-iR; TE-oR; RWR,1x3,TOAD WING - OPEN,NICKEL,OKST D01; OKST D08; OKST D10; OKST D11; OKST D14,OKST D06; OKST D25; OKST D40,OKST D88; OKST D94; OKST D96,WIDE OVER,,COVER 3,,71,,2.02,-0.41,28886_6379142,28886-ORUN-11
6379184,28886,2025-09-06,2025,02,407739,3781,4,2,13:02,1,,0,3,0,11,2,0,1,,,,0,0,1,69,1,,0,6379142,6379233,,69.03,0,,147,0,,,0,0,,2,0,0,ORUN 20,6; OKST D06 (20); OKST D25 (26); OKST D40 (08); OKST D88 (40); OKST D94 (16); OKST D96 (25),,,,,SSL (7); FS (10); SCBiR (7); SCBoR (4); RCB (1),LOLB (08); SSL (09); DLT (16); LILB (20); DRT (25); RILB (26); ROLB (40),3-3-5,OKST D01 (RCB); OKST D06 (LILB); OKST D08 (FS); OKST D10 (SSL); OKST D11 (SCBiR); OKST D14 (SCBoR); OKST D25 (RILB); OKST D40 (LOLB); OKST D88 (ROLB); OKST D94 (DLT); OKST D96 (DRT),OKST D01 (0.0); OKST D06 (0.0); OKST D08 (0.0); OKST D10 (0.0); OKST D11 (0.0); OKST D14 (0.0); OKST D25 (0.0); OKST D40 (+0.5); OKST D88 (0.0); OKST D94 (0.0); OKST D96 (0.0),,T,OKST,7,,DLT (16); DRT (25),,PUNT,+41,7,PUNT - FC,-29,,,-32,OKST D40,,,,0,,,C,C,,,,,,ORUN 78 (RT); OKST D40 (LOLB); OKST D94 (DLT),,,,,,,,,,LOLB (0); LILB (0); RILB (3); ROLB (0),,C,C,,LWR^; SLoWR^; SLiWR; TE-L; HB,4x0,,3-0-1-1,11,ORUN 03; ORUN 11; ORUN 17; ORUN 20; ORUN 83,ORUN 03 (LWR); ORUN 10 (QB); ORUN 11 (SLoWR); ORUN 17 (SLiWR); ORUN 20 (HB); ORUN 59 (LT); ORUN 70 (C); ORUN 77 (RG); ORUN 78 (RT); ORUN 79 (LG); ORUN 83 (TE-L),ORUN 03 (0.0); ORUN 10 (0.0); ORUN 11 (0.0); ORUN 17 (0.0); ORUN 20 (0.0); ORUN 59 (0.0); ORUN 70 (0.0); ORUN 77 (0.0); ORUN 78 (0.0); ORUN 79 (0.0); ORUN 83 (0.0),ORUN 17,F,ORUN,ORUN 03; ORUN 11,,,,3b,,,,,,,,,,,,,,,,,,,,P,,-32,RT,,RT,OKST D40,OKST D01 > ORUN 03,,0,,,ORUN 10,0,,,0,,HB,HB (-8),R,1; ORUN 20 (HB),,,,MAN,CROSS LEAD;READ OPTION,R,,+66,ORUN 17* (L:R{L}),S,,OKST D40,,OKST D40,,L,,,,LWR^(-18.5); SLoWR^(-14.5); SLiWR(-3.5),,0,5,0,0,0,,false,3,2,1.192,-0.879,,false,11,ORUN 20,ORUN 83,ORUN 03; ORUN 11; ORUN 17,PISTOL,QUAY - NIX,LWR; SLoWR; SLiWR; TE-L; HB,4x0,QUAY - NIX,NICKEL,OKST D01; OKST D08; OKST D10; OKST D11; OKST D14,OKST D06; OKST D25; OKST D40,OKST D88; OKST D94; OKST D96,WIDE UNDER,SINGLE MUG,COVER 3,,68,,1.61,-1.169,28886_6379184,28886-ORUN-11
6379233,28886,2025-09-06,2025,02,407739,3807,4,3,12:24,0,0,0,3,0,11,3,22,1,1,,,0,0,0,69,0,,0,6379184,6379261,,69.03,0,,148,0,1.9,3.2,0,0,,0,0,0,ORUN 10,5; OKST D16 (39); OKST D25 (17); OKST D33 (28); OKST D40 (06); OKST D94 (16),ORUN 17; ORUN 83,L,,,LCB (1); SSL (9); FSR (12); SCBiR (5); SCBoR (4); RCB (2),SSL (00); LOLB (06); DLT (16); LILB (17); DRT (28); ROLB (39),2-4-5,OKST D01 (RCB); OKST D08 (SSL); OKST D10 (LCB); OKST D11 (FSR); OKST D14 (SCBoR); OKST D16 (ROLB); OKST D25 (LILB); OKST D26 (SCBiR); OKST D33 (DRT); OKST D40 (LOLB); OKST D94 (DLT),OKST D01 (0.0); OKST D08 (0.0); OKST D10 (0.0); OKST D11 (0.0); OKST D14 (0.0); OKST D16 (0.0); OKST D25 (-0.5); OKST D26 (0.0); OKST D33 (0.0); OKST D40 (0.0); OKST D94 (0.0),OKST D16; OKST D26; OKST D33,F,OKST,7,,DLT (16); DRT (28),,PUNT,+41,7,PUNT - FC,-29,8,SR,-32,,,,,22,,,C,C,,,,,,ORUN 10 (QB); OKST D25 (LILB),,,,,,,,,,LOLB (0); LILB (4); ROLB (0),OKST D25,C,O,OKST D25,LWR^; SLoWR; SLiWR; HB-R; RWR^,3x1,TE>SLiWR,3-0-1-1,11,ORUN 03; ORUN 11; ORUN 17; ORUN 20; ORUN 83,ORUN 03 (RWR); ORUN 10 (QB); ORUN 11 (LWR); ORUN 17 (SLoWR); ORUN 20 (HB-R); ORUN 59 (LT); ORUN 70 (C); ORUN 77 (RG); ORUN 78 (RT); ORUN 79 (LG); ORUN 83 (SLiWR),ORUN 03 (0.0); ORUN 10 (+0.5); ORUN 11 (0.0); ORUN 17 (0.0); ORUN 20 (0.0); ORUN 59 (0.0); ORUN 70 (0.0); ORUN 77 (0.0); ORUN 78 (0.0); ORUN 79 (0.0); ORUN 83 (0.0),,T,ORUN,ORUN 03; ORUN 11,,5; ORUN 59 (LT); ORUN 70 (C); ORUN 77 (RG); ORUN 78 (RT); ORUN 79 (LG),,3S,,,7; OKST D01; OKST D08; OKST D10; OKST D11; OKST D14; OKST D25; OKST D26,,X,ORUN 10 (QB),LWR 5(13); SLoWR 9s; SLiWR 9s; HB-R h66(2); RWR 9o,5; 9; 9; H6; 9,ORUN 11 5(13); ORUN 17 9s; ORUN 83 9s; ORUN 20 h66(2); ORUN 03 9o,,,RUN,,,4; OKST D16 (ROLB); OKST D33 (DRT); OKST D40 (LOLB); OKST D94 (DLT),,,,,,,+46,QB SCRAMBLE,,QB SCRAMBLE,ORUN 10,OKST D01 > ORUN 11; OKST D10 > ORUN 03,,0,,,ORUN 10,1,,,0,C,HB-R,HB-R (-5),,1; ORUN 20 (HB-R),,,,,,P,,+66,ORUN 83 (R:Lx>L:R{L}),S,,,,OKST D10,,,,,,LWR^(-18.5); SLoWR(-12.5); SLiWR(-9.5); RWR^(+16.5),,0,7,0,0,0,,true,3,2,0.313,3.051,,false,11,ORUN 20,ORUN 83,ORUN 03; ORUN 11; ORUN 17,GUN WEAK,TRIPS - OPEN,LWR; SLWR; HB-R; SRWR; RWR,2x2,SLOT - SLOT,NICKEL,OKST D01; OKST D08; OKST D10; OKST D11; OKST D14,OKST D16; OKST D25; OKST D26; OKST D40,OKST D33; OKST D94,EVEN,,COVER 3 SEAM,,68,,0.441,3.257,28886_6379233,28886-ORUN-11
6379261,28886,2025-09-06,2025,02,407739,3833,4,1,11:44,0,,0,3,0,11,4,5,1,,,,0,0,0,69,0,,0,6379233,6380233,,69.03,0,,149,0,,,0,0,,3,0,0,ORUN 20,6; OKST D04 (09); OKST D06 (16); OKST D25 (26); OKST D88 (29); OKST D94 (15); OKST D96 (22),,,,,LCB (2); SSL (9); FSR (11); SCBR (4); RCB (1),SSL (08); LEO (09); LE (15); LILB (16); NT (22); RILB (26); RE (29),3-3-5,OKST D01 (RCB); OKST D04 (LEO); OKST D06 (LILB); OKST D08 (SSL); OKST D10 (LCB); OKST D11 (FSR); OKST D14 (SCBR); OKST D25 (RILB); OKST D88 (RE); OKST D94 (LE); OKST D96 (NT),OKST D01 (0.0); OKST D04 (0.0); OKST D06 (0.0); OKST D08 (0.0); OKST D10 (0.0); OKST D11 (0.0); OKST D14 (0.0); OKST D25 (0.0); OKST D88 (0.0); OKST D94 (0.0); OKST D96 (0.0),OKST D04; OKST D06; OKST D88; OKST D96,F,OKST,10,,LEO (09); LE (15); NT (22); RE (29),,PUNT,+41,7,PUNT - FC,-29,,,+46,OKST D14,,,,5,,,R,L,,,,,,ORUN 83 (TE-R); OKST D25 (RILB),,,,,,,,,,LILB (4); RILB (4),,O,O,,LWR^; SLWR; HB-L; TE-R; RWR^,2x2,,3-0-1-1,11,ORUN 03; ORUN 11; ORUN 17; ORUN 20; ORUN 83,ORUN 03 (LWR); ORUN 10 (QB); ORUN 11 (RWR); ORUN 17 (SLWR); ORUN 20 (HB-L); ORUN 59 (LT); ORUN 70 (C); ORUN 77 (RG); ORUN 78 (RT); ORUN 79 (LG); ORUN 83 (TE-R),ORUN 03 (0.0); ORUN 10 (0.0); ORUN 11 (0.0); ORUN 17 (0.0); ORUN 20 (0.0); ORUN 59 (0.0); ORUN 70 (0.0); ORUN 77 (0.0); ORUN 78 (0.0); ORUN 79 (0.0); ORUN 83 (0.0),,T,ORUN,ORUN 03; ORUN 11,,,,4,,,,,,,,,,,,,,,,,,,,,,+41,LE,,LE,,OKST D01 > ORUN 03; OKST D10 > ORUN 11,,0,,,ORUN 10,0,,,0,,HB-L,HB-L (-5),R,1; ORUN 20 (HB-L),,,,INSIDE ZONE,SPLIT,R,,+66,ORUN 83* (R:L{R}),S,,,,OKST D14,,R,,,,LWR^(-16.5); SLWR(-6.5); RWR^(+14.5),,0,4,0,0,0,,false,3,2,3.364,0.004,,false,11,ORUN 20,ORUN 83,ORUN 03; ORUN 11; ORUN 17,GUN WEAK,SLOT - PRO,LWR; SLWR; HB-L; SRWR; RWR,2x2,SLOT - SLOT,NICKEL,OKST D01; OKST D08; OKST D10; OKST D11; OKST D14,OKST D04; OKST D06; OKST D25,OKST D88; OKST D94; OKST D96,ODD,,COVER 4,,46,,3.698,0.112,28886_6379261,28886-ORUN-11
6380233,28886,2025-09-06,2025,02,407739,3859,4,2,11:06,0,,0,3,0,11,5,,1,,,,0,1,0,69,0,-5,0,6379261,6380274,,69.03,0,,150,0,,,0,0,,,0,0,,6; OKST D04 (10); OKST D06 (17); OKST D25 (26); OKST D88 (34); OKST D94 (17); OKST D96 (25),,,,,SSL (7); FS (11); SCBiR (8); SCBoR (5); RCB (5),SSL (06); LEO (10); LILB (17); DLT (17); DRT (25); RILB (26); REO (34),3-3-5,OKST D01 (RCB); OKST D04 (LEO); OKST D06 (LILB); OKST D08 (FS); OKST D10 (SSL); OKST D11 (SCBiR); OKST D14 (SCBoR); OKST D25 (RILB); OKST D88 (REO); OKST D94 (DLT); OKST D96 (DRT),OKST D01 (0.0); OKST D04 (0.0); OKST D06 (0.0); OKST D08 (0.0); OKST D10 (0.0); OKST D11 (0.0); OKST D14 (0.0); OKST D25 (0.0); OKST D88 (0.0); OKST D94 (0.0); OKST D96 (0.0),,,OKST,5,,LEO (10); DLT (17); DRT (25); REO (34),,PUNT,+41,7,PUNT - FC,-29,,,+41,,,,,-5,,,R,L,,,,,,ORUN 83 (TE-R),,,,,,,,,,LILB (5); RILB (5),,,,ORUN 83,LWR^; SLoWR; SLiWR; HB-L; TE-R^,3x1,,3-0-1-1,11,ORUN 03; ORUN 11; ORUN 17; ORUN 20; ORUN 83,ORUN 03 (LWR); ORUN 10 (QB); ORUN 11 (SLoWR); ORUN 17 (SLiWR); ORUN 20 (HB-L); ORUN 59 (LT); ORUN 70 (C); ORUN 77 (RG); ORUN 78 (RT); ORUN 79 (LG); ORUN 83 (TE-R),ORUN 03 (0.0); ORUN 10 (0.0); ORUN 11 (0.0); ORUN 17 (0.0); ORUN 20 (0.0); ORUN 59 (0.0); ORUN 70 (0.0); ORUN 77 (0.0); ORUN 78 (0.0); ORUN 79 (0.0); ORUN 83 (-1.0),,,ORUN,ORUN 03; ORUN 83,,,,,,,,,,,,,,,,,,,,,,,ORUN 83 FST,,,+46,,,,,,,0,,,ORUN 10,0,,,0,,HB-L,HB-L (-5),,1; ORUN 20 (HB-L),,,,,,X,,+66,,S,,,,,,R,,,,LWR^(-17.5); SLoWR(-10.5); SLiWR(-6.5),,0,8,0,0,0,,false,3,2,3.368,-0.765,,false,11,ORUN 20,ORUN 83,ORUN 03; ORUN 11; ORUN 17,GUN WEAK,TRIPS - CLOSED,LWR; SLoWR; SLiWR; HB-L; TE-R,3x1,TRIPS - CLOSED,NICKEL,OKST D01; OKST D08; OKST D10; OKST D11; OKST D14,OKST D04; OKST D06; OKST D25,OKST D88; OKST D94; OKST D96,WIDE OVER,,,,41,,3.81,-0.819,28886_6380233,28886-ORUN-11
6380274,28886,2025-09-06,2025,02,407739,3886,4,2,10:44,0,,0,3,0,11,6,5,1,,,,0,0,0,69,0,,0,6380233,6380312,,69.03,0,,151,0,,,0,0,,4,0,0,ORUN 20,7; OKST D04 (10); OKST D06 (18); OKST D10 (04); OKST D25 (24); OKST D88 (34); OKST D94 (17); OKST D96 (25),,,,,SSL (9); SCBiR (8); SCBoR (5); RCB (3),LLB (04); SSL (06); LEO (10); DLT (17); LILB (18); RILB (24); DRT (25); REO (34),3-3-5,OKST D01 (RCB); OKST D04 (LEO); OKST D06 (LILB); OKST D08 (SSL); OKST D10 (LLB); OKST D11 (SCBiR); OKST D14 (SCBoR); OKST D25 (RILB); OKST D88 (REO); OKST D94 (DLT); OKST D96 (DRT),OKST D01 (0.0); OKST D04 (0.0); OKST D06 (0.0); OKST D08 (0.0); OKST D10 (0.0); OKST D11 (0.0); OKST D14 (0.0); OKST D25 (0.0); OKST D88 (0.0); OKST D94 (-1.0); OKST D96 (-1.0),,F,OKST,10,,LEO (10); DLT (17); DRT (25); REO (34),,PUNT,+41,7,PUNT - FC,-29,,,+46,OKST D25,,,,5,,,C,C,,,,,,ORUN 20 (HB); ORUN 70 (C); ORUN 77 (RG); ORUN 79 (LG); ORUN 83 (TE-R); OKST D04 (LEO); OKST D94 (DLT); OKST D96 (DRT),,,,,,,,,,LLB (4); LILB (5); RILB (4),,O,O,OKST D94; OKST D96,LWR^; SLoWR; SLiWR; HB; TE-R^,3x1,,3-0-1-1,11,ORUN 03; ORUN 11; ORUN 17; ORUN 20; ORUN 83,ORUN 03 (LWR); ORUN 10 (QB); ORUN 11 (SLiWR); ORUN 17 (SLoWR); ORUN 20 (HB); ORUN 59 (LT); ORUN 70 (C); ORUN 77 (RG); ORUN 78 (RT); ORUN 79 (LG); ORUN 83 (TE-R),ORUN 03 (0.0); ORUN 10 (0.0); ORUN 11 (0.0); ORUN 17 (0.0); ORUN 20 (+0.5); ORUN 59 (0.0); ORUN 70 (+0.5); ORUN 77 (+1.0); ORUN 78 (0.0); ORUN 79 (+1.0); ORUN 83 (0.0),,T,ORUN,ORUN 03; ORUN 83,,,,6L,,,,,,,,,,,,,,,,,,,,P,,+41,LG,,LG,ORUN 20; ORUN 70; ORUN 77; ORUN 79,,,0,,,ORUN 10,0,,,0,,HB,HB (-8),R,1; ORUN 20 (HB),,,,MAN,CROSS LEAD,R,,+66,ORUN 11* (R:Lx),S,,OKST D25,,OKST D25,,R,,,,LWR^(-17.5); SLoWR(-9.5); SLiWR(-2.5),,0,5,0,0,0,,false,3,2,2.603,-0.078,,false,11,ORUN 20,ORUN 83,ORUN 03; ORUN 11; ORUN 17,PISTOL,TRIPS - CLOSED,LWR; SLWR; HB; TE-R; RWR,2x2,SLOT - PRO,NICKEL,OKST D01; OKST D08; OKST D10; OKST D11; OKST D14,OKST D04; OKST D06; OKST D25,OKST D88; OKST D94; OKST D96,WIDE OVER,,COVER 6,,46,,2.991,-0.078,28886_6380274,28886-ORUN-11
6380312,28886,2025-09-06,2025,02,407739,3912,4,3,10:08,1,0,0,3,0,11,7,,1,,,,0,0,0,69,0,,0,6380274,6380361,,69.03,0,,152,1,,1.4,0,0,,,0,0,,7; OKST D04 (33); OKST D06 (07); OKST D08 (03); OKST D25 (18); OKST D88 (29); OKST D94 (16); OKST D96 (24),,L,,,FS (12); SCBiR (6); SCBoR (6); RCB (0),LOLB (03); LOLB (07); DLT (16); LILB (18); DRT (24); RE (29); ROLB (33),3-3-5,OKST D01 (RCB); OKST D04 (ROLB); OKST D06 (LOLB); OKST D08 (LOLB); OKST D10 (FS); OKST D11 (SCBiR); OKST D14 (SCBoR); OKST D25 (LILB); OKST D88 (RE); OKST D94 (DLT); OKST D96 (DRT),OKST D01 (0.0); OKST D04 (0.0); OKST D06 (0.0); OKST D08 (0.0); OKST D10 (0.0); OKST D11 (0.0); OKST D14 (-0.5); OKST D25 (0.0); OKST D88 (0.0); OKST D94 (0.0); OKST D96 (0.0),,T,OKST,5,,DLT (16); DRT (24); RE (29),,PUNT,+41,7,PUNT - FC,-29,5,SD,+41,,,,,0,,,C,C,,,BR,,,ORUN 10 (QB); OKST D14 (SCBoR),,,,,,,,,,LOLB (0); LOLB (0); LILB (5); ROLB (0),,C,C,ORUN 10; OKST D14,LWR^; SLoWR; SLiWR; HB-R; TE-R^,3x1,,3-0-1-1,11,ORUN 03; ORUN 11; ORUN 17; ORUN 20; ORUN 83,ORUN 03 (LWR); ORUN 10 (QB); ORUN 11 (SLoWR); ORUN 17 (SLiWR); ORUN 20 (HB-R); ORUN 59 (LT); ORUN 70 (C); ORUN 77 (RG); ORUN 78 (RT); ORUN 79 (LG); ORUN 83 (TE-R),ORUN 03 (0.0); ORUN 10 (-0.5); ORUN 11 (0.0); ORUN 17 (0.0); ORUN 20 (0.0); ORUN 59 (0.0); ORUN 70 (0.0); ORUN 77 (0.0); ORUN 78 (0.0); ORUN 79 (0.0); ORUN 83 (0.0),,F,ORUN,ORUN 03; ORUN 83,,5; ORUN 59 (LT); ORUN 70 (C); ORUN 77 (RG); ORUN 78 (RT); ORUN 79 (LG),,1b,OKST D14,,6; OKST D01; OKST D08; OKST D10; OKST D11; OKST D14; OKST D25,6,M,ORUN 10 (QB),LWR 2(1); SLoWR 2(3); SLiWR xd(5); HB-R h21(5); TE-R 7(11),2; 2; X; H4; 7,ORUN 03 2(1); ORUN 11 2(3); ORUN 17 xd(5); ORUN 20 h21(5); ORUN 83 7(11),SLoWR,ORUN 11,INCOMPLETE,2(3),2R,5; OKST D04 (ROLB); OKST D06 (LOLB); OKST D88 (RE); OKST D94 (DLT); OKST D96 (DRT),,18,3L,,,,+41,,,,,OKST D01 > ORUN 03,,0,,,ORUN 10,0,,,0,,HB-R,HB-R (-5),,1; ORUN 20 (HB-R),,,,,,P,,+66,,S,,,,,,R,,,,LWR^(-19.5); SLoWR(-11.5); SLiWR(-7.5),,0,10,0,0,0,,true,3,2,2.525,-1.93,Slant,false,11,ORUN 20,ORUN 83,ORUN 03; ORUN 11; ORUN 17,GUN STRONG,TRIPS - CLOSED,LWR; SLoWR; SLiWR; HB-R; TE-R,3x1,TRIPS - CLOSED,NICKEL,OKST D01; OKST D08; OKST D10; OKST D11; OKST D14,OKST D04; OKST D06; OKST D25,OKST D88; OKST D94; OKST D96,WIDE OVER,,COVER 1,,41,,2.913,-2.186,28886_6380312,28886-ORUN-11
6380908,28886,2025-09-06,2025,02,407739,4145,4,1,05:48,0,,0,3,0,12,1,-1,1,,,,0,0,0,69,0,,0,6380578,6380981,,69.03,0,,161,0,,,0,0,,0,0,0,ORUN 21,6; OKST D04 (31); OKST D17 (26); OKST D25 (07); OKST D30 (19); OKST D33 (10); OKST D71 (18),ORUN 17; ORUN 44,,,,LCB (7); SCBL (2); FSL (11); FS (11); RCB (0),LLB (07); LEO (10); DLT (18); LILB (19); DRT (26); ROLB (31),3-3-5,OKST D01 (LCB); OKST D04 (ROLB); OKST D13 (RCB); OKST D14 (SCBL); OKST D17 (DRT); OKST D18 (FSL); OKST D25 (LLB); OKST D30 (LILB); OKST D32 (FS); OKST D33 (LEO); OKST D71 (DLT),OKST D01 (0.0); OKST D04 (0.0); OKST D13 (0.0); OKST D14 (0.0); OKST D17 (0.0); OKST D18 (0.0); OKST D25 (+0.5); OKST D30 (+0.5); OKST D32 (0.0); OKST D33 (0.0); OKST D71 (0.0),DRIVE START,T,OKST,10,,LEO (10); DLT (18); DRT (26),,PUNT,-34,4,PUNT - RETURN,-34,,,-34,OKST D30,,,,-1,,,L,R,,,,,,ORUN 17 (RWR); ORUN 44 (SRWR); ORUN 85 (TE-R); OKST D14 (SCBL); OKST D25 (LLB); OKST D30 (LILB); OKST D33 (LEO),,,,,,,,,,LLB (4); LILB (4); ROLB (0),,C,O,ORUN 17,LWR^; HB-R; TE-R; SRWR^; RWR,1x3,OL>TE-R; TE>SRWR,2-0-1-1 (*),11 (*),ORUN 03; ORUN 17; ORUN 21; ORUN 44; ORUN 85,ORUN 03 (LWR); ORUN 12 (QB); ORUN 17 (RWR); ORUN 21 (HB-R); ORUN 44 (SRWR); ORUN 50 (LG); ORUN 53 (C); ORUN 55 (RG); ORUN 57 (RT); ORUN 58 (LT); ORUN 85 (TE-R),ORUN 03 (0.0); ORUN 12 (0.0); ORUN 17 (-0.5); ORUN 21 (0.0); ORUN 44 (0.0); ORUN 50 (0.0); ORUN 53 (0.0); ORUN 55 (0.0); ORUN 57 (0.0); ORUN 58 (0.0); ORUN 85 (0.0),DRIVE START,F,ORUN,ORUN 03; ORUN 44,,,,3,,,,,,,,,,,,,,,,,,,,,,-33,RE,,RE,OKST D25; OKST D30,OKST D13 > ORUN 03,,0,,,ORUN 12,0,,,0,,HB-R,HB-R (-5),R,1; ORUN 21 (HB-R),,,,PULL LEAD,BACKSIDE FOLD;PITCH,R,,+66,,S,,OKST D30,,OKST D30,,R,,,,LWR^(-17.5); SRWR^(-1.5); RWR(+0.5),,0,10,0,0,0,,false,3,2,1.818,-0.7,,false,12H,ORUN 21,ORUN 44,ORUN 03; ORUN 17,GUN STRONG,TREY - OPEN,LWR; HB-R; TE-R; SRWR; RWR,1x3,TREY - OPEN,NICKEL,OKST D01; OKST D13; OKST D14; OKST D18; OKST D32,OKST D04; OKST D25; OKST D30,OKST D17; OKST D33; OKST D71,EVEN,,COVER 3,,66,,2.411,-1.052,28886_6380908,28886-ORUN-12
6380981,28886,2025-09-06,2025,02,407739,4171,4,2,05:04,0,0,0,3,0,12,2,,1,,,,0,0,0,69,0,,0,6380908,6381050,,69.03,0,,162,0,2.1,2.2,0,0,,,0,0,,8; OKST D01 (03); OKST D04 (10); OKST D17 (17); OKST D25 (26); OKST D30 (18); OKST D32 (14); OKST D33 (33); OKST D71 (25),,L,,,SCBiR (6); SCBoR (4); RCB (6),LLB (03); LEO (10); LLB (14); DLT (17); LILB (18); DRT (25); RILB (26); REO (33),3-3-5,OKST D01 (LLB); OKST D04 (LEO); OKST D13 (RCB); OKST D14 (SCBoR); OKST D17 (DLT); OKST D18 (SCBiR); OKST D25 (RILB); OKST D30 (LILB); OKST D32 (LLB); OKST D33 (REO); OKST D71 (DRT),OKST D01 (0.0); OKST D04 (+0.5); OKST D13 (0.0); OKST D14 (0.0); OKST D17 (0.0); OKST D18 (0.0); OKST D25 (0.0); OKST D30 (0.0); OKST D32 (0.0); OKST D33 (0.0); OKST D71 (0.0),,,OKST,11,,LEO (10); DLT (17); DRT (25); REO (33),,PUNT,-34,4,PUNT - RETURN,-34,0,RR,-33,,,,,0,,,R,L,OKST D04,,HA,,,OKST D04 (LEO),,,,,,,,,,LLB (4); LLB (5); LILB (4); RILB (4),,C,C,,LWR^; SLoWR; SLiWR; HB; TE-R^,3x1,,3-0-1-1,11,ORUN 03; ORUN 04; ORUN 17; ORUN 21; ORUN 44,ORUN 03 (LWR); ORUN 04 (SLiWR); ORUN 12 (QB); ORUN 17 (SLoWR); ORUN 21 (HB); ORUN 44 (TE-R); ORUN 50 (LG); ORUN 53 (C); ORUN 55 (RG); ORUN 57 (RT); ORUN 58 (LT),ORUN 03 (0.0); ORUN 04 (0.0); ORUN 12 (0.0); ORUN 17 (0.0); ORUN 21 (0.0); ORUN 44 (0.0); ORUN 50 (0.0); ORUN 53 (0.0); ORUN 55 (0.0); ORUN 57 (0.0); ORUN 58 (0.0),ORUN 04,,ORUN,ORUN 03; ORUN 44,,5; ORUN 50 (LG); ORUN 53 (C); ORUN 55 (RG); ORUN 57 (RT); ORUN 58 (LT),,3S,,,7; OKST D01; OKST D13; OKST D14; OKST D18; OKST D25; OKST D30; OKST D32,,X,ORUN 12 (QB),LWR xo(27); SLoWR xl(8); SLiWR xu(-3); HB fl; TE-R 7(7),X; X; X; -; 7,ORUN 03 xo(27); ORUN 17 xl(8); ORUN 04 xu(-3); ORUN 21 fl; ORUN 44 7(7),,,HIT AS THREW,,,4; OKST D04 (LEO); OKST D17 (DLT); OKST D33 (REO); OKST D71 (DRT),HIT,,,,,ORUN 21,-33,,,,OKST D04,,OKST D04 (U),0,,,ORUN 12,0,OKST D04,,0,,HB,HB (-8),,1; ORUN 21 (HB),,,,,,P,,+66,ORUN 04* (R:Lx),,,,,,,R,,OKST D04 (R.E.D) LEO,,LWR^(-11.5); SLoWR(-3.5); SLiWR(+3.5),,0,2,0,0,0,,false,3,2,1.118,-0.823,,false,11,ORUN 21,ORUN 44,ORUN 03; ORUN 04; ORUN 17,ACE,TRIPS - CLOSED,LWR; SLWR; HB; TE-R; RWR,2x2,SLOT - PRO,NICKEL,OKST D01; OKST D13; OKST D14; OKST D18; OKST D32,OKST D04; OKST D25; OKST D30,OKST D17; OKST D33; OKST D71,WIDE OVER,,COVER 3 SEAM,,67,,1.359,-1.143,28886_6380981,28886-ORUN-12
6381050,28886,2025-09-06,2025,02,407739,4197,4,3,05:00,0,0,0,3,0,12,3,,1,,,,0,1,0,69,0,5,0,6380981,6381370,,69.03,0,,163,0,2.1,2.1,0,0,,,0,0,,6; OKST D04 (07); OKST D17 (15); OKST D25 (26); OKST D26 (14); OKST D33 (35); OKST D71 (28),,L,,,LCB (7); SCBL (4); FSR (12); SCBR (7); RCB (5),LOLB (07); LLB (14); LE (15); RILB (26); DRT (28); REO (35),3-3-5,OKST D01 (LCB); OKST D04 (LOLB); OKST D13 (RCB); OKST D14 (SCBR); OKST D17 (LE); OKST D18 (FSR); OKST D25 (RILB); OKST D26 (LLB); OKST D32 (SCBL); OKST D33 (REO); OKST D71 (DRT),OKST D01 (0.0); OKST D04 (0.0); OKST D13 (0.0); OKST D14 (0.0); OKST D17 (-1.0); OKST D18 (0.0); OKST D25 (0.0); OKST D26 (0.0); OKST D32 (0.0); OKST D33 (+0.5); OKST D71 (0.0),OKST D26,T,OKST,11,,LE (15); DRT (28); REO (35),,PUNT,-34,4,PUNT - RETURN,-34,8,SD,-33,,,,,5,,,R,L,OKST D33,,HA,,,ORUN 58 (LT); OKST D17 (LE); OKST D33 (REO),,,,,,,,,,LOLB (0); LLB (5); RILB (5),,C,C,OKST D17,LWR^; SLWR; HB-R; SRWR; RWR^,2x2,TE>SRWR,3-0-1-1,11,ORUN 17; ORUN 21; ORUN 44; ORUN 86; ORUN 89,ORUN 12 (QB); ORUN 17 (SLWR); ORUN 21 (HB-R); ORUN 44 (SRWR); ORUN 50 (LG); ORUN 53 (C); ORUN 55 (RG); ORUN 57 (RT); ORUN 58 (LT); ORUN 86 (LWR); ORUN 89 (RWR),ORUN 12 (0.0); ORUN 17 (0.0); ORUN 21 (0.0); ORUN 44 (0.0); ORUN 50 (0.0); ORUN 53 (0.0); ORUN 55 (0.0); ORUN 57 (0.0); ORUN 58 (0.0); ORUN 86 (0.0); ORUN 89 (0.0),ORUN 86; ORUN 89,F,ORUN,ORUN 86; ORUN 89,,6; ORUN 21 (HB-R); ORUN 50 (LG); ORUN 53 (C); ORUN 55 (RG); ORUN 57 (RT); ORUN 58 (LT),,3S,,,7; OKST D01; OKST D13; OKST D14; OKST D18; OKST D25; OKST D26; OKST D32,,X,ORUN 12 (QB),LWR 9; SLWR 9s; HB-R kr; SRWR 9si; RWR 9,9; 9; -; 9; 9,ORUN 86 9; ORUN 17 9s; ORUN 21 kr; ORUN 44 9si; ORUN 89 9,,,HIT AS THREW,,,4; OKST D04 (LOLB); OKST D17 (LE); OKST D33 (REO); OKST D71 (DRT),HIT,,,OKST D17 DOF,,,-38,,,,OKST D33,,OKST D33 (U) ORUN 58,0,,,ORUN 12,0,OKST D33,,0,,HB-R,HB-R (-5),R,1; ORUN 21 (HB-R),,,,,,P,,+66,,S,,,,,,,,OKST D33 (L.E.N) REO,,LWR^(-11.5); SLWR(-6.5); SRWR(+14.5); RWR^(+19.5),,0,18,0,0,0,,true,3,2,0.295,1.07,,false,11,ORUN 21,ORUN 44,ORUN 17; ORUN 86; ORUN 89,GUN STRONG,SLOT - SLOT,LWR; SLWR; HB-R; SRWR; RWR,2x2,SLOT - SLOT,NICKEL,OKST D01; OKST D13; OKST D14; OKST D18; OKST D32,OKST D04; OKST D25; OKST D26,OKST D17; OKST D33; OKST D71,EVEN,,COVER 3 SEAM,,67,,0.216,0.876,28886_6381050,28886-ORUN-12
6381370,28886,2025-09-06,2025,02,407739,4234,4,3,04:49,0,,0,3,1,12,4,-4,1,,,,0,0,0,69,0,,0,6381050,6381421,,69.03,0,,164,1,,,0,0,,2,0,0,ORUN 12,5; OKST D04 (11); OKST D17 (19); OKST D25 (24); OKST D33 (34); OKST D71 (28),,,,,LCB (6); SCBL (4); SSL (9); FSR (11); SCBR (6); RCB (6),SSL (01); LOLB (11); DLT (19); RILB (24); DRT (28); REO (34),3-3-5,OKST D01 (LCB); OKST D04 (LOLB); OKST D13 (RCB); OKST D14 (SCBR); OKST D17 (DLT); OKST D18 (FSR); OKST D25 (RILB); OKST D30 (SCBL); OKST D32 (SSL); OKST D33 (REO); OKST D71 (DRT),OKST D01 (0.0); OKST D04 (0.0); OKST D13 (0.0); OKST D14 (0.0); OKST D17 (0.0); OKST D18 (0.0); OKST D25 (0.0); OKST D30 (0.0); OKST D32 (0.0); OKST D33 (+0.5); OKST D71 (0.0),OKST D30,T,OKST,6,,DLT (19); DRT (28); REO (34),,PUNT,-34,4,PUNT - RETURN,-34,,,-38,OKST D71,,,,-4,,,R,L,,,,,,ORUN 50 (LG); ORUN 58 (LT); OKST D33 (REO); OKST D71 (DRT),,,,,,,,,,LOLB (0); RILB (4),,O,O,ORUN 50,LWR^; SLoWR; SLiWR; SRWR; RWR^,3x2,HB>SLiWR; TE>SRWR,3-0-1-1,11,ORUN 17; ORUN 21; ORUN 44; ORUN 86; ORUN 89,ORUN 12 (QB); ORUN 17 (RWR); ORUN 21 (SLiWR); ORUN 44 (SRWR); ORUN 50 (LG); ORUN 53 (C); ORUN 55 (RG); ORUN 57 (RT); ORUN 58 (LT); ORUN 86 (SLoWR); ORUN 89 (LWR),ORUN 12 (0.0); ORUN 17 (0.0); ORUN 21 (0.0); ORUN 44 (0.0); ORUN 50 (-0.5); ORUN 53 (0.0); ORUN 55 (0.0); ORUN 57 (0.0); ORUN 58 (0.0); ORUN 86 (0.0); ORUN 89 (0.0),,F,ORUN,ORUN 17; ORUN 89,,,,6R,,,,,,,LWR 7i(7); SLoWR 3(3); SLiWR h3(-5); SRWR 3(3); RWR 7i(7),7; 3; H3; 3; 7,ORUN 89 7i(7); ORUN 86 3(3); ORUN 21 h3(-5); ORUN 44 3(3); ORUN 17 7i(7),,,,,,,,,,,,,-34,LG,FORCED,ML,OKST D33,,,0,,,ORUN 12,0,,,0,,EMPTY,,L,,,,,DRAW,QB RUNS,R,,+66,ORUN 21* (B:B>B:L),S,,OKST D33,,OKST D33,,,,,,LWR^(-16.5); SLoWR(-6.5); SLiWR(+6.5); SRWR(+14.5); RWR^(+19.5),,1,7,0,0,0,,false,3,2,1.365,-2.196,,false,11,ORUN 21,ORUN 44,ORUN 17; ORUN 86; ORUN 89,GUN EMPTY,TRIPS - SLOT,LWR; SLWR; HB-L; SRWR; RWR,2x2,SLOT - SLOT,NICKEL,OKST D01; OKST D13; OKST D14; OKST D18; OKST D32,OKST D04; OKST D25; OKST D30,OKST D17; OKST D33; OKST D71,WIDE OVER,,COVER 6,,62,,1.092,-1.897,28886_6381370,28886-ORUN-12
6459895,28989,2025-09-19,2025,04,407931,314,1,1,11:45,0,,0,3,0,1,1,3,0,,,,0,0,0,0,0,,0,6459888,6459901,,3.00,0,,12,0,,,0,0,,3,0,0,OKTU 21,5; OKST D04 (34); OKST D05 (26); OKST D95 (09); OKST D96 (16); OKST D99 (25),,,,,LCB (1); SCBL (4); SSL (10); SSR (10); SCBR (3); RCB (6),SSL (00); LEO (09); DLT (16); DRT (25); RILB (26); ROLB (34); SSR (39),3-3-5,OKST D03 (LCB); OKST D04 (ROLB); OKST D05 (RILB); OKST D06 (SCBR); OKST D08 (SSR); OKST D10 (RCB); OKST D11 (SSL); OKST D23 (SCBL); OKST D95 (LEO); OKST D96 (DLT); OKST D99 (DRT),OKST D03 (0.0); OKST D04 (0.0); OKST D05 (0.0); OKST D06 (0.0); OKST D08 (0.0); OKST D10 (0.0); OKST D11 (0.0); OKST D23 (0.0); OKST D95 (+0.5); OKST D96 (-0.5); OKST D99 (+0.5),DRIVE START,T,OKST,10,,LEO (09); DLT (16); DRT (25),,TOUCHDOWN,+0,6,KICKOFF - TB,-25,,,-25,OKST D99,,,,3,,,L,R,,,,,,OKTU 60 (RG); OKTU 65 (LG); OKTU 73 (RT); OKST D95 (LEO); OKST D96 (DLT); OKST D99 (DRT),,,,,,,,,,RILB (4); ROLB (0),,O,O,OKTU 65; OKTU 73; OKST D96,LWR^; SLWR; HB-L; SRWR; RWR^,2x2,TE>SLWR,3-0-1-1,11,OKTU 00; OKTU 03; OKTU 07; OKTU 21; OKTU 80,OKTU 00 (SRWR); OKTU 03 (LWR); OKTU 07 (RWR); OKTU 10 (QB); OKTU 21 (HB-L); OKTU 60 (RG); OKTU 62 (C); OKTU 65 (LG); OKTU 72 (LT); OKTU 73 (RT); OKTU 80 (SLWR),OKTU 00 (0.0); OKTU 03 (0.0); OKTU 07 (0.0); OKTU 10 (0.0); OKTU 21 (0.0); OKTU 60 (0.0); OKTU 62 (0.0); OKTU 65 (-0.5); OKTU 72 (0.0); OKTU 73 (-0.5); OKTU 80 (0.0),DRIVE START,F,OKTU,OKTU 03; OKTU 07,,,,4,,,,,,,LWR 2(4); SLWR 2(0); HB-L r; SRWR 0u(-3); RWR z,2; 2; -; 0; -,OKTU 03 2(4); OKTU 80 2(0); OKTU 21 r; OKTU 00 0u(-3); OKTU 07 z,,,,,,,,,,,,,-28,RG,,RG,OKST D95; OKST D99,OKST D03 > OKTU 07,,0,,,OKTU 10,0,,,0,,HB-L,HB-L (-5),R,1; OKTU 21 (HB-L),,,,OUTSIDE ZONE,,R,,-3,,S,,OKST D99,,OKST D99,OKST D95,,,,,LWR^(-23.5); SLWR(-18.5); SRWR(+12.5); RWR^(+19.5),,1,12,0,0,0,,false,3,3,-0.246,-0.46,,false,11,OKTU 21,OKTU 80,OKTU 00; OKTU 03; OKTU 07,GUN STRONG,SLOT - SLOT,LWR; SLWR; HB-L; SRWR; RWR,2x2,SLOT - SLOT,NICKEL,OKST D03; OKST D08; OKST D10; OKST D11; OKST D23,OKST D04; OKST D05; OKST D06,OKST D95; OKST D96; OKST D99,WIDE UNDER,,COVER 4,,75,,0.31,-0.427,28989_6459895,28989-OKTU-1
6459901,28989,2025-09-19,2025,04,407931,340,1,2,11:27,0,1,0,3,0,1,2,42,0,1,,,0,0,0,0,0,,1,6459895,6459905,,3.00,0,,13,0,,2.4,0,0,25,1,0,0,OKTU 80,6; OKST D04 (10); OKST D05 (29); OKST D06 (19); OKST D95 (34); OKST D96 (24); OKST D99 (16),,L,,,LCB (0); SSL (8); FSR (11); SCBR (5); RCB (0),SSL (01); LEO (10); DLT (16); LILB (19); DRT (24); RLB (29); ROLB (34),3-3-5,OKST D03 (LCB); OKST D04 (LEO); OKST D05 (RLB); OKST D06 (LILB); OKST D08 (SSL); OKST D10 (RCB); OKST D11 (FSR); OKST D23 (SCBR); OKST D95 (ROLB); OKST D96 (DRT); OKST D99 (DLT),OKST D03 (0.0); OKST D04 (0.0); OKST D05 (0.0); OKST D06 (0.0); OKST D08 (-1.0); OKST D10 (0.0); OKST D11 (0.0); OKST D23 (0.0); OKST D95 (0.0); OKST D96 (0.0); OKST D99 (0.0),,F,OKST,7,,LEO (10); DLT (16); DRT (24),,TOUCHDOWN,+0,6,KICKOFF - TB,-25,7,SD,-28,OKST D11,,,,42,,,R,L,,,,,,OKTU 10 (QB); OKTU 80 (TE-R); OKST D08 (SSL),,,,,,,,,,LILB (5); RLB (5); ROLB (0),,C,O,OKST D08,LWR^; SLWR; HB-R; TE-R; RWR^,2x2,,3-0-1-1,11,OKTU 00; OKTU 03; OKTU 07; OKTU 21; OKTU 80,OKTU 00 (SLWR); OKTU 03 (LWR); OKTU 07 (RWR); OKTU 10 (QB); OKTU 21 (HB-R); OKTU 60 (RG); OKTU 62 (C); OKTU 65 (LG); OKTU 72 (LT); OKTU 73 (RT); OKTU 80 (TE-R),OKTU 00 (0.0); OKTU 03 (0.0); OKTU 07 (0.0); OKTU 10 (+0.5); OKTU 21 (0.0); OKTU 60 (0.0); OKTU 62 (0.0); OKTU 65 (0.0); OKTU 72 (0.0); OKTU 73 (0.0); OKTU 80 (+1.0),,T,OKTU,OKTU 03; OKTU 07,,5; OKTU 60 (RG); OKTU 62 (C); OKTU 65 (LG); OKTU 72 (LT); OKTU 73 (RT),,3,OKST D08,,7; OKST D03; OKST D05; OKST D06; OKST D08; OKST D10; OKST D11; OKST D23,17,R,OKTU 10 (QB),LWR 4i(13); SLWR frxj(-5); HB-R h6s; TE-R 79(5); RWR 2(1),4; X; 9; 9; 2,OKTU 03 4i(13); OKTU 00 frxj(-5); OKTU 21 h6s; OKTU 80 79(5); OKTU 07 2(1),TE-R,OKTU 80,COMPLETE,79(5),19R,4; OKST D04 (LEO); OKST D95 (ROLB); OKST D96 (DRT); OKST D99 (DLT),,48,6R,,,OKTU 00,+30,,,,OKTU 10; OKTU 80,OKST D03 > OKTU 07; OKST D10 > OKTU 03,,0,,,OKTU 10,0,,,0,,HB-R,HB-R (-5),,1; OKTU 21 (HB-R),,,,POWER,,P,,-3,OKTU 00* (L:R{L}),S,,,,OKST D11,,R,,,,LWR^(-13.5); SLWR(-3.5); RWR^(+16.5),,0,28,0,0,0,,true,3,3,-0.706,4.365,Corner-Go,false,11,OKTU 21,OKTU 80,OKTU 00; OKTU 03; OKTU 07,GUN STRONG,SLOT - PRO,LWR; SLWR; HB-R; TE-R; RWR,2x2,SLOT - PRO,NICKEL,OKST D03; OKST D08; OKST D10; OKST D11; OKST D23,OKST D04; OKST D05; OKST D06,OKST D95; OKST D96; OKST D99,WIDE OVER,,COVER 3,,72,,-0.117,3.727,28989_6459901,28989-OKTU-1
6459905,28989,2025-09-19,2025,04,407931,368,1,1,11:00,1,,0,3,0,1,3,-1,0,,,,0,0,0,0,1,,0,6459901,6459911,,3.00,0,,14,1,,,0,0,,3,0,0,OKTU 21,7; OKST D03 (01); OKST D04 (11); OKST D05 (30); OKST D06 (20); OKST D95 (34); OKST D96 (24); OKST D99 (16),OKTU 00; OKTU 07,,,,FS (10); SCBiR (6); SCBoR (6); RCB (1),LLB (01); LEO (11); DLT (16); LILB (20); DRT (24); RLB (30); ROLB (34),3-3-5,OKST D03 (LLB); OKST D04 (LEO); OKST D05 (RLB); OKST D06 (LILB); OKST D08 (FS); OKST D10 (RCB); OKST D11 (SCBiR); OKST D23 (SCBoR); OKST D95 (ROLB); OKST D96 (DRT); OKST D99 (DLT),OKST D03 (0.0); OKST D04 (0.0); OKST D05 (+0.5); OKST D06 (0.0); OKST D08 (0.0); OKST D10 (0.0); OKST D11 (0.0); OKST D23 (0.0); OKST D95 (0.0); OKST D96 (+0.5); OKST D99 (+0.5),,T,OKST,10,,LEO (11); DLT (16); DRT (24),,TOUCHDOWN,+0,6,KICKOFF - TB,-25,,,+30,OKST D96,,,,-1,,,R,L,,,,,,OKTU 60 (RG); OKTU 65 (LG); OKTU 72 (LT); OKST D05 (RLB); OKST D96 (DRT); OKST D99 (DLT),,,,,,,,,,LLB (5); LILB (5); RLB (4); ROLB (0),,C,C,OKTU 60; OKTU 65; OKTU 72,LWR^; SLoWR; SLiWR; HB-L; TE-R^,3x1,,3-0-1-1,11,OKTU 00; OKTU 03; OKTU 07; OKTU 21; OKTU 80,OKTU 00 (SLiWR); OKTU 03 (LWR); OKTU 07 (SLoWR); OKTU 10 (QB); OKTU 21 (HB-L); OKTU 60 (RG); OKTU 62 (C); OKTU 65 (LG); OKTU 72 (LT); OKTU 73 (RT); OKTU 80 (TE-R),OKTU 00 (0.0); OKTU 03 (0.0); OKTU 07 (0.0); OKTU 10 (0.0); OKTU 21 (0.0); OKTU 60 (-0.5); OKTU 62 (0.0); OKTU 65 (-1.0); OKTU 72 (-0.5); OKTU 73 (0.0); OKTU 80 (0.0),,F,OKTU,OKTU 03; OKTU 80,,,,1b,,,,,,,LWR 2(1); SLoWR 2(1); SLiWR 0u(-4); HB-L r; TE-R r,2; 2; 0; -; -,OKTU 03 2(1); OKTU 07 2(1); OKTU 00 0u(-4); OKTU 21 r; OKTU 80 r,,,,,,,,,,,,,+31,RE,,RE,OKST D05; OKST D96; OKST D99,OKST D10 > OKTU 03,,0,,,OKTU 10,0,,,0,,HB-L,HB-L (-5),R,1; OKTU 21 (HB-L),,,,OUTSIDE ZONE,READ OPTION,R,,-3,,S,,OKST D99,,OKST D99,,R,,,,LWR^(-17.5); SLoWR(-7.5); SLiWR(-4.5),,1,18,0,0,0,,true,3,3,3.659,-1.089,,false,11,OKTU 21,OKTU 80,OKTU 00; OKTU 03; OKTU 07,GUN WEAK,TRIPS - CLOSED,LWR; SLoWR; SLiWR; HB-L; TE-R,3x1,TRIPS - CLOSED,NICKEL,OKST D03; OKST D08; OKST D10; OKST D11; OKST D23,OKST D04; OKST D05; OKST D06,OKST D95; OKST D96; OKST D99,WIDE OVER,,COVER 1,,30,,3.61,-0.804,28989_6459905,28989-OKTU-1
6459911,28989,2025-09-19,2025,04,407931,394,1,2,10:26,1,1,0,3,0,1,4,12,0,1,,,0,0,0,0,0,,0,6459905,6459913,,3.00,0,,15,0,,1.5,0,0,7,7,0,0,OKTU 80,6; OKST D04 (05); OKST D05 (23); OKST D06 (16); OKST D95 (35); OKST D96 (25); OKST D99 (16),OKTU 03; OKTU 80,R,,,LCB (4); SCBoL (9); FSR (12); SCBR (5); RCB (1),LOLB (05); LILB (16); DLT (16); MLB (23); DRT (25); ROLB (35),3-3-5,OKST D03 (LCB); OKST D04 (LOLB); OKST D05 (MLB); OKST D06 (LILB); OKST D08 (SCBoL); OKST D10 (RCB); OKST D11 (FSR); OKST D23 (SCBR); OKST D95 (ROLB); OKST D96 (DRT); OKST D99 (DLT),OKST D03 (0.0); OKST D04 (0.0); OKST D05 (-1.0); OKST D06 (0.0); OKST D08 (0.0); OKST D10 (0.0); OKST D11 (0.0); OKST D23 (0.0); OKST D95 (0.0); OKST D96 (0.0); OKST D99 (0.0),,F,OKST,11,,DLT (16); DRT (25),,TOUCHDOWN,+0,6,KICKOFF - TB,-25,7,SD,+31,OKST D05,,,,12,,,R,L,,,,,,OKTU 80 (SRiWR); OKST D05 (MLB),,,,,,,,,,LOLB (0); LILB (3); MLB (6); ROLB (1),OKST D05,C,C,OKST D05,LWR^; SLWR; SRiWR; SRoWR^; RWR,2x3,HB>RWR; TE>SRiWR,3-0-1-1,11,OKTU 00; OKTU 01; OKTU 03; OKTU 07; OKTU 80,OKTU 00 (SLWR); OKTU 01 (RWR); OKTU 03 (SRoWR); OKTU 07 (LWR); OKTU 10 (QB); OKTU 60 (RG); OKTU 62 (C); OKTU 65 (LG); OKTU 72 (LT); OKTU 73 (RT); OKTU 80 (SRiWR),OKTU 00 (0.0); OKTU 01 (0.0); OKTU 03 (0.0); OKTU 07 (0.0); OKTU 10 (0.0); OKTU 60 (0.0); OKTU 62 (0.0); OKTU 65 (0.0); OKTU 72 (0.0); OKTU 73 (0.0); OKTU 80 (+0.5),OKTU 01,T,OKTU,OKTU 03; OKTU 07,,5; OKTU 60 (RG); OKTU 62 (C); OKTU 65 (LG); OKTU 72 (LT); OKTU 73 (RT),,3Sb,OKST D05,,7; OKST D03; OKST D05; OKST D08; OKST D10; OKST D11; OKST D23; OKST D95,5,M,OKTU 10 (QB),LWR 9o; SLWR 2(4); SRiWR 6(5); SRoWR 9s; RWR 6(6),9; 2; 6; 9; 6,OKTU 07 9o; OKTU 00 2(4); OKTU 80 6(5); OKTU 03 9s; OKTU 01 6(6),SRiWR,OKTU 80,COMPLETE,6(5),6R,4; OKST D04 (LOLB); OKST D06 (LILB); OKST D96 (DRT); OKST D99 (DLT),,42,5R,,,,+19,,,,OKTU 80,OKST D10 > OKTU 07,,0,,,OKTU 10,0,,,0,,EMPTY,,,,,,,,,P,,-3,,S,,,,OKST D08,OKST D11,,,,,LWR^(-17.5); SLWR(-7.5); SRiWR(+13.5); SRoWR^(+16.5); RWR(+22.5),,0,12,0,0,0,,false,3,3,2.57,1.828,Hitch,false,11,OKTU 01,OKTU 80,OKTU 00; OKTU 03; OKTU 07,GUN EMPTY,TRIPS - SLOT,LWR; SLWR; SRiWR; SRoWR; RWR,2x3,TRIPS - SLOT,NICKEL,OKST D03; OKST D08; OKST D10; OKST D11; OKST D23,OKST D04; OKST D05; OKST D06,OKST D95; OKST D96; OKST D99,WIDE OVER,,COVER 3 SEAM,,31,,2.806,1.265,28989_6459911,28989-OKTU-1
6459913,28989,2025-09-19,2025,04,407931,422,1,1,09:47,1,0,0,3,0,1,5,,0,,,,0,0,0,0,0,,1,6459911,6459915,,3.00,0,,16,0,2.5,2.6,0,0,,,0,0,,6; OKST D04 (11); OKST D05 (33); OKST D06 (22); OKST D95 (37); OKST D96 (28); OKST D99 (20),,R,,,LCB (0); SSL (8); SSR (9); SCBR (3); RCB (1),SSL (03); LOLB (11); DLT (20); MLB (22); DRT (28); RLB (33); SSR (36); ROLB (37),3-3-5,OKST D03 (LCB); OKST D04 (LOLB); OKST D05 (RLB); OKST D06 (MLB); OKST D08 (SSL); OKST D10 (RCB); OKST D11 (SSR); OKST D23 (SCBR); OKST D95 (ROLB); OKST D96 (DRT); OKST D99 (DLT),OKST D03 (+1.0); OKST D04 (+0.5); OKST D05 (0.0); OKST D06 (-1.0); OKST D08 (0.0); OKST D10 (0.0); OKST D11 (0.0); OKST D23 (0.0); OKST D95 (+0.5); OKST D96 (0.0); OKST D99 (0.0),,,OKST,10,,DLT (20); DRT (28),,TOUCHDOWN,+0,6,KICKOFF - TB,-25,0,RL,+19,,,,,0,,,R,L,OKST D95,OKST D03,BP,,,OKTU 60 (RG); OKTU 73 (RT); OKST D03 (LCB); OKST D04 (LOLB); OKST D06 (MLB); OKST D95 (ROLB),,,,,,,,,,LOLB (1); MLB (4); RLB (4); ROLB (0),,O,O,OKTU 60; OKTU 73; OKST D06,LWR; SLWR; TE-L^; HB; RWR^,3x1,TE>SLWR,2-0-1-2,12,OKTU 03; OKTU 07; OKTU 21; OKTU 23; OKTU 80,OKTU 03 (LWR); OKTU 07 (RWR); OKTU 10 (QB); OKTU 21 (HB); OKTU 23 (SLWR); OKTU 60 (RG); OKTU 62 (C); OKTU 65 (LG); OKTU 72 (LT); OKTU 73 (RT); OKTU 80 (TE-L),OKTU 03 (0.0); OKTU 07 (0.0); OKTU 10 (0.0); OKTU 21 (0.0); OKTU 23 (0.0); OKTU 60 (-0.5); OKTU 62 (0.0); OKTU 65 (0.0); OKTU 72 (0.0); OKTU 73 (-0.5); OKTU 80 (0.0),OKTU 21; OKTU 23,,OKTU,OKTU 07; OKTU 80,,5; OKTU 60 (RG); OKTU 62 (C); OKTU 65 (LG); OKTU 72 (LT); OKTU 73 (RT),,6Lb,,,6; OKST D05; OKST D06; OKST D08; OKST D10; OKST D11; OKST D23,,X,OKTU 10 (QB),LWR 7i(11); SLWR 16(3); TE-L xd(2); HB frh2(-3); RWR 4(8),7; 3; X; H2; 4,OKTU 03 7i(11); OKTU 23 16(3); OKTU 80 xd(2); OKTU 21 frh2(-3); OKTU 07 4(8),,,BATTED PASS,,,5; OKST D03 (LCB); OKST D04 (LOLB); OKST D95 (ROLB); OKST D96 (DRT); OKST D99 (DLT),HIT,,,,P,OKTU 21,+19,,,,OKST D03; OKST D04; OKST D95,OKST D03 > OKTU 07; OKST D10 > OKTU 03,OKST D03 (U); OKST D04 (I) OKTU 73; OKST D95 (O) OKTU 60,0,,,OKTU 10,0,OKST D03; OKST D95,OKTU 60,0,,HB,HB (-7),,1; OKTU 21 (HB),,,,POWER,,P,,-3,OKTU 23* (R:L{L}),S,,,,,,L,,OKST D03 (R.E.D) LCB,,LWR(-11.5); SLWR(-3.5); RWR^(+17.5),,0,9,0,1,0,,false,3,3,4.398,-0.655,,false,12,OKTU 21,OKTU 23; OKTU 80,OKTU 03; OKTU 07,PISTOL,TREY - OPEN,LWR; TE-oL; TE-iL; HB; RWR,3x1,TOAD WING - OPEN,NICKEL,OKST D03; OKST D08; OKST D10; OKST D11; OKST D23,OKST D04; OKST D05; OKST D06,OKST D95; OKST D96; OKST D99,WIDE OVER,,COVER 6,,19,,4.071,-0.556,28989_6459913,28989-OKTU-1
6459915,28989,2025-09-19,2025,04,407931,448,1,2,09:41,1,1,1,3,0,1,6,19,0,1,,,0,0,0,0,0,,0,6459913,6459916,,3.00,0,,17,1,,2.2,0,0,0,0,0,0,OKTU 01,5; OKST D05 (16); OKST D40 (09); OKST D81 (19); OKST D95 (34); OKST D96 (27),OKTU 00; OKTU 03,L,,,LCB (0); SCBL (1); SSL (8); SSR (9); SCBR (4); RCB (0),SSL (00); LOLB (09); LILB (16); DLT (19); DRT (27); ROLB (34); SSR (39),3-3-5,OKST D03 (LCB); OKST D05 (LILB); OKST D06 (SCBR); OKST D08 (SSL); OKST D10 (RCB); OKST D11 (SSR); OKST D23 (SCBL); OKST D40 (LOLB); OKST D81 (DLT); OKST D95 (ROLB); OKST D96 (DRT),OKST D03 (0.0); OKST D05 (0.0); OKST D06 (-1.0); OKST D08 (0.0); OKST D10 (0.0); OKST D11 (0.0); OKST D23 (+1.0); OKST D40 (+1.0); OKST D81 (0.0); OKST D95 (0.0); OKST D96 (0.0),OKST D40; OKST D81,F,OKST,10,,DLT (19); DRT (27),,TOUCHDOWN,+0,6,KICKOFF - TB,-25,9,SD,+19,,,,,19,,,R,L,,,,,,OKTU 01 (SLWR); OKTU 10 (QB); OKTU 21 (HB-R); OKTU 73 (RT); OKST D06 (SCBR); OKST D23 (SCBL); OKST D40 (LOLB),,,,,,,,,,LOLB (0); LILB (4); ROLB (0),,C,O,OKTU 21; OKTU 73; OKST D06,LWR^; SLWR; HB-R; SRWR; RWR^,2x2,HB>SLWR,3-0-2-0,20,OKTU 00; OKTU 01; OKTU 03; OKTU 07; OKTU 21,OKTU 00 (SRWR); OKTU 01 (SLWR); OKTU 03 (RWR); OKTU 07 (LWR); OKTU 10 (QB); OKTU 21 (HB-R); OKTU 60 (RG); OKTU 62 (C); OKTU 65 (LG); OKTU 72 (LT); OKTU 73 (RT),OKTU 00 (0.0); OKTU 01 (+0.5); OKTU 03 (0.0); OKTU 07 (0.0); OKTU 10 (+0.5); OKTU 21 (-1.0); OKTU 60 (0.0); OKTU 62 (0.0); OKTU 65 (0.0); OKTU 72 (0.0); OKTU 73 (-1.0),OKTU 00; OKTU 01,T,OKTU,OKTU 03; OKTU 07,,6; OKTU 21 (HB-R); OKTU 60 (RG); OKTU 62 (C); OKTU 65 (LG); OKTU 72 (LT); OKTU 73 (RT),,1b,OKST D06,,6; OKST D03; OKST D05; OKST D06; OKST D08; OKST D10; OKST D11,22,L,OKTU 10 (QB),LWR 8i(10); SLWR 19(-3); HB-R kr; SRWR 9s; RWR 2(0),8; 9; -; 9; 2,OKTU 07 8i(10); OKTU 01 19(-3); OKTU 21 kr; OKTU 00 9s; OKTU 03 2(0),SLWR,OKTU 01,COMPLETE,19(-3),19R,5; OKST D23 (SCBL); OKST D40 (LOLB); OKST D81 (DLT); OKST D95 (ROLB); OKST D96 (DRT),,7,2L,,,,+0,,,,OKTU 01; OKTU 10; OKST D23; OKST D40,OKST D03 > OKTU 03; OKST D10 > OKTU 07; OKST D23 > OKTU 00,OKST D23 (BIR) OKTU 21; OKST D40 (I) OKTU 73,0,,,OKTU 10,0,,,0,,HB-R,HB-R (-6),R,1; OKTU 21 (HB-R),,,,,,P,,-3,OKTU 01* (B:L),S,,,,,,,OKTU 01,,,LWR^(-8.5); SLWR(-0.5); SRWR(+13.5); RWR^(+17.5),,0,13,0,0,0,,false,3,3,3.743,3.257,Flat & Up,false,20,OKTU 01; OKTU 21,,OKTU 00; OKTU 03; OKTU 07,GUN WEAK,SLOT - SLOT,LWR; HB-L; HB-R; SRWR; RWR,1x2,SLOT - OPEN,NICKEL,OKST D03; OKST D08; OKST D10; OKST D11; OKST D23,OKST D05; OKST D06; OKST D40,OKST D81; OKST D95; OKST D96,WIDE UNDER,,COVER 1,,19,,3.515,3.485,28989_6459915,28989-OKTU-1
6459959,28989,2025-09-19,2025,04,407931,611,1,1,08:32,0,,0,3,0,2,1,3,0,,,,0,0,0,7,0,,0,6459951,6459963,,3.07,0,,24,0,,,0,0,,2,0,0,OKTU 21,8; OKST D00 (34); OKST D03 (02); OKST D05 (35); OKST D06 (20); OKST D11 (44); OKST D40 (04); OKST D71 (24); OKST D81 (16),,,,,FS (12); SCBR (4); RCB (2),LLB (02); LOLB (04); DLT (16); LILB (20); DRT (24); ROLB (34); RLB (35); RLB (44),3-3-5,OKST D00 (ROLB); OKST D03 (LLB); OKST D05 (RLB); OKST D06 (LILB); OKST D10 (RCB); OKST D11 (RLB); OKST D14 (SCBR); OKST D18 (FS); OKST D40 (LOLB); OKST D71 (DRT); OKST D81 (DLT),OKST D00 (0.0); OKST D03 (0.0); OKST D05 (0.0); OKST D06 (+0.5); OKST D10 (0.0); OKST D11 (0.0); OKST D14 (0.0); OKST D18 (0.0); OKST D40 (0.0); OKST D71 (+0.5); OKST D81 (0.0),DRIVE START,T,OKST,10,,DLT (16); DRT (24),,FIELD GOAL,+9,14,PUNT - FC,-31,,,-31,OKST D05,,,,3,,,R,L,,,,,,OKTU 23 (TE-L); OKTU 65 (LG); OKST D06 (LILB); OKST D71 (DRT),,,,,,,,,,LOLB (0); LLB (5); LILB (4); RLB (4); RLB (6); ROLB (0),,C,C,OKTU 23; OKTU 65,LWR^; SLWR; TE-L; HB-L; TE-R^,3x1,,2-0-1-2,12,OKTU 03; OKTU 07; OKTU 21; OKTU 23; OKTU 80,OKTU 03 (LWR); OKTU 07 (SLWR); OKTU 10 (QB); OKTU 21 (HB-L); OKTU 23 (TE-L); OKTU 60 (RG); OKTU 62 (C); OKTU 65 (LG); OKTU 72 (LT); OKTU 73 (RT); OKTU 80 (TE-R),OKTU 03 (0.0); OKTU 07 (0.0); OKTU 10 (0.0); OKTU 21 (0.0); OKTU 23 (-1.0); OKTU 60 (0.0); OKTU 62 (0.0); OKTU 65 (-1.0); OKTU 72 (0.0); OKTU 73 (0.0); OKTU 80 (0.0),DRIVE START,F,OKTU,OKTU 03; OKTU 80,,,,3S,,,,,,,LWR 2(4); SLWR 2(0); TE-L r; HB-L r; TE-R r,2; 2; -; -; -,OKTU 03 2(4); OKTU 07 2(0); OKTU 23 r; OKTU 21 r; OKTU 80 r,,,,,,,,,,,,,-34,LG,,LG,OKST D06; OKST D71,OKST D10 > OKTU 03,,0,,,OKTU 10,0,,,0,,HB-L,HB-L (-5),R,1; OKTU 21 (HB-L),,,,OUTSIDE ZONE,SPLIT,R,,+4,,S,,OKST D05,,OKST D05,,L;R,,,,LWR^(-16.5); SLWR(-5.5),,1,15,0,0,0,,false,3,3,0.546,-0.663,,false,12,OKTU 21,OKTU 23; OKTU 80,OKTU 03; OKTU 07,GUN WEAK,TREY - CLOSED,LWR; SLWR; TE-L; HB-L; TE-R,3x1,TREY - CLOSED,NICKEL,OKST D03; OKST D10; OKST D11; OKST D14; OKST D18,OKST D05; OKST D06; OKST D40,OKST D00; OKST D71; OKST D81,WIDE UNDER,,COVER 3 SEAM,,69,,0.849,-0.404,28989_6459959,28989-OKTU-2
6459963,28989,2025-09-19,2025,04,407931,637,1,2,08:15,0,1,0,3,0,2,2,6,0,,,,0,0,0,7,0,,1,6459959,6459965,,3.07,0,,25,0,,1.4,0,0,0,0,0,0,OKTU 80,6; OKST D00 (32); OKST D05 (28); OKST D06 (16); OKST D40 (08); OKST D71 (26); OKST D81 (18),,L,,,LCB (1); SCBL (5); FSR (11); SCBR (5); RCB (6),LOLB (08); LILB (16); DLT (18); DRT (26); RILB (28); ROLB (32),3-3-5,OKST D00 (ROLB); OKST D03 (LCB); OKST D05 (RILB); OKST D06 (LILB); OKST D10 (RCB); OKST D11 (FSR); OKST D14 (SCBR); OKST D18 (SCBL); OKST D40 (LOLB); OKST D71 (DRT); OKST D81 (DLT),OKST D00 (0.0); OKST D03 (0.0); OKST D05 (0.0); OKST D06 (0.0); OKST D10 (0.0); OKST D11 (0.0); OKST D14 (0.0); OKST D18 (0.0); OKST D40 (0.0); OKST D71 (0.0); OKST D81 (0.0),,F,OKST,7,,DLT (18); DRT (26),,FIELD GOAL,+9,14,PUNT - FC,-31,5,SD,-34,OKST D18,,,,6,,,R,L,,,,,,,,,,,,,,,,LOLB (0); LILB (4); RILB (4); ROLB (0),,C,C,,LWR^; SLWR; HB-R; SRWR; RWR^,2x2,TE>SLWR; TE>SRWR,2-0-1-2,12,OKTU 03; OKTU 07; OKTU 21; OKTU 23; OKTU 80,OKTU 03 (LWR); OKTU 07 (RWR); OKTU 10 (QB); OKTU 21 (HB-R); OKTU 23 (SLWR); OKTU 60 (RG); OKTU 62 (C); OKTU 65 (LG); OKTU 72 (LT); OKTU 73 (RT); OKTU 80 (SRWR),OKTU 03 (0.0); OKTU 07 (0.0); OKTU 10 (0.0); OKTU 21 (0.0); OKTU 23 (0.0); OKTU 60 (0.0); OKTU 62 (0.0); OKTU 65 (0.0); OKTU 72 (0.0); OKTU 73 (0.0); OKTU 80 (0.0),,T,OKTU,OKTU 03; OKTU 07,,5; OKTU 60 (RG); OKTU 62 (C); OKTU 65 (LG); OKTU 72 (LT); OKTU 73 (RT),,3S,OKST D18,,7; OKST D03; OKST D05; OKST D06; OKST D10; OKST D11; OKST D14; OKST D18,6,M,OKTU 10 (QB),LWR z; SLWR 0u(-2); HB-R fl; SRWR 2(0); RWR 2(4),-; 0; -; 2; 2,OKTU 03 z; OKTU 23 0u(-2); OKTU 21 fl; OKTU 80 2(0); OKTU 07 2(4),SRWR,OKTU 80,COMPLETE,2(0),2R,4; OKST D00 (ROLB); OKST D40 (LOLB); OKST D71 (DRT); OKST D81 (DLT),,37,5R,,,OKTU 21,-40,,,,,OKST D03 > OKTU 07,,0,,,OKTU 10,0,,,0,,HB-R,HB-R (-5),,1; OKTU 21 (HB-R),,,,OUTSIDE ZONE,,P,,+4,,S,,,,OKST D18,,,,,,LWR^(-18.5); SLWR(-12.5); SRWR(+18.5); RWR^(+22.5),1; OKST D18,1,30,0,0,0,,true,3,3,-0.117,0.851,Slant,false,12,OKTU 21,OKTU 23; OKTU 80,OKTU 03; OKTU 07,GUN WEAK,SLOT - SLOT,LWR; SLWR; HB-R; SRWR; RWR,2x2,SLOT - SLOT,NICKEL,OKST D03; OKST D10; OKST D11; OKST D14; OKST D18,OKST D05; OKST D06; OKST D40,OKST D00; OKST D71; OKST D81,EVEN,,COVER 3 SEAM,,66,,0.445,0.578,28989_6459963,28989-OKTU-2
6459965,28989,2025-09-19,2025,04,407931,665,1,3,07:59,0,,0,3,0,2,3,1,0,1,,,0,0,0,7,0,,0,6459963,6459967,,3.07,0,,26,0,,,0,0,,0,0,0,OKTU 21,8; OKST D00 (30); OKST D05 (22); OKST D06 (10); OKST D10 (38); OKST D11 (27); OKST D40 (14); OKST D71 (26); OKST D81 (19),OKTU 03; OKTU 23,,,,LCB (1); SCBoL (5); SCBiL (5); SS (7),LOLB (10); LE (14); DLT (19); MLB (22); DRT (26); SS (27); RE (30); RLB (38),3-3-5,OKST D00 (RE); OKST D03 (LCB); OKST D05 (MLB); OKST D06 (LOLB); OKST D10 (RLB); OKST D11 (SS); OKST D14 (SCBoL); OKST D18 (SCBiL); OKST D40 (LE); OKST D71 (DRT); OKST D81 (DLT),OKST D00 (0.0); OKST D03 (0.0); OKST D05 (0.0); OKST D06 (0.0); OKST D10 (0.0); OKST D11 (0.0); OKST D14 (0.0); OKST D18 (0.0); OKST D40 (0.0); OKST D71 (0.0); OKST D81 (0.0),,F,OKST,1,,LE (14); DLT (19); DRT (26); RE (30),,FIELD GOAL,+9,14,PUNT - FC,-31,,,-40,OKST D10,,,,1,,,R,L,,,,,,OKTU 21 (HB-L),,,,,,,,,,LOLB (0); MLB (4); RLB (6),,C,C,,TE-L^; HB-L; SRiWR; SRoWR; RWR^,1x3,TE>SRiWR,2-0-1-2,12,OKTU 03; OKTU 07; OKTU 21; OKTU 23; OKTU 80,OKTU 03 (SRoWR); OKTU 07 (RWR); OKTU 10 (QB); OKTU 21 (HB-L); OKTU 23 (SRiWR); OKTU 60 (RG); OKTU 62 (C); OKTU 65 (LG); OKTU 72 (LT); OKTU 73 (RT); OKTU 80 (TE-L),OKTU 03 (0.0); OKTU 07 (0.0); OKTU 10 (0.0); OKTU 21 (+0.5); OKTU 23 (0.0); OKTU 60 (0.0); OKTU 62 (0.0); OKTU 65 (0.0); OKTU 72 (0.0); OKTU 73 (0.0); OKTU 80 (0.0),,T,OKTU,OKTU 07; OKTU 80,,,,1,,,,,,,TE-L r; HB-L r; SRiWR z; SRoWR 0(-3); RWR z,-; -; -; 0; -,OKTU 80 r; OKTU 21 r; OKTU 23 z; OKTU 03 0(-3); OKTU 07 z,,,,,,,,,,,,,-41,LE,FORCED,ML,OKTU 21,OKST D03 > OKTU 07,,0,,,OKTU 10,0,,,0,,HB-L,HB-L (-5),R,1; OKTU 21 (HB-L),,,,INSIDE ZONE,,R,,+4,,S,,,,OKST D10,,L,,,,SRiWR(+13.5); SRoWR(+17.5); RWR^(+21.5),,1,30,0,0,0,,true,3,3,0.734,0.538,,false,12,OKTU 21,OKTU 23; OKTU 80,OKTU 03; OKTU 07,GUN STRONG,TRIPS - CLOSED,TE-L; HB-L; SRiWR; SRoWR; RWR,1x3,TRIPS - CLOSED,NICKEL,OKST D03; OKST D10; OKST D11; OKST D14; OKST D18,OKST D05; OKST D06; OKST D40,OKST D00; OKST D71; OKST D81,WIDE OVER,,COVER 1,,60,,1.023,0.681,28989_6459965,28989-OKTU-2
6459967,28989,2025-09-19,2025,04,407931,691,1,1,07:18,0,1,0,3,0,2,4,16,0,1,,,0,0,0,7,0,,0,6459965,6459970,,3.07,0,,27,0,2.3,3.5,0,0,12,11,0,0,OKTU 03,6; OKST D00 (34); OKST D05 (30); OKST D06 (20); OKST D40 (04); OKST D71 (25); OKST D81 (16),,R,,,LCB (4); SSL (9); FSR (12); SCBR (4); RCB (3),SSL (04); LOLB (04); DLT (16); LILB (20); DRT (25); RLB (30); ROLB (34),3-3-5,OKST D00 (ROLB); OKST D03 (LCB); OKST D05 (RLB); OKST D06 (LILB); OKST D10 (RCB); OKST D11 (FSR); OKST D14 (SCBR); OKST D18 (SSL); OKST D40 (LOLB); OKST D71 (DRT); OKST D81 (DLT),OKST D00 (0.0); OKST D03 (0.0); OKST D05 (-0.5); OKST D06 (0.0); OKST D10 (-1.0); OKST D11 (0.0); OKST D14 (0.0); OKST D18 (0.0); OKST D40 (0.0); OKST D71 (0.0); OKST D81 (0.0),,F,OKST,10,,DLT (16); DRT (25),,FIELD GOAL,+9,14,PUNT - FC,-31,8,SL,-41,OKST D10,,,,16,,,R,L,,,,,,OKTU 03 (LWR); OKST D05 (RLB); OKST D10 (RCB),,,,,,,,,,LOLB (0); LILB (4); RLB (4); ROLB (0),OKST D05; OKST D10,C,C,OKST D05; OKST D10,LWR^; SLWR; HB-L; TE-R^; RWR,2x2,,3-0-1-1,11,OKTU 00; OKTU 02; OKTU 03; OKTU 08; OKTU 23,OKTU 00 (RWR); OKTU 02 (HB-L); OKTU 03 (LWR); OKTU 08 (SLWR); OKTU 10 (QB); OKTU 23 (TE-R); OKTU 60 (RG); OKTU 62 (C); OKTU 65 (LG); OKTU 72 (LT); OKTU 73 (RT),OKTU 00 (0.0); OKTU 02 (0.0); OKTU 03 (+0.5); OKTU 08 (0.0); OKTU 10 (0.0); OKTU 23 (0.0); OKTU 60 (0.0); OKTU 62 (0.0); OKTU 65 (0.0); OKTU 72 (0.0); OKTU 73 (0.0),OKTU 00; OKTU 02; OKTU 08,T,OKTU,OKTU 03; OKTU 23,,6; OKTU 02 (HB-L); OKTU 60 (RG); OKTU 62 (C); OKTU 65 (LG); OKTU 72 (LT); OKTU 73 (RT),,3S,OKST D10,,7; OKST D03; OKST D05; OKST D06; OKST D10; OKST D11; OKST D14; OKST D18,4,M,OKTU 10 (QB),LWR 26(5); SLWR 9s; HB-L kl; TE-R 6(4); RWR 9o,6; 9; -; 6; 9,OKTU 03 26(5); OKTU 08 9s; OKTU 02 kl; OKTU 23 6(4); OKTU 00 9o,LWR,OKTU 03,COMPLETE,26(5),6R,4; OKST D00 (ROLB); OKST D40 (LOLB); OKST D71 (DRT); OKST D81 (DLT),,17,3L,,,,+43,,,,OKTU 03,,,0,,,OKTU 10,1,,,0,,HB-L,HB-L (-5),L,1; OKTU 02 (HB-L),,,,,,P,,+4,OKTU 00* (L:Rx),S,,,,OKST D06,,R,,,,LWR^(-17.5); SLWR(-9.5); RWR(+12.5),,0,8,0,0,0,,false,3,3,1.272,1.351,Slant-Hitch,false,11,OKTU 02,OKTU 23,OKTU 00; OKTU 03; OKTU 08,GUN WEAK,SLOT - PRO,LWR; SLoWR; SLiWR; HB-L; TE-R,3x1,TRIPS - CLOSED,NICKEL,OKST D03; OKST D10; OKST D11; OKST D14; OKST D18,OKST D05; OKST D06; OKST D40,OKST D00; OKST D71; OKST D81,WIDE OVER,,COVER 3 SEAM,,59,,1.704,1.174,28989_6459967,28989-OKTU-2
6459970,28989,2025-09-19,2025,04,407931,719,1,1,06:55,0,1,0,3,0,2,5,2,0,,,,0,0,0,7,0,,0,6459967,6459977,,3.07,1,,28,0,,1.2,0,0,5,5,0,0,OKTU 00,6; OKST D00 (08); OKST D06 (24); OKST D10 (42); OKST D40 (34); OKST D71 (19); OKST D81 (28),,R,,,LCB (3); SCBoL (4); SCBiL (4); SSL (9); FS (9),SSL (00); LOLB (08); DLT (19); RILB (24); DRT (28); REO (34); RLB (42),3-3-5,OKST D00 (LOLB); OKST D03 (LCB); OKST D05 (SCBiL); OKST D06 (RILB); OKST D10 (RLB); OKST D11 (SSL); OKST D14 (SCBoL); OKST D18 (FS); OKST D40 (REO); OKST D71 (DLT); OKST D81 (DRT),OKST D00 (0.0); OKST D03 (0.0); OKST D05 (-0.5); OKST D06 (0.0); OKST D10 (0.0); OKST D11 (+0.5); OKST D14 (-0.5); OKST D18 (+0.5); OKST D40 (0.0); OKST D71 (0.0); OKST D81 (0.0),,T,OKST,10,,DLT (19); DRT (28); REO (34),,FIELD GOAL,+9,14,PUNT - FC,-31,5,SD,+43,OKST D14,,,,2,,,L,R,,,,OKST D05,,OKTU 00 (SRoWR); OKTU 03 (SRiWR); OKST D05 (SCBiL); OKST D11 (SSL); OKST D14 (SCBoL); OKST D18 (FS),,,,,,,,,,LOLB (0); RILB (4); RLB (6),OKST D05; OKST D14,O,O,OKTU 03; OKST D05; OKST D14,TE-L^; HB-L; SRiWR; SRoWR; RWR^,1x3,,3-0-1-1,11,OKTU 00; OKTU 02; OKTU 03; OKTU 08; OKTU 23,OKTU 00 (SRoWR); OKTU 02 (HB-L); OKTU 03 (SRiWR); OKTU 08 (RWR); OKTU 10 (QB); OKTU 23 (TE-L); OKTU 60 (RG); OKTU 62 (C); OKTU 65 (LG); OKTU 72 (LT); OKTU 73 (RT),OKTU 00 (0.0); OKTU 02 (0.0); OKTU 03 (-0.5); OKTU 08 (0.0); OKTU 10 (0.0); OKTU 23 (0.0); OKTU 60 (0.0); OKTU 62 (0.0); OKTU 65 (0.0); OKTU 72 (0.0); OKTU 73 (0.0),,F,OKTU,OKTU 08; OKTU 23,,6; OKTU 23 (TE-L); OKTU 60 (RG); OKTU 62 (C); OKTU 65 (LG); OKTU 72 (LT); OKTU 73 (RT),,4,OKST D14,,7; OKST D03; OKST D05; OKST D06; OKST D10; OKST D11; OKST D14; OKST D18,-3,M,OKTU 10 (QB),TE-L r; HB-L fr; SRiWR z; SRoWR 0(-4); RWR z,-; -; -; 0; -,OKTU 23 r; OKTU 02 fr; OKTU 03 z; OKTU 00 0(-4); OKTU 08 z,SRoWR,OKTU 00,COMPLETE,0(-4),0R,4; OKST D00 (LOLB); OKST D40 (REO); OKST D71 (DLT); OKST D81 (DRT),,36,5R,,,OKTU 02,+41,,,,OKST D11; OKST D18,,,0,,,OKTU 10,0,,,0,,HB-L,HB-L (-5),,1; OKTU 02 (HB-L),,,,INSIDE ZONE,,P,,+4,,S,,OKST D18,,OKST D18,OKST D11,L,,,,SRiWR(+0.5); SRoWR(+9.5); RWR^(+17.5),,1,28,0,0,0,,true,3,3,2.623,-0.811,WR Screen,false,11,OKTU 02,OKTU 23,OKTU 00; OKTU 03; OKTU 08,GUN STRONG,TRIPS - CLOSED,TE-L; HB-L; SRiWR; SRoWR; RWR,1x3,TRIPS - CLOSED,NICKEL,OKST D03; OKST D10; OKST D11; OKST D14; OKST D18,OKST D05; OKST D06; OKST D40,OKST D00; OKST D71; OKST D81,WIDE OVER,,COVER 4,,43,,2.878,-0.445,28989_6459970,28989-OKTU-2
6459977,28989,2025-09-19,2025,04,407931,747,1,2,06:27,0,,0,3,0,2,6,5,0,,,,0,0,0,7,1,,0,6459970,6459979,,3.07,0,,29,0,,,0,0,,3,0,0,OKTU 21,7; OKST D00 (34); OKST D04 (10); OKST D06 (17); OKST D14 (40); OKST D17 (19); OKST D25 (24); OKST D71 (27),,,,,LCB (1); SCBL (6); FSR (11); RCB (5),LOLB (10); LILB (17); DLT (19); RILB (24); DRT (27); ROLB (34); RLB (40),3-3-5,OKST D00 (ROLB); OKST D03 (LCB); OKST D04 (LOLB); OKST D06 (LILB); OKST D10 (RCB); OKST D11 (FSR); OKST D14 (RLB); OKST D17 (DLT); OKST D18 (SCBL); OKST D25 (RILB); OKST D71 (DRT),OKST D00 (0.0); OKST D03 (0.0); OKST D04 (0.0); OKST D06 (0.0); OKST D10 (0.0); OKST D11 (0.0); OKST D14 (0.0); OKST D17 (-1.0); OKST D18 (0.0); OKST D25 (0.0); OKST D71 (0.0),OKST D04; OKST D17; OKST D25,F,OKST,8,,DLT (19); DRT (27),,FIELD GOAL,+9,14,PUNT - FC,-31,,,+41,OKST D00,,,,5,,,R,L,,,,,,OKTU 21 (HB-R); OKTU 60 (RG); OKTU 73 (RT); OKST D17 (DLT); OKST D25 (RILB),,,,,,,,,,LOLB (0); LILB (4); RILB (4); RLB (4); ROLB (0),,C,O,OKTU 73; OKST D17,LWR^; HB-L; HB-R; SRWR; RWR^,1x2,,3-0-2-0,20,OKTU 00; OKTU 01; OKTU 07; OKTU 08; OKTU 21,OKTU 00 (SRWR); OKTU 01 (HB-L); OKTU 07 (LWR); OKTU 08 (RWR); OKTU 10 (QB); OKTU 21 (HB-R); OKTU 60 (RG); OKTU 62 (C); OKTU 65 (LG); OKTU 72 (LT); OKTU 73 (RT),OKTU 00 (0.0); OKTU 01 (0.0); OKTU 07 (0.0); OKTU 08 (0.0); OKTU 10 (0.0); OKTU 21 (+0.5); OKTU 60 (0.0); OKTU 62 (0.0); OKTU 65 (0.0); OKTU 72 (0.0); OKTU 73 (-1.0),OKTU 01; OKTU 07; OKTU 21,T,OKTU,OKTU 07; OKTU 08,,,,3S,,,,,,,LWR 4(12); HB-L h21(-2); HB-R r; SRWR 19(3); RWR 9i,4; H4; -; 9; 9,OKTU 07 4(12); OKTU 01 h21(-2); OKTU 21 r; OKTU 00 19(3); OKTU 08 9i,,,,,,,,,,,,,+36,MR,,MR,OKTU 21,OKST D03 > OKTU 08,,0,,,OKTU 10,0,,,0,,HB-L; HB-R,HB-L (-5); HB-R (-5),L,2; OKTU 01 (HB-L); OKTU 21 (HB-R),,,,INSIDE ZONE,READ OPTION,R,,+4,OKTU 00* (L:Rx),S,,,,OKST D00,,,,,,LWR^(-6.5); SRWR(+8.5); RWR^(+17.5),,1,32,0,0,0,,false,3,3,1.812,0.239,,false,20,OKTU 01; OKTU 21,,OKTU 00; OKTU 07; OKTU 08,GUN SPLIT,SLOT - OPEN,LWR; SLWR; HB-L; HB-R; RWR,2x1,SLOT - OPEN,NICKEL,OKST D03; OKST D10; OKST D11; OKST D14; OKST D18,OKST D04; OKST D06; OKST D25,OKST D00; OKST D17; OKST D71,WIDE UNDER,,COVER 3 SEAM,,41,,2.433,0.161,28989_6459977,28989-OKTU-2
6459979,28989,2025-09-19,2025,04,407931,773,1,3,06:06,1,0,0,3,0,2,7,,0,,,,0,0,0,7,0,,1,6459977,6459982,,3.07,0,,30,0,,1.6,0,0,,,0,0,,6; OKST D00 (35); OKST D04 (09); OKST D06 (16); OKST D17 (17); OKST D25 (24); OKST D71 (24),,L,,,LCB (2); FS (11); SSR (10); SCBR (5); RCB (1),LOLB (09); LILB (16); DLT (17); DRT (24); RILB (24); ROLB (35); SSR (44),3-3-5,OKST D00 (ROLB); OKST D03 (LCB); OKST D04 (LOLB); OKST D06 (LILB); OKST D10 (RCB); OKST D11 (SSR); OKST D14 (SCBR); OKST D17 (DLT); OKST D18 (FS); OKST D25 (RILB); OKST D71 (DRT),OKST D00 (0.0); OKST D03 (0.0); OKST D04 (0.0); OKST D06 (-1.0); OKST D10 (0.0); OKST D11 (0.0); OKST D14 (0.0); OKST D17 (0.0); OKST D18 (0.0); OKST D25 (0.0); OKST D71 (0.0),,T,OKST,3,,DLT (17); DRT (24),,FIELD GOAL,+9,14,PUNT - FC,-31,6,SD,+36,,,,,0,,,C,C,,,OT,,,OKTU 10 (QB); OKST D06 (LILB),,,,,,,,,,LOLB (0); LILB (4); RILB (4); ROLB (0),,C,O,OKTU 10; OKST D06,LWR^; SLWR; HB-R; SRWR; RWR^,2x2,HB>SLWR,3-0-2-0,20,OKTU 00; OKTU 01; OKTU 07; OKTU 08; OKTU 21,OKTU 00 (SRWR); OKTU 01 (SLWR); OKTU 07 (LWR); OKTU 08 (RWR); OKTU 10 (QB); OKTU 21 (HB-R); OKTU 60 (RG); OKTU 62 (C); OKTU 65 (LG); OKTU 72 (LT); OKTU 73 (RT),OKTU 00 (0.0); OKTU 01 (0.0); OKTU 07 (0.0); OKTU 08 (0.0); OKTU 10 (-0.5); OKTU 21 (0.0); OKTU 60 (0.0); OKTU 62 (0.0); OKTU 65 (0.0); OKTU 72 (0.0); OKTU 73 (0.0),,F,OKTU,OKTU 07; OKTU 08,,5; OKTU 60 (RG); OKTU 62 (C); OKTU 65 (LG); OKTU 72 (LT); OKTU 73 (RT),,3b,OKST D06,,6; OKST D03; OKST D06; OKST D10; OKST D11; OKST D18; OKST D25,6,M,OKTU 10 (QB),LWR z; SLWR 0u(-2); HB-R fl; SRWR 2(1); RWR 2(2),-; 0; -; 2; 2,OKTU 07 z; OKTU 01 0u(-2); OKTU 21 fl; OKTU 00 2(1); OKTU 08 2(2),SRWR,OKTU 00,INCOMPLETE,2(1),2R,5; OKST D00 (ROLB); OKST D04 (LOLB); OKST D14 (SCBR); OKST D17 (DLT); OKST D71 (DRT),,38,5R,,,OKTU 21,+36,,,,,OKST D03 > OKTU 08; OKST D10 > OKTU 07,,0,,,OKTU 10,0,,,0,,HB-R,HB-R (-5),,1; OKTU 21 (HB-R),,,,OUTSIDE ZONE,,P,,+4,,S,,,,,,,,,,LWR^(-18.5); SLWR(-14.5); SRWR(+16.5); RWR^(+23.5),,1,26,0,1,0,,true,3,3,2.051,-1.283,Slant,false,20,OKTU 01; OKTU 21,,OKTU 00; OKTU 07; OKTU 08,GUN WEAK,SLOT - SLOT,LWR; SLWR; HB-R; SRWR; RWR,2x2,SLOT - SLOT,NICKEL,OKST D03; OKST D10; OKST D11; OKST D14; OKST D18,OKST D04; OKST D06; OKST D25,OKST D00; OKST D17; OKST D71,WIDE OVER,,COVER 3,,36,,2.594,-1.779,28989_6459979,28989-OKTU-2
6459982,28989,2025-09-19,2025,04,407931,799,1,4,06:02,1,0,0,3,0,2,8,7,0,1,,,0,0,0,7,0,,1,6459979,6459997,,3.07,0,,31,0,2.4,3.7,0,0,,0,0,0,OKTU 10,7; OKST D00 (37); OKST D04 (08); OKST D06 (21); OKST D11 (37); OKST D17 (19); OKST D25 (25); OKST D71 (28),,R,,,LCB (0); SCBL (5); SSL (8); RCB (0),SSL (00); LOLB (08); DLT (19); MLB (21); RILB (25); DRT (28); RLB (37); ROLB (37),3-3-5,OKST D00 (ROLB); OKST D03 (LCB); OKST D04 (LOLB); OKST D06 (MLB); OKST D10 (RCB); OKST D11 (RLB); OKST D14 (SCBL); OKST D17 (DLT); OKST D18 (SSL); OKST D25 (RILB); OKST D71 (DRT),OKST D00 (0.0); OKST D03 (0.0); OKST D04 (0.0); OKST D06 (0.0); OKST D10 (0.0); OKST D11 (0.0); OKST D14 (0.0); OKST D17 (-0.5); OKST D18 (0.0); OKST D25 (0.0); OKST D71 (0.0),,F,OKST,3,,DLT (19); DRT (28),,FIELD GOAL,+9,14,PUNT - FC,-31,0,RSR,+36,,,,,7,,,C,C,,,,OKST D00,,OKTU 10 (QB); OKST D17 (DLT),,,,,,,,,,LOLB (0); MLB (1); RILB (4); RLB (5); ROLB (0),OKST D17,C,O,OKST D17,LWR^; HB-L; HB-R; SRWR; RWR^,1x2,,3-0-2-0,20,OKTU 00; OKTU 01; OKTU 07; OKTU 08; OKTU 21,OKTU 00 (SRWR); OKTU 01 (HB-L); OKTU 07 (LWR); OKTU 08 (RWR); OKTU 10 (QB); OKTU 21 (HB-R); OKTU 60 (RG); OKTU 62 (C); OKTU 65 (LG); OKTU 72 (LT); OKTU 73 (RT),OKTU 00 (0.0); OKTU 01 (0.0); OKTU 07 (0.0); OKTU 08 (0.0); OKTU 10 (+0.5); OKTU 21 (0.0); OKTU 60 (0.0); OKTU 62 (0.0); OKTU 65 (0.0); OKTU 72 (0.0); OKTU 73 (0.0),,T,OKTU,OKTU 07; OKTU 08,,6; OKTU 21 (HB-R); OKTU 60 (RG); OKTU 62 (C); OKTU 65 (LG); OKTU 72 (LT); OKTU 73 (RT),,1b,,,7; OKST D00; OKST D03; OKST D04; OKST D10; OKST D11; OKST D14; OKST D18,,X,OKTU 10 (QB),LWR 8i(8); HB-L h21(-3); HB-R flkr; SRWR 19(3); RWR 9i,8; H4; -; 9; 9,OKTU 07 8i(8); OKTU 01 h21(-3); OKTU 21 flkr; OKTU 00 19(3); OKTU 08 9i,,,RUN,,,4; OKST D06 (MLB); OKST D17 (DLT); OKST D25 (RILB); OKST D71 (DRT),,,,,,OKTU 21,+29,QB SCRAMBLE,,QB SCRAMBLE,OKTU 10,OKST D03 > OKTU 08; OKST D10 > OKTU 07,,1,,,OKTU 10,1,,,0,R,HB-L; HB-R,HB-L (-5); HB-R (-5),R,2; OKTU 01 (HB-L); OKTU 21 (HB-R),,,,OUTSIDE ZONE,,P,,+4,OKTU 00* (L:R{L}),S,,,,,,,,,,LWR^(-8.5); SRWR(+1.5); RWR^(+16.5),,1,8,0,0,0,FELL,false,3,3,0.768,2.896,,false,20,OKTU 01; OKTU 21,,OKTU 00; OKTU 07; OKTU 08,GUN SPLIT,SLOT - OPEN,LWR; SLWR; HB-L; HB-R; RWR,2x1,SLOT - OPEN,NICKEL,OKST D03; OKST D10; OKST D11; OKST D14; OKST D18,OKST D04; OKST D06; OKST D25,OKST D00; OKST D17; OKST D71,WIDE UNDER,SINGLE MUG,COVER 1,,36,,0.815,2.843,28989_6459982,28989-OKTU-2
6459997,28989,2025-09-19,2025,04,407931,825,1,1,05:45,0,1,0,3,0,2,9,0,0,,,,0,0,0,7,0,,1,6459982,6460003,,3.07,0,,32,0,3.6,4.5,0,0,4,4,0,0,OKTU 06,6; OKST D04 (05); OKST D06 (23); OKST D17 (19); OKST D25 (34); OKST D95 (34); OKST D96 (28),,R,,,LCB (1); SSL (7); FSR (11); SCBR (4); RCB (1),SSL (03); LOLB (05); DLT (19); MLB (23); DRT (28); REO (34); RLB (34),3-3-5,OKST D03 (LCB); OKST D04 (LOLB); OKST D06 (MLB); OKST D10 (RCB); OKST D11 (FSR); OKST D14 (SCBR); OKST D17 (DLT); OKST D18 (SSL); OKST D25 (RLB); OKST D95 (REO); OKST D96 (DRT),OKST D03 (0.0); OKST D04 (0.0); OKST D06 (+0.5); OKST D10 (0.0); OKST D11 (0.0); OKST D14 (0.0); OKST D17 (+0.5); OKST D18 (-1.0); OKST D25 (0.0); OKST D95 (+0.5); OKST D96 (0.0),OKST D95; OKST D96,T,OKST,10,,DLT (19); DRT (28); REO (34),,FIELD GOAL,+9,14,PUNT - FC,-31,10,SR,+29,OKST D18,,,,0,,,R,L,OKST D95,,,,,OKTU 06 (SLWR); OKTU 80 (TE-L); OKST D06 (MLB); OKST D17 (DLT); OKST D18 (SSL); OKST D95 (REO),,,,,,,,,,LOLB (0); MLB (4); RLB (4),OKST D18,C,O,OKTU 80; OKST D18,LWR^; SLWR; TE-L; HB-L; RWR^,3x1,,3-0-1-1,11,OKTU 02; OKTU 03; OKTU 06; OKTU 07; OKTU 80,OKTU 02 (HB-L); OKTU 03 (LWR); OKTU 06 (SLWR); OKTU 07 (RWR); OKTU 10 (QB); OKTU 60 (RG); OKTU 62 (C); OKTU 65 (LG); OKTU 72 (LT); OKTU 73 (RT); OKTU 80 (TE-L),OKTU 02 (0.0); OKTU 03 (0.0); OKTU 06 (0.0); OKTU 07 (0.0); OKTU 10 (0.0); OKTU 60 (0.0); OKTU 62 (0.0); OKTU 65 (0.0); OKTU 72 (0.0); OKTU 73 (0.0); OKTU 80 (-0.5),OKTU 02; OKTU 03; OKTU 06; OKTU 80,F,OKTU,OKTU 03; OKTU 07,,7; OKTU 02 (HB-L); OKTU 60 (RG); OKTU 62 (C); OKTU 65 (LG); OKTU 72 (LT); OKTU 73 (RT); OKTU 80 (TE-L),,3,OKST D18,,7; OKST D03; OKST D06; OKST D10; OKST D11; OKST D14; OKST D18; OKST D25,-4,R,OKTU 10 (QB),LWR xo(15); SLWR xg(-8); TE-L k; HB-L kl; RWR xo(19),X; X; -; -; X,OKTU 03 xo(15); OKTU 06 xg(-8); OKTU 80 k; OKTU 02 kl; OKTU 07 xo(19),SLWR,OKTU 06,COMPLETE,xg(-8),GR,4; OKST D04 (LOLB); OKST D17 (DLT); OKST D95 (REO); OKST D96 (DRT),HIT,50,6R,,,,+29,,,,OKST D06; OKST D17; OKST D95,OKST D03 > OKTU 07; OKST D10 > OKTU 03,OKST D95 (O) OKTU 80,0,,,OKTU 10,1,OKST D95,OKTU 80,0,,HB-L,HB-L (-5),L,1; OKTU 02 (HB-L),,,,TRICK,,P,,+4,OKTU 06* (L:R{L}),S,,OKST D17,,OKST D17,OKST D06,L,,,,LWR^(-6.5); SLWR(+3.5); RWR^(+17.5),,0,37,0,0,0,,false,3,3,3.664,-0.676,Ghost,false,11,OKTU 02,OKTU 80,OKTU 03; OKTU 06; OKTU 07,GUN STRONG,TREY - OPEN,LWR; SLWR; TE-L; HB-L; RWR,3x1,TREY - OPEN,NICKEL,OKST D03; OKST D10; OKST D11; OKST D14; OKST D18,OKST D04; OKST D06; OKST D25,OKST D17; OKST D95; OKST D96,WIDE OVER,,COVER 3,,29,,3.658,-0.65,28989_6459997,28989-OKTU-2
6460003,28989,2025-09-19,2025,04,407931,853,1,2,05:08,0,,0,3,0,2,10,3,0,,,,0,0,1,7,1,,0,6459997,6460006,,3.07,0,,33,0,,,0,1,,0,0,0,OKTU 10,6; OKST D03 (03); OKST D04 (15); OKST D06 (22); OKST D17 (22); OKST D95 (37); OKST D96 (28),OKTU 06; OKTU 07,,,,FS (10); FSR (11); SCBiR (4); SCBoR (4); RCB (6),LLB (03); LE (15); NT (22); MLB (22); DRT (28); ROLB (37),3-3-5,OKST D03 (LLB); OKST D04 (LE); OKST D06 (MLB); OKST D10 (RCB); OKST D11 (FSR); OKST D14 (SCBoR); OKST D17 (NT); OKST D18 (FS); OKST D25 (SCBiR); OKST D95 (ROLB); OKST D96 (DRT),OKST D03 (0.0); OKST D04 (-0.5); OKST D06 (0.0); OKST D10 (0.0); OKST D11 (0.0); OKST D14 (0.0); OKST D17 (0.0); OKST D18 (0.0); OKST D25 (0.0); OKST D95 (0.0); OKST D96 (0.0),,T,OKST,10,,LE (15); NT (22); DRT (28),,FIELD GOAL,+9,14,PUNT - FC,-31,,,+29,,,,,3,,,R,L,,,,,,OKTU 10 (QB); OKST D04 (LE),,,,,,,,,,LLB (4); MLB (5); ROLB (0),OKST D04,O,O,OKST D04,LWR^; SLoWR; SLiWR; TE-L^; HB-R,4x0,OL>TE-L; TE>RT,3-0-1-1,11,OKTU 02; OKTU 03; OKTU 06; OKTU 07; OKTU 73,OKTU 02 (HB-R); OKTU 03 (LWR); OKTU 06 (SLiWR); OKTU 07 (SLoWR); OKTU 10 (QB); OKTU 60 (RG); OKTU 62 (C); OKTU 65 (LG); OKTU 72 (LT); OKTU 73 (TE-L); OKTU 80 (RT),OKTU 02 (0.0); OKTU 03 (0.0); OKTU 06 (0.0); OKTU 07 (0.0); OKTU 10 (0.0); OKTU 60 (0.0); OKTU 62 (0.0); OKTU 65 (0.0); OKTU 72 (0.0); OKTU 73 (0.0); OKTU 80 (0.0),,F,OKTU,OKTU 03; OKTU 73,,,,4,,,,,,,RT 1; LWR r; SLoWR r; SLiWR r; TE-L r; HB-R fl,3; -; -; -; -; -,OKTU 80 1; OKTU 03 r; OKTU 07 r; OKTU 06 r; OKTU 73 r; OKTU 02 fl,,,,,,,,,,,,OKTU 02,+26,RE,,RE,,,,0,,,OKTU 10,0,,,0,,HB-R,HB-R (-5),L,1; OKTU 02 (HB-R),,,,INSIDE ZONE,READ OPTION,R,,+4,,S,,,,,,L,,,,LWR^(-17.5); SLoWR(-6.5); SLiWR(-3.5),,1,14,0,0,0,SLID,false,3,3,2.988,-0.573,,false,11,OKTU 02,OKTU 80,OKTU 03; OKTU 06; OKTU 07,GUN WEAK,QUAY - NIX,LWR; SLoWR; SLiWR; TE-L; HB-R,4x0,QUAY - NIX,NICKEL,OKST D03; OKST D10; OKST D11; OKST D14; OKST D18,OKST D04; OKST D06; OKST D25,OKST D17; OKST D95; OKST D96,OVER,,COVER 4,,29,,3.008,-0.378,28989_6460003,28989-OKTU-2
6460006,28989,2025-09-19,2025,04,407931,879,1,3,04:33,0,1,0,3,0,2,11,15,0,1,,,0,0,0,7,0,,0,6460003,6460008,,3.07,0,,34,0,2.3,4.8,0,0,10,2,0,0,OKTU 00,6; OKST D04 (06); OKST D06 (20); OKST D17 (16); OKST D25 (27); OKST D94 (25); OKST D95 (35),OKTU 00; OKTU 03; OKTU 07; OKTU 80,R,,,LCB (6); SCBL (9); SSR (9); SCBR (4); RCB (7),LOLB (06); DLT (16); LILB (20); DRT (25); RILB (27); ROLB (35); SSR (36),3-3-5,OKST D03 (LCB); OKST D04 (LOLB); OKST D06 (LILB); OKST D10 (RCB); OKST D11 (SSR); OKST D14 (SCBR); OKST D17 (DLT); OKST D18 (SCBL); OKST D25 (RILB); OKST D94 (DRT); OKST D95 (ROLB),OKST D03 (0.0); OKST D04 (0.0); OKST D06 (0.0); OKST D10 (0.0); OKST D11 (0.0); OKST D14 (-1.0); OKST D17 (0.0); OKST D18 (0.0); OKST D25 (0.0); OKST D94 (0.0); OKST D95 (0.0),OKST D94,F,OKST,7,,DLT (16); DRT (25),,FIELD GOAL,+9,14,PUNT - FC,-31,9,SL,+26,OKST D10,,,,15,,,R,L,,,,,,OKTU 00 (SRWR); OKST D14 (SCBR),,,,,,,,,,LOLB (0); LILB (5); RILB (5); ROLB (0),,O,O,OKST D14,LWR; SLWR^; HB-L; SRWR^; RWR,2x2,TE>SLWR,3-0-1-1,11,OKTU 00; OKTU 03; OKTU 07; OKTU 21; OKTU 80,OKTU 00 (SRWR); OKTU 03 (LWR); OKTU 07 (RWR); OKTU 10 (QB); OKTU 21 (HB-L); OKTU 60 (RG); OKTU 62 (C); OKTU 65 (LG); OKTU 72 (LT); OKTU 73 (RT); OKTU 80 (SLWR),OKTU 00 (+0.5); OKTU 03 (0.0); OKTU 07 (0.0); OKTU 10 (0.0); OKTU 21 (0.0); OKTU 60 (0.0); OKTU 62 (0.0); OKTU 65 (0.0); OKTU 72 (0.0); OKTU 73 (0.0); OKTU 80 (0.0),OKTU 00; OKTU 21,T,OKTU,OKTU 00; OKTU 80,,5; OKTU 60 (RG); OKTU 62 (C); OKTU 65 (LG); OKTU 72 (LT); OKTU 73 (RT),,4,OKST D14,,7; OKST D03; OKST D06; OKST D10; OKST D11; OKST D14; OKST D18; OKST D25,5,L,OKTU 10 (QB),LWR 7(12); SLWR xo(16); HB-L h9; SRWR xd(0); RWR 2(5),7; X; H9; X; 2,OKTU 03 7(12); OKTU 80 xo(16); OKTU 21 h9; OKTU 00 xd(0); OKTU 07 2(5),SRWR,OKTU 00,COMPLETE,xd(0),SA,4; OKST D04 (LOLB); OKST D17 (DLT); OKST D94 (DRT); OKST D95 (ROLB),,6,2L,,,,+11,,,,OKTU 00,,,0,,,OKTU 10,1,,,0,,HB-L,HB-L (-5),,1; OKTU 21 (HB-L),,,,,,P,,+4,,S,,,,OKST D10,,,,,,LWR(-2.5); SLWR^(-0.5); SRWR^(+12.5); RWR(+13.5),,0,13,0,1,0,,false,3,3,2.415,2.549,Drag,false,11,OKTU 21,OKTU 80,OKTU 00; OKTU 03; OKTU 07,GUN STRONG,SLOT - SLOT,LWR; SLWR; HB-L; SRWR; RWR,2x2,SLOT - SLOT,NICKEL,OKST D03; OKST D10; OKST D11; OKST D14; OKST D18,OKST D04; OKST D06; OKST D25,OKST D17; OKST D94; OKST D95,WIDE UNDER,,COVER 4,,26,,2.63,1.693,28989_6460006,28989-OKTU-2
6460008,28989,2025-09-19,2025,04,407931,907,1,1,04:02,0,,0,3,0,2,12,1,0,,,,0,0,0,7,1,,0,6460006,6460016,,3.07,0,,35,0,,,0,0,,3,0,0,OKTU 21,7; OKST D03 (05); OKST D06 (20); OKST D17 (25); OKST D25 (27); OKST D40 (36); OKST D95 (06); OKST D96 (16),,,,,FS (9); SCBiR (5); SCBoR (3); RCB (6),LLB (05); LEO (06); DLT (16); LILB (20); DRT (25); RILB (27); ROLB (36),3-3-5,OKST D03 (LLB); OKST D06 (LILB); OKST D10 (RCB); OKST D11 (FS); OKST D14 (SCBoR); OKST D17 (DRT); OKST D18 (SCBiR); OKST D25 (RILB); OKST D40 (ROLB); OKST D95 (LEO); OKST D96 (DLT),OKST D03 (0.0); OKST D06 (-0.5); OKST D10 (0.0); OKST D11 (0.0); OKST D14 (0.0); OKST D17 (+0.5); OKST D18 (0.0); OKST D25 (0.0); OKST D40 (+0.5); OKST D95 (0.0); OKST D96 (0.0),OKST D40; OKST D96,T,OKST,10,,LEO (06); DLT (16); DRT (25),,FIELD GOAL,+9,14,PUNT - FC,-31,,,+11,OKST D40,,,,1,,,L,R,,,,,,OKTU 62 (C); OKTU 65 (LG); OKST D06 (LILB); OKST D17 (DRT); OKST D40 (ROLB),,,,,,,,,,LLB (5); LILB (4); RILB (4); ROLB (0),,C,C,OKTU 65; OKST D06,LWR^; SLoWR; SLiWR; HB-L; TE-R^,3x1,,3-0-1-1,11,OKTU 00; OKTU 03; OKTU 07; OKTU 21; OKTU 80,OKTU 00 (SLiWR); OKTU 03 (LWR); OKTU 07 (SLoWR); OKTU 10 (QB); OKTU 21 (HB-L); OKTU 60 (RG); OKTU 62 (C); OKTU 65 (LG); OKTU 72 (LT); OKTU 73 (RT); OKTU 80 (TE-R),OKTU 00 (0.0); OKTU 03 (0.0); OKTU 07 (0.0); OKTU 10 (0.0); OKTU 21 (0.0); OKTU 60 (0.0); OKTU 62 (0.0); OKTU 65 (-0.5); OKTU 72 (0.0); OKTU 73 (0.0); OKTU 80 (0.0),,F,OKTU,OKTU 03; OKTU 80,,,,RZ,,,,,,,LWR 2(4); SLoWR 2(2); SLiWR 0u(-2); HB-L r; TE-R r,2; 2; 0; -; -,OKTU 03 2(4); OKTU 07 2(2); OKTU 00 0u(-2); OKTU 21 r; OKTU 80 r,,,,,,,,,,,,,+10,MR,,MR,OKST D17; OKST D40,,,0,,,OKTU 10,0,,,0,,HB-L,HB-L (-5),R,1; OKTU 21 (HB-L),,,,OUTSIDE ZONE,READ OPTION,R,,+4,,S,,OKST D40,,OKST D40,,R,,,,LWR^(-23.5); SLoWR(-18.5); SLiWR(-14.5),,1,15,0,0,0,,false,3,3,4.964,-0.542,,false,11,OKTU 21,OKTU 80,OKTU 00; OKTU 03; OKTU 07,GUN WEAK,TRIPS - CLOSED,LWR; SLoWR; SLiWR; HB-L; TE-R,3x1,TRIPS - CLOSED,NICKEL,OKST D03; OKST D10; OKST D11; OKST D14; OKST D18,OKST D06; OKST D25; OKST D40,OKST D17; OKST D95; OKST D96,WIDE OVER,,RED ZONE,,11,,4.323,-0.361,28989_6460008,28989-OKTU-2
6460016,28989,2025-09-19,2025,04,407931,933,1,2,03:25,0,0,0,3,0,2,13,,0,,,,0,0,0,7,0,,1,6460008,6460022,,3.07,0,,36,0,1.6,1.8,0,0,,,0,0,,6; OKST D06 (19); OKST D17 (16); OKST D25 (25); OKST D40 (06); OKST D95 (34); OKST D96 (25),OKTU 00; OKTU 80,L,,,LCB (1); SCBL (4); FS (9); SCBR (2); RCB (7),LOLB (06); DLT (16); LILB (19); DRT (25); RILB (25); REO (34),3-3-5,OKST D03 (LCB); OKST D06 (LILB); OKST D10 (RCB); OKST D11 (FS); OKST D14 (SCBR); OKST D17 (DLT); OKST D18 (SCBL); OKST D25 (RILB); OKST D40 (LOLB); OKST D95 (REO); OKST D96 (DRT),OKST D03 (0.0); OKST D06 (0.0); OKST D10 (0.0); OKST D11 (0.0); OKST D14 (0.0); OKST D17 (0.0); OKST D18 (0.0); OKST D25 (0.0); OKST D40 (+1.5); OKST D95 (0.0); OKST D96 (0.0),,,OKST,9,,DLT (16); DRT (25); REO (34),,FIELD GOAL,+9,14,PUNT - FC,-31,8,SD,+10,,,,,0,,,C,C,,OKST D40,BP,,,OKST D40 (LOLB),,,,,,,,,,LOLB (0); LILB (5); RILB (4),,C,O,,LWR^; SLWR; HB-R; SRWR; RWR^,2x2,TE>LWR,3-0-1-1,11,OKTU 00; OKTU 03; OKTU 07; OKTU 21; OKTU 80,OKTU 00 (SLWR); OKTU 03 (SRWR); OKTU 07 (RWR); OKTU 10 (QB); OKTU 21 (HB-R); OKTU 60 (RG); OKTU 62 (C); OKTU 65 (LG); OKTU 72 (LT); OKTU 73 (RT); OKTU 80 (LWR),OKTU 00 (0.0); OKTU 03 (0.0); OKTU 07 (0.0); OKTU 10 (0.0); OKTU 21 (0.0); OKTU 60 (0.0); OKTU 62 (0.0); OKTU 65 (0.0); OKTU 72 (0.0); OKTU 73 (0.0); OKTU 80 (0.0),,,OKTU,OKTU 07; OKTU 80,,5; OKTU 60 (RG); OKTU 62 (C); OKTU 65 (LG); OKTU 72 (LT); OKTU 73 (RT),,RZ,,,7; OKST D03; OKST D06; OKST D10; OKST D11; OKST D14; OKST D18; OKST D25,,X,OKTU 10 (QB),LWR xd(4); SLWR xu(-3); HB-R fl; SRWR 19(3); RWR 8s(6),X; X; -; 9; 8,OKTU 80 xd(4); OKTU 00 xu(-3); OKTU 21 fl; OKTU 03 19(3); OKTU 07 8s(6),,,BATTED PASS,,,4; OKST D17 (DLT); OKST D40 (LOLB); OKST D95 (REO); OKST D96 (DRT),HURRY,,,,,OKTU 21,+10,,,,OKST D40,OKST D03 > OKTU 07,OKST D40 (U),0,,,OKTU 10,0,OKST D40,,0,,HB-R,HB-R (-5),,1; OKTU 21 (HB-R),,,,OUTSIDE ZONE,,P,,+4,OKTU 00 (L:R{L}); OKTU 03* (L:R{L}>L:Rx); OKTU 07 (R:L{R}); OKTU 21 (B:B); OKTU 80 (R:Lx),S,,,,,,,,OKST D40 (R.E.D) LOLB,,LWR^(-7.5); SLWR(-4.5); SRWR(+1.5); RWR^(+12.5),,0,9,0,0,0,,true,3,3,4.422,-0.895,,true,11,OKTU 21,OKTU 80,OKTU 00; OKTU 03; OKTU 07,GUN WEAK,SLOT - SLOT,LWR; SLWR; HB; TE-R; RWR,2x2,SLOT - PRO,NICKEL,OKST D03; OKST D10; OKST D11; OKST D14; OKST D18,OKST D06; OKST D25; OKST D40,OKST D17; OKST D95; OKST D96,WIDE OVER,,RED ZONE,,10,,3.962,-0.676,28989_6460016,28989-OKTU-2
6460022,28989,2025-09-19,2025,04,407931,959,1,3,03:21,0,1,0,3,0,2,14,1,0,,,,0,0,0,7,0,,0,6460016,6460026,,3.07,1,,37,0,,2.0,0,0,1,0,0,0,OKTU 07,7; OKST D06 (16); OKST D11 (26); OKST D25 (25); OKST D40 (34); OKST D94 (18); OKST D95 (06); OKST D96 (25),OKTU 03; OKTU 07; OKTU 23; OKTU 80,L,,,LCB (6); SCBL (7); SS (8); SCBR (3); RCB (4),LOLB (06); LILB (16); DLT (18); DRT (25); RILB (25); SS (26); ROLB (34),3-3-5,OKST D03 (LCB); OKST D06 (LILB); OKST D10 (RCB); OKST D11 (SS); OKST D14 (SCBR); OKST D18 (SCBL); OKST D25 (RILB); OKST D40 (ROLB); OKST D94 (DLT); OKST D95 (LOLB); OKST D96 (DRT),OKST D03 (0.0); OKST D06 (-0.5); OKST D10 (0.0); OKST D11 (0.0); OKST D14 (0.0); OKST D18 (0.0); OKST D25 (+0.5); OKST D40 (0.0); OKST D94 (+1.5); OKST D95 (0.0); OKST D96 (0.0),OKST D94,T,OKST,9,,DLT (18); DRT (25),,FIELD GOAL,+9,14,PUNT - FC,-31,8,SD,+10,OKST D25,,,,1,,,C,C,,,,,,OKTU 07 (LWR); OKTU 60 (RG); OKTU 80 (SRWR); OKST D06 (LILB); OKST D25 (RILB); OKST D94 (DLT),,,,,,,,,,LOLB (0); LILB (4); RILB (4); ROLB (0),,C,C,OKTU 60; OKST D06,LWR; SLWR^; HB-R; SRWR^; RWR,2x2,TE>SLWR; TE>SRWR,2-0-1-2,12,OKTU 02; OKTU 03; OKTU 07; OKTU 23; OKTU 80,OKTU 02 (HB-R); OKTU 03 (RWR); OKTU 07 (LWR); OKTU 10 (QB); OKTU 23 (SLWR); OKTU 60 (RG); OKTU 62 (C); OKTU 65 (LG); OKTU 72 (LT); OKTU 73 (RT); OKTU 80 (SRWR),OKTU 02 (0.0); OKTU 03 (0.0); OKTU 07 (0.0); OKTU 10 (0.0); OKTU 23 (0.0); OKTU 60 (-1.5); OKTU 62 (0.0); OKTU 65 (0.0); OKTU 72 (0.0); OKTU 73 (0.0); OKTU 80 (+0.5),OKTU 02; OKTU 23,F,OKTU,OKTU 23; OKTU 80,,5; OKTU 60 (RG); OKTU 62 (C); OKTU 65 (LG); OKTU 72 (LT); OKTU 73 (RT),,RZ,OKST D25,,7; OKST D03; OKST D06; OKST D10; OKST D11; OKST D14; OKST D18; OKST D25,0,M,OKTU 10 (QB),LWR xd(0); SLWR z; HB-R z; SRWR z; RWR z,X; -; -; -; -,OKTU 07 xd(0); OKTU 23 z; OKTU 02 z; OKTU 80 z; OKTU 03 z,LWR,OKTU 07,COMPLETE,xd(0),XR,4; OKST D40 (ROLB); OKST D94 (DLT); OKST D95 (LOLB); OKST D96 (DRT),,32,4,,,,+9,,,,OKTU 80; OKST D25; OKST D94,,OKST D94 (I) OKTU 60,0,,,OKTU 10,0,,,0,,HB-R,HB-R (-5),,1; OKTU 02 (HB-R),,,,,,P,,+4,,S,,OKST D25,,OKST D25,,,,,,LWR(-7.5); SLWR^(-5.5); SRWR^(+6.5); RWR(+8.5),,0,12,0,0,0,,false,3,3,3.527,-0.901,Drag,false,12,OKTU 02,OKTU 23; OKTU 80,OKTU 03; OKTU 07,GUN WEAK,SLOT - SLOT,LWR; SLWR; HB-R; SRWR; RWR,2x2,SLOT - SLOT,NICKEL,OKST D03; OKST D10; OKST D11; OKST D14; OKST D18,OKST D06; OKST D25; OKST D40,OKST D94; OKST D95; OKST D96,WIDE OVER,,RED ZONE,,10,,3.286,-0.789,28989_6460022,28989-OKTU-2
6460115,28989,2025-09-19,2025,04,407931,1309,2,1,14:11,0,,0,3,0,3,1,6,0,,,,0,0,0,10,0,,0,6460104,6460118,,3.10,0,,50,0,,,0,0,,2,0,0,OKTU 01,5; OKST D04 (36); OKST D30 (17); OKST D94 (27); OKST D95 (09); OKST D96 (19),,,,,LCB (7); SCBoL (6); SCBiL (4); SSL (10); SSR (9); RCB (1),SSL (00); LOLB (09); LILB (17); DLT (19); DRT (27); SSR (34); ROLB (36),3-3-5,OKST D01 (LCB); OKST D03 (RCB); OKST D04 (ROLB); OKST D05 (SCBiL); OKST D08 (SSR); OKST D11 (SSL); OKST D23 (SCBoL); OKST D30 (LILB); OKST D94 (DRT); OKST D95 (LOLB); OKST D96 (DLT),OKST D01 (0.0); OKST D03 (0.0); OKST D04 (0.0); OKST D05 (0.0); OKST D08 (0.0); OKST D11 (0.0); OKST D23 (0.0); OKST D30 (0.0); OKST D94 (0.0); OKST D95 (0.0); OKST D96 (-0.5),DRIVE START,F,OKST,10,,DLT (19); DRT (27),,FIELD GOAL,+20,15,PUNT - FC,-13,,,-13,OKST D08,,,,6,,,C,C,,,,,,OKTU 01 (HB-R); OKTU 54 (RG); OKST D96 (DLT),,,,,,,,,,LOLB (0); LILB (5); ROLB (0),,O,O,OKST D96,LWR^; HB-R; SRiWR; SRoWR; RWR^,1x3,,4-0-1-0,10,OKTU 00; OKTU 01; OKTU 03; OKTU 06; OKTU 07,OKTU 00 (SRiWR); OKTU 01 (HB-R); OKTU 03 (RWR); OKTU 06 (SRoWR); OKTU 07 (LWR); OKTU 10 (QB); OKTU 54 (RG); OKTU 62 (C); OKTU 65 (LG); OKTU 72 (LT); OKTU 73 (RT),OKTU 00 (0.0); OKTU 01 (+0.5); OKTU 03 (0.0); OKTU 06 (0.0); OKTU 07 (0.0); OKTU 10 (0.0); OKTU 54 (+0.5); OKTU 62 (0.0); OKTU 65 (0.0); OKTU 72 (0.0); OKTU 73 (0.0),DRIVE START,T,OKTU,OKTU 03; OKTU 07,,,,4,,,,,,,LWR r; HB-R r; SRiWR 2(2); SRoWR 2(2); RWR 6(3),-; -; 2; 2; 6,OKTU 07 r; OKTU 01 r; OKTU 00 2(2); OKTU 06 2(2); OKTU 03 6(3),,,,,,,,,,,,,-19,ML,,ML,OKTU 01; OKTU 54,OKST D03 > OKTU 07,,0,,,OKTU 10,0,,,0,,HB-R,HB-R (-5),L,1; OKTU 01 (HB-R),,,,OUTSIDE ZONE,,R,,+7,,S,,,,OKST D08,,,,,,LWR^(-9.5); SRiWR(+8.5); SRoWR(+12.5); RWR^(+17.5),,1,20,0,0,0,,false,3,3,-0.491,0.427,,false,10,OKTU 01,,OKTU 00; OKTU 03; OKTU 06; OKTU 07,GUN STRONG,TRIPS - OPEN,LWR; HB-R; SRiWR; SRoWR; RWR,1x3,TRIPS - OPEN,NICKEL,OKST D01; OKST D03; OKST D08; OKST D11; OKST D23,OKST D04; OKST D05; OKST D30,OKST D94; OKST D95; OKST D96,WIDE UNDER,,COVER 4,,87,,-0.782,0.157,28989_6460115,28989-OKTU-3
6460118,28989,2025-09-19,2025,04,407931,1335,2,2,13:56,0,1,0,3,0,3,2,15,0,1,,,0,0,0,10,0,,0,6460115,6460121,,3.10,0,,51,1,2.0,4.5,0,0,5,0,0,0,OKTU 01,5; OKST D04 (37); OKST D30 (22); OKST D94 (28); OKST D95 (08); OKST D96 (19),OKTU 00; OKTU 01; OKTU 07,L,,,LCB (1); SCBL (6); SSL (10); SCBiR (5); SCBoR (9); RCB (2),SSL (00); LEO (08); DLT (19); MLB (22); DRT (28); ROLB (37),3-3-5,OKST D01 (LCB); OKST D03 (RCB); OKST D04 (ROLB); OKST D05 (SCBiR); OKST D08 (SCBoR); OKST D11 (SSL); OKST D23 (SCBL); OKST D30 (MLB); OKST D94 (DRT); OKST D95 (LEO); OKST D96 (DLT),OKST D01 (0.0); OKST D03 (-0.5); OKST D04 (0.0); OKST D05 (0.0); OKST D08 (0.0); OKST D11 (0.0); OKST D23 (0.0); OKST D30 (0.0); OKST D94 (0.0); OKST D95 (+1.5); OKST D96 (0.0),,F,OKST,4,,LEO (08); DLT (19); DRT (28),,FIELD GOAL,+20,15,PUNT - FC,-13,7,SL,-19,,,,,15,,,L,R,,OKST D95,,,,OKTU 01 (SLiWR); OKTU 10 (QB); OKTU 73 (RT); OKST D03 (RCB); OKST D95 (LEO),,,,,,,,,,MLB (5); ROLB (0),,O,O,OKTU 73; OKST D03,LWR^; SLoWR; SLiWR; SRWR; RWR^,3x2,HB>SLiWR,4-0-1-0,10,OKTU 00; OKTU 01; OKTU 03; OKTU 06; OKTU 07,OKTU 00 (SLoWR); OKTU 01 (SLiWR); OKTU 03 (RWR); OKTU 06 (SRWR); OKTU 07 (LWR); OKTU 10 (QB); OKTU 54 (RG); OKTU 62 (C); OKTU 65 (LG); OKTU 72 (LT); OKTU 73 (RT),OKTU 00 (0.0); OKTU 01 (+0.5); OKTU 03 (0.0); OKTU 06 (0.0); OKTU 07 (0.0); OKTU 10 (+0.5); OKTU 54 (0.0); OKTU 62 (0.0); OKTU 65 (0.0); OKTU 72 (0.0); OKTU 73 (-1.5),,T,OKTU,OKTU 03; OKTU 07,,5; OKTU 54 (RG); OKTU 62 (C); OKTU 65 (LG); OKTU 72 (LT); OKTU 73 (RT),,4,OKST D03,,7; OKST D01; OKST D03; OKST D05; OKST D08; OKST D11; OKST D23; OKST D30,10,L,OKTU 10 (QB),LWR 2(3); SLoWR 2(4); SLiWR 0u(-2); SRWR 12(4); RWR 9o,2; 2; 0; 4; 9,OKTU 07 2(3); OKTU 00 2(4); OKTU 01 0u(-2); OKTU 06 12(4); OKTU 03 9o,SLiWR,OKTU 01,COMPLETE,0u(-2),SA,4; OKST D04 (ROLB); OKST D94 (DRT); OKST D95 (LEO); OKST D96 (DLT),HURRY,1,1L,,,,-34,,,,OKTU 01; OKTU 10; OKST D95,OKST D01 > OKTU 03; OKST D03 > OKTU 07,OKST D95 (I) OKTU 73,1,,,OKTU 10,1,OKST D95,OKTU 73,0,,EMPTY,,,,,,,,,P,,+7,,S,,,,OKST D03,,,,,,LWR^(-20.5); SLoWR(-18.5); SLiWR(-15.5); SRWR(+6.5); RWR^(+16.5),,0,31,0,0,0,,true,3,3,-0.064,0.824,Bubble,false,10,OKTU 01,,OKTU 00; OKTU 03; OKTU 06; OKTU 07,GUN EMPTY,TRIPS - SLOT,LWR; SLoWR; SLiWR; SRWR; RWR,3x2,TRIPS - SLOT,NICKEL,OKST D01; OKST D03; OKST D08; OKST D11; OKST D23,OKST D04; OKST D05; OKST D30,OKST D94; OKST D95; OKST D96,WIDE OVER,,COVER 4,,81,,-0.625,1.738,28989_6460118,28989-OKTU-3
6460121,28989,2025-09-19,2025,04,407931,1363,2,1,13:40,0,1,0,3,0,3,3,6,0,,,,0,0,0,10,0,,0,6460118,6460123,,3.10,1,,52,0,,1.0,0,0,8,0,0,0,OKTU 00,6; OKST D04 (36); OKST D05 (28); OKST D30 (20); OKST D94 (28); OKST D95 (08); OKST D96 (19),OKTU 00; OKTU 07,L,,,LCB (1); FS (9); SCBiR (9); SCBoR (4); RCB (7),LEO (08); DLT (19); LILB (20); DRT (28); RILB (28); ROLB (36),3-3-5,OKST D01 (LCB); OKST D03 (RCB); OKST D04 (ROLB); OKST D05 (RILB); OKST D08 (SCBiR); OKST D11 (FS); OKST D23 (SCBoR); OKST D30 (LILB); OKST D94 (DRT); OKST D95 (LEO); OKST D96 (DLT),OKST D01 (0.0); OKST D03 (0.0); OKST D04 (0.0); OKST D05 (0.0); OKST D08 (0.0); OKST D11 (0.0); OKST D23 (-0.5); OKST D30 (0.0); OKST D94 (0.0); OKST D95 (0.0); OKST D96 (0.0),,F,OKST,10,,LEO (08); DLT (19); DRT (28),,FIELD GOAL,+20,15,PUNT - FC,-13,6,SD,-34,OKST D03,,,,6,,,L,R,,,,,,OKTU 07 (LWR); OKST D23 (SCBoR),,,,,,,,,,LILB (5); RILB (5); ROLB (0),,O,O,OKST D23,LWR^; SLoWR; SLiWR; HB-R; RWR^,3x1,,4-0-1-0,10,OKTU 00; OKTU 01; OKTU 03; OKTU 06; OKTU 07,OKTU 00 (SLoWR); OKTU 01 (HB-R); OKTU 03 (RWR); OKTU 06 (SLiWR); OKTU 07 (LWR); OKTU 10 (QB); OKTU 54 (RG); OKTU 62 (C); OKTU 65 (LG); OKTU 72 (LT); OKTU 73 (RT),OKTU 00 (0.0); OKTU 01 (0.0); OKTU 03 (0.0); OKTU 06 (0.0); OKTU 07 (+0.5); OKTU 10 (0.0); OKTU 54 (0.0); OKTU 62 (0.0); OKTU 65 (0.0); OKTU 72 (0.0); OKTU 73 (0.0),,T,OKTU,OKTU 03; OKTU 07,,5; OKTU 54 (RG); OKTU 62 (C); OKTU 65 (LG); OKTU 72 (LT); OKTU 73 (RT),,4,OKST D23,,7; OKST D01; OKST D03; OKST D05; OKST D08; OKST D11; OKST D23; OKST D30,-2,L,OKTU 10 (QB),LWR z; SLoWR 0(-3); SLiWR z; HB-R fl; RWR 9o,-; 0; -; -; 9,OKTU 07 z; OKTU 00 0(-3); OKTU 06 z; OKTU 01 fl; OKTU 03 9o,SLoWR,OKTU 00,COMPLETE,0(-3),0R,4; OKST D04 (ROLB); OKST D94 (DRT); OKST D95 (LEO); OKST D96 (DLT),,7,2L,,,OKTU 01,-40,,,,OKTU 07,OKST D01 > OKTU 03,,0,,,OKTU 10,0,,,0,,HB-R,HB-R (-6),,1; OKTU 01 (HB-R),,,,INSIDE ZONE,,P,,+7,,S,,,,OKST D03,,,,,,LWR^(-21.5); SLoWR(-18.5); SLiWR(-13.5); RWR^(+16.5),,1,28,0,0,0,,true,3,3,0.76,0.44,WR Screen,false,10,OKTU 01,,OKTU 00; OKTU 03; OKTU 06; OKTU 07,GUN WEAK,TRIPS - OPEN,LWR; SLoWR; SLiWR; HB-R; RWR,3x1,TRIPS - OPEN,NICKEL,OKST D01; OKST D03; OKST D08; OKST D11; OKST D23,OKST D04; OKST D05; OKST D30,OKST D94; OKST D95; OKST D96,WIDE OVER,,COVER 4,,66,,1.113,0.313,28989_6460121,28989-OKTU-3
6460123,28989,2025-09-19,2025,04,407931,1391,2,2,13:12,1,,0,3,0,3,4,9,0,1,,,0,0,0,10,0,,0,6460121,6460126,,3.10,0,,53,1,,,0,0,,8,0,0,OKTU 21,6; OKST D04 (34); OKST D05 (27); OKST D30 (15); OKST D94 (28); OKST D95 (09); OKST D96 (20),,,,,LCB (1); SSL (10); SCBiR (7); SCBoR (3); RCB (1),SSL (00); LEO (09); LLB (15); DLT (20); RILB (27); DRT (28); ROLB (34),3-3-5,OKST D01 (LCB); OKST D03 (RCB); OKST D04 (ROLB); OKST D05 (RILB); OKST D08 (SCBiR); OKST D11 (SSL); OKST D23 (SCBoR); OKST D30 (LLB); OKST D94 (DRT); OKST D95 (LEO); OKST D96 (DLT),OKST D01 (0.0); OKST D03 (0.0); OKST D04 (0.0); OKST D05 (-1.0); OKST D08 (0.0); OKST D11 (0.0); OKST D23 (0.0); OKST D30 (0.0); OKST D94 (0.0); OKST D95 (0.0); OKST D96 (0.0),,F,OKST,4,,LEO (09); DLT (20); DRT (28),,FIELD GOAL,+20,15,PUNT - FC,-13,,,-40,OKST D05,,,,9,,,L,R,,,,,,OKTU 21 (HB); OKST D05 (RILB),,,,,,,,,,LLB (2); RILB (4); ROLB (0),OKST D05,C,C,OKST D05,LWR^; SLoWR; SLiWR; HB; RWR^,3x1,TE>SLiWR,3-0-1-1,11,OKTU 00; OKTU 03; OKTU 07; OKTU 21; OKTU 23,OKTU 00 (SLoWR); OKTU 03 (LWR); OKTU 07 (RWR); OKTU 10 (QB); OKTU 21 (HB); OKTU 23 (SLiWR); OKTU 54 (RG); OKTU 62 (C); OKTU 65 (LG); OKTU 72 (LT); OKTU 73 (RT),OKTU 00 (0.0); OKTU 03 (0.0); OKTU 07 (0.0); OKTU 10 (0.0); OKTU 21 (+0.5); OKTU 23 (0.0); OKTU 54 (0.0); OKTU 62 (0.0); OKTU 65 (0.0); OKTU 72 (0.0); OKTU 73 (0.0),OKTU 21; OKTU 23,T,OKTU,OKTU 03; OKTU 07,,,,1b,,,,,,,,,,,,,,,,,,,,P,,-49,MR,,MR,OKTU 21,OKST D01 > OKTU 07; OKST D03 > OKTU 03,,0,,,OKTU 10,0,,,0,,HB,HB (-7),R,1; OKTU 21 (HB),,,,OUTSIDE ZONE,CROSS LEAD,R,,+7,OKTU 23* (R:L{L}),S,,,,OKST D96,OKST D08,,,,,LWR^(-22.5); SLoWR(-18.5); SLiWR(-13.5); RWR^(+8.5),,0,16,0,0,0,,false,3,3,1.2,0.752,,false,11,OKTU 21,OKTU 23,OKTU 00; OKTU 03; OKTU 07,PISTOL,TRIPS - OPEN,LWR; SLoWR; SLiWR; HB; RWR,3x1,TRIPS - OPEN,NICKEL,OKST D01; OKST D03; OKST D08; OKST D11; OKST D23,OKST D04; OKST D05; OKST D30,OKST D94; OKST D95; OKST D96,WIDE OVER,,COVER 1,,60,,1.426,0.9,28989_6460123,28989-OKTU-3
6460126,28989,2025-09-19,2025,04,407931,1417,2,1,12:36,1,0,1,3,0,3,5,,0,,,,0,0,0,10,0,,0,6460123,6460128,,3.10,0,,54,1,,3.4,0,0,,,0,0,,6; OKST D05 (10); OKST D30 (22); OKST D40 (34); OKST D94 (28); OKST D95 (08); OKST D96 (19),,L,,,LCB (1); SCBL (2); SSL (7); SSR (9); RCB (1),SSL (00); LOLB (08); LLB (10); DLT (19); MLB (22); DRT (28); ROLB (34); SSR (38),3-3-5,OKST D01 (LCB); OKST D03 (RCB); OKST D05 (LLB); OKST D08 (SSR); OKST D11 (SSL); OKST D23 (SCBL); OKST D30 (MLB); OKST D40 (ROLB); OKST D94 (DRT); OKST D95 (LOLB); OKST D96 (DLT),OKST D01 (0.0); OKST D03 (0.0); OKST D05 (0.0); OKST D08 (+1.0); OKST D11 (-1.0); OKST D23 (0.0); OKST D30 (0.0); OKST D40 (0.0); OKST D94 (0.0); OKST D95 (+0.5); OKST D96 (0.0),OKST D40,T,OKST,10,,DLT (19); DRT (28),,FIELD GOAL,+20,15,PUNT - FC,-13,10,SD,-49,,,,,0,,,C,C,,,PD,,,OKTU 00 (SRWR); OKTU 10 (QB); OKTU 23 (TE-R); OKST D08 (SSR); OKST D11 (SSL); OKST D95 (LOLB),,,,,,,,,,LOLB (0); LLB (3); MLB (4); ROLB (0),,C,O,OKTU 10; OKTU 23; OKST D11,LWR^; HB-R; TE-R; SRWR; RWR^,1x3,,3-0-1-1,11,OKTU 00; OKTU 03; OKTU 07; OKTU 21; OKTU 23,OKTU 00 (SRWR); OKTU 03 (RWR); OKTU 07 (LWR); OKTU 10 (QB); OKTU 21 (HB-R); OKTU 23 (TE-R); OKTU 54 (RG); OKTU 62 (C); OKTU 65 (LG); OKTU 72 (LT); OKTU 73 (RT),OKTU 00 (0.0); OKTU 03 (0.0); OKTU 07 (0.0); OKTU 10 (-1.0); OKTU 21 (0.0); OKTU 23 (-0.5); OKTU 54 (0.0); OKTU 62 (0.0); OKTU 65 (0.0); OKTU 72 (0.0); OKTU 73 (0.0),,F,OKTU,OKTU 03; OKTU 07,,7; OKTU 21 (HB-R); OKTU 23 (TE-R); OKTU 54 (RG); OKTU 62 (C); OKTU 65 (LG); OKTU 72 (LT); OKTU 73 (RT),OKST D08,3Sb,OKST D11,OKST D08,7; OKST D01; OKST D03; OKST D05; OKST D08; OKST D11; OKST D30; OKST D40,28,M,OKTU 10 (QB),LWR 8i(10); HB-R kr; TE-R k; SRWR xo(17); RWR 6o(12),8; -; -; X; 6,OKTU 07 8i(10); OKTU 21 kr; OKTU 23 k; OKTU 00 xo(17); OKTU 03 6o(12),SRWR,OKTU 00,INCOMPLETE,xo(17),XR,4; OKST D23 (SCBL); OKST D94 (DRT); OKST D95 (LOLB); OKST D96 (DLT),,15,3L,,,,-49,,,,OKST D08; OKST D95,OKST D01 > OKTU 03; OKST D03 > OKTU 07; OKST D23 > OKTU 00,OKST D95 (I) OKTU 23,0,,,OKTU 10,0,,,0,,HB-R,HB-R (-5),R,1; OKTU 21 (HB-R),,,,,,P,,+7,OKTU 21 (B:B),S,,,,,,R,,,,LWR^(-14.5); SRWR(+10.5); RWR^(+17.5),1; OKST D08,0,13,0,0,0,,false,3,3,1.952,-0.841,Over,false,11,OKTU 21,OKTU 23,OKTU 00; OKTU 03; OKTU 07,GUN STRONG,TREY - OPEN,LWR; HB-L; TE-R; SRWR; RWR,1x3,TREY - OPEN,NICKEL,OKST D01; OKST D03; OKST D08; OKST D11; OKST D23,OKST D05; OKST D30; OKST D40,OKST D94; OKST D95; OKST D96,WIDE UNDER,,COVER 3 SEAM,,51,,2.326,-0.858,28989_6460126,28989-OKTU-3
6460128,28989,2025-09-19,2025,04,407931,1443,2,2,12:28,0,,0,3,0,3,6,5,0,,,,0,0,1,10,0,,0,6460126,6460151,,3.10,0,,55,0,,,0,0,,2,0,0,OKTU 02,6; OKST D01 (09); OKST D30 (23); OKST D40 (34); OKST D94 (25); OKST D95 (09); OKST D96 (16),,,,,FS (10); SSR (10); SCBiR (5); SCBoR (5); RCB (8),LOLB (09); LLB (09); DLT (16); MLB (23); DRT (25); ROLB (34); SSR (44),3-3-5,OKST D01 (LLB); OKST D03 (RCB); OKST D05 (SCBiR); OKST D08 (FS); OKST D11 (SSR); OKST D23 (SCBoR); OKST D30 (MLB); OKST D40 (ROLB); OKST D94 (DRT); OKST D95 (LOLB); OKST D96 (DLT),OKST D01 (0.0); OKST D03 (0.0); OKST D05 (0.0); OKST D08 (0.0); OKST D11 (0.0); OKST D23 (0.0); OKST D30 (0.0); OKST D40 (0.0); OKST D94 (0.0); OKST D95 (0.0); OKST D96 (0.0),,F,OKST,10,,DLT (16); DRT (25),,FIELD GOAL,+20,15,PUNT - FC,-13,,,-49,OKST D08,,,,5,,,C,C,,,,,,OKTU 02 (HB),,,,,,,,,,LOLB (0); LLB (6); MLB (5); ROLB (0),,O,O,,LWR^; SLoWR^; SLiWR; HB; FB-R,3x0,TE>FB-R,3-0-1-1,11,OKTU 02; OKTU 03; OKTU 06; OKTU 07; OKTU 23,OKTU 02 (HB); OKTU 03 (LWR); OKTU 06 (SLiWR); OKTU 07 (SLoWR); OKTU 10 (QB); OKTU 23 (FB-R); OKTU 54 (RG); OKTU 62 (C); OKTU 65 (LG); OKTU 72 (LT); OKTU 73 (RT),OKTU 02 (+0.5); OKTU 03 (0.0); OKTU 06 (0.0); OKTU 07 (0.0); OKTU 10 (0.0); OKTU 23 (0.0); OKTU 54 (0.0); OKTU 62 (0.0); OKTU 65 (0.0); OKTU 72 (0.0); OKTU 73 (0.0),OKTU 02; OKTU 06,T,OKTU,OKTU 03; OKTU 07,,,,4,,,,,,,,,,,,,,,,,,,,P,,+46,ML,VOLUNTARY,LG,OKTU 02,,,0,,,OKTU 10,0,,,0,,HB; FB-R,HB (-7); FB-R (-3),L,2; OKTU 02 (HB); OKTU 23 (FB-R),,,,OUTSIDE ZONE,CROSS LEAD,R,,+7,,S,,OKST D08,,OKST D08,OKST D96,,,,,LWR^(-20.5); SLoWR^(-12.5); SLiWR(-8.5),,0,14,0,0,0,,false,3,3,1.111,0.08,,false,11,OKTU 02,OKTU 23,OKTU 03; OKTU 06; OKTU 07,PISTOL I WEAK,TRIPS - NIX,LWR; SLoWR; SLiWR; HB; FB-R,3x0,TRIPS - NIX,NICKEL,OKST D01; OKST D03; OKST D08; OKST D11; OKST D23,OKST D05; OKST D30; OKST D40,OKST D94; OKST D95; OKST D96,WIDE UNDER,,COVER 4,,51,,1.468,-0.092,28989_6460128,28989-OKTU-3
6460151,28989,2025-09-19,2025,04,407931,1469,2,3,12:03,1,,0,3,0,3,7,4,0,,,,0,0,0,10,0,,0,6460128,6460158,,3.10,0,,56,0,,,0,0,,3,0,0,OKTU 21,6; OKST D05 (28); OKST D06 (19); OKST D17 (15); OKST D40 (36); OKST D94 (25); OKST D95 (10),,,,,LCB (1); FSL (11); SCBiR (6); SCBoR (4); RCB (1),LOLB (10); LE (15); LILB (19); DRT (25); RILB (28); ROLB (36),3-3-5,OKST D01 (LCB); OKST D03 (RCB); OKST D05 (RILB); OKST D06 (LILB); OKST D08 (SCBiR); OKST D11 (FSL); OKST D17 (LE); OKST D23 (SCBoR); OKST D40 (ROLB); OKST D94 (DRT); OKST D95 (LOLB),OKST D01 (0.0); OKST D03 (0.0); OKST D05 (0.0); OKST D06 (0.0); OKST D08 (0.0); OKST D11 (0.0); OKST D17 (+0.5); OKST D23 (0.0); OKST D40 (0.0); OKST D94 (+0.5); OKST D95 (0.0),OKST D06; OKST D17,T,OKST,5,,LE (15); DRT (25),,FIELD GOAL,+20,15,PUNT - FC,-13,,,+46,OKST D17,,,,4,,,L,R,,,,,,OKTU 07 (RWR); OKTU 54 (RG); OKTU 65 (LG); OKST D11 (FSL); OKST D17 (LE); OKST D94 (DRT),,,,,,,,,,LOLB (0); LILB (5); RILB (2); ROLB (0),,C,C,OKTU 07; OKTU 54; OKTU 65,LWR^; SLoWR; SLiWR; HB; RWR^,3x1,TE>SLiWR,3-0-1-1,11,OKTU 03; OKTU 06; OKTU 07; OKTU 21; OKTU 23,OKTU 03 (LWR); OKTU 06 (SLoWR); OKTU 07 (RWR); OKTU 10 (QB); OKTU 21 (HB); OKTU 23 (SLiWR); OKTU 54 (RG); OKTU 62 (C); OKTU 65 (LG); OKTU 72 (LT); OKTU 73 (RT),OKTU 03 (0.0); OKTU 06 (0.0); OKTU 07 (-0.5); OKTU 10 (0.0); OKTU 21 (0.0); OKTU 23 (0.0); OKTU 54 (-0.5); OKTU 62 (0.0); OKTU 65 (-0.5); OKTU 72 (0.0); OKTU 73 (0.0),OKTU 21,F,OKTU,OKTU 03; OKTU 07,,,,1b,,,,,,,,,,,,,,,,,,,,P,,+42,RG,,RG,OKST D17; OKST D94,OKST D01 > OKTU 07; OKST D03 > OKTU 03,,0,,,OKTU 10,0,,,0,,HB,HB (-7),R,1; OKTU 21 (HB),,,,OUTSIDE ZONE,CROSS LEAD,R,,+7,OKTU 23* (L:R{L}),S,,OKST D17,,OKST D17,OKST D94,,,,,LWR^(-22.5); SLoWR(-17.5); SLiWR(-11.5); RWR^(+8.5),,0,13,0,0,0,,false,3,2,1.191,-0.166,,false,11,OKTU 21,OKTU 23,OKTU 03; OKTU 06; OKTU 07,PISTOL,TRIPS - OPEN,LWR; SLoWR; SLiWR; HB; RWR,3x1,TRIPS - OPEN,NICKEL,OKST D01; OKST D03; OKST D08; OKST D11; OKST D23,OKST D05; OKST D06; OKST D40,OKST D17; OKST D94; OKST D95,WIDE UNDER,SINGLE MUG,COVER 1,,46,,1.376,-0.338,28989_6460151,28989-OKTU-3
6460158,28989,2025-09-19,2025,04,407931,1495,2,4,11:28,0,,0,3,0,3,8,4,0,1,,,0,0,0,10,0,,0,6460151,6460161,,3.10,0,,57,0,,,0,1,,2,0,0,OKTU 21,11; OKST D01 (00); OKST D03 (44); OKST D05 (22); OKST D06 (06); OKST D08 (14); OKST D11 (30); OKST D17 (23); OKST D23 (06); OKST D40 (14); OKST D94 (20); OKST D95 (29),,,,,,LOLB (00); LOLB (06); LLB (06); LLB (14); LE (14); DLT (20); MLB (22); NRT (23); RE (29); RLB (30); RLB (44),3-3-5,OKST D01 (LOLB); OKST D03 (RLB); OKST D05 (MLB); OKST D06 (LOLB); OKST D08 (LLB); OKST D11 (RLB); OKST D17 (NRT); OKST D23 (LLB); OKST D40 (LE); OKST D94 (DLT); OKST D95 (RE),OKST D01 (0.0); OKST D03 (-0.5); OKST D05 (0.0); OKST D06 (0.0); OKST D08 (0.0); OKST D11 (-0.5); OKST D17 (0.0); OKST D23 (0.0); OKST D40 (0.0); OKST D94 (0.0); OKST D95 (0.0),,F,OKST,1,,LE (14); DLT (20); NRT (23); RE (29),,FIELD GOAL,+20,15,PUNT - FC,-13,,,+42,OKST D08,,,,4,,,R,L,,,,,,OKTU 02 (HB-L); OKTU 21 (HB-R); OKTU D10 (HB); OKST D03 (RLB); OKST D11 (RLB),,,,,,,,,,LOLB (0); LOLB (0); LLB (2); LLB (5); MLB (1); RLB (2); RLB (4),,O,O,OKST D03; OKST D11,TE-L^; HB-L; HB; HB-R; TE-R^,1x1,OL>TE-L,X-X-X-X,Unknown,OKTU 02; OKTU 21; OKTU 56; OKTU 80; OKTU D10,OKTU 02 (HB-L); OKTU 09 (QB); OKTU 21 (HB-R); OKTU 54 (RG); OKTU 56 (TE-L); OKTU 62 (C); OKTU 65 (LG); OKTU 72 (LT); OKTU 73 (RT); OKTU 80 (TE-R); OKTU D10 (HB),OKTU 02 (+0.5); OKTU 09 (0.0); OKTU 21 (+0.5); OKTU 54 (0.0); OKTU 56 (0.0); OKTU 62 (0.0); OKTU 65 (0.0); OKTU 72 (0.0); OKTU 73 (0.0); OKTU 80 (0.0); OKTU D10 (+0.5),OKTU 02; OKTU 09; OKTU 56; OKTU 80; OKTU D10,T,OKTU,OKTU 56; OKTU 80,,,,0,,,,,,,,,,,,,,,,,,,,,,+38,LE,,LE,OKTU 02; OKTU 21; OKTU D10,,,0,,,OKTU 09,0,,,0,,HB; HB-L; HB-R,HB (-4); HB-L (-4); HB-R (-4),L,3; OKTU 02 (HB-L); OKTU 21 (HB-R); OKTU D10 (HB),,,,MAN,LEAD,R,,+7,,,,,,OKST D08,,L;R,,,,,,0,12,0,0,0,,false,3,2,1.025,1.831,,false,32H,OKTU 02; OKTU 21; OKTU D10,OKTU 80,,T,CLOSED - CLOSED,TE-L; HB-L; HB; HB-R; TE-R,1x1,CLOSED - CLOSED,NICKEL,OKST D01; OKST D03; OKST D08; OKST D11; OKST D23,OKST D05; OKST D06; OKST D40,OKST D17; OKST D94; OKST D95,UNDER,SINGLE MUG,COVER 0,,42,,1.038,2.146,28989_6460158,28989-OKTU-3
6460161,28989,2025-09-19,2025,04,407931,1521,2,1,10:52,0,1,1,3,0,3,9,,0,,,,0,0,0,10,0,,0,6460158,6460163,,3.10,0,,58,1,2.3,2.4,0,0,,,0,0,,6; OKST D00 (33); OKST D04 (08); OKST D05 (29); OKST D06 (20); OKST D94 (19); OKST D96 (28),,L,,OKTU 80,LCB (6); FS (10); SCBiR (7); SCBoR (5); RCB (0),LOLB (08); DLT (19); LILB (20); DRT (28); RLB (29); ROLB (33),3-3-5,OKST D00 (ROLB); OKST D01 (LCB); OKST D03 (RCB); OKST D04 (LOLB); OKST D05 (RLB); OKST D06 (LILB); OKST D08 (FS); OKST D11 (SCBiR); OKST D23 (SCBoR); OKST D94 (DLT); OKST D96 (DRT),OKST D00 (0.0); OKST D01 (0.0); OKST D03 (0.0); OKST D04 (+1.5); OKST D05 (0.0); OKST D06 (0.0); OKST D08 (0.0); OKST D11 (0.0); OKST D23 (+1.0); OKST D94 (+0.5); OKST D96 (+0.5),OKST D00; OKST D04; OKST D96,T,OKST,10,,DLT (19); DRT (28),,FIELD GOAL,+20,15,PUNT - FC,-13,9,SD,+38,,,,,0,,,R,L,,OKST D04,PD,,,OKTU 06 (SLoWR); OKTU 54 (RG); OKTU 65 (LG); OKTU 73 (RT); OKST D04 (LOLB); OKST D23 (SCBoR); OKST D94 (DLT); OKST D96 (DRT),,,,,,,,,,LOLB (0); LILB (4); RLB (4); ROLB (0),,C,O,OKTU 54; OKTU 65; OKTU 73,LWR^; SLoWR; SLiWR; HB-L; RWR^,3x1,TE>RWR,3-0-1-1,11,OKTU 00; OKTU 02; OKTU 06; OKTU 07; OKTU 80,OKTU 00 (SLiWR); OKTU 02 (HB-L); OKTU 06 (SLoWR); OKTU 07 (LWR); OKTU 10 (QB); OKTU 54 (RG); OKTU 62 (C); OKTU 65 (LG); OKTU 72 (LT); OKTU 73 (RT); OKTU 80 (RWR),OKTU 00 (0.0); OKTU 02 (0.0); OKTU 06 (0.0); OKTU 07 (0.0); OKTU 10 (0.0); OKTU 54 (-0.5); OKTU 62 (0.0); OKTU 65 (-0.5); OKTU 72 (0.0); OKTU 73 (-1.5); OKTU 80 (0.0),OKTU 00; OKTU 06; OKTU 07; OKTU 10,F,OKTU,OKTU 07; OKTU 80,,6; OKTU 02 (HB-L); OKTU 54 (RG); OKTU 62 (C); OKTU 65 (LG); OKTU 72 (LT); OKTU 73 (RT),OKST D23,3S,OKST D23,,7; OKST D01; OKST D03; OKST D05; OKST D06; OKST D08; OKST D11; OKST D23,27,L,OKTU 10 (QB),LWR 6(6); SLoWR 9s; SLiWR 3(9); HB-L kl; RWR cxd(2),6; 9; 3; -; X,OKTU 07 6(6); OKTU 06 9s; OKTU 00 3(9); OKTU 02 kl; OKTU 80 cxd(2),SLoWR,OKTU 06,INCOMPLETE,9s,9R,4; OKST D00 (ROLB); OKST D04 (LOLB); OKST D94 (DLT); OKST D96 (DRT),HURRY,3,2L,,,,+38,,,,OKST D04; OKST D23; OKST D94; OKST D96,OKST D03 > OKTU 07,OKST D04 (I) OKTU 73; OKST D94 (O) OKTU 54; OKST D96 (O) OKTU 65,0,,,OKTU 10,0,OKST D04,OKTU 73,0,,HB-L,HB-L (-5),L,1; OKTU 02 (HB-L),,,,,,P,,+7,,S,,,,,,,,,,LWR^(-18.5); SLoWR(-11.5); SLiWR(-6.5); RWR^(+10.5),1; OKST D23,0,11,0,0,0,,false,3,2,2.856,-0.843,Seam,false,11,OKTU 02,OKTU 80,OKTU 00; OKTU 06; OKTU 07,GUN WEAK,TRIPS - OPEN,LWR; SLoWR; SLiWR; HB-L; RWR,3x1,TRIPS - OPEN,NICKEL,OKST D01; OKST D03; OKST D08; OKST D11; OKST D23,OKST D04; OKST D05; OKST D06,OKST D00; OKST D94; OKST D96,WIDE OVER,,COVER 3 SEAM,,38,,3.184,-0.739,28989_6460161,28989-OKTU-3
6460163,28989,2025-09-19,2025,04,407931,1547,2,2,10:44,0,,0,3,0,3,10,-1,0,,,,0,0,0,10,0,,0,6460161,6460183,,3.10,0,,59,0,,,0,0,,0,0,0,OKTU 02,6; OKST D00 (33); OKST D04 (10); OKST D05 (15); OKST D06 (25); OKST D94 (22); OKST D96 (29),,,,,LCB (1); SCBL (4); FSL (11); FS (10); RCB (1),LEO (10); LLB (15); NT (22); RILB (25); RE (29); ROLB (33),3-3-5,OKST D00 (ROLB); OKST D01 (LCB); OKST D03 (RCB); OKST D04 (LEO); OKST D05 (LLB); OKST D06 (RILB); OKST D08 (FS); OKST D11 (FSL); OKST D23 (SCBL); OKST D94 (NT); OKST D96 (RE),OKST D00 (0.0); OKST D01 (0.0); OKST D03 (0.0); OKST D04 (0.0); OKST D05 (0.0); OKST D06 (0.0); OKST D08 (0.0); OKST D11 (0.0); OKST D23 (0.0); OKST D94 (0.0); OKST D96 (+0.5),,T,OKST,10,,LEO (10); NT (22); RE (29),,FIELD GOAL,+20,15,PUNT - FC,-13,,,+38,OKST D96,,,,-1,,,R,L,,,,,,OKTU 65 (LG); OKST D96 (RE),,,,,,,,,,LLB (5); RILB (5); ROLB (1),,C,O,,LWR^; HB-R; TE-R^; SRWR; RWR,1x3,,3-0-1-1,11,OKTU 00; OKTU 02; OKTU 03; OKTU 08; OKTU 80,OKTU 00 (SRWR); OKTU 02 (HB-R); OKTU 03 (RWR); OKTU 08 (LWR); OKTU 10 (QB); OKTU 54 (RG); OKTU 62 (C); OKTU 65 (LG); OKTU 72 (LT); OKTU 73 (RT); OKTU 80 (TE-R),OKTU 00 (0.0); OKTU 02 (0.0); OKTU 03 (0.0); OKTU 08 (0.0); OKTU 10 (0.0); OKTU 54 (0.0); OKTU 62 (0.0); OKTU 65 (0.0); OKTU 72 (0.0); OKTU 73 (0.0); OKTU 80 (0.0),OKTU 03; OKTU 08,F,OKTU,OKTU 08; OKTU 80,,,,3S,,,,,,,,,,,,,,,,,,,,,,+39,LT,,LT,OKST D96,OKST D01 > OKTU 03; OKST D03 > OKTU 08,,0,,,OKTU 10,0,,,0,,HB-R,HB-R (-5),L,1; OKTU 02 (HB-R),,,,OUTSIDE ZONE,,R,,+7,,S,,OKST D96,,OKST D96,OKST D08,R,,,,LWR^(-13.5); SRWR(+13.5); RWR(+18.5),,0,14,0,0,0,,false,3,2,2.013,-1.202,,false,11,OKTU 02,OKTU 80,OKTU 00; OKTU 03; OKTU 08,GUN STRONG,TREY - OPEN,LWR; HB-R; TE-R; SRWR; RWR,1x3,TREY - OPEN,NICKEL,OKST D01; OKST D03; OKST D08; OKST D11; OKST D23,OKST D04; OKST D05; OKST D06,OKST D00; OKST D94; OKST D96,ODD,,COVER 3 SEAM,,38,,2.445,-1.138,28989_6460163,28989-OKTU-3
6460183,28989,2025-09-19,2025,04,407931,1573,2,3,10:23,1,1,0,3,0,3,11,9,0,,,,0,0,0,10,0,,0,6460163,6460204,,3.10,0,,60,0,2.5,2.7,0,0,0,0,0,0,OKTU 07,6; OKST D04 (38); OKST D05 (23); OKST D06 (34); OKST D71 (15); OKST D95 (08); OKST D99 (28),,L,,,LCB (0); SCBL (4); FSL (12); SCBR (8); RCB (0),LOLB (08); LE (15); MLB (23); DRT (28); RLB (34); ROLB (38),3-3-5,OKST D01 (LCB); OKST D03 (RCB); OKST D04 (ROLB); OKST D05 (MLB); OKST D06 (RLB); OKST D08 (SCBR); OKST D11 (FSL); OKST D23 (SCBL); OKST D71 (LE); OKST D95 (LOLB); OKST D99 (DRT),OKST D01 (0.0); OKST D03 (-0.5); OKST D04 (0.0); OKST D05 (0.0); OKST D06 (+0.5); OKST D08 (0.0); OKST D11 (0.0); OKST D23 (0.0); OKST D71 (0.0); OKST D95 (0.0); OKST D99 (0.0),OKST D71; OKST D95; OKST D99,T,OKST,11,,LE (15); DRT (28),,FIELD GOAL,+20,15,PUNT - FC,-13,8,SD,+39,,,,,9,,,L,R,OKST D06,,,,,OKTU 07 (LWR); OKTU 65 (LG); OKST D03 (RCB); OKST D06 (RLB),,,,,,,,,,LOLB (0); MLB (5); RLB (3); ROLB (0),,C,O,OKTU 65; OKST D03,LWR^; SLWR; HB-L; SRWR; RWR^,2x2,,4-0-1-0,10,OKTU 00; OKTU 01; OKTU 03; OKTU 06; OKTU 07,OKTU 00 (SLWR); OKTU 01 (HB-L); OKTU 03 (RWR); OKTU 06 (SRWR); OKTU 07 (LWR); OKTU 10 (QB); OKTU 54 (RG); OKTU 62 (C); OKTU 65 (LG); OKTU 72 (LT); OKTU 73 (RT),OKTU 00 (0.0); OKTU 01 (0.0); OKTU 03 (0.0); OKTU 06 (0.0); OKTU 07 (0.0); OKTU 10 (0.0); OKTU 54 (0.0); OKTU 62 (0.0); OKTU 65 (-1.0); OKTU 72 (0.0); OKTU 73 (0.0),OKTU 01; OKTU 06; OKTU 07,F,OKTU,OKTU 03; OKTU 07,,5; OKTU 54 (RG); OKTU 62 (C); OKTU 65 (LG); OKTU 72 (LT); OKTU 73 (RT),,3Sb,OKST D03,,7; OKST D01; OKST D03; OKST D05; OKST D08; OKST D11; OKST D23; OKST D95,9,L,OKTU 10 (QB),LWR 6o(12); SLWR 12(5); HB-L h7s; SRWR 9o; RWR 6(4),6; 4; 9; 9; 6,OKTU 07 6o(12); OKTU 00 12(5); OKTU 01 h7s; OKTU 06 9o; OKTU 03 6(4),LWR,OKTU 07,COMPLETE,6o(12),6R,4; OKST D04 (ROLB); OKST D06 (RLB); OKST D71 (LE); OKST D99 (DRT),HIT,1,1L,,,,+30,,,,OKST D06,OKST D01 > OKTU 03; OKST D03 > OKTU 07,OKST D06 (O) OKTU 65,0,,,OKTU 10,0,OKST D06,OKTU 65,0,,HB-L,HB-L (-5),,1; OKTU 01 (HB-L),,,,,,P,,+7,,S,,,,,,,,,,LWR^(-20.5); SLWR(-16.5); SRWR(+11.5); RWR^(+19.5),,0,20,0,0,0,RAN OUT OF BOUNDS,false,2,2,0.811,0.647,Hitch,false,10,OKTU 01,,OKTU 00; OKTU 03; OKTU 06; OKTU 07,GUN WEAK,SLOT - SLOT,LWR; SLWR; HB-L; SRWR; RWR,2x2,SLOT - SLOT,NICKEL,OKST D01; OKST D03; OKST D08; OKST D11; OKST D23,OKST D04; OKST D05; OKST D06,OKST D71; OKST D95; OKST D99,EVEN,,COVER 3 SEAM,,39,,1.307,0.461,28989_6460183,28989-OKTU-3
6460204,28989,2025-09-19,2025,04,407931,1601,2,4,09:46,1,1,0,3,0,3,12,4,0,1,,,0,0,0,10,0,,1,6460183,6460208,,3.10,1,,61,0,,1.1,0,0,6,2,0,0,OKTU 23,8; OKST D04 (34); OKST D05 (16); OKST D06 (28); OKST D10 (44); OKST D23 (00); OKST D71 (27); OKST D95 (10); OKST D99 (15),,R,,,LCB (0); SCBL (6); FS (9),LLB (00); LEO (10); LE (15); LILB (16); DRT (27); RILB (28); REO (34); RLB (44),3-3-5,OKST D01 (LCB); OKST D04 (REO); OKST D05 (LILB); OKST D06 (RILB); OKST D08 (FS); OKST D10 (RLB); OKST D11 (SCBL); OKST D23 (LLB); OKST D71 (DRT); OKST D95 (LEO); OKST D99 (LE),OKST D01 (0.0); OKST D04 (0.0); OKST D05 (0.0); OKST D06 (-0.5); OKST D08 (0.0); OKST D10 (0.0); OKST D11 (0.0); OKST D23 (0.0); OKST D71 (0.0); OKST D95 (0.0); OKST D99 (0.0),OKST D10,F,OKST,2,,LEO (10); LE (15); DRT (27); REO (34),,FIELD GOAL,+20,15,PUNT - FC,-13,6,SD,+30,OKST D06,,,,4,,,L,R,,,,,,OKTU 23 (TE-oL); OKST D06 (RILB),,,,,,,,,,LLB (2); LILB (4); RILB (4); RLB (5),,C,O,OKST D06,TE-oL; TE-iL^; HB-L; SRWR; RWR^,2x2,,2-0-1-2,12,OKTU 03; OKTU 07; OKTU 21; OKTU 23; OKTU 80,OKTU 03 (RWR); OKTU 07 (SRWR); OKTU 10 (QB); OKTU 21 (HB-L); OKTU 23 (TE-oL); OKTU 54 (RG); OKTU 62 (C); OKTU 65 (LG); OKTU 72 (LT); OKTU 73 (RT); OKTU 80 (TE-iL),OKTU 03 (0.0); OKTU 07 (0.0); OKTU 10 (0.0); OKTU 21 (0.0); OKTU 23 (+0.5); OKTU 54 (0.0); OKTU 62 (0.0); OKTU 65 (0.0); OKTU 72 (0.0); OKTU 73 (0.0); OKTU 80 (0.0),OKTU 21; OKTU 23; OKTU 80,T,OKTU,OKTU 03; OKTU 80,,6; OKTU 21 (HB-L); OKTU 54 (RG); OKTU 62 (C); OKTU 65 (LG); OKTU 72 (LT); OKTU 73 (RT),,3b,OKST D06,,6; OKST D01; OKST D05; OKST D06; OKST D08; OKST D10; OKST D11,-2,M,OKTU 10 (QB),TE-oL 0u(-3); TE-iL z; HB-L fr; SRWR r; RWR r,0; -; -; -; -,OKTU 23 0u(-3); OKTU 80 z; OKTU 21 fr; OKTU 07 r; OKTU 03 r,TE-oL,OKTU 23,COMPLETE,0u(-3),0R,5; OKST D04 (REO); OKST D23 (LLB); OKST D71 (DRT); OKST D95 (LEO); OKST D99 (LE),,9,3L,,,OKTU 21,+26,,,,OKTU 23,OKST D01 > OKTU 03,,0,,,OKTU 10,0,,,0,,HB-L,HB-L (-5),,1; OKTU 21 (HB-L),,,,INSIDE ZONE,,P,,+7,,S,,,,OKST D06,,L;L,,,,SRWR(+6.5); RWR^(+16.5),,1,15,0,0,0,,false,2,2,1.458,2.313,Bubble,false,12,OKTU 21,OKTU 23; OKTU 80,OKTU 03; OKTU 07,GUN STRONG,SLOT - WING,TE-oL; TE-iL; HB-L; SRWR; RWR,2x2,SLOT - WING,NICKEL,OKST D01; OKST D08; OKST D10; OKST D11; OKST D23,OKST D04; OKST D05; OKST D06,OKST D71; OKST D95; OKST D99,EVEN,,COVER 3,,30,,1.768,2.026,28989_6460204,28989-OKTU-3
6460208,28989,2025-09-19,2025,04,407931,1629,2,1,09:15,0,0,0,3,0,3,13,,0,,,,0,0,0,10,0,,1,6460204,6460214,,3.10,0,,62,1,2.2,3.3,0,0,,,0,0,,5; OKST D04 (32); OKST D06 (24); OKST D71 (16); OKST D95 (08); OKST D99 (25),,L,,,LCB (6); SCBoL (6); SCBiL (5); SSL (9); SSR (10); RCB (0),SSL (00); LOLB (08); DLT (16); RILB (24); DRT (25); ROLB (32); SSR (32),3-3-5,OKST D01 (LCB); OKST D04 (ROLB); OKST D05 (SCBiL); OKST D06 (RILB); OKST D08 (SSR); OKST D10 (RCB); OKST D11 (SSL); OKST D23 (SCBoL); OKST D71 (DLT); OKST D95 (LOLB); OKST D99 (DRT),OKST D01 (0.0); OKST D04 (0.0); OKST D05 (0.0); OKST D06 (0.0); OKST D08 (0.0); OKST D10 (0.0); OKST D11 (0.0); OKST D23 (0.0); OKST D71 (0.0); OKST D95 (0.0); OKST D99 (0.0),,,OKST,10,,DLT (16); DRT (25),,FIELD GOAL,+20,15,PUNT - FC,-13,9,SL,+26,,,,,0,,,L,R,OKST D04,OKST D71,TA,,,OKTU 54 (RG); OKST D04 (ROLB); OKST D71 (DLT),,,,,,,,,,LOLB (0); RILB (5); ROLB (0),,O,O,OKTU 54,LWR^; HB-L; SRiWR; SRoWR; RWR^,1x3,,4-0-1-0,10,OKTU 00; OKTU 01; OKTU 03; OKTU 06; OKTU 07,OKTU 00 (SRoWR); OKTU 01 (HB-L); OKTU 03 (RWR); OKTU 06 (SRiWR); OKTU 07 (LWR); OKTU 10 (QB); OKTU 54 (RG); OKTU 62 (C); OKTU 65 (LG); OKTU 72 (LT); OKTU 73 (RT),OKTU 00 (0.0); OKTU 01 (0.0); OKTU 03 (0.0); OKTU 06 (0.0); OKTU 07 (0.0); OKTU 10 (0.0); OKTU 54 (-1.0); OKTU 62 (0.0); OKTU 65 (0.0); OKTU 72 (0.0); OKTU 73 (0.0),OKTU 00; OKTU 01; OKTU 06,,OKTU,OKTU 03; OKTU 07,,5; OKTU 54 (RG); OKTU 62 (C); OKTU 65 (LG); OKTU 72 (LT); OKTU 73 (RT),,4,,,7; OKST D01; OKST D05; OKST D06; OKST D08; OKST D10; OKST D11; OKST D23,,X,OKTU 10 (QB),LWR 9o; HB-L h3(-5); SRiWR xo(15); SRoWR 6(11); RWR 36(15),9; H3; X; 6; 3,OKTU 07 9o; OKTU 01 h3(-5); OKTU 06 xo(15); OKTU 00 6(11); OKTU 03 36(15),,,THROWN AWAY,,,4; OKST D04 (ROLB); OKST D71 (DLT); OKST D95 (LOLB); OKST D99 (DRT),HIT,,,,,,+26,,,,,OKST D10 > OKTU 07,OKST D04 (CU); OKST D71 (U) OKTU 54,0,,,OKTU 10,1,OKST D04; OKST D71,OKTU 54,0,,HB-L,HB-L (-5),,1; OKTU 01 (HB-L),,,,POWER,,P,,+7,,S,,,,,,,,OKST D71 (R.B.N) DLT,,LWR^(-19.5); SRiWR(+4.5); SRoWR(+8.5); RWR^(+16.5),,0,15,0,0,0,,false,2,2,3.771,-0.634,,false,10,OKTU 01,,OKTU 00; OKTU 03; OKTU 06; OKTU 07,GUN WEAK,TRIPS - OPEN,LWR; HB-L; SRiWR; SRoWR; RWR,1x3,TRIPS - OPEN,NICKEL,OKST D01; OKST D08; OKST D10; OKST D11; OKST D23,OKST D04; OKST D05; OKST D06,OKST D71; OKST D95; OKST D99,WIDE OVER,,COVER 4,,26,,3.794,-0.621,28989_6460208,28989-OKTU-3
6460214,28989,2025-09-19,2025,04,407931,1655,2,2,09:09,0,,0,3,0,3,14,4,0,,,,0,0,1,10,0,,0,6460208,6460220,,3.10,0,,63,0,,,0,0,,3,0,0,OKTU 21,7; OKST D04 (36); OKST D05 (12); OKST D06 (23); OKST D10 (38); OKST D71 (18); OKST D95 (10); OKST D99 (26),,,,,LCB (1); SCBoL (6); SCBiL (7); FS (10),LEO (10); LLB (12); DLT (18); MLB (23); DRT (26); ROLB (36); RLB (38),3-3-5,OKST D01 (LCB); OKST D04 (ROLB); OKST D05 (LLB); OKST D06 (MLB); OKST D08 (FS); OKST D10 (RLB); OKST D11 (SCBiL); OKST D23 (SCBoL); OKST D71 (DLT); OKST D95 (LEO); OKST D99 (DRT),OKST D01 (0.0); OKST D04 (0.0); OKST D05 (0.0); OKST D06 (0.0); OKST D08 (0.0); OKST D10 (0.0); OKST D11 (0.0); OKST D23 (0.0); OKST D71 (0.0); OKST D95 (0.0); OKST D99 (0.0),,T,OKST,10,,LEO (10); DLT (18); DRT (26),,FIELD GOAL,+20,15,PUNT - FC,-13,,,+26,OKST D06,,,,4,,,L,R,,,,,,,,,,,,,,,,LLB (4); MLB (4); RLB (5); ROLB (0),,C,C,,FB-L; HB; SRiWR; SRoWR^; RWR^,0x3,TE>FB-L,3-0-1-1,11,OKTU 00; OKTU 03; OKTU 08; OKTU 21; OKTU 80,OKTU 00 (SRiWR); OKTU 03 (RWR); OKTU 08 (SRoWR); OKTU 10 (QB); OKTU 21 (HB); OKTU 54 (RG); OKTU 62 (C); OKTU 65 (LG); OKTU 72 (LT); OKTU 73 (RT); OKTU 80 (FB-L),OKTU 00 (0.0); OKTU 03 (0.0); OKTU 08 (0.0); OKTU 10 (0.0); OKTU 21 (0.0); OKTU 54 (0.0); OKTU 62 (0.0); OKTU 65 (0.0); OKTU 72 (0.0); OKTU 73 (0.0); OKTU 80 (0.0),OKTU 08; OKTU 21; OKTU 80,F,OKTU,OKTU 03; OKTU 08,,,,1,,,,,,,,,,,,,,,,,,,,P,,+22,LG,,LG,,OKST D01 > OKTU 03,,0,,,OKTU 10,0,,,0,,HB; FB-L,HB (-7); FB-L (-4),R,2; OKTU 21 (HB); OKTU 80 (FB-L),,,,OUTSIDE ZONE,CROSS LEAD,R,,+7,,S,,OKST D06,,OKST D06,,,,,,SRiWR(+7.5); SRoWR^(+12.5); RWR^(+16.5),,0,17,0,0,0,,false,2,2,3.137,0.176,,false,11,OKTU 21,OKTU 80,OKTU 00; OKTU 03; OKTU 08,PISTOL I WEAK,TRIPS - NIX,FB-L; HB; SRiWR; SRoWR; RWR,0x3,TRIPS - NIX,NICKEL,OKST D01; OKST D08; OKST D10; OKST D11; OKST D23,OKST D04; OKST D05; OKST D06,OKST D71; OKST D95; OKST D99,EVEN,,COVER 1,,26,,3.173,-0.166,28989_6460214,28989-OKTU-3
6460220,28989,2025-09-19,2025,04,407931,1681,2,3,08:32,0,,0,3,0,3,15,2,0,,,,0,0,0,10,1,,0,6460214,6460223,,3.10,0,,64,0,,,0,0,,3,0,0,OKTU 21,7; OKST D05 (23); OKST D06 (19); OKST D23 (35); OKST D40 (35); OKST D71 (16); OKST D95 (08); OKST D99 (26),,,,,LCB (0); SCBL (6); FS (9); RCB (6),LOLB (08); DLT (16); LILB (19); MLB (23); DRT (26); RLB (35); ROLB (35),3-3-5,OKST D01 (LCB); OKST D05 (MLB); OKST D06 (LILB); OKST D08 (FS); OKST D10 (RCB); OKST D11 (SCBL); OKST D23 (RLB); OKST D40 (ROLB); OKST D71 (DLT); OKST D95 (LOLB); OKST D99 (DRT),OKST D01 (0.0); OKST D05 (0.0); OKST D06 (0.0); OKST D08 (0.0); OKST D10 (0.0); OKST D11 (0.0); OKST D23 (0.0); OKST D40 (0.0); OKST D71 (+0.5); OKST D95 (+0.5); OKST D99 (0.0),OKST D40,T,OKST,6,,DLT (16); DRT (26),,FIELD GOAL,+20,15,PUNT - FC,-13,,,+22,OKST D95,,,,2,,,L,R,,,,,,OKTU 54 (RG); OKST D71 (DLT); OKST D95 (LOLB),,,,,,,,,,LOLB (0); LILB (5); MLB (4); RLB (3); ROLB (0),,C,C,OKTU 54,LWR^; HB-L; HB-R; SRWR; RWR^,1x2,,3-0-2-0,20,OKTU 00; OKTU 01; OKTU 03; OKTU 08; OKTU 21,OKTU 00 (SRWR); OKTU 01 (HB-L); OKTU 03 (LWR); OKTU 08 (RWR); OKTU 10 (QB); OKTU 21 (HB-R); OKTU 54 (RG); OKTU 62 (C); OKTU 65 (LG); OKTU 72 (LT); OKTU 73 (RT),OKTU 00 (0.0); OKTU 01 (0.0); OKTU 03 (0.0); OKTU 08 (0.0); OKTU 10 (0.0); OKTU 21 (0.0); OKTU 54 (-0.5); OKTU 62 (0.0); OKTU 65 (0.0); OKTU 72 (0.0); OKTU 73 (0.0),OKTU 01,F,OKTU,OKTU 03; OKTU 08,,,,3S,,,,,,,LWR r; HB-L h21(-2); HB-R r; SRWR 9y; RWR 9si,-; H4; -; 9; 9,OKTU 03 r; OKTU 01 h21(-2); OKTU 21 r; OKTU 00 9y; OKTU 08 9si,,,,,,,,,,,,,+20,MR,,MR,OKST D71; OKST D95,OKST D01 > OKTU 08,,0,,,OKTU 10,0,,,0,,HB-L; HB-R,HB-L (-5); HB-R (-5),L,2; OKTU 01 (HB-L); OKTU 21 (HB-R),,,,INSIDE ZONE,READ OPTION,R,,+7,OKTU 00* (L:Rx),S,,OKST D95,,OKST D95,,,,,,LWR^(-13.5); SRWR(-0.5); RWR^(+10.5),,1,10,0,0,0,,false,2,2,3.313,-1.399,,false,20,OKTU 01; OKTU 21,,OKTU 00; OKTU 03; OKTU 08,GUN SPLIT,SLOT - OPEN,LWR; SLWR; HB-L; HB-R; RWR,2x1,SLOT - OPEN,NICKEL,OKST D01; OKST D08; OKST D10; OKST D11; OKST D23,OKST D05; OKST D06; OKST D40,OKST D71; OKST D95; OKST D99,WIDE OVER,,COVER 3 SEAM,,22,,3.007,-1.2,28989_6460220,28989-OKTU-3
6460266,28989,2025-09-19,2025,04,407931,1847,2,1,06:16,0,,0,3,0,4,1,0,0,,,,0,0,0,13,0,,0,6460258,6460283,,3.13,0,,71,0,,,0,0,,2,0,0,OKTU 21,8; OKST D06 (25); OKST D18 (34); OKST D23 (34); OKST D25 (18); OKST D33 (15); OKST D40 (34); OKST D96 (19); OKST D99 (27),,,,,LCB (0); SSL (7); RCB (7),SSL (05); LE (15); LILB (18); DLT (19); RILB (25); DRT (27); RLB (34); RLB (34); ROLB (34),3-3-5,OKST D01 (LCB); OKST D06 (RILB); OKST D08 (SSL); OKST D10 (RCB); OKST D18 (RLB); OKST D23 (RLB); OKST D25 (LILB); OKST D33 (LE); OKST D40 (ROLB); OKST D96 (DLT); OKST D99 (DRT),OKST D01 (0.0); OKST D06 (0.0); OKST D08 (+1.0); OKST D10 (0.0); OKST D18 (0.0); OKST D23 (0.0); OKST D25 (0.0); OKST D33 (+1.0); OKST D40 (0.0); OKST D96 (0.0); OKST D99 (0.0),DRIVE START,T,OKST,10,,LE (15); DLT (19); DRT (27),,FIELD GOAL,+29,10,PUNT - OOB,-30,,,-30,OKST D08,,,,0,,,L,R,,,,,,OKTU 23 (FB-R); OKTU 54 (RG); OKST D08 (SSL); OKST D33 (LE),,,,,,,,,,LILB (4); RILB (4); RLB (2); RLB (5); ROLB (0),,O,O,OKTU 23; OKTU 54,LWR^; FB-L; HB; FB-R; RWR^,1x1,TE>FB-L; TE>FB-R,2-0-1-2,12,OKTU 03; OKTU 08; OKTU 21; OKTU 23; OKTU 80,OKTU 03 (LWR); OKTU 08 (RWR); OKTU 10 (QB); OKTU 21 (HB); OKTU 23 (FB-R); OKTU 54 (RG); OKTU 62 (C); OKTU 65 (LG); OKTU 72 (LT); OKTU 77 (RT); OKTU 80 (FB-L),OKTU 03 (0.0); OKTU 08 (0.0); OKTU 10 (0.0); OKTU 21 (0.0); OKTU 23 (-1.0); OKTU 54 (-1.0); OKTU 62 (0.0); OKTU 65 (0.0); OKTU 72 (0.0); OKTU 77 (0.0); OKTU 80 (0.0),DRIVE START,F,OKTU,OKTU 03; OKTU 08,,,,4,,,,,,,,,,,,,,,,,,,,P,,-30,RE,,RE,OKST D08; OKST D33,OKST D01 > OKTU 08,,0,,,OKTU 10,0,,,0,,HB; FB-L; FB-R,HB (-7); FB-L (-4); FB-R (-4),R,3; OKTU 21 (HB); OKTU 23 (FB-R); OKTU 80 (FB-L),,,,OUTSIDE ZONE,LEAD;SPLIT,R,,+10,,S,,OKST D08,,OKST D08,OKST D33,,,,,LWR^(-19.5); RWR^(+13.5),,0,23,0,0,0,,false,2,2,0.805,-0.828,,false,12,OKTU 21,OKTU 23; OKTU 80,OKTU 03; OKTU 08,PISTOL DIAMOND,OPEN - OPEN,LWR; FB-L; HB; FB-R; RWR,1x1,OPEN - OPEN,NICKEL,OKST D01; OKST D08; OKST D10; OKST D18; OKST D23,OKST D06; OKST D25; OKST D40,OKST D33; OKST D96; OKST D99,WIDE UNDER,,COVER 4,,70,,0.76,-0.955,28989_6460266,28989-OKTU-4
6460283,28989,2025-09-19,2025,04,407931,1873,2,2,05:46,0,,0,3,0,4,2,8,0,,,,0,1,0,13,0,-10,0,6460266,6460298,,3.13,0,,72,0,,,0,0,,3,0,0,OKTU 21,7; OKST D06 (26); OKST D23 (03); OKST D25 (18); OKST D33 (34); OKST D40 (10); OKST D96 (25); OKST D99 (20),,,,,LCB (5); FS (10); SSR (8); RCB (0),LLB (03); LEO (10); LILB (18); DLT (20); DRT (25); RILB (26); REO (34); SSR (44),3-3-5,OKST D01 (LCB); OKST D06 (RILB); OKST D08 (SSR); OKST D10 (RCB); OKST D18 (FS); OKST D23 (LLB); OKST D25 (LILB); OKST D33 (REO); OKST D40 (LEO); OKST D96 (DRT); OKST D99 (DLT),OKST D01 (0.0); OKST D06 (0.0); OKST D08 (0.0); OKST D10 (0.0); OKST D18 (0.0); OKST D23 (0.0); OKST D25 (0.0); OKST D33 (-1.0); OKST D40 (0.0); OKST D96 (+0.5); OKST D99 (0.0),,F,OKST,10,,LEO (10); DLT (20); DRT (25); REO (34),,FIELD GOAL,+29,10,PUNT - OOB,-30,,,-30,OKST D06,,,,-10,,,R,L,,,,,,OKTU 21 (HB); OKTU 23 (TE-oR); OKTU 65 (LG); OKST D33 (REO); OKST D96 (DRT),,,,,,,,,,LLB (3); LILB (4); RILB (4),,C,O,OKTU 65; OKST D33,LWR^; HB; TE-iR^; TE-oR; RWR,1x3,,2-0-1-2,12,OKTU 03; OKTU 08; OKTU 21; OKTU 23; OKTU 80,OKTU 03 (RWR); OKTU 08 (LWR); OKTU 10 (QB); OKTU 21 (HB); OKTU 23 (TE-oR); OKTU 54 (RG); OKTU 62 (C); OKTU 65 (LG); OKTU 72 (LT); OKTU 77 (RT); OKTU 80 (TE-iR),OKTU 03 (0.0); OKTU 08 (0.0); OKTU 10 (0.0); OKTU 21 (+0.5); OKTU 23 (+0.5); OKTU 54 (0.0); OKTU 62 (0.0); OKTU 65 (-1.0); OKTU 72 (0.0); OKTU 77 (0.0); OKTU 80 (0.0),,T,OKTU,OKTU 08; OKTU 80,,,,3,,,,,,,,,,,,,,,,,,,OKTU 65 OH,P,,-20,LG,,LG,OKTU 21; OKTU 23; OKST D96,OKST D10 > OKTU 08,,0,,,OKTU 10,0,,,0,,HB,HB (-7),R,1; OKTU 21 (HB),,,,INSIDE ZONE,SPLIT,R,,+10,OKTU 03* (R:L{R}),S,,,,OKST D06,,R;R,,,,LWR^(-12.5); RWR(+11.5),,0,16,0,0,0,,false,2,2,-0.023,-0.896,,false,12,OKTU 21,OKTU 23; OKTU 80,OKTU 03; OKTU 08,PISTOL,TOAD WING - OPEN,LWR; HB; TE-iR; TE-oR; RWR,1x3,TOAD WING - OPEN,NICKEL,OKST D01; OKST D08; OKST D10; OKST D18; OKST D23,OKST D06; OKST D25; OKST D40,OKST D33; OKST D96; OKST D99,WIDE UNDER,,COVER 3,,70,,-0.195,-1.35,28989_6460283,28989-OKTU-4
6460298,28989,2025-09-19,2025,04,407931,1910,2,2,05:31,0,1,0,3,0,4,3,17,0,,,,0,0,0,13,0,,1,6460283,6460304,,3.13,0,,73,0,,1.9,0,0,8,4,0,0,OKTU 00,6; OKST D06 (16); OKST D25 (27); OKST D33 (34); OKST D40 (08); OKST D96 (28); OKST D99 (19),,R,,,LCB (1); SCBL (6); SSR (10); SCBR (4); RCB (2),LOLB (08); LILB (16); DLT (19); RILB (27); DRT (28); REO (34); SSR (44),3-3-5,OKST D01 (LCB); OKST D06 (LILB); OKST D08 (SSR); OKST D10 (RCB); OKST D18 (SCBL); OKST D23 (SCBR); OKST D25 (RILB); OKST D33 (REO); OKST D40 (LOLB); OKST D96 (DRT); OKST D99 (DLT),OKST D01 (0.0); OKST D06 (0.0); OKST D08 (0.0); OKST D10 (0.0); OKST D18 (-0.5); OKST D23 (0.0); OKST D25 (0.0); OKST D33 (0.0); OKST D40 (0.0); OKST D96 (0.0); OKST D99 (0.0),,F,OKST,20,,DLT (19); DRT (28); REO (34),,FIELD GOAL,+29,10,PUNT - OOB,-30,6,SD,-20,OKST D18,,,,17,,,R,L,,,,,,OKTU 00 (SRWR); OKST D18 (SCBL),,,,,,,,,,LOLB (0); LILB (4); RILB (4),,C,O,OKST D18,LWR^; SLWR; HB-L; SRWR; RWR^,2x2,,4-0-1-0,10,OKTU 00; OKTU 01; OKTU 03; OKTU 06; OKTU 07,OKTU 00 (SRWR); OKTU 01 (HB-L); OKTU 03 (LWR); OKTU 06 (SLWR); OKTU 07 (RWR); OKTU 10 (QB); OKTU 54 (RG); OKTU 62 (C); OKTU 65 (LG); OKTU 72 (LT); OKTU 77 (RT),OKTU 00 (+0.5); OKTU 01 (0.0); OKTU 03 (0.0); OKTU 06 (0.0); OKTU 07 (0.0); OKTU 10 (0.0); OKTU 54 (0.0); OKTU 62 (0.0); OKTU 65 (0.0); OKTU 72 (0.0); OKTU 77 (0.0),OKTU 00; OKTU 01; OKTU 06; OKTU 07,T,OKTU,OKTU 03; OKTU 07,,5; OKTU 54 (RG); OKTU 62 (C); OKTU 65 (LG); OKTU 72 (LT); OKTU 77 (RT),,1,OKST D18,,7; OKST D01; OKST D06; OKST D08; OKST D10; OKST D18; OKST D23; OKST D25,9,M,OKTU 10 (QB),LWR 6(6); SLWR 9s; HB-L fr; SRWR 2(5); RWR 2(4),6; 9; -; 2; 2,OKTU 03 6(6); OKTU 06 9s; OKTU 01 fr; OKTU 00 2(5); OKTU 07 2(4),SRWR,OKTU 00,COMPLETE,2(5),2R,4; OKST D33 (REO); OKST D40 (LOLB); OKST D96 (DRT); OKST D99 (DLT),,35,5R,,,OKTU 01,-37,,,,OKTU 00,OKST D01 > OKTU 07; OKST D10 > OKTU 03,,0,,,OKTU 10,0,,,0,,HB-L,HB-L (-5),,1; OKTU 01 (HB-L),,,,INSIDE ZONE,,P,,+10,,S,,,,OKST D18,,,,,,LWR^(-20.5); SLWR(-9.5); SRWR(+16.5); RWR^(+22.5),,1,16,0,0,0,,false,2,2,-0.919,1.482,Slant,false,10,OKTU 01,,OKTU 00; OKTU 03; OKTU 06; OKTU 07,GUN STRONG,SLOT - SLOT,LWR; SLWR; HB-L; SRWR; RWR,2x2,SLOT - SLOT,NICKEL,OKST D01; OKST D08; OKST D10; OKST D18; OKST D23,OKST D06; OKST D25; OKST D40,OKST D33; OKST D96; OKST D99,WIDE OVER,,COVER 1,,80,,-1.545,1.676,28989_6460298,28989-OKTU-4
6460304,28989,2025-09-19,2025,04,407931,1938,2,3,05:14,1,,0,3,0,4,4,20,0,1,,,0,0,0,13,0,,0,6460298,6460306,,3.13,0,,74,0,,,0,0,,21,0,0,OKTU 01,5; OKST D25 (23); OKST D33 (32); OKST D40 (09); OKST D96 (24); OKST D99 (17),,,,,LCB (0); SCBL (5); SSL (9); SSR (8); SCBR (3); RCB (3),SSL (00); LOLB (09); DLT (17); MLB (23); DRT (24); REO (32); SSR (44),3-3-5,OKST D01 (LCB); OKST D06 (SCBL); OKST D08 (SSR); OKST D10 (RCB); OKST D18 (SSL); OKST D23 (SCBR); OKST D25 (MLB); OKST D33 (REO); OKST D40 (LOLB); OKST D96 (DRT); OKST D99 (DLT),OKST D01 (0.0); OKST D06 (0.0); OKST D08 (0.0); OKST D10 (0.0); OKST D18 (-1.0); OKST D23 (-1.0); OKST D25 (-1.0); OKST D33 (0.0); OKST D40 (0.0); OKST D96 (0.0); OKST D99 (0.0),,F,OKST,3,,DLT (17); DRT (24); REO (32),,FIELD GOAL,+29,10,PUNT - OOB,-30,,,-37,OKST D23,,,,20,,,C,C,,,,,,OKTU 01 (HB-R); OKST D18 (SSL); OKST D23 (SCBR); OKST D25 (MLB),,,,,,,,,,LOLB (0); MLB (4),OKST D18; OKST D23; OKST D25,C,O,OKST D18; OKST D23; OKST D25,LWR^; SLWR; HB-R; SRWR; RWR^,2x2,,4-0-1-0,10,OKTU 00; OKTU 01; OKTU 03; OKTU 06; OKTU 07,OKTU 00 (SRWR); OKTU 01 (HB-R); OKTU 03 (LWR); OKTU 06 (SLWR); OKTU 07 (RWR); OKTU 10 (QB); OKTU 54 (RG); OKTU 62 (C); OKTU 65 (LG); OKTU 72 (LT); OKTU 77 (RT),OKTU 00 (0.0); OKTU 01 (+1.0); OKTU 03 (0.0); OKTU 06 (0.0); OKTU 07 (0.0); OKTU 10 (0.0); OKTU 54 (0.0); OKTU 62 (0.0); OKTU 65 (0.0); OKTU 72 (0.0); OKTU 77 (0.0),,T,OKTU,OKTU 03; OKTU 07,,,,3b,,,,,,,LWR z; SLWR 0u(-4); HB-R r; SRWR 2(1); RWR 2(3),-; 0; -; 2; 2,OKTU 03 z; OKTU 06 0u(-4); OKTU 01 r; OKTU 00 2(1); OKTU 07 2(3),,,,,,,,,,,,,+43,ML,,ML,OKTU 01,OKST D01 > OKTU 07,,0,,,OKTU 10,0,,,0,,HB-R,HB-R (-4),L,1; OKTU 01 (HB-R),,,,OUTSIDE ZONE,,R,,+10,,S,,,,OKST D01,,,,,,LWR^(-21.5); SLWR(-12.5); SRWR(+14.5); RWR^(+20.5),,1,31,0,0,0,,true,2,2,0.563,1.986,,false,10,OKTU 01,,OKTU 00; OKTU 03; OKTU 06; OKTU 07,GUN WEAK,SLOT - SLOT,LWR; SLWR; HB-R; SRWR; RWR,2x2,SLOT - SLOT,NICKEL,OKST D01; OKST D08; OKST D10; OKST D18; OKST D23,OKST D06; OKST D25; OKST D40,OKST D33; OKST D96; OKST D99,WIDE OVER,,COVER 3,,63,,0.131,2.747,28989_6460304,28989-OKTU-4
6460306,28989,2025-09-19,2025,04,407931,1964,2,1,04:38,0,,0,3,0,4,5,3,0,,,,0,0,0,13,0,,0,6460304,6460311,,3.13,0,,75,0,,,0,0,,2,0,0,OKTU 21,8; OKST D05 (16); OKST D06 (24); OKST D10 (40); OKST D18 (00); OKST D33 (30); OKST D40 (38); OKST D96 (22); OKST D99 (14),,,,,LCB (0); SCBL (3); FS (11),LLB (00); LE (14); LILB (16); NT (22); RILB (24); RE (30); ROLB (38); RLB (40),3-3-5,OKST D03 (LCB); OKST D05 (LILB); OKST D06 (RILB); OKST D08 (FS); OKST D10 (RLB); OKST D18 (LLB); OKST D23 (SCBL); OKST D33 (RE); OKST D40 (ROLB); OKST D96 (NT); OKST D99 (LE),OKST D03 (0.0); OKST D05 (0.0); OKST D06 (0.0); OKST D08 (0.0); OKST D10 (0.0); OKST D18 (0.0); OKST D23 (0.0); OKST D33 (0.0); OKST D40 (0.0); OKST D96 (-0.5); OKST D99 (0.0),OKST D03; OKST D05,T,OKST,10,,LE (14); NT (22); RE (30),,FIELD GOAL,+29,10,PUNT - OOB,-30,,,+43,OKST D99,,,,3,,,R,L,,,,,,OKTU 23 (TE-R); OKTU 54 (RG); OKTU 77 (RT); OKST D05 (LILB); OKST D96 (NT); OKST D99 (LE),,,,,,,,,,LLB (4); LILB (4); RILB (5); RLB (5); ROLB (0),,C,C,OKTU 23; OKST D96,TE-L^; HB-R; TE-R; SRWR; RWR^,1x3,,2-0-1-2,12,OKTU 03; OKTU 07; OKTU 21; OKTU 23; OKTU 80,OKTU 03 (RWR); OKTU 07 (SRWR); OKTU 10 (QB); OKTU 21 (HB-R); OKTU 23 (TE-R); OKTU 54 (RG); OKTU 62 (C); OKTU 65 (LG); OKTU 72 (LT); OKTU 77 (RT); OKTU 80 (TE-L),OKTU 03 (0.0); OKTU 07 (0.0); OKTU 10 (0.0); OKTU 21 (0.0); OKTU 23 (-1.0); OKTU 54 (+0.5); OKTU 62 (0.0); OKTU 65 (0.0); OKTU 72 (0.0); OKTU 77 (0.0); OKTU 80 (0.0),OKTU 21; OKTU 23; OKTU 80,F,OKTU,OKTU 03; OKTU 80,,,,1,,,,,,,,,,,,,,,,,,,,,,+40,RG,,RG,OKTU 54,OKST D03 > OKTU 03,,0,,,OKTU 10,0,,,0,,HB-R,HB-R (-5),L,1; OKTU 21 (HB-R),,,,OUTSIDE ZONE,SPLIT,R,,+10,,S,,OKST D99,,OKST D99,OKST D33,L;R,,,,SRWR(+13.5); RWR^(+19.5),,0,13,0,0,0,,false,2,2,2.549,-0.43,,false,12,OKTU 21,OKTU 23; OKTU 80,OKTU 03; OKTU 07,GUN WEAK,TREY - CLOSED,TE-L; HB-R; TE-R; SRWR; RWR,1x3,TREY - CLOSED,NICKEL,OKST D03; OKST D08; OKST D10; OKST D18; OKST D23,OKST D05; OKST D06; OKST D40,OKST D33; OKST D96; OKST D99,ODD,,COVER 1,,43,,2.878,-0.258,28989_6460306,28989-OKTU-4
6460311,28989,2025-09-19,2025,04,407931,1990,2,2,03:58,1,0,0,3,0,4,6,,0,,,,0,0,0,13,0,,1,6460306,6460313,,3.13,0,,76,0,,1.5,0,0,,,0,0,,6; OKST D04 (07); OKST D05 (28); OKST D06 (15); OKST D33 (34); OKST D96 (27); OKST D99 (19),OKTU 00; OKTU 80,R,,,LCB (1); FS (12); SCBiR (6); SCBoR (4); RCB (0),LOLB (07); LLB (15); DLT (19); DRT (27); RILB (28); REO (34),3-3-5,OKST D01 (RCB); OKST D03 (LCB); OKST D04 (LOLB); OKST D05 (RILB); OKST D06 (LLB); OKST D08 (SCBiR); OKST D18 (FS); OKST D23 (SCBoR); OKST D33 (REO); OKST D96 (DRT); OKST D99 (DLT),OKST D01 (0.0); OKST D03 (0.0); OKST D04 (0.0); OKST D05 (0.0); OKST D06 (0.0); OKST D08 (+1.0); OKST D18 (0.0); OKST D23 (0.0); OKST D33 (0.0); OKST D96 (0.0); OKST D99 (0.0),OKST D01; OKST D04,T,OKST,7,,DLT (19); DRT (27); REO (34),,FIELD GOAL,+29,10,PUNT - OOB,-30,6,SD,+40,,,,,0,,,C,C,,,PD,OKTU 54,,OKTU 10 (QB); OKST D08 (SCBiR),,,,,,,,,,LOLB (0); LLB (4); RILB (4),,C,C,OKTU 10,LWR^; SLoWR; SLiWR; HB-L; RWR^,3x1,TE>SLiWR,3-0-1-1,11,OKTU 00; OKTU 02; OKTU 03; OKTU 07; OKTU 80,OKTU 00 (SLoWR); OKTU 02 (HB-L); OKTU 03 (LWR); OKTU 07 (RWR); OKTU 10 (QB); OKTU 54 (RG); OKTU 62 (C); OKTU 65 (LG); OKTU 72 (LT); OKTU 77 (RT); OKTU 80 (SLiWR),OKTU 00 (0.0); OKTU 02 (0.0); OKTU 03 (0.0); OKTU 07 (0.0); OKTU 10 (-1.0); OKTU 54 (0.0); OKTU 62 (0.0); OKTU 65 (0.0); OKTU 72 (0.0); OKTU 77 (0.0); OKTU 80 (0.0),OKTU 00; OKTU 02,F,OKTU,OKTU 03; OKTU 07,,5; OKTU 54 (RG); OKTU 62 (C); OKTU 65 (LG); OKTU 72 (LT); OKTU 77 (RT),OKST D08,1b,OKST D08,,6; OKST D01; OKST D03; OKST D05; OKST D08; OKST D18; OKST D23,5,M,OKTU 10 (QB),LWR 2(5); SLoWR 2(2); SLiWR 2(-1); HB-L fr; RWR r,2; 2; 2; -; -,OKTU 03 2(5); OKTU 00 2(2); OKTU 80 2(-1); OKTU 02 fr; OKTU 07 r,SLiWR,OKTU 80,INCOMPLETE,2(-1),2R,5; OKST D04 (LOLB); OKST D06 (LLB); OKST D33 (REO); OKST D96 (DRT); OKST D99 (DLT),,20,4,,,OKTU 02,+40,,,,OKST D08,OKST D01 > OKTU 03; OKST D03 > OKTU 07,,0,,,OKTU 10,0,,,0,,HB-L,HB-L (-5),,1; OKTU 02 (HB-L),,,,OUTSIDE ZONE,,P,,+10,,S,,,,,,,,,,LWR^(-19.5); SLoWR(-15.5); SLiWR(-12.5); RWR^(+8.5),1; OKST D08,1,8,0,0,0,,false,2,2,2.119,-0.615,Slant,false,11,OKTU 02,OKTU 80,OKTU 00; OKTU 03; OKTU 07,GUN STRONG,TRIPS - OPEN,LWR; SLoWR; SLiWR; HB-L; RWR,3x1,TRIPS - OPEN,NICKEL,OKST D01; OKST D03; OKST D08; OKST D18; OKST D23,OKST D04; OKST D05; OKST D06,OKST D33; OKST D96; OKST D99,WIDE OVER,,COVER 1,,40,,2.62,-1.011,28989_6460311,28989-OKTU-4
6460313,28989,2025-09-19,2025,04,407931,2016,2,3,03:53,1,1,0,3,0,4,7,11,0,1,,,0,0,0,13,0,,0,6460311,6460316,,3.13,0,,77,1,,1.9,0,0,5,5,0,0,OKTU 00,6; OKST D04 (37); OKST D05 (18); OKST D26 (08); OKST D33 (12); OKST D96 (28); OKST D99 (18),OKTU 00; OKTU 07,R,,,LCB (1); SCBL (5); FS (10); SCBR (0); RCB (6),LOLB (08); LEO (12); LILB (18); DLT (18); DRT (28); ROLB (37),3-3-5,OKST D01 (SCBR); OKST D03 (LCB); OKST D04 (ROLB); OKST D05 (LILB); OKST D08 (RCB); OKST D18 (SCBL); OKST D23 (FS); OKST D26 (LOLB); OKST D33 (LEO); OKST D96 (DRT); OKST D99 (DLT),OKST D01 (0.0); OKST D03 (0.0); OKST D04 (0.0); OKST D05 (0.0); OKST D08 (-0.5); OKST D18 (0.0); OKST D23 (0.0); OKST D26 (0.0); OKST D33 (0.0); OKST D96 (0.0); OKST D99 (0.0),OKST D26,F,OKST,7,,LEO (12); DLT (18); DRT (28),,FIELD GOAL,+29,10,PUNT - OOB,-30,8,SD,+40,OKST D08,,,,11,,,C,C,,,,,,OKTU 00 (LWR); OKTU 10 (QB); OKST D08 (RCB),,,,,,,,,,LOLB (0); LILB (4); ROLB (0),,C,C,OKST D08,LWR; SLWR^; HB-R; SRWR; RWR^,2x2,TE>SRWR,3-0-1-1,11,OKTU 00; OKTU 03; OKTU 07; OKTU 21; OKTU 80,OKTU 00 (LWR); OKTU 03 (RWR); OKTU 07 (SLWR); OKTU 10 (QB); OKTU 21 (HB-R); OKTU 60 (RG); OKTU 62 (C); OKTU 65 (LG); OKTU 72 (LT); OKTU 77 (RT); OKTU 80 (SRWR),OKTU 00 (+0.5); OKTU 03 (0.0); OKTU 07 (0.0); OKTU 10 (+0.5); OKTU 21 (0.0); OKTU 60 (0.0); OKTU 62 (0.0); OKTU 65 (0.0); OKTU 72 (0.0); OKTU 77 (0.0); OKTU 80 (0.0),OKTU 21; OKTU 60,T,OKTU,OKTU 03; OKTU 07,,6; OKTU 21 (HB-R); OKTU 60 (RG); OKTU 62 (C); OKTU 65 (LG); OKTU 72 (LT); OKTU 77 (RT),,1b,OKST D08,,6; OKST D01; OKST D03; OKST D05; OKST D08; OKST D18; OKST D23,6,M,OKTU 10 (QB),LWR 2(3); SLWR 7i(14); HB-R kr; SRWR 4(8); RWR 8i(11),2; 7; -; 4; 8,OKTU 00 2(3); OKTU 07 7i(14); OKTU 21 kr; OKTU 80 4(8); OKTU 03 8i(11),LWR,OKTU 00,COMPLETE,2(3),2R,5; OKST D04 (ROLB); OKST D26 (LOLB); OKST D33 (LEO); OKST D96 (DRT); OKST D99 (DLT),,20,4,,,,+29,,,,OKTU 00; OKTU 10,OKST D01 > OKTU 07; OKST D03 > OKTU 03,,0,,,OKTU 10,0,,,0,,HB-R,HB-R (-5),R,1; OKTU 21 (HB-R),,,,,,P,,+10,OKTU 00* (R:Lx),S,,,,OKST D08,,,,,,LWR(-7.5); SLWR^(-6.5); SRWR(+12.5); RWR^(+17.5),1; OKST D08,0,13,0,0,0,,false,2,2,1.504,1.927,Slant,false,11,OKTU 21,OKTU 80,OKTU 00; OKTU 03; OKTU 07,GUN STRONG,SLOT - SLOT,LWR; HB-R; SRiWR; SRoWR; RWR,1x3,TRIPS - OPEN,NICKEL,OKST D01; OKST D03; OKST D08; OKST D18; OKST D23,OKST D04; OKST D05; OKST D26,OKST D33; OKST D96; OKST D99,WIDE UNDER,,COVER 1,,40,,1.609,2.049,28989_6460313,28989-OKTU-4
6460316,28989,2025-09-19,2025,04,407931,2044,2,1,03:24,0,1,0,3,0,4,8,,0,,,,0,0,0,13,0,,1,6460313,6460321,,3.13,0,,78,0,1.9,2.3,0,0,,,0,0,,6; OKST D04 (09); OKST D05 (34); OKST D26 (24); OKST D33 (30); OKST D96 (22); OKST D99 (14),,C,,,LCB (1); SSL (9); SSR (10); SCBR (4); RCB (0),SSL (00); LOLB (09); LE (14); NT (22); RILB (24); RE (30); RLB (34); SSR (44),3-3-5,OKST D01 (RCB); OKST D03 (LCB); OKST D04 (LOLB); OKST D05 (RLB); OKST D08 (SSR); OKST D18 (SSL); OKST D23 (SCBR); OKST D26 (RILB); OKST D33 (RE); OKST D96 (NT); OKST D99 (LE),OKST D01 (0.0); OKST D03 (-1.0); OKST D04 (0.0); OKST D05 (0.0); OKST D08 (0.0); OKST D18 (0.0); OKST D23 (0.0); OKST D26 (0.0); OKST D33 (0.0); OKST D96 (0.0); OKST D99 (0.0),,T,OKST,10,,LE (14); NT (22); RE (30),,FIELD GOAL,+29,10,PUNT - OOB,-30,0,RR,+29,,,,,0,,,C,C,,OKST D04,RE,,,OKTU 03 (RWR); OKST D03 (LCB); OKST D04 (LOLB),,,,,,,,,,LOLB (0); RILB (4); RLB (4),,C,O,OKST D03,LWR^; SLWR; TE-L; HB-R; RWR^,3x1,,3-0-1-1,11,OKTU 00; OKTU 03; OKTU 07; OKTU 21; OKTU 80,OKTU 00 (SLWR); OKTU 03 (RWR); OKTU 07 (LWR); OKTU 10 (QB); OKTU 21 (HB-R); OKTU 60 (RG); OKTU 62 (C); OKTU 65 (LG); OKTU 72 (LT); OKTU 77 (RT); OKTU 80 (TE-L),OKTU 00 (0.0); OKTU 03 (0.0); OKTU 07 (0.0); OKTU 10 (0.0); OKTU 21 (0.0); OKTU 60 (0.0); OKTU 62 (0.0); OKTU 65 (0.0); OKTU 72 (0.0); OKTU 77 (0.0); OKTU 80 (0.0),,F,OKTU,OKTU 03; OKTU 07,,6; OKTU 60 (RG); OKTU 62 (C); OKTU 65 (LG); OKTU 72 (LT); OKTU 77 (RT); OKTU 80 (TE-L),,3S,OKST D03,,7; OKST D01; OKST D03; OKST D05; OKST D08; OKST D18; OKST D23; OKST D26,16,R,OKTU 10 (QB),LWR r; SLWR r; TE-L r; HB-R fl; RWR 9b(16),-; -; -; -; 9,OKTU 07 r; OKTU 00 r; OKTU 80 r; OKTU 21 fl; OKTU 03 9b(16),RWR,OKTU 03,INCOMPLETE,9b(16),9R,4; OKST D04 (LOLB); OKST D33 (RE); OKST D96 (NT); OKST D99 (LE),HURRY,52,7R,,,OKTU 21,+29,,,,,OKST D01 > OKTU 07; OKST D03 > OKTU 03,OKST D04 (U),0,,,OKTU 10,0,OKST D04,,0,,HB-R,HB-R (-5),,1; OKTU 21 (HB-R),,,,INSIDE ZONE,,P,,+10,OKTU 00 (R:L{L}); OKTU 21 (B:B),S,,,,,,L,,OKST D04 (R.E.D) LOLB,,LWR^(-17.5); SLWR(-13.5); RWR^(+16.5),,1,18,0,0,0,,true,2,2,3.431,-0.529,Back Shoulder Go,true,11,OKTU 21,OKTU 80,OKTU 00; OKTU 03; OKTU 07,GUN WEAK,TREY - OPEN,LWR; SLWR; TE-L; HB-R; RWR,3x1,TREY - OPEN,NICKEL,OKST D01; OKST D03; OKST D08; OKST D18; OKST D23,OKST D04; OKST D05; OKST D26,OKST D33; OKST D96; OKST D99,ODD,,COVER 3 SEAM,,29,,3.658,-0.65,28989_6460316,28989-OKTU-4
6460321,28989,2025-09-19,2025,04,407931,2070,2,2,03:17,0,,0,3,0,4,9,0,0,,,,0,0,0,13,0,,0,6460316,6460327,,3.13,0,,79,0,,,0,0,,0,0,0,OKTU 21,6; OKST D04 (34); OKST D05 (15); OKST D06 (22); OKST D33 (10); OKST D96 (26); OKST D99 (18),,,,,LCB (1); SCBoL (4); SCBiL (8); SSR (10); RCB (6),LOLB (10); LLB (15); DLT (18); MLB (22); DRT (26); SSR (33); ROLB (34),3-3-5,OKST D01 (RCB); OKST D04 (ROLB); OKST D05 (LLB); OKST D06 (MLB); OKST D08 (SCBiL); OKST D10 (LCB); OKST D18 (SSR); OKST D23 (SCBoL); OKST D33 (LOLB); OKST D96 (DRT); OKST D99 (DLT),OKST D01 (0.0); OKST D04 (0.0); OKST D05 (+0.5); OKST D06 (0.0); OKST D08 (0.0); OKST D10 (0.0); OKST D18 (0.0); OKST D23 (0.0); OKST D33 (+0.5); OKST D96 (+0.5); OKST D99 (+0.5),OKST D06; OKST D10,T,OKST,10,,DLT (18); DRT (26),,FIELD GOAL,+29,10,PUNT - OOB,-30,,,+29,OKST D33,,,,0,,,C,C,,,,,,OKTU 60 (RG); OKTU 62 (C); OKTU 77 (RT); OKST D05 (LLB); OKST D33 (LOLB); OKST D96 (DRT); OKST D99 (DLT),,,,,,,,,,LOLB (0); LLB (5); MLB (5); ROLB (0),,C,O,OKTU 60; OKTU 62; OKTU 77,LWR^; HB; SRiWR; SRoWR; RWR^,1x3,TE>SRiWR,3-0-1-1,11,OKTU 00; OKTU 03; OKTU 07; OKTU 21; OKTU 80,OKTU 00 (SRoWR); OKTU 03 (RWR); OKTU 07 (LWR); OKTU 10 (QB); OKTU 21 (HB); OKTU 60 (RG); OKTU 62 (C); OKTU 65 (LG); OKTU 72 (LT); OKTU 77 (RT); OKTU 80 (SRiWR),OKTU 00 (0.0); OKTU 03 (0.0); OKTU 07 (0.0); OKTU 10 (0.0); OKTU 21 (0.0); OKTU 60 (-0.5); OKTU 62 (-0.5); OKTU 65 (0.0); OKTU 72 (0.0); OKTU 77 (-0.5); OKTU 80 (0.0),,F,OKTU,OKTU 03; OKTU 07,,,,3S,,,,,,,,,,,,,,,,,,,,P,,+29,MR,,MR,OKST D05; OKST D33; OKST D96; OKST D99,OKST D10 > OKTU 03,,0,,,OKTU 10,0,,,0,,HB,HB (-7),L,1; OKTU 21 (HB),,,,OUTSIDE ZONE,CROSS LEAD,R,,+10,OKTU 80* (R:L{R}),S,,OKST D33,,OKST D33,OKST D99,,,,,LWR^(-9.5); SRiWR(+7.5); SRoWR(+15.5); RWR^(+20.5),,0,7,0,0,0,,false,2,2,2.902,-0.916,,false,11,OKTU 21,OKTU 80,OKTU 00; OKTU 03; OKTU 07,PISTOL,TRIPS - OPEN,LWR; HB; SRiWR; SRoWR; RWR,1x3,TRIPS - OPEN,NICKEL,OKST D01; OKST D08; OKST D10; OKST D18; OKST D23,OKST D04; OKST D05; OKST D06,OKST D33; OKST D96; OKST D99,EVEN,,COVER 3 SEAM,,29,,3.008,-0.883,28989_6460321,28989-OKTU-4
6460327,28989,2025-09-19,2025,04,407931,2096,2,3,02:45,0,0,1,3,0,4,10,,0,,,,0,0,0,13,0,,0,6460321,6460328,,3.13,0,,80,1,,2.4,0,0,,,0,0,,5; OKST D04 (38); OKST D05 (15); OKST D33 (07); OKST D81 (16); OKST D94 (29),,R,,OKTU 02,LCB (4); SCBoL (4); SCBiL (4); FSL (12); FS (9); RCB (4),LEO (07); LLB (15); DLT (16); RE (29); ROLB (38),3-3-5,OKST D01 (SCBiL); OKST D04 (ROLB); OKST D05 (LLB); OKST D06 (RCB); OKST D08 (FSL); OKST D10 (LCB); OKST D18 (FS); OKST D23 (SCBoL); OKST D33 (LEO); OKST D81 (DLT); OKST D94 (RE),OKST D01 (0.0); OKST D04 (0.0); OKST D05 (0.0); OKST D06 (0.0); OKST D08 (0.0); OKST D10 (0.0); OKST D18 (0.0); OKST D23 (+0.5); OKST D33 (0.0); OKST D81 (0.0); OKST D94 (0.0),OKST D81; OKST D94,T,OKST,10,,LEO (07); DLT (16); RE (29),,FIELD GOAL,+29,10,PUNT - OOB,-30,8,SD,+29,,,,,0,,,L,R,,,OT,,,OKTU 10 (QB); OKST D23 (SCBoL),,,,,,,,,,LLB (4); ROLB (0),,O,O,OKTU 10,LWR^; HB-R; SRiWR; SRoWR; RWR^,1x3,TE>LWR,3-0-1-1,11,OKTU 02; OKTU 03; OKTU 06; OKTU 08; OKTU 80,OKTU 02 (HB-R); OKTU 03 (RWR); OKTU 06 (SRiWR); OKTU 08 (SRoWR); OKTU 10 (QB); OKTU 60 (RG); OKTU 62 (C); OKTU 65 (LG); OKTU 72 (LT); OKTU 77 (RT); OKTU 80 (LWR),OKTU 02 (0.0); OKTU 03 (0.0); OKTU 06 (0.0); OKTU 08 (0.0); OKTU 10 (-0.5); OKTU 60 (0.0); OKTU 62 (0.0); OKTU 65 (0.0); OKTU 72 (0.0); OKTU 77 (0.0); OKTU 80 (0.0),OKTU 02; OKTU 06; OKTU 08,F,OKTU,OKTU 03; OKTU 80,,5; OKTU 60 (RG); OKTU 62 (C); OKTU 65 (LG); OKTU 72 (LT); OKTU 77 (RT),,2M,OKST D23,OKST D08,7; OKST D01; OKST D05; OKST D06; OKST D08; OKST D10; OKST D18; OKST D23,34,R,OKTU 10 (QB),LWR xd(3); HB-R ch6(-1); SRiWR 3(13); SRoWR 9s; RWR 6(6),X; H6; 3; 9; 6,OKTU 80 xd(3); OKTU 02 ch6(-1); OKTU 06 3(13); OKTU 08 9s; OKTU 03 6(6),SRoWR,OKTU 08,INCOMPLETE,9s,9R,4; OKST D04 (ROLB); OKST D33 (LEO); OKST D81 (DLT); OKST D94 (RE),,51,6R,,,,+29,,,,OKST D23,,,0,,,OKTU 10,0,,,0,,HB-R,HB-R (-5),,1; OKTU 02 (HB-R),,,,,,P,,+10,,S,,,,,,,,,,LWR^(-12.5); SRiWR(+6.5); SRoWR(+10.5); RWR^(+17.5),,0,16,0,0,0,,false,2,2,1.986,-0.686,Seam,false,11,OKTU 02,OKTU 80,OKTU 03; OKTU 06; OKTU 08,GUN WEAK,TRIPS - OPEN,LWR; HB-R; SRiWR; SRoWR; RWR,1x3,TRIPS - OPEN,NICKEL,OKST D01; OKST D08; OKST D10; OKST D18; OKST D23,OKST D04; OKST D05; OKST D06,OKST D33; OKST D81; OKST D94,EVEN,,COVER 2 MAN,,29,,2.125,-1.276,28989_6460327,28989-OKTU-4
6460410,28989,2025-09-19,2025,04,407931,2438,2,1,01:13,0,1,0,3,0,5,1,7,0,,,,0,0,1,16,0,,1,6460403,6460417,,3.16,0,,93,0,1.2,1.2,0,1,7,7,0,0,OKTU 80,7; OKST D04 (34); OKST D05 (13); OKST D06 (19); OKST D10 (38); OKST D95 (10); OKST D96 (15); OKST D99 (23),OKTU 00; OKTU 07,R,,,LCB (2); SCBoL (4); SCBiL (8); FS (12),LEO (10); LLB (13); LE (15); LILB (19); NRT (23); REO (34); RLB (38),3-3-5,OKST D03 (LCB); OKST D04 (REO); OKST D05 (LLB); OKST D06 (LILB); OKST D08 (FS); OKST D10 (RLB); OKST D11 (SCBiL); OKST D14 (SCBoL); OKST D95 (LEO); OKST D96 (LE); OKST D99 (NRT),OKST D03 (0.0); OKST D04 (0.0); OKST D05 (0.0); OKST D06 (0.0); OKST D08 (0.0); OKST D10 (-0.5); OKST D11 (0.0); OKST D14 (0.0); OKST D95 (0.0); OKST D96 (0.0); OKST D99 (0.0),DRIVE START,F,OKST,10,,LEO (10); LE (15); NRT (23); REO (34),,END OF HALF,-18,3,PUNT - FC,-5,6,SD,-5,OKST D10,,,,7,,,L,R,OKST D04,,,,,OKTU 80 (LT); OKST D04 (REO); OKST D10 (RLB),,,,,,,,,,LLB (4); LILB (4); RLB (5),,C,O,OKST D10,HB-L; TE-R^; SRiWR; SRoWR; RWR^,0x4,OL>TE-R; TE>LT,3-0-1-1,11,OKTU 00; OKTU 03; OKTU 07; OKTU 21; OKTU 72,OKTU 00 (SRiWR); OKTU 03 (RWR); OKTU 07 (SRoWR); OKTU 10 (QB); OKTU 21 (HB-L); OKTU 54 (LG); OKTU 60 (RG); OKTU 62 (C); OKTU 72 (TE-R); OKTU 77 (RT); OKTU 80 (LT),OKTU 00 (0.0); OKTU 03 (0.0); OKTU 07 (0.0); OKTU 10 (0.0); OKTU 21 (0.0); OKTU 54 (0.0); OKTU 60 (0.0); OKTU 62 (0.0); OKTU 72 (0.0); OKTU 77 (0.0); OKTU 80 (+0.5),DRIVE START,T,OKTU,OKTU 03; OKTU 72,,5; OKTU 54 (LG); OKTU 60 (RG); OKTU 62 (C); OKTU 72 (TE-R); OKTU 77 (RT),,1,OKST D10,,7; OKST D03; OKST D05; OKST D06; OKST D08; OKST D10; OKST D11; OKST D14,0,L,OKTU 10 (QB),LT 1; HB-L fr; TE-R k; SRiWR r; SRoWR r; RWR r,3; -; -; -; -; -,OKTU 80 1; OKTU 21 fr; OKTU 72 k; OKTU 00 r; OKTU 07 r; OKTU 03 r,LT,OKTU 80,COMPLETE,1,1R,4; OKST D04 (REO); OKST D95 (LEO); OKST D96 (LE); OKST D99 (NRT),HIT,7,2L,,,OKTU 21,-12,,,,OKTU 80,OKST D03 > OKTU 03,OKST D04 (U),0,,,OKTU 10,0,OKST D04,,0,,HB-L,HB-L (-5),,1; OKTU 21 (HB-L),,,,OUTSIDE ZONE,,P,,+13,,S,,,,OKST D08,OKST D10,R,,OKST D04 (L.E.D) REO,,SRiWR(+6.5); SRoWR(+9.5); RWR^(+17.5),,1,20,0,0,0,,false,2,1,0.077,-0.045,Flat,false,11,OKTU 21,OKTU 80,OKTU 00; OKTU 03; OKTU 07,GUN WEAK,QUAY - NIX,HB-L; TE-R; SRiWR; SRoWR; RWR,0x4,QUAY - NIX,NICKEL,OKST D03; OKST D08; OKST D10; OKST D11; OKST D14,OKST D04; OKST D05; OKST D06,OKST D95; OKST D96; OKST D99,OVER,,COVER 1,,95,,-1.486,0.322,28989_6460410,28989-OKTU-5
6460417,28989,2025-09-19,2025,04,407931,2466,2,2,00:32,0,,0,3,0,5,2,2,0,,,,0,0,0,16,1,,0,6460410,6460425,,3.16,0,,94,0,,,0,0,,2,0,0,OKTU 21,7; OKST D03 (03); OKST D04 (36); OKST D05 (30); OKST D06 (20); OKST D95 (06); OKST D96 (16); OKST D99 (24),OKTU 00; OKTU 03; OKTU 07,,,,FS (11); SCBiR (10); SCBoR (4); RCB (1),LLB (03); LEO (06); DLT (16); LILB (20); DRT (24); RLB (30); ROLB (36),3-3-5,OKST D03 (LLB); OKST D04 (ROLB); OKST D05 (RLB); OKST D06 (LILB); OKST D08 (SCBiR); OKST D10 (RCB); OKST D11 (FS); OKST D14 (SCBoR); OKST D95 (LEO); OKST D96 (DLT); OKST D99 (DRT),OKST D03 (0.0); OKST D04 (+0.5); OKST D05 (0.0); OKST D06 (0.0); OKST D08 (0.0); OKST D10 (0.0); OKST D11 (0.0); OKST D14 (0.0); OKST D95 (0.0); OKST D96 (0.0); OKST D99 (0.0),,F,OKST,3,,LEO (06); DLT (16); DRT (24),,END OF HALF,-18,3,PUNT - FC,-5,,,-12,OKST D99,,,,2,,,L,R,,,,,,OKTU 54 (LG); OKST D04 (ROLB); OKST D99 (DRT),,,,,,,,,,LLB (4); LILB (4); RLB (4); ROLB (0),,O,O,,LWR^; SLoWR; SLiWR; HB-L; TE-R^,3x1,,3-0-1-1,11,OKTU 00; OKTU 03; OKTU 07; OKTU 21; OKTU 80,OKTU 00 (SLiWR); OKTU 03 (LWR); OKTU 07 (SLoWR); OKTU 10 (QB); OKTU 21 (HB-L); OKTU 54 (LG); OKTU 60 (RG); OKTU 62 (C); OKTU 72 (LT); OKTU 77 (RT); OKTU 80 (TE-R),OKTU 00 (0.0); OKTU 03 (0.0); OKTU 07 (0.0); OKTU 10 (0.0); OKTU 21 (0.0); OKTU 54 (+0.5); OKTU 60 (0.0); OKTU 62 (0.0); OKTU 72 (0.0); OKTU 77 (0.0); OKTU 80 (0.0),,T,OKTU,OKTU 03; OKTU 80,,,,4,,,,,,,LWR z; SLoWR z; SLiWR 0u(-2); HB-L r; TE-R r,-; -; 0; -; -,OKTU 03 z; OKTU 07 z; OKTU 00 0u(-2); OKTU 21 r; OKTU 80 r,,,,,,,,,,,,,-14,LG,VOLUNTARY,ML,OKTU 54; OKST D04,OKST D10 > OKTU 03,,0,,,OKTU 10,0,,,0,,HB-L,HB-L (-5),R,1; OKTU 21 (HB-L),,,,OUTSIDE ZONE,READ OPTION,R,,+13,,S,,,,OKST D99,OKST D04,R,,,,LWR^(-22.5); SLoWR(-20.5); SLiWR(-17.5),,1,7,0,0,0,,false,2,1,0.032,-0.038,,false,11,OKTU 21,OKTU 80,OKTU 00; OKTU 03; OKTU 07,GUN WEAK,TRIPS - CLOSED,LWR; SLoWR; SLiWR; HB-L; TE-R,3x1,TRIPS - CLOSED,NICKEL,OKST D03; OKST D08; OKST D10; OKST D11; OKST D14,OKST D04; OKST D05; OKST D06,OKST D95; OKST D96; OKST D99,WIDE OVER,,COVER 4,,88,,-1.164,-0.546,28989_6460417,28989-OKTU-5
6460425,28989,2025-09-19,2025,04,407931,2492,2,3,00:26,1,,0,3,0,5,3,4,0,1,,,0,0,0,16,1,,0,6460417,6460551,,3.16,0,,95,1,,,0,0,,3,0,0,OKTU 21,7; OKST D04 (34); OKST D05 (14); OKST D06 (24); OKST D10 (38); OKST D95 (09); OKST D96 (20); OKST D99 (27),OKTU 00; OKTU 07,,,,LCB (1); SCBoL (4); SCBiL (6); FS (11),LEO (09); LLB (14); DLT (20); RILB (24); DRT (27); REO (34); RLB (38),3-3-5,OKST D03 (LCB); OKST D04 (REO); OKST D05 (LLB); OKST D06 (RILB); OKST D08 (FS); OKST D10 (RLB); OKST D11 (SCBiL); OKST D14 (SCBoL); OKST D95 (LEO); OKST D96 (DLT); OKST D99 (DRT),OKST D03 (0.0); OKST D04 (0.0); OKST D05 (+0.5); OKST D06 (0.0); OKST D08 (0.0); OKST D10 (0.0); OKST D11 (0.0); OKST D14 (0.0); OKST D95 (0.0); OKST D96 (0.0); OKST D99 (0.0),,F,OKST,1,,LEO (09); DLT (20); DRT (27); REO (34),,END OF HALF,-18,3,PUNT - FC,-5,,,-14,OKST D99,,,,4,,,L,R,,,,,,OKTU 21 (HB-L); OKTU 60 (RG); OKTU 72 (LT); OKST D05 (LLB); OKST D99 (DRT),,,,,,,,,,LLB (3); RILB (4); RLB (5),,C,C,OKTU 60,TE-L^; HB-L; SRiWR; SRoWR; RWR^,1x3,,3-0-1-1,11,OKTU 00; OKTU 03; OKTU 07; OKTU 21; OKTU 80,OKTU 00 (SRiWR); OKTU 03 (RWR); OKTU 07 (SRoWR); OKTU 10 (QB); OKTU 21 (HB-L); OKTU 54 (LG); OKTU 60 (RG); OKTU 62 (C); OKTU 72 (LT); OKTU 77 (RT); OKTU 80 (TE-L),OKTU 00 (0.0); OKTU 03 (0.0); OKTU 07 (0.0); OKTU 10 (0.0); OKTU 21 (+0.5); OKTU 54 (0.0); OKTU 60 (-1.0); OKTU 62 (0.0); OKTU 72 (0.0); OKTU 77 (0.0); OKTU 80 (0.0),,T,OKTU,OKTU 03; OKTU 80,,,,1b,,,,,,,TE-L 1; HB-L r; SRiWR r; SRoWR r; RWR r,3; -; -; -; -,OKTU 80 1; OKTU 21 r; OKTU 00 r; OKTU 07 r; OKTU 03 r,,,,,,,,,,,,,-18,MR,,MR,OKTU 21; OKST D05,OKST D03 > OKTU 03,,0,,,OKTU 10,0,,,0,,HB-L,HB-L (-5),R,1; OKTU 21 (HB-L),,,,INSIDE ZONE,READ OPTION,R,,+13,,S,,,,OKST D99,,L,,,,SRiWR(+8.5); SRoWR(+11.5); RWR^(+17.5),,1,20,0,0,0,,false,1,1,-0.006,0.0,,false,11,OKTU 21,OKTU 80,OKTU 00; OKTU 03; OKTU 07,GUN STRONG,TRIPS - CLOSED,TE-L; HB-L; SRiWR; SRoWR; RWR,1x3,TRIPS - CLOSED,NICKEL,OKST D03; OKST D08; OKST D10; OKST D11; OKST D14,OKST D04; OKST D05; OKST D06,OKST D95; OKST D96; OKST D99,WIDE OVER,,COVER 1,,86,,-1.71,0.0,28989_6460425,28989-OKTU-5
6460559,28989,2025-09-19,2025,04,407931,2545,3,1,15:00,1,,0,3,0,6,1,19,0,1,,,0,0,0,16,1,,0,6460551,6460562,,3.16,0,,97,0,,,0,0,,9,0,0,OKTU 21,7; OKST D04 (34); OKST D05 (16); OKST D06 (44); OKST D18 (34); OKST D95 (10); OKST D96 (19); OKST D99 (28),,,,,LCB (1); SCBoL (5); SCBiL (10); RCB (7),LEO (10); LILB (16); DLT (19); DRT (28); RLB (34); ROLB (34); ROLB (44),3-3-5,OKST D03 (LCB); OKST D04 (ROLB); OKST D05 (LILB); OKST D06 (ROLB); OKST D10 (RCB); OKST D11 (SCBiL); OKST D14 (SCBoL); OKST D18 (RLB); OKST D95 (LEO); OKST D96 (DLT); OKST D99 (DRT),OKST D03 (0.0); OKST D04 (0.0); OKST D05 (0.0); OKST D06 (0.0); OKST D10 (0.0); OKST D11 (0.0); OKST D14 (0.0); OKST D18 (-0.5); OKST D95 (0.0); OKST D96 (-0.5); OKST D99 (0.0),DRIVE START,F,OKST,10,,LEO (10); DLT (19); DRT (28),,FIELD GOAL,+29,9,KICKOFF - TB,-25,,,-25,OKST D05,,,,19,,,L,R,,,,,,OKTU 21 (HB-R); OKTU 60 (RG); OKTU 73 (RT); OKTU 80 (LWR); OKST D05 (LILB); OKST D18 (RLB); OKST D96 (DLT),,,,,,,,,,LILB (4); RLB (5); ROLB (0); ROLB (0),,C,C,OKST D18; OKST D96,LWR^; HB-R; SRiWR; SRoWR; RWR^,1x3,TE>LWR,3-0-1-1,11,OKTU 00; OKTU 03; OKTU 07; OKTU 21; OKTU 80,OKTU 00 (SRoWR); OKTU 03 (SRiWR); OKTU 07 (RWR); OKTU 10 (QB); OKTU 21 (HB-R); OKTU 60 (RG); OKTU 62 (C); OKTU 65 (LG); OKTU 72 (LT); OKTU 73 (RT); OKTU 80 (LWR),OKTU 00 (0.0); OKTU 03 (0.0); OKTU 07 (0.0); OKTU 10 (0.0); OKTU 21 (+1.0); OKTU 60 (0.0); OKTU 62 (0.0); OKTU 65 (0.0); OKTU 72 (0.0); OKTU 73 (+0.5); OKTU 80 (+0.5),DRIVE START,T,OKTU,OKTU 07; OKTU 80,,,,3b,,,,,,,LWR r; HB-R r; SRiWR 0u(-6); SRoWR 2(3); RWR 2(4),-; -; 0; 2; 2,OKTU 80 r; OKTU 21 r; OKTU 03 0u(-6); OKTU 00 2(3); OKTU 07 2(4),,,,,,,,,,,,,-44,ML,,ML,OKTU 21; OKTU 73; OKTU 80,OKST D03 > OKTU 07,,0,,,OKTU 10,0,,,0,,HB-R,HB-R (-5),L,1; OKTU 21 (HB-R),,,,OUTSIDE ZONE,READ OPTION,R,,+13,OKTU 03* (L:Rx),S,,,,OKST D95,,,,,,LWR^(-13.5); SRiWR(-5.5); SRoWR(+7.5); RWR^(+16.5),,1,14,0,0,0,,false,3,3,-0.191,1.93,,false,11,OKTU 21,OKTU 80,OKTU 00; OKTU 03; OKTU 07,GUN WEAK,TRIPS - OPEN,LWR; SLWR; HB-R; SRWR; RWR,2x2,SLOT - SLOT,NICKEL,OKST D03; OKST D10; OKST D11; OKST D14; OKST D18,OKST D04; OKST D05; OKST D06,OKST D95; OKST D96; OKST D99,WIDE UNDER,,COVER 3,,75,,0.31,1.635,28989_6460559,28989-OKTU-6
6460562,28989,2025-09-19,2025,04,407931,2571,3,1,14:40,0,1,0,3,0,6,2,6,0,,,,0,0,0,16,0,,0,6460559,6460564,,3.16,0,,98,1,,1.6,0,0,5,3,0,0,OKTU 21,5; OKST D04 (34); OKST D06 (23); OKST D95 (09); OKST D96 (16); OKST D99 (25),,R,,,LCB (6); SCBoL (5); SCBiL (4); SSL (9); SSR (10); RCB (0),SSL (00); LOLB (09); DLT (16); MLB (23); DRT (25); SSR (32); ROLB (34),3-3-5,OKST D03 (LCB); OKST D04 (ROLB); OKST D05 (SCBiL); OKST D06 (MLB); OKST D10 (RCB); OKST D11 (SSL); OKST D14 (SCBoL); OKST D18 (SSR); OKST D95 (LOLB); OKST D96 (DLT); OKST D99 (DRT),OKST D03 (0.0); OKST D04 (0.0); OKST D05 (0.0); OKST D06 (0.0); OKST D10 (0.0); OKST D11 (0.0); OKST D14 (0.0); OKST D18 (0.0); OKST D95 (0.0); OKST D96 (0.0); OKST D99 (0.0),,F,OKST,10,,DLT (16); DRT (25),,FIELD GOAL,+29,9,KICKOFF - TB,-25,8,SD,-44,OKST D06,,,,6,,,L,R,,,,,,,,,,,,,,,,LOLB (0); MLB (4); ROLB (0),,O,O,,LWR^; HB-L; SRiWR; SRoWR; RWR^,1x3,TE>SRiWR,3-0-1-1,11,OKTU 00; OKTU 03; OKTU 07; OKTU 21; OKTU 80,OKTU 00 (SRoWR); OKTU 03 (LWR); OKTU 07 (RWR); OKTU 10 (QB); OKTU 21 (HB-L); OKTU 60 (RG); OKTU 62 (C); OKTU 65 (LG); OKTU 72 (LT); OKTU 73 (RT); OKTU 80 (SRiWR),OKTU 00 (0.0); OKTU 03 (0.0); OKTU 07 (0.0); OKTU 10 (0.0); OKTU 21 (0.0); OKTU 60 (0.0); OKTU 62 (0.0); OKTU 65 (0.0); OKTU 72 (0.0); OKTU 73 (0.0); OKTU 80 (0.0),,T,OKTU,OKTU 03; OKTU 07,,5; OKTU 60 (RG); OKTU 62 (C); OKTU 65 (LG); OKTU 72 (LT); OKTU 73 (RT),,4,OKST D06,,7; OKST D03; OKST D05; OKST D06; OKST D10; OKST D11; OKST D14; OKST D18,1,L,OKTU 10 (QB),LWR 2(4); HB-L h31(-3); SRiWR z; SRoWR 0(-3); RWR z,2; H5; -; 0; -,OKTU 03 2(4); OKTU 21 h31(-3); OKTU 80 z; OKTU 00 0(-3); OKTU 07 z,HB-L,OKTU 21,COMPLETE,h31(-3),H3,4; OKST D04 (ROLB); OKST D95 (LOLB); OKST D96 (DLT); OKST D99 (DRT),,7,2L,,,,+50,,,,,OKST D10 > OKTU 03,,0,,,OKTU 10,0,,,0,,HB-L,HB-L (-5),,1; OKTU 21 (HB-L),,,,,,P,,+13,,S,,,,OKST D06,,,,,,LWR^(-18.5); SRiWR(+6.5); SRoWR(+10.5); RWR^(+17.5),,0,28,0,0,0,,true,3,3,1.739,0.253,Flat,false,11,OKTU 21,OKTU 80,OKTU 00; OKTU 03; OKTU 07,GUN WEAK,TRIPS - OPEN,LWR; HB-L; SRiWR; SRoWR; RWR,1x3,TRIPS - OPEN,NICKEL,OKST D03; OKST D10; OKST D11; OKST D14; OKST D18,OKST D04; OKST D05; OKST D06,OKST D95; OKST D96; OKST D99,WIDE OVER,,COVER 4,,56,,1.945,0.362,28989_6460562,28989-OKTU-6
6460564,28989,2025-09-19,2025,04,407931,2599,3,2,14:11,1,,0,3,0,6,3,0,0,,,,0,0,0,16,0,,0,6460562,6460569,,3.16,0,,99,1,,,0,0,,0,0,0,OKTU 10,7; OKST D04 (34); OKST D05 (14); OKST D06 (22); OKST D18 (34); OKST D95 (09); OKST D96 (20); OKST D99 (27),OKTU 00; OKTU 07,,,,LCB (5); SCBL (3); SSL (10); RCB (5),SSL (08); LOLB (09); LLB (14); DLT (20); MLB (22); DRT (27); REO (34); RLB (34),3-3-5,OKST D03 (LCB); OKST D04 (REO); OKST D05 (LLB); OKST D06 (MLB); OKST D10 (RCB); OKST D11 (SSL); OKST D14 (SCBL); OKST D18 (RLB); OKST D95 (LOLB); OKST D96 (DLT); OKST D99 (DRT),OKST D03 (0.0); OKST D04 (0.0); OKST D05 (0.0); OKST D06 (0.0); OKST D10 (0.0); OKST D11 (0.0); OKST D14 (0.0); OKST D18 (0.0); OKST D95 (0.0); OKST D96 (0.0); OKST D99 (0.0),,T,OKST,4,,DLT (20); DRT (27); REO (34),,FIELD GOAL,+29,9,KICKOFF - TB,-25,,,+50,,,OKTU 10,OKTU 10,-6,,,L,R,,,,,,OKTU 10 (QB),,,,,,,,,,LOLB (0); LLB (2); MLB (4); RLB (3),,C,C,OKTU 10,LWR^; TE-L; HB; SRWR; RWR^,2x2,,3-0-1-1,11,OKTU 00; OKTU 02; OKTU 03; OKTU 07; OKTU 80,OKTU 00 (SRWR); OKTU 02 (HB); OKTU 03 (LWR); OKTU 07 (RWR); OKTU 10 (QB); OKTU 60 (RG); OKTU 62 (C); OKTU 65 (LG); OKTU 72 (LT); OKTU 73 (RT); OKTU 80 (TE-L),OKTU 00 (0.0); OKTU 02 (0.0); OKTU 03 (0.0); OKTU 07 (0.0); OKTU 10 (-1.0); OKTU 60 (0.0); OKTU 62 (0.0); OKTU 65 (0.0); OKTU 72 (0.0); OKTU 73 (0.0); OKTU 80 (0.0),OKTU 02,F,OKTU,OKTU 03; OKTU 07,,,,3b,,,,,,,,,,,,,,,,,,,,P,,-44,QB FUMBLE,,QB FUMBLE,,,,0,,,OKTU 10,0,,,0,,HB,HB (-7),R,1; OKTU 02 (HB),,,,INSIDE ZONE,,R,,+13,OKTU 00* (R:L{R}),S,,,,,,L,,,,LWR^(-12.5); SRWR(-1.5); RWR^(+1.5),,0,19,0,0,0,SELF FUMBLE,false,3,3,1.992,-2.261,,false,11,OKTU 02,OKTU 80,OKTU 00; OKTU 03; OKTU 07,PISTOL,SLOT - PRO,LWR; TE-L; HB; SRWR; RWR,2x2,SLOT - PRO,NICKEL,OKST D03; OKST D10; OKST D11; OKST D14; OKST D18,OKST D04; OKST D05; OKST D06,OKST D95; OKST D96; OKST D99,WIDE OVER,,COVER 3,,50,,2.307,-2.366,28989_6460564,28989-OKTU-6
6460569,28989,2025-09-19,2025,04,407931,2636,3,3,13:37,0,1,0,3,0,6,4,16,0,1,,,0,0,0,16,0,,0,6460564,6460571,,3.16,0,,100,0,,3.2,0,0,1,0,0,0,OKTU 07,6; OKST D04 (40); OKST D05 (15); OKST D06 (32); OKST D95 (06); OKST D96 (16); OKST D99 (28),OKTU 00; OKTU 07,R,,,LCB (2); SCBoL (4); SCBiL (6); FSL (13); SSR (7),LEO (06); LLB (15); DLT (16); DRT (28); RLB (32); SSR (33); ROLB (40),3-3-5,OKST D03 (LCB); OKST D04 (ROLB); OKST D05 (LLB); OKST D06 (RLB); OKST D10 (SCBiL); OKST D11 (FSL); OKST D14 (SCBoL); OKST D18 (SSR); OKST D95 (LEO); OKST D96 (DLT); OKST D99 (DRT),OKST D03 (0.0); OKST D04 (0.0); OKST D05 (0.0); OKST D06 (0.0); OKST D10 (0.0); OKST D11 (0.0); OKST D14 (0.0); OKST D18 (0.0); OKST D95 (0.0); OKST D96 (0.0); OKST D99 (0.0),,F,OKST,10,,LEO (06); DLT (16); DRT (28),,FIELD GOAL,+29,9,KICKOFF - TB,-25,0,RR,-44,,,,,16,,,L,R,,,,,,OKTU 07 (SRoWR); OKTU 10 (QB),,,,,,,,,,LLB (4); RLB (4); ROLB (0),,O,C,OKST D07,TE-L^; HB-R; SRiWR; SRoWR; RWR^,1x3,,3-0-1-1,11,OKTU 00; OKTU 02; OKTU 03; OKTU 07; OKTU 80,OKTU 00 (SRiWR); OKTU 02 (HB-R); OKTU 03 (RWR); OKTU 07 (SRoWR); OKTU 10 (QB); OKTU 60 (RG); OKTU 62 (C); OKTU 65 (LG); OKTU 72 (LT); OKTU 73 (RT); OKTU 80 (TE-L),OKTU 00 (0.0); OKTU 02 (0.0); OKTU 03 (0.0); OKTU 07 (+0.5); OKTU 10 (+0.5); OKTU 60 (0.0); OKTU 62 (0.0); OKTU 65 (0.0); OKTU 72 (0.0); OKTU 73 (0.0); OKTU 80 (0.0),,T,OKTU,OKTU 03; OKTU 80,,7; OKTU 02 (HB-R); OKTU 60 (RG); OKTU 62 (C); OKTU 65 (LG); OKTU 72 (LT); OKTU 73 (RT); OKTU 80 (TE-L),,2,OKST D07,,7; OKST D03; OKST D05; OKST D06; OKST D10; OKST D11; OKST D14; OKST D18,15,R,OKTU 10 (QB),TE-L k; HB-R kr; SRiWR 3(6); SRoWR 3(14); RWR 7i(18),-; -; 3; 3; 7,OKTU 80 k; OKTU 02 kr; OKTU 00 3(6); OKTU 07 3(14); OKTU 03 7i(18),SRoWR,OKTU 07,COMPLETE,3(14),3R,4; OKST D04 (ROLB); OKST D95 (LEO); OKST D96 (DLT); OKST D99 (DRT),,49,6R,,,,+40,,,,OKTU 07; OKTU 10,OKST D03 > OKTU 03,,0,,,OKTU 10,0,,,0,,HB-R,HB-R (-5),R,1; OKTU 02 (HB-R),,,,,,P,,+13,OKTU 00* (L:R{R}),S,,,,,,L,,,,SRiWR(+7.5); SRoWR(+8.5); RWR^(+17.5),,0,12,0,1,0,RAN OUT OF BOUNDS,false,3,3,-0.269,3.158,Out,false,11,OKTU 02,OKTU 80,OKTU 00; OKTU 03; OKTU 07,GUN WEAK,TRIPS - CLOSED,TE-L; HB-R; SRiWR; SRoWR; RWR,1x3,TRIPS - CLOSED,NICKEL,OKST D03; OKST D10; OKST D11; OKST D14; OKST D18,OKST D04; OKST D05; OKST D06,OKST D95; OKST D96; OKST D99,EVEN,,COVER 2,,56,,-0.059,3.125,28989_6460569,28989-OKTU-6
6460571,28989,2025-09-19,2025,04,407931,2664,3,1,13:07,0,,0,3,0,6,5,6,0,,,,0,0,1,16,1,,0,6460569,6460577,,3.16,0,,101,0,,,0,1,,0,0,0,OKTU 10,7; OKST D03 (08); OKST D05 (34); OKST D06 (25); OKST D40 (14); OKST D95 (38); OKST D96 (29); OKST D99 (21),,,,,FS (10); SCBiR (7); SCBoR (4); RCB (1),LLB (08); LE (14); NLT (21); RILB (25); RE (29); RLB (34); ROLB (38),3-3-5,OKST D03 (LLB); OKST D05 (RLB); OKST D06 (RILB); OKST D10 (RCB); OKST D11 (SCBiR); OKST D14 (SCBoR); OKST D18 (FS); OKST D40 (LE); OKST D95 (ROLB); OKST D96 (RE); OKST D99 (NLT),OKST D03 (0.0); OKST D05 (0.0); OKST D06 (0.0); OKST D10 (0.0); OKST D11 (0.0); OKST D14 (0.0); OKST D18 (0.0); OKST D40 (-0.5); OKST D95 (0.0); OKST D96 (0.0); OKST D99 (0.0),OKST D40,F,OKST,10,,LE (14); NLT (21); RE (29),,FIELD GOAL,+29,9,KICKOFF - TB,-25,,,+40,,,,,6,,,R,L,,,,,,OKST D40 (LE),,,,,,,,,,LLB (4); RILB (4); RLB (4); ROLB (0),,C,C,OKST D40,LWR^; SLoWR; SLiWR; TE-L^; HB-R,4x0,OL>TE-L; TE>RT,3-0-1-1,11,OKTU 00; OKTU 02; OKTU 07; OKTU 08; OKTU 73,OKTU 00 (SLiWR); OKTU 02 (HB-R); OKTU 07 (SLoWR); OKTU 08 (LWR); OKTU 10 (QB); OKTU 60 (RG); OKTU 62 (C); OKTU 65 (LG); OKTU 72 (LT); OKTU 73 (TE-L); OKTU 80 (RT),OKTU 00 (0.0); OKTU 02 (0.0); OKTU 07 (0.0); OKTU 08 (0.0); OKTU 10 (0.0); OKTU 60 (0.0); OKTU 62 (0.0); OKTU 65 (0.0); OKTU 72 (0.0); OKTU 73 (0.0); OKTU 80 (0.0),OKTU 08,T,OKTU,OKTU 08; OKTU 73,,,,1,,,,,,,RT 1; LWR r; SLoWR r; SLiWR r; HB-R fl,3; -; -; -; -,OKTU 80 1; OKTU 08 r; OKTU 07 r; OKTU 00 r; OKTU 02 fl,,,,,,,,,,,,OKTU 02,+34,RE,,RE,,OKST D10 > OKTU 08,,0,,,OKTU 10,0,,,0,,HB-R,HB-R (-5),L,1; OKTU 02 (HB-R),,,,OUTSIDE ZONE,READ OPTION,R,,+13,,S,,,,OKST D03,,L,,,,LWR^(-17.5); SLoWR(-10.5); SLiWR(-6.5),,1,16,0,0,0,,false,3,3,2.889,0.358,,false,11,OKTU 02,OKTU 80,OKTU 00; OKTU 07; OKTU 08,GUN WEAK,QUAY - NIX,LWR; SLoWR; SLiWR; TE-L; HB-R,4x0,QUAY - NIX,NICKEL,OKST D03; OKST D10; OKST D11; OKST D14; OKST D18,OKST D05; OKST D06; OKST D40,OKST D95; OKST D96; OKST D99,OVER,,COVER 1,,40,,3.066,0.405,28989_6460571,28989-OKTU-6
6460577,28989,2025-09-19,2025,04,407931,2690,3,2,12:37,0,1,0,3,0,6,6,5,0,1,,,0,0,0,16,0,,0,6460571,6460579,,3.16,0,,102,0,,1.6,0,0,0,0,0,0,OKTU 21,4; OKST D00 (30); OKST D06 (27); OKST D71 (22); OKST D81 (15),OKTU 08; OKTU 80,R,,,LCB (6); SCBoL (4); SCBiL (4); SSL (9); FSR (12); SCBR (4); RCB (2),SSL (00); LE (15); NT (22); RILB (27); RE (30),3-3-5,OKST D00 (RE); OKST D03 (LCB); OKST D06 (RILB); OKST D10 (RCB); OKST D11 (FSR); OKST D14 (SCBR); OKST D18 (SSL); OKST D25 (SCBiL); OKST D40 (SCBoL); OKST D71 (NT); OKST D81 (LE),OKST D00 (0.0); OKST D03 (0.0); OKST D06 (0.0); OKST D10 (0.0); OKST D11 (0.0); OKST D14 (0.0); OKST D18 (0.0); OKST D25 (0.0); OKST D40 (0.0); OKST D71 (0.0); OKST D81 (0.0),OKST D00; OKST D25; OKST D71; OKST D81,F,OKST,4,,LE (15); NT (22); RE (30),,FIELD GOAL,+29,9,KICKOFF - TB,-25,6,SD,+34,OKST D40,,,,5,,,R,L,,,,,,,,,,,,,,,,RILB (5),,O,C,,LWR^; SLWR; SRiWR; SRoWR^; RWR,2x3,HB>RWR; TE>SRiWR,3-0-1-1,11,OKTU 00; OKTU 07; OKTU 08; OKTU 21; OKTU 80,OKTU 00 (SLWR); OKTU 07 (LWR); OKTU 08 (SRoWR); OKTU 10 (QB); OKTU 21 (RWR); OKTU 60 (RG); OKTU 62 (C); OKTU 65 (LG); OKTU 72 (LT); OKTU 73 (RT); OKTU 80 (SRiWR),OKTU 00 (0.0); OKTU 07 (0.0); OKTU 08 (0.0); OKTU 10 (0.0); OKTU 21 (0.0); OKTU 60 (0.0); OKTU 62 (0.0); OKTU 65 (0.0); OKTU 72 (0.0); OKTU 73 (0.0); OKTU 80 (0.0),OKTU 21,T,OKTU,OKTU 07; OKTU 08,,5; OKTU 60 (RG); OKTU 62 (C); OKTU 65 (LG); OKTU 72 (LT); OKTU 73 (RT),,4,OKST D40,,8; OKST D03; OKST D06; OKST D10; OKST D11; OKST D14; OKST D18; OKST D25; OKST D40,5,R,OKTU 10 (QB),LWR 9; SLWR 2(3); SRiWR 6(5); SRoWR 9s; RWR 6(5),9; 2; 6; 9; 6,OKTU 07 9; OKTU 00 2(3); OKTU 80 6(5); OKTU 08 9s; OKTU 21 6(5),RWR,OKTU 21,COMPLETE,6(5),6R,3; OKST D00 (RE); OKST D71 (NT); OKST D81 (LE),,50,6R,,,,+29,,,,,OKST D10 > OKTU 07,,0,,,OKTU 10,0,,,0,,EMPTY,,,,,,,,,P,,+13,,S,,,,OKST D40,,,,,,LWR^(-16.5); SLWR(-6.5); SRiWR(+15.5); SRoWR^(+18.5); RWR(+23.5),,0,14,0,0,0,,false,3,3,3.247,0.443,Hitch,false,11,OKTU 21,OKTU 80,OKTU 00; OKTU 07; OKTU 08,GUN EMPTY,TRIPS - SLOT,LWR; SLWR; SRiWR; SRoWR; RWR,2x3,TRIPS - SLOT,NICKEL,OKST D03; OKST D10; OKST D11; OKST D14; OKST D18,OKST D06; OKST D25; OKST D40,OKST D00; OKST D71; OKST D81,ODD,,COVER 4,,34,,3.471,0.187,28989_6460577,28989-OKTU-6
6460579,28989,2025-09-19,2025,04,407931,2718,3,1,12:02,1,,0,3,0,6,7,0,0,,,,0,0,0,16,0,,0,6460577,6460583,,3.16,0,,103,0,,,0,0,,2,0,0,OKTU 21,6; OKST D00 (37); OKST D06 (24); OKST D25 (14); OKST D40 (07); OKST D71 (27); OKST D81 (19),,,,,LCB (1); SCBoL (4); SCBiL (7); SSR (9); RCB (1),LOLB (07); LLB (14); DLT (19); RILB (24); DRT (27); ROLB (37); SSR (44),3-3-5,OKST D00 (ROLB); OKST D03 (LCB); OKST D06 (RILB); OKST D10 (RCB); OKST D11 (SSR); OKST D14 (SCBoL); OKST D18 (SCBiL); OKST D25 (LLB); OKST D40 (LOLB); OKST D71 (DRT); OKST D81 (DLT),OKST D00 (0.0); OKST D03 (0.0); OKST D06 (0.0); OKST D10 (0.0); OKST D11 (0.0); OKST D14 (0.0); OKST D18 (0.0); OKST D25 (+0.5); OKST D40 (0.0); OKST D71 (0.0); OKST D81 (0.0),,T,OKST,10,,DLT (19); DRT (27),,FIELD GOAL,+29,9,KICKOFF - TB,-25,,,+29,OKST D25,,,,0,,,R,L,,,,,,OKTU 72 (LT); OKTU 73 (RT); OKST D00 (ROLB); OKST D25 (LLB),,,,,,,,,,LOLB (0); LLB (4); RILB (4); ROLB (0),,C,O,OKTU 72; OKTU 73,LWR^; HB; SRiWR; SRoWR; RWR^,1x3,TE>SRiWR,3-0-1-1,11,OKTU 00; OKTU 07; OKTU 08; OKTU 21; OKTU 80,OKTU 00 (SRoWR); OKTU 07 (LWR); OKTU 08 (RWR); OKTU 10 (QB); OKTU 21 (HB); OKTU 60 (RG); OKTU 62 (C); OKTU 65 (LG); OKTU 72 (LT); OKTU 73 (RT); OKTU 80 (SRiWR),OKTU 00 (0.0); OKTU 07 (0.0); OKTU 08 (0.0); OKTU 10 (0.0); OKTU 21 (0.0); OKTU 60 (0.0); OKTU 62 (0.0); OKTU 65 (0.0); OKTU 72 (-0.5); OKTU 73 (-1.0); OKTU 80 (0.0),,F,OKTU,OKTU 07; OKTU 08,,,,3b,,,,,,,,,,,,,,,,,,,,P,,+29,LG,,LG,OKST D25,OKST D03 > OKTU 08; OKST D10 > OKTU 07,,0,,,OKTU 10,0,,,0,,HB,HB (-8),L,1; OKTU 21 (HB),,,,OUTSIDE ZONE,CROSS LEAD,R,,+13,OKTU 80* (R:L{R}),S,,OKST D25,,OKST D25,,,,,,LWR^(-8.5); SRiWR(+12.5); SRoWR(+17.5); RWR^(+22.5),,0,12,0,0,0,,false,3,3,3.69,-0.676,,false,11,OKTU 21,OKTU 80,OKTU 00; OKTU 07; OKTU 08,PISTOL,TRIPS - OPEN,LWR; HB; SRiWR; SRoWR; RWR,1x3,TRIPS - OPEN,NICKEL,OKST D03; OKST D10; OKST D11; OKST D14; OKST D18,OKST D06; OKST D25; OKST D40,OKST D00; OKST D71; OKST D81,WIDE UNDER,,COVER 3,,29,,3.658,-0.65,28989_6460579,28989-OKTU-6
6460583,28989,2025-09-19,2025,04,407931,2746,3,2,11:29,0,0,0,3,0,6,8,,0,,,,0,0,0,16,0,,0,6460579,6460587,,3.16,0,,104,0,,2.1,0,0,,,0,0,,6; OKST D00 (08); OKST D06 (33); OKST D25 (18); OKST D40 (36); OKST D71 (19); OKST D81 (28),OKTU 00; OKTU 07; OKTU 08; OKTU 80,L,,,LCB (5); SCBL (2); SSL (9); SSR (9); RCB (6),SSL (07); LOLB (08); LILB (18); DLT (19); DRT (28); RLB (33); ROLB (36); SSR (36),3-3-5,OKST D00 (LOLB); OKST D01 (RCB); OKST D03 (LCB); OKST D06 (RLB); OKST D11 (SSL); OKST D14 (SCBL); OKST D18 (SSR); OKST D25 (LILB); OKST D40 (ROLB); OKST D71 (DLT); OKST D81 (DRT),OKST D00 (0.0); OKST D01 (0.0); OKST D03 (0.0); OKST D06 (0.0); OKST D11 (0.0); OKST D14 (0.0); OKST D18 (0.0); OKST D25 (0.0); OKST D40 (0.0); OKST D71 (0.0); OKST D81 (0.0),OKST D01,T,OKST,10,,DLT (19); DRT (28),,FIELD GOAL,+29,9,KICKOFF - TB,-25,8,SD,+29,,,,,0,,,C,C,,,MC,,,,,,,,,,,,,LOLB (0); LILB (5); RLB (4); ROLB (0),,O,O,,LWR; SLWR^; HB-R; SRWR^; RWR,2x2,TE>SRWR,3-0-1-1,11,OKTU 00; OKTU 02; OKTU 07; OKTU 08; OKTU 80,OKTU 00 (SLWR); OKTU 02 (HB-R); OKTU 07 (LWR); OKTU 08 (RWR); OKTU 10 (QB); OKTU 60 (RG); OKTU 62 (C); OKTU 65 (LG); OKTU 72 (LT); OKTU 73 (RT); OKTU 80 (SRWR),OKTU 00 (0.0); OKTU 02 (0.0); OKTU 07 (0.0); OKTU 08 (0.0); OKTU 10 (0.0); OKTU 60 (0.0); OKTU 62 (0.0); OKTU 65 (0.0); OKTU 72 (0.0); OKTU 73 (0.0); OKTU 80 (0.0),OKTU 02,F,OKTU,OKTU 00; OKTU 80,,5; OKTU 60 (RG); OKTU 62 (C); OKTU 65 (LG); OKTU 72 (LT); OKTU 73 (RT),,4,OKST D14,OKST D25,7; OKST D01; OKST D03; OKST D06; OKST D11; OKST D14; OKST D18; OKST D25,10,M,OKTU 10 (QB),LWR 2(4); SLWR xd(0); HB-R h6s; SRWR xo(16); RWR 9o,2; X; 9; X; 9,OKTU 07 2(4); OKTU 00 xd(0); OKTU 02 h6s; OKTU 80 xo(16); OKTU 08 9o,HB-R,OKTU 02,INCOMPLETE,h6s,9S,4; OKST D00 (LOLB); OKST D40 (ROLB); OKST D71 (DLT); OKST D81 (DRT),,34,5R,,,,+29,,,,,,,0,,,OKTU 10,0,,,0,,HB-R,HB-R (-5),,1; OKTU 02 (HB-R),,,,,,P,,+13,,S,,,,,,,,,,LWR(-11.5); SLWR^(-9.5); SRWR^(+4.5); RWR(+5.5),,0,13,0,0,0,,false,3,3,3.014,-0.767,Seam,false,11,OKTU 02,OKTU 80,OKTU 00; OKTU 07; OKTU 08,GUN STRONG,SLOT - SLOT,LWR; SLWR; HB-R; SRWR; RWR,2x2,SLOT - SLOT,NICKEL,OKST D01; OKST D03; OKST D11; OKST D14; OKST D18,OKST D06; OKST D25; OKST D40,OKST D00; OKST D71; OKST D81,WIDE UNDER,,COVER 4,,29,,3.008,-0.883,28989_6460583,28989-OKTU-6
6460587,28989,2025-09-19,2025,04,407931,2772,3,3,11:24,1,0,1,3,0,6,9,,0,,,,0,0,0,16,0,,0,6460583,6460598,,3.16,0,,105,1,1.5,1.9,0,0,,,0,0,,6; OKST D06 (23); OKST D16 (04); OKST D25 (15); OKST D40 (38); OKST D95 (19); OKST D99 (29),,L,,,LCB (1); SCBoL (4); SCBiL (8); SCBR (4); RCB (1),LOLB (04); LLB (15); DLT (19); MLB (23); RE (29); ROLB (38),2-4-5,OKST D01 (RCB); OKST D03 (LCB); OKST D06 (MLB); OKST D11 (SCBiL); OKST D14 (SCBoL); OKST D16 (LOLB); OKST D18 (SCBR); OKST D25 (LLB); OKST D40 (ROLB); OKST D95 (DLT); OKST D99 (RE),OKST D01 (0.0); OKST D03 (0.0); OKST D06 (0.0); OKST D11 (0.0); OKST D14 (+0.5); OKST D16 (0.0); OKST D18 (0.0); OKST D25 (0.0); OKST D40 (0.0); OKST D95 (+1.0); OKST D99 (0.0),OKST D16; OKST D95; OKST D99,T,OKST,10,,DLT (19); RE (29),,FIELD GOAL,+29,9,KICKOFF - TB,-25,8,SD,+29,,,,,0,,,C,C,,OKST D25,RC,,,OKTU 02 (LWR); OKTU 62 (C); OKST D14 (SCBoL); OKST D25 (LLB); OKST D95 (DLT),,,,,,,,,,LOLB (0); LLB (3); MLB (5); ROLB (0),,O,O,OKTU 62,LWR; SLWR^; SRiWR; SRoWR; RWR^,2x3,HB>LWR; TE>SRiWR,3-0-1-1,11,OKTU 00; OKTU 02; OKTU 07; OKTU 08; OKTU 80,OKTU 00 (SRoWR); OKTU 02 (LWR); OKTU 07 (SLWR); OKTU 08 (RWR); OKTU 10 (QB); OKTU 60 (RG); OKTU 62 (C); OKTU 65 (LG); OKTU 72 (LT); OKTU 73 (RT); OKTU 80 (SRiWR),OKTU 00 (0.0); OKTU 02 (0.0); OKTU 07 (0.0); OKTU 08 (0.0); OKTU 10 (0.0); OKTU 60 (0.0); OKTU 62 (-1.0); OKTU 65 (0.0); OKTU 72 (0.0); OKTU 73 (0.0); OKTU 80 (0.0),,F,OKTU,OKTU 07; OKTU 08,,5; OKTU 60 (RG); OKTU 62 (C); OKTU 65 (LG); OKTU 72 (LT); OKTU 73 (RT),,0b,OKST D14,,7; OKST D01; OKST D03; OKST D06; OKST D11; OKST D14; OKST D18; OKST D40,25,M,OKTU 10 (QB),LWR 6(3); SLWR 9s; SRiWR xo(9); SRoWR 9s; RWR 9o,6; 9; X; 9; 9,OKTU 02 6(3); OKTU 07 9s; OKTU 80 xo(9); OKTU 00 9s; OKTU 08 9o,LWR,OKTU 02,INCOMPLETE,6(3),9S,4; OKST D16 (LOLB); OKST D25 (LLB); OKST D95 (DLT); OKST D99 (RE),HURRY,33,4,,,,+29,,,,OKST D14; OKST D95,OKST D01 > OKTU 02; OKST D03 > OKTU 08,OKST D25 (U); OKST D95 (CL) OKTU 62,0,,,OKTU 10,0,OKST D25,,0,,EMPTY,,,,,,,,,P,,+13,,S,,,,,,,,OKST D25 (R.B.O) LLB,,LWR(-21.5); SLWR^(-11.5); SRiWR(+7.5); SRoWR(+11.5); RWR^(+19.5),,0,11,0,0,0,,false,3,3,2.247,-1.154,Hitch,false,11,OKTU 02,OKTU 80,OKTU 00; OKTU 07; OKTU 08,GUN EMPTY,TRIPS - SLOT,LWR; SLWR; SRiWR; SRoWR; RWR,2x3,TRIPS - SLOT,NICKEL,OKST D01; OKST D03; OKST D11; OKST D14; OKST D18,OKST D06; OKST D16; OKST D25; OKST D40,OKST D95; OKST D99,WIDE UNDER,,COVER 0,,29,,2.125,-1.276,28989_6460587,28989-OKTU-6
6460659,28989,2025-09-19,2025,04,407931,3076,3,1,08:04,0,,0,3,0,7,1,3,0,,,,0,0,0,19,0,,0,6460655,6460660,,3.19,0,,117,0,,,0,0,,3,0,0,OKTU 21,6; OKST D00 (35); OKST D05 (25); OKST D30 (13); OKST D40 (10); OKST D71 (25); OKST D94 (17),OKTU 00; OKTU 07,,,,LCB (6); SSL (9); SSR (9); SCBR (4); RCB (1),SSL (09); LOLB (10); LLB (13); DLT (17); DRT (25); RILB (25); ROLB (35); SSR (38),3-3-5,OKST D00 (ROLB); OKST D01 (LCB); OKST D03 (RCB); OKST D05 (RILB); OKST D08 (SSL); OKST D11 (SSR); OKST D23 (SCBR); OKST D30 (LLB); OKST D40 (LOLB); OKST D71 (DRT); OKST D94 (DLT),OKST D00 (0.0); OKST D01 (0.0); OKST D03 (0.0); OKST D05 (-0.5); OKST D08 (0.0); OKST D11 (0.0); OKST D23 (0.0); OKST D30 (0.0); OKST D40 (0.0); OKST D71 (0.0); OKST D94 (0.0),DRIVE START,T,OKST,10,,DLT (17); DRT (25),,FUMBLE,-42,4,DOWNS,-32,,,-32,OKST D05,,,,3,,,R,L,,,,,,OKTU 60 (RG); OKTU 80 (TE-R); OKST D05 (RILB); OKST D40 (LOLB),,,,,,,,,,LOLB (0); LLB (4); RILB (4); ROLB (0),OKST D05,O,O,OKTU 60; OKST D05,LWR^; SLWR; HB; TE-R; RWR^,2x2,,3-0-1-1,11,OKTU 00; OKTU 03; OKTU 07; OKTU 21; OKTU 80,OKTU 00 (SLWR); OKTU 03 (RWR); OKTU 07 (LWR); OKTU 10 (QB); OKTU 21 (HB); OKTU 60 (RG); OKTU 62 (C); OKTU 65 (LG); OKTU 72 (LT); OKTU 73 (RT); OKTU 80 (TE-R),OKTU 00 (0.0); OKTU 03 (0.0); OKTU 07 (0.0); OKTU 10 (0.0); OKTU 21 (0.0); OKTU 60 (-1.0); OKTU 62 (0.0); OKTU 65 (0.0); OKTU 72 (0.0); OKTU 73 (0.0); OKTU 80 (0.0),DRIVE START,F,OKTU,OKTU 03; OKTU 07,,,,4,,,,,,,,,,,,,,,,,,,,P,,-35,RT,,RT,,OKST D03 > OKTU 07,,0,,,OKTU 10,0,,,0,,HB,HB (-7),L,1; OKTU 21 (HB),,,,INSIDE ZONE,,R,,+16,OKTU 00* (L:R{L}),S,,OKST D40,,OKST D40,OKST D30,R,,,,LWR^(-1.5); SLWR(+1.5); RWR^(+13.5),,0,22,0,0,0,,false,3,3,0.559,-0.417,,false,11,OKTU 21,OKTU 80,OKTU 00; OKTU 03; OKTU 07,PISTOL,SLOT - PRO,LWR; SLWR; HB; TE-R; RWR,2x2,SLOT - PRO,NICKEL,OKST D01; OKST D03; OKST D08; OKST D11; OKST D23,OKST D05; OKST D30; OKST D40,OKST D00; OKST D71; OKST D94,WIDE OVER,,COVER 4,,68,,0.938,-0.4,28989_6460659,28989-OKTU-7
6460660,28989,2025-09-19,2025,04,407931,3102,3,2,07:45,0,,0,3,0,7,2,4,0,,,,0,0,0,19,1,,0,6460659,6460668,,3.19,0,,118,0,,,0,0,,3,0,0,OKTU 21,6; OKST D00 (34); OKST D05 (04); OKST D30 (26); OKST D40 (09); OKST D71 (25); OKST D94 (16),OKTU 00; OKTU 80,,,,LCB (5); SCBoL (4); SCBiL (4); SSR (9); RCB (0),LLB (04); LOLB (09); DLT (16); DRT (25); RILB (26); ROLB (34); SSR (38),3-3-5,OKST D00 (ROLB); OKST D01 (LCB); OKST D03 (RCB); OKST D05 (LLB); OKST D08 (SCBiL); OKST D11 (SSR); OKST D23 (SCBoL); OKST D30 (RILB); OKST D40 (LOLB); OKST D71 (DRT); OKST D94 (DLT),OKST D00 (-1.0); OKST D01 (0.0); OKST D03 (0.0); OKST D05 (0.0); OKST D08 (0.0); OKST D11 (0.0); OKST D23 (0.0); OKST D30 (0.0); OKST D40 (0.0); OKST D71 (0.0); OKST D94 (0.0),,F,OKST,7,,DLT (16); DRT (25),,FUMBLE,-42,4,DOWNS,-32,,,-35,OKST D00,,,,4,,,R,L,,,,OKST D71,,OKTU 21 (HB-L); OKTU 62 (C); OKST D00 (ROLB); OKST D05 (LLB),,,,,,,,,,LOLB (0); LLB (4); RILB (4); ROLB (0),OKST D00,O,O,OKTU 62; OKST D00,LWR^; HB-L; SRiWR; SRoWR; RWR^,1x3,TE>SRiWR,3-0-1-1,11,OKTU 00; OKTU 03; OKTU 07; OKTU 21; OKTU 80,OKTU 00 (SRoWR); OKTU 03 (RWR); OKTU 07 (LWR); OKTU 10 (QB); OKTU 21 (HB-L); OKTU 60 (RG); OKTU 62 (C); OKTU 65 (LG); OKTU 72 (LT); OKTU 73 (RT); OKTU 80 (SRiWR),OKTU 00 (0.0); OKTU 03 (0.0); OKTU 07 (0.0); OKTU 10 (0.0); OKTU 21 (+0.5); OKTU 60 (0.0); OKTU 62 (-0.5); OKTU 65 (0.0); OKTU 72 (0.0); OKTU 73 (0.0); OKTU 80 (0.0),,T,OKTU,OKTU 03; OKTU 07,,,,4,,,,,,,LWR r; HB-L r; SRiWR z; SRoWR 0(-2); RWR z,-; -; -; 0; -,OKTU 07 r; OKTU 21 r; OKTU 80 z; OKTU 00 0(-2); OKTU 03 z,,,,,,,,,,,,,-39,LG,,LG,OKTU 21,OKST D03 > OKTU 07,,0,,,OKTU 10,0,,,0,,HB-L,HB-L (-5),R,1; OKTU 21 (HB-L),,,,INSIDE ZONE,READ OPTION,R,,+16,,S,,OKST D05,,OKST D05,,,,,,LWR^(-5.5); SRiWR(+14.5); SRoWR(+17.5); RWR^(+22.5),,1,28,0,0,0,,true,3,3,0.142,-0.011,,false,11,OKTU 21,OKTU 80,OKTU 00; OKTU 03; OKTU 07,GUN WEAK,TRIPS - OPEN,LWR; HB-L; SRiWR; SRoWR; RWR,1x3,TRIPS - OPEN,NICKEL,OKST D01; OKST D03; OKST D08; OKST D11; OKST D23,OKST D05; OKST D30; OKST D40,OKST D00; OKST D71; OKST D94,WIDE OVER,,COVER 4,,65,,0.538,-0.208,28989_6460660,28989-OKTU-7
6460668,28989,2025-09-19,2025,04,407931,3128,3,3,07:28,1,1,0,3,0,7,3,3,0,1,,,0,0,0,19,0,,0,6460660,6460677,,3.19,1,,119,0,,0.9,0,0,7,0,0,0,OKTU 06,6; OKST D00 (35); OKST D05 (34); OKST D30 (16); OKST D40 (08); OKST D94 (19); OKST D96 (27),OKTU 06; OKTU 82,L,,,LCB (0); FS (9); SCBiR (2); SCBoR (2); RCB (2),LOLB (08); LILB (16); DLT (19); DRT (27); RLB (34); ROLB (35),3-3-5,OKST D00 (ROLB); OKST D01 (LCB); OKST D03 (SCBoR); OKST D05 (RLB); OKST D08 (FS); OKST D11 (RCB); OKST D23 (SCBiR); OKST D30 (LILB); OKST D40 (LOLB); OKST D94 (DLT); OKST D96 (DRT),OKST D00 (0.0); OKST D01 (0.0); OKST D03 (0.0); OKST D05 (-1.0); OKST D08 (0.0); OKST D11 (0.0); OKST D23 (0.0); OKST D30 (0.0); OKST D40 (0.0); OKST D94 (0.0); OKST D96 (0.0),OKST D96,F,OKST,3,,DLT (19); DRT (27),,FUMBLE,-42,4,DOWNS,-32,5,SD,-39,OKST D08,,,,3,,,R,L,,,,,,OKTU 06 (SLoWR); OKTU 80 (TE-L); OKST D05 (RLB),,,,,,,,,,LOLB (0); LILB (0); RLB (4); ROLB (0),,C,C,OKST D05,LWR; SLoWR; SLiWR^; TE-L; RWR^,4x1,HB>LWR; TE>SLiWR,2-0-1-2,12,OKTU 00; OKTU 01; OKTU 06; OKTU 80; OKTU 82,OKTU 00 (RWR); OKTU 01 (LWR); OKTU 06 (SLoWR); OKTU 10 (QB); OKTU 60 (RG); OKTU 62 (C); OKTU 65 (LG); OKTU 72 (LT); OKTU 73 (RT); OKTU 80 (TE-L); OKTU 82 (SLiWR),OKTU 00 (0.0); OKTU 01 (0.0); OKTU 06 (+0.5); OKTU 10 (0.0); OKTU 60 (0.0); OKTU 62 (0.0); OKTU 65 (0.0); OKTU 72 (0.0); OKTU 73 (0.0); OKTU 80 (+0.5); OKTU 82 (0.0),OKTU 01; OKTU 06; OKTU 82,T,OKTU,OKTU 00; OKTU 82,,6; OKTU 60 (RG); OKTU 62 (C); OKTU 65 (LG); OKTU 72 (LT); OKTU 73 (RT); OKTU 80 (TE-L),,1b,OKST D05,,6; OKST D01; OKST D03; OKST D05; OKST D08; OKST D11; OKST D23,-4,M,OKTU 10 (QB),LWR 2(1); SLoWR xu(-4); SLiWR z; TE-L z; RWR 9o,2; X; -; -; 9,OKTU 01 2(1); OKTU 06 xu(-4); OKTU 82 z; OKTU 80 z; OKTU 00 9o,SLoWR,OKTU 06,COMPLETE,xu(-4),RS,5; OKST D00 (ROLB); OKST D30 (LILB); OKST D40 (LOLB); OKST D94 (DLT); OKST D96 (DRT),,29,4,,,,-42,,,,OKTU 06; OKTU 80,OKST D01 > OKTU 00; OKST D11 > OKTU 01,,0,,,OKTU 10,0,,,0,,EMPTY,,,,,,,,,P,,+16,OKTU 01* (B:L),S,,,,OKST D08,,L,,,,LWR(-12.5); SLoWR(-3.5); SLiWR^(-1.5); RWR^(+18.5),,0,35,0,0,0,,false,3,3,0.131,1.277,Under,false,12,OKTU 01,OKTU 80; OKTU 82,OKTU 00; OKTU 06,GUN EMPTY,QUAY - OPEN,LWR; SLWR; TE-L; HB-L; RWR,3x1,TREY - OPEN,NICKEL,OKST D01; OKST D03; OKST D08; OKST D11; OKST D23,OKST D05; OKST D30; OKST D40,OKST D00; OKST D94; OKST D96,WIDE OVER,SINGLE MUG,COVER 1,,61,,0.33,1.456,28989_6460668,28989-OKTU-7
6460677,28989,2025-09-19,2025,04,407931,3156,3,1,06:50,1,,0,3,0,7,4,0,0,,,,0,0,0,19,0,,0,6460668,6460679,,3.19,0,,120,0,,,0,0,,3,0,0,OKTU 21,6; OKST D00 (37); OKST D04 (10); OKST D05 (15); OKST D30 (24); OKST D94 (19); OKST D96 (28),,,,,LCB (0); SCBL (2); SSL (8); SSR (10); RCB (0),SSL (00); LOLB (10); LLB (15); DLT (19); RILB (24); DRT (28); REO (37); SSR (44),3-3-5,OKST D00 (REO); OKST D01 (LCB); OKST D03 (RCB); OKST D04 (LOLB); OKST D05 (LLB); OKST D08 (SSL); OKST D11 (SSR); OKST D23 (SCBL); OKST D30 (RILB); OKST D94 (DLT); OKST D96 (DRT),OKST D00 (+0.5); OKST D01 (0.0); OKST D03 (0.0); OKST D04 (0.0); OKST D05 (0.0); OKST D08 (+0.5); OKST D11 (+0.5); OKST D23 (0.0); OKST D30 (0.0); OKST D94 (-0.5); OKST D96 (0.0),OKST D04,T,OKST,10,,DLT (19); DRT (28); REO (37),,FUMBLE,-42,4,DOWNS,-32,,,-42,OKST D00,,OKTU 21,OKST D11,0,,,R,L,,,,,,OKTU 21 (HB); OKTU 60 (RG); OKTU 62 (C); OKTU 72 (LT); OKST D00 (REO); OKST D08 (SSL); OKST D11 (SSR); OKST D94 (DLT),,,,,,,,,,LOLB (0); LLB (4); RILB (4),,C,O,OKTU 21; OKTU 72; OKST D94,LWR^; HB; FB-R; SRWR; RWR^,1x2,TE>FB-R,3-0-1-1,11,OKTU 00; OKTU 03; OKTU 07; OKTU 21; OKTU 80,OKTU 00 (SRWR); OKTU 03 (RWR); OKTU 07 (LWR); OKTU 10 (QB); OKTU 21 (HB); OKTU 60 (RG); OKTU 62 (C); OKTU 65 (LG); OKTU 72 (LT); OKTU 73 (RT); OKTU 80 (FB-R),OKTU 00 (0.0); OKTU 03 (0.0); OKTU 07 (0.0); OKTU 10 (0.0); OKTU 21 (-1.5); OKTU 60 (+0.5); OKTU 62 (+0.5); OKTU 65 (0.0); OKTU 72 (-1.0); OKTU 73 (0.0); OKTU 80 (0.0),OKTU 03; OKTU 07; OKTU 21,F,OKTU,OKTU 03; OKTU 07,,,,3b,,,,,,,LWR r; HB r; FB-R r; SRWR 3(4); RWR 9o,-; -; -; 3; 9,OKTU 07 r; OKTU 21 r; OKTU 80 r; OKTU 00 3(4); OKTU 03 9o,,,,,,,,,,,P,,-42,RE,FORCED,LG,OKTU 60; OKTU 62; OKST D00; OKST D08; OKST D11,OKST D01 > OKTU 03; OKST D03 > OKTU 07; OKST D23 > OKTU 00,,0,,,OKTU 10,0,,,0,,HB; FB-R,HB (-7); FB-R (-3),L,2; OKTU 21 (HB); OKTU 80 (FB-R),,,,OUTSIDE ZONE,CROSS LEAD,R,,+16,Y,S,,OKST D08,,OKST D08,,,,,,LWR^(-7.5); SRWR(+16.5); RWR^(+20.5),,1,9,0,0,1,,false,3,3,1.408,-5.13,,false,11,OKTU 21,OKTU 80,OKTU 00; OKTU 03; OKTU 07,PISTOL I STRONG,SLOT - OPEN,LWR; HB; FB-R; SRWR; RWR,1x2,SLOT - OPEN,NICKEL,OKST D01; OKST D03; OKST D08; OKST D11; OKST D23,OKST D04; OKST D05; OKST D30,OKST D00; OKST D94; OKST D96,WIDE UNDER,,COVER 3,,58,,1.786,-5.684,28989_6460677,28989-OKTU-7
6460708,28989,2025-09-19,2025,04,407931,3392,3,1,04:09,1,,0,3,0,8,1,-1,0,,,,0,0,0,19,1,,0,6460707,6460710,,3.19,0,,128,0,,,0,0,,1,0,0,OKTU 21,7; OKST D04 (08); OKST D05 (24); OKST D11 (36); OKST D30 (16); OKST D81 (28); OKST D95 (40); OKST D99 (19),,,,,LCB (1); SSL (9); SCBR (5); RCB (1),LOLB (08); SSL (12); LILB (16); DLT (19); RILB (24); DRT (28); RLB (36); ROLB (40),3-3-5,OKST D01 (LCB); OKST D04 (LOLB); OKST D05 (RILB); OKST D10 (RCB); OKST D11 (RLB); OKST D18 (SSL); OKST D23 (SCBR); OKST D30 (LILB); OKST D81 (DRT); OKST D95 (ROLB); OKST D99 (DLT),OKST D01 (0.0); OKST D04 (+0.5); OKST D05 (+0.5); OKST D10 (0.0); OKST D11 (0.0); OKST D18 (0.0); OKST D23 (0.0); OKST D30 (+0.5); OKST D81 (0.0); OKST D95 (0.0); OKST D99 (0.0),DRIVE START,T,OKST,10,,DLT (19); DRT (28),,PUNT,-15,3,DOWNS,-6,,,-6,OKST D04,,,,-1,,,C,C,,,,,,OKTU 73 (RT); OKTU 80 (TE-L); OKST D04 (LOLB); OKST D05 (RILB); OKST D30 (LILB); OKST D95 (ROLB),,,,,,,,,,LOLB (0); LILB (1); RILB (4); RLB (4); ROLB (0),,C,C,OKTU 73; OKTU 80,LWR^; SLWR; TE-L; HB-R; RWR^,3x1,,3-0-1-1,11,OKTU 00; OKTU 03; OKTU 07; OKTU 21; OKTU 80,OKTU 00 (SLWR); OKTU 03 (LWR); OKTU 07 (RWR); OKTU 10 (QB); OKTU 21 (HB-R); OKTU 54 (RG); OKTU 62 (C); OKTU 65 (LG); OKTU 72 (LT); OKTU 73 (RT); OKTU 80 (TE-L),OKTU 00 (0.0); OKTU 03 (0.0); OKTU 07 (0.0); OKTU 10 (0.0); OKTU 21 (0.0); OKTU 54 (0.0); OKTU 62 (0.0); OKTU 65 (0.0); OKTU 72 (0.0); OKTU 73 (-1.0); OKTU 80 (-1.0),DRIVE START,F,OKTU,OKTU 03; OKTU 07,,,,1b,,,,,,,LWR 2(1); SLWR xj(-4); TE-L r; HB-R r; RWR z,2; X; -; -; -,OKTU 03 2(1); OKTU 00 xj(-4); OKTU 80 r; OKTU 21 r; OKTU 07 z,,,,,,,,,,,,,-5,RT,,RT,OKST D04; OKST D05; OKST D30,OKST D01 > OKTU 07; OKST D10 > OKTU 03,,0,,,OKTU 10,0,,,0,,HB-R,HB-R (-5),L,1; OKTU 21 (HB-R),,,,OUTSIDE ZONE,READ OPTION,R,,+16,OKTU 00* (L:R{L}),S,,OKST D04,,OKST D04,OKST D05,L,,,,LWR^(-19.5); SLWR(-2.5); RWR^(+12.5),,0,15,0,0,0,,false,3,3,-0.764,-0.949,,false,11,OKTU 21,OKTU 80,OKTU 00; OKTU 03; OKTU 07,GUN WEAK,TREY - OPEN,LWR; SLWR; TE-L; HB-R; RWR,3x1,TREY - OPEN,NICKEL,OKST D01; OKST D10; OKST D11; OKST D18; OKST D23,OKST D04; OKST D05; OKST D30,OKST D81; OKST D95; OKST D99,WIDE OVER,SINGLE MUG,COVER 1,,94,,-1.4,-0.985,28989_6460708,28989-OKTU-8
6460710,28989,2025-09-19,2025,04,407931,3418,3,2,03:36,0,,0,3,0,8,2,7,0,,,,0,0,1,19,1,,0,6460708,6460715,,3.19,0,,129,0,,,0,1,,2,0,0,OKTU 21,6; OKST D04 (14); OKST D05 (13); OKST D30 (22); OKST D81 (29); OKST D95 (37); OKST D99 (19),,,,,LCB (0); SCBL (4); SSL (9); SSR (10); RCB (1),SSL (06); LLB (13); LOLB (14); DLT (19); MLB (22); RE (29); ROLB (37); SSR (42),3-3-5,OKST D01 (LCB); OKST D04 (LOLB); OKST D05 (LLB); OKST D10 (RCB); OKST D11 (SSL); OKST D18 (SSR); OKST D23 (SCBL); OKST D30 (MLB); OKST D81 (RE); OKST D95 (ROLB); OKST D99 (DLT),OKST D01 (0.0); OKST D04 (0.0); OKST D05 (0.0); OKST D10 (0.0); OKST D11 (0.0); OKST D18 (0.0); OKST D23 (0.0); OKST D30 (+0.5); OKST D81 (0.0); OKST D95 (0.0); OKST D99 (-0.5),,F,OKST,11,,DLT (19); RE (29),,PUNT,-15,3,DOWNS,-6,,,-5,OKST D05,,,,7,,,R,L,,,,,,OKTU 21 (HB-R); OKTU 54 (RG); OKTU 62 (C); OKST D30 (MLB); OKST D99 (DLT),,,,,,,,,,LOLB (0); LLB (4); MLB (4); ROLB (0),,O,O,OKTU 62; OKST D99,LWR^; TE-L^; HB-R; SRWR; RWR,2x2,OL>TE-L; TE>RT,3-0-1-1,11,OKTU 00; OKTU 03; OKTU 07; OKTU 21; OKTU 73,OKTU 00 (SRWR); OKTU 03 (RWR); OKTU 07 (LWR); OKTU 10 (QB); OKTU 21 (HB-R); OKTU 54 (RG); OKTU 62 (C); OKTU 65 (LG); OKTU 72 (LT); OKTU 73 (TE-L); OKTU 80 (RT),OKTU 00 (0.0); OKTU 03 (0.0); OKTU 07 (0.0); OKTU 10 (0.0); OKTU 21 (+0.5); OKTU 54 (+0.5); OKTU 62 (-0.5); OKTU 65 (0.0); OKTU 72 (0.0); OKTU 73 (0.0); OKTU 80 (0.0),,T,OKTU,OKTU 07; OKTU 73,,,,4,,,,,,,RT 1; LWR r; HB-R r; SRWR 2(4); RWR 2(4),3; -; -; 2; 2,OKTU 80 1; OKTU 07 r; OKTU 21 r; OKTU 00 2(4); OKTU 03 2(4),,,,,,,,,,,,,-12,MR,,MR,OKTU 21; OKTU 54; OKST D30,OKST D01 > OKTU 03; OKST D10 > OKTU 07,,0,,,OKTU 10,0,,,0,,HB-R,HB-R (-5),L,1; OKTU 21 (HB-R),,,,OUTSIDE ZONE,READ OPTION,R,,+16,,S,,,,OKST D05,OKST D18,L,,,,LWR^(-12.5); SRWR(+13.5); RWR(+19.5),,1,13,0,0,0,,false,3,3,-1.713,0.177,,false,11,OKTU 21,OKTU 80,OKTU 00; OKTU 03; OKTU 07,GUN WEAK,SLOT - PRO,LWR; TE-L; HB-R; SRWR; RWR,2x2,SLOT - PRO,NICKEL,OKST D01; OKST D10; OKST D11; OKST D18; OKST D23,OKST D04; OKST D05; OKST D30,OKST D81; OKST D95; OKST D99,WIDE OVER,,COVER 4,,95,,-2.385,0.011,28989_6460710,28989-OKTU-8
6460715,28989,2025-09-19,2025,04,407931,3444,3,3,03:03,1,,0,3,0,8,3,3,0,,,,0,0,0,19,1,,0,6460710,6460716,,3.19,0,,130,1,,,0,0,,2,0,0,OKTU 21,6; OKST D04 (36); OKST D05 (15); OKST D30 (26); OKST D81 (19); OKST D95 (10); OKST D99 (28),,,,,LCB (1); SCBL (3); SSL (9); SCBR (3); RCB (1),SSL (09); LEO (10); LOLB (15); DLT (19); RILB (26); DRT (28); ROLB (36),3-3-5,OKST D01 (LCB); OKST D04 (ROLB); OKST D05 (LOLB); OKST D10 (RCB); OKST D11 (SSL); OKST D18 (SCBR); OKST D23 (SCBL); OKST D30 (RILB); OKST D81 (DLT); OKST D95 (LEO); OKST D99 (DRT),OKST D01 (0.0); OKST D04 (0.0); OKST D05 (0.0); OKST D10 (0.0); OKST D11 (0.0); OKST D18 (0.0); OKST D23 (0.0); OKST D30 (+0.5); OKST D81 (0.0); OKST D95 (0.0); OKST D99 (0.0),,T,OKST,4,,LEO (10); DLT (19); DRT (28),,PUNT,-15,3,DOWNS,-6,,,-12,OKST D30,,,,3,,,L,R,,,,,,OKTU 62 (C); OKST D05 (LOLB); OKST D30 (RILB),,,,,,,,,,LOLB (1); RILB (4); ROLB (0),,C,C,OKTU 62,LWR^; SLWR; HB-L; SRWR; RWR^,2x2,TE>SLWR,3-0-1-1,11,OKTU 00; OKTU 03; OKTU 07; OKTU 21; OKTU 80,OKTU 00 (SRWR); OKTU 03 (LWR); OKTU 07 (RWR); OKTU 10 (QB); OKTU 21 (HB-L); OKTU 54 (RG); OKTU 62 (C); OKTU 65 (LG); OKTU 72 (LT); OKTU 73 (RT); OKTU 80 (SLWR),OKTU 00 (0.0); OKTU 03 (0.0); OKTU 07 (0.0); OKTU 10 (0.0); OKTU 21 (0.0); OKTU 54 (0.0); OKTU 62 (-1.0); OKTU 65 (0.0); OKTU 72 (0.0); OKTU 73 (0.0); OKTU 80 (0.0),,F,OKTU,OKTU 03; OKTU 07,,,,1b,,,,,,,,,,,,,,,,,,,,,,-15,LE,,LE,OKST D30,OKST D01 > OKTU 07; OKST D10 > OKTU 03,,0,,,OKTU 10,0,,,0,,HB-L,HB-L (-5),L,1; OKTU 21 (HB-L),,,,POWER,SPEED OPTION,R,,+16,,S,,OKST D30,,OKST D30,,,,,,LWR^(-21.5); SLWR(-14.5); SRWR(+10.5); RWR^(+17.5),,0,15,0,0,0,,false,3,3,-1.536,-1.543,,false,11,OKTU 21,OKTU 80,OKTU 00; OKTU 03; OKTU 07,GUN STRONG,SLOT - SLOT,LWR; SLWR; HB-L; SRWR; RWR,2x2,SLOT - SLOT,NICKEL,OKST D01; OKST D10; OKST D11; OKST D18; OKST D23,OKST D04; OKST D05; OKST D30,OKST D81; OKST D95; OKST D99,WIDE OVER,,COVER 1,,88,,-2.374,-0.683,28989_6460715,28989-OKTU-8
6460810,28989,2025-09-19,2025,04,407931,3745,4,1,14:10,1,,0,9,0,9,1,39,0,1,,,0,0,0,19,1,,0,6460808,6460812,,9.19,0,,141,0,,,0,0,,37,0,0,OKTU 21,5; OKST D04 (10); OKST D17 (17); OKST D30 (20); OKST D33 (33); OKST D94 (25),,,,,LCB (0); SSL (9); SSR (9); SCBiR (4); SCBoR (6); RCB (1),SSL (07); LOLB (10); DLT (17); LILB (20); DRT (25); REO (33); SSR (44),3-3-5,OKST D03 (LCB); OKST D04 (LOLB); OKST D05 (SCBiR); OKST D08 (SSL); OKST D10 (RCB); OKST D11 (SSR); OKST D14 (SCBoR); OKST D17 (DLT); OKST D30 (LILB); OKST D33 (REO); OKST D94 (DRT),OKST D03 (0.0); OKST D04 (-1.0); OKST D05 (0.0); OKST D08 (0.0); OKST D10 (0.0); OKST D11 (0.0); OKST D14 (-1.0); OKST D17 (-1.0); OKST D30 (0.0); OKST D33 (0.0); OKST D94 (-0.5),DRIVE START,F,OKST,10,,DLT (17); DRT (25); REO (33),,PUNT,+38,4,KICKOFF - RETURN,-18,,,-18,OKST D04,,,,39,,,R,L,,,,,,OKTU 21 (HB-R); OKTU 54 (RG); OKTU 62 (C); OKTU 65 (LG); OKTU 77 (RT); OKST D04 (LOLB); OKST D14 (SCBoR); OKST D17 (DLT); OKST D94 (DRT),,,,,,,,,,LOLB (0); LILB (4),OKST D04; OKST D14,O,O,OKST D04; OKST D14; OKST D17; OKST D94,LWR^; SLoWR; SLiWR; HB-R; RWR^,3x1,TE>SLiWR,3-0-1-1,11,OKTU 00; OKTU 03; OKTU 07; OKTU 21; OKTU 80,OKTU 00 (SLoWR); OKTU 03 (LWR); OKTU 07 (RWR); OKTU 10 (QB); OKTU 21 (HB-R); OKTU 54 (RG); OKTU 62 (C); OKTU 65 (LG); OKTU 72 (LT); OKTU 77 (RT); OKTU 80 (SLiWR),OKTU 00 (0.0); OKTU 03 (0.0); OKTU 07 (0.0); OKTU 10 (0.0); OKTU 21 (+1.5); OKTU 54 (+1.0); OKTU 62 (+0.5); OKTU 65 (+0.5); OKTU 72 (0.0); OKTU 77 (+0.5); OKTU 80 (0.0),DRIVE START,T,OKTU,OKTU 03; OKTU 07,,,,6Rb,,,,,,,LWR r; SLoWR r; SLiWR r; HB-R r; RWR 6(4),-; -; -; -; 6,OKTU 03 r; OKTU 00 r; OKTU 80 r; OKTU 21 r; OKTU 07 6(4),,,,,,,,,,,,,+43,RT,,RT,OKTU 21; OKTU 54; OKTU 62; OKTU 65; OKTU 77,OKST D03 > OKTU 07; OKST D10 > OKTU 03,,0,,,OKTU 10,0,,,0,,HB-R,HB-R (-5),L,1; OKTU 21 (HB-R),,,,OUTSIDE ZONE,READ OPTION,R,,+10,,S,,,,OKST D03,OKST D08,,,,,LWR^(-17.5); SLoWR(-10.5); SLiWR(-2.5); RWR^(+18.5),,1,14,0,0,0,,false,3,3,-0.281,2.845,,false,11,OKTU 21,OKTU 80,OKTU 00; OKTU 03; OKTU 07,GUN WEAK,TRIPS - OPEN,LWR; SLoWR; SLiWR; HB-R; RWR,3x1,TRIPS - OPEN,NICKEL,OKST D03; OKST D08; OKST D10; OKST D11; OKST D14,OKST D04; OKST D05; OKST D30,OKST D17; OKST D33; OKST D94,WIDE UNDER,,COVER 6,,82,,-0.329,3.207,28989_6460810,28989-OKTU-9
6460812,28989,2025-09-19,2025,04,407931,3771,4,1,13:27,1,1,0,9,0,9,2,-1,0,,,,0,0,0,19,0,,1,6460810,6460815,,9.19,1,,142,0,,1.3,0,1,1,0,0,0,OKTU 80,7; OKST D04 (15); OKST D05 (17); OKST D08 (03); OKST D17 (22); OKST D30 (35); OKST D33 (38); OKST D94 (29),,L,,,LCB (0); SCBL (5); FSR (11); RCB (1),LLB (03); LE (15); LILB (17); NT (22); RE (29); RLB (35); REO (38),3-3-5,OKST D03 (LCB); OKST D04 (LE); OKST D05 (LILB); OKST D08 (LLB); OKST D10 (RCB); OKST D11 (FSR); OKST D14 (SCBL); OKST D17 (NT); OKST D30 (RLB); OKST D33 (REO); OKST D94 (RE),OKST D03 (0.0); OKST D04 (0.0); OKST D05 (0.0); OKST D08 (+0.5); OKST D10 (0.0); OKST D11 (0.0); OKST D14 (0.0); OKST D17 (0.0); OKST D30 (0.0); OKST D33 (0.0); OKST D94 (0.0),,T,OKST,10,,LE (15); NT (22); RE (29); REO (38),,PUNT,+38,4,KICKOFF - RETURN,-18,6,SD,+43,OKST D08,,,,-1,,,R,L,,,,,,OKTU 00 (SRWR); OKST D08 (LLB),,,,,,,,,,LLB (6); LILB (4); RLB (3),,C,C,OKTU 00,LWR^; TE-L; HB-R; SRWR; RWR^,2x2,OL>TE-L; TE>RT,3-0-1-1,11,OKTU 00; OKTU 03; OKTU 07; OKTU 21; OKTU 77,OKTU 00 (SRWR); OKTU 03 (RWR); OKTU 07 (LWR); OKTU 10 (QB); OKTU 21 (HB-R); OKTU 54 (RG); OKTU 62 (C); OKTU 65 (LG); OKTU 72 (LT); OKTU 77 (TE-L); OKTU 80 (RT),OKTU 00 (-0.5); OKTU 03 (0.0); OKTU 07 (0.0); OKTU 10 (0.0); OKTU 21 (0.0); OKTU 54 (0.0); OKTU 62 (0.0); OKTU 65 (0.0); OKTU 72 (0.0); OKTU 77 (0.0); OKTU 80 (0.0),,F,OKTU,OKTU 03; OKTU 07,,5; OKTU 54 (RG); OKTU 62 (C); OKTU 65 (LG); OKTU 72 (LT); OKTU 77 (TE-L),,1b,OKST D08,,6; OKST D03; OKST D05; OKST D08; OKST D10; OKST D11; OKST D14,-2,M,OKTU 10 (QB),RT 1; LWR 2(1); TE-L k; HB-R fl; SRWR r; RWR 2(5),3; 2; -; -; -; 2,OKTU 80 1; OKTU 07 2(1); OKTU 77 k; OKTU 21 fl; OKTU 00 r; OKTU 03 2(5),RT,OKTU 80,COMPLETE,1,1R,5; OKST D04 (LE); OKST D17 (NT); OKST D30 (RLB); OKST D33 (REO); OKST D94 (RE),,44,5R,,,OKTU 21,+44,,,,OKST D08,OKST D03 > OKTU 03; OKST D10 > OKTU 07,,0,,,OKTU 10,0,,,0,,HB-R,HB-R (-5),,1; OKTU 21 (HB-R),,,,OUTSIDE ZONE,,P,,+10,,S,,OKST D08,,OKST D08,,L,,,,LWR^(-10.5); SRWR(+14.5); RWR^(+19.5),,1,10,0,0,0,,false,3,3,2.564,-1.116,Flat,false,11,OKTU 21,OKTU 80,OKTU 00; OKTU 03; OKTU 07,GUN WEAK,SLOT - PRO,LWR; TE-L; HB-R; SRWR; RWR,2x2,SLOT - PRO,NICKEL,OKST D03; OKST D08; OKST D10; OKST D11; OKST D14,OKST D04; OKST D05; OKST D30,OKST D17; OKST D33; OKST D94,ODD,,COVER 1,,43,,2.878,-0.947,28989_6460812,28989-OKTU-9
6460815,28989,2025-09-19,2025,04,407931,3799,4,2,12:52,0,1,0,9,0,9,3,8,0,,,,0,0,0,19,0,,0,6460812,6460818,,9.19,0,,143,1,1.6,2.8,0,0,3,1,0,0,OKTU 00,5; OKST D04 (05); OKST D05 (13); OKST D17 (16); OKST D33 (34); OKST D94 (25),OKTU 03; OKTU 80,R,,,LCB (7); SCBoL (5); SCBiL (5); FSR (12); SCBR (5); RCB (1),LOLB (05); LLB (13); DLT (16); DRT (25); REO (34),3-3-5,OKST D01 (LCB); OKST D04 (LOLB); OKST D05 (LLB); OKST D08 (SCBoL); OKST D10 (RCB); OKST D11 (FSR); OKST D14 (SCBR); OKST D17 (DLT); OKST D30 (SCBiL); OKST D33 (REO); OKST D94 (DRT),OKST D01 (0.0); OKST D04 (0.0); OKST D05 (0.0); OKST D08 (0.0); OKST D10 (0.0); OKST D11 (0.0); OKST D14 (0.0); OKST D17 (0.0); OKST D30 (0.0); OKST D33 (0.0); OKST D94 (0.0),OKST D01,F,OKST,11,,DLT (16); DRT (25); REO (34),,PUNT,+38,4,KICKOFF - RETURN,-18,8,SL,+44,OKST D14,,,,8,,,R,L,,,,,,,,,,,,,,,,LOLB (0); LLB (5),,C,C,,LWR^; SLWR; SRiWR; SRoWR; RWR^,2x3,HB>SRiWR; TE>SRoWR,3-0-1-1,11,OKTU 00; OKTU 02; OKTU 03; OKTU 07; OKTU 80,OKTU 00 (SLWR); OKTU 02 (SRiWR); OKTU 03 (RWR); OKTU 07 (LWR); OKTU 10 (QB); OKTU 54 (RG); OKTU 62 (C); OKTU 65 (LG); OKTU 72 (LT); OKTU 77 (RT); OKTU 80 (SRoWR),OKTU 00 (0.0); OKTU 02 (0.0); OKTU 03 (0.0); OKTU 07 (0.0); OKTU 10 (0.0); OKTU 54 (0.0); OKTU 62 (0.0); OKTU 65 (0.0); OKTU 72 (0.0); OKTU 77 (0.0); OKTU 80 (0.0),OKTU 02,T,OKTU,OKTU 03; OKTU 07,,5; OKTU 54 (RG); OKTU 62 (C); OKTU 65 (LG); OKTU 72 (LT); OKTU 77 (RT),,1,OKST D14,,7; OKST D01; OKST D05; OKST D08; OKST D10; OKST D11; OKST D14; OKST D30,5,M,OKTU 10 (QB),LWR 9o; SLWR 12(5); SRiWR 0u(-3); SRoWR 9t(4); RWR 2(4),9; 4; 0; 9; 2,OKTU 07 9o; OKTU 00 12(5); OKTU 02 0u(-3); OKTU 80 9t(4); OKTU 03 2(4),SLWR,OKTU 00,COMPLETE,12(5),12R,4; OKST D04 (LOLB); OKST D17 (DLT); OKST D33 (REO); OKST D94 (DRT),,20,4,,,,+36,,,,,OKST D10 > OKTU 07,,1,,,OKTU 10,1,,,0,,EMPTY,,,,,,,,,P,,+10,,S,,,,OKST D14,OKST D05,,,,,LWR^(-16.5); SLWR(-6.5); SRiWR(+13.5); SRoWR(+18.5); RWR^(+21.5),,0,11,0,0,0,,false,3,3,1.448,0.568,Whip-In,false,11,OKTU 02,OKTU 80,OKTU 00; OKTU 03; OKTU 07,GUN EMPTY,TRIPS - SLOT,LWR; SLWR; SRiWR; SRoWR; RWR,2x3,TRIPS - SLOT,NICKEL,OKST D01; OKST D08; OKST D10; OKST D11; OKST D14,OKST D04; OKST D05; OKST D30,OKST D17; OKST D33; OKST D94,WIDE OVER,,COVER 1,,44,,1.931,0.663,28989_6460815,28989-OKTU-9
6460818,28989,2025-09-19,2025,04,407931,3827,4,3,12:16,1,,0,9,0,9,4,-2,0,,,,0,0,1,19,1,,0,6460815,6460820,,9.19,0,,144,0,,,0,0,,0,0,0,OKTU 10,8; OKST D04 (29); OKST D05 (04); OKST D08 (13); OKST D10 (34); OKST D17 (26); OKST D30 (24); OKST D33 (15); OKST D94 (19),,,,,LCB (1); SCBoL (5); SCBiL (8); SS (8),LOLB (04); SS (13); LE (15); DLT (19); RILB (24); DRT (26); RE (29); RLB (34),3-3-5,OKST D01 (LCB); OKST D04 (RE); OKST D05 (LOLB); OKST D08 (SS); OKST D10 (RLB); OKST D11 (SCBiL); OKST D14 (SCBoL); OKST D17 (DRT); OKST D30 (RILB); OKST D33 (LE); OKST D94 (DLT),OKST D01 (0.0); OKST D04 (0.0); OKST D05 (0.0); OKST D08 (0.0); OKST D10 (+0.5); OKST D11 (0.0); OKST D14 (0.0); OKST D17 (0.0); OKST D30 (0.0); OKST D33 (0.0); OKST D94 (0.0),,T,OKST,3,,LE (15); DLT (19); DRT (26); RE (29),,PUNT,+38,4,KICKOFF - RETURN,-18,,,+36,OKST D10,,,,-2,,,C,C,,,,,,OKTU 80 (TE-R); OKST D10 (RLB),,,,,,,,,,LOLB (0); RILB (4); RLB (4),,O,C,OKTU 80,HB-L; TE-R; SRiWR; SRoWR^; RWR^,0x4,,3-0-1-1,11,OKTU 00; OKTU 02; OKTU 03; OKTU 07; OKTU 80,OKTU 00 (SRiWR); OKTU 02 (HB-L); OKTU 03 (RWR); OKTU 07 (SRoWR); OKTU 10 (QB); OKTU 54 (RG); OKTU 62 (C); OKTU 65 (LG); OKTU 72 (LT); OKTU 77 (RT); OKTU 80 (TE-R),OKTU 00 (0.0); OKTU 02 (0.0); OKTU 03 (0.0); OKTU 07 (0.0); OKTU 10 (0.0); OKTU 54 (0.0); OKTU 62 (0.0); OKTU 65 (0.0); OKTU 72 (0.0); OKTU 77 (0.0); OKTU 80 (-1.0),,F,OKTU,OKTU 03; OKTU 07,,,,0b,,,,,,,,,,,,,,,,,,,,,,+38,LE,,LE,OKST D10,OKST D01 > OKTU 03,,0,,,OKTU 10,0,,,0,,HB-L,HB-L (-5),R,1; OKTU 02 (HB-L),,,,INSIDE ZONE,READ OPTION;SPLIT,R,,+10,OKTU 80* (L:Rx),S,,OKST D10,,OKST D10,,R,,,,SRiWR(+8.5); SRoWR^(+12.5); RWR^(+18.5),,0,12,0,0,0,,false,3,3,2.016,-2.751,,false,11,OKTU 02,OKTU 80,OKTU 00; OKTU 03; OKTU 07,GUN WEAK,QUAY - NIX,TE-L; HB-L; SRiWR; SRoWR; RWR,1x3,TRIPS - CLOSED,NICKEL,OKST D01; OKST D08; OKST D10; OKST D11; OKST D14,OKST D04; OKST D05; OKST D30,OKST D17; OKST D33; OKST D94,DOUBLE PLUG,,COVER 0,,36,,2.594,-3.059,28989_6460818,28989-OKTU-9
6460881,28989,2025-09-19,2025,04,407931,4176,4,1,07:49,0,,0,9,0,10,1,6,0,,,,0,0,0,19,0,,0,6460866,6460886,,9.19,0,,157,0,,,0,0,,3,0,0,OKTU 21,8; OKST D05 (16); OKST D06 (26); OKST D10 (41); OKST D18 (30); OKST D40 (33); OKST D95 (10); OKST D96 (19); OKST D99 (27),,,,,LCB (1); SCBL (4); SSL (9); SS (7),SSL (00); LEO (10); LILB (16); DLT (19); RILB (26); DRT (27); SS (30); REO (33); RLB (41),3-3-5,OKST D03 (LCB); OKST D05 (LILB); OKST D06 (RILB); OKST D10 (RLB); OKST D11 (SSL); OKST D18 (SS); OKST D23 (SCBL); OKST D40 (REO); OKST D95 (LEO); OKST D96 (DLT); OKST D99 (DRT),OKST D03 (0.0); OKST D05 (0.0); OKST D06 (0.0); OKST D10 (0.0); OKST D11 (0.0); OKST D18 (0.0); OKST D23 (0.0); OKST D40 (0.0); OKST D95 (0.0); OKST D96 (0.0); OKST D99 (0.0),DRIVE START,F,OKST,10,,LEO (10); DLT (19); DRT (27); REO (33),,PUNT,-11,3,PUNT - DOWNED,-5,,,-5,OKST D95,,,,6,,,C,C,,,,,,OKTU 21 (HB); OKTU 54 (RG); OKST D96 (DLT),,,,,,,,,,LILB (4); RILB (4); RLB (4),,O,O,,TE-L^; FB-L; HB; SRWR; RWR^,1x2,,2-0-2-1,21,OKTU 01; OKTU 03; OKTU 07; OKTU 21; OKTU 80,OKTU 01 (FB-L); OKTU 03 (RWR); OKTU 07 (SRWR); OKTU 10 (QB); OKTU 21 (HB); OKTU 54 (RG); OKTU 62 (C); OKTU 65 (LG); OKTU 72 (LT); OKTU 77 (RT); OKTU 80 (TE-L),OKTU 01 (0.0); OKTU 03 (0.0); OKTU 07 (0.0); OKTU 10 (0.0); OKTU 21 (+0.5); OKTU 54 (0.0); OKTU 62 (0.0); OKTU 65 (0.0); OKTU 72 (0.0); OKTU 77 (0.0); OKTU 80 (0.0),DRIVE START,T,OKTU,OKTU 03; OKTU 80,,,,4,,,,,,,TE-L r; FB-L h21(-2); HB r; SRWR z; RWR z,-; H4; -; -; -,OKTU 80 r; OKTU 01 h21(-2); OKTU 21 r; OKTU 07 z; OKTU 03 z,,,,,,,,,,,P,,-11,MR,,MR,OKTU 21,OKST D03 > OKTU 03,,0,,,OKTU 10,0,,,0,,HB; FB-L,HB (-7); FB-L (-5),L,2; OKTU 01 (FB-L); OKTU 21 (HB),,,,OUTSIDE ZONE,,R,,+10,,S,,,,OKST D95,OKST D10,L,,,,SRWR(+10.5); RWR^(+16.5),,1,16,0,0,0,,false,3,3,-0.512,0.206,,false,21,OKTU 01; OKTU 21,OKTU 80,OKTU 03; OKTU 07,PISTOL I STRONG,SLOT - CLOSED,TE-L; FB-L; HB; SRWR; RWR,1x2,SLOT - CLOSED,NICKEL,OKST D03; OKST D10; OKST D11; OKST D18; OKST D23,OKST D05; OKST D06; OKST D40,OKST D95; OKST D96; OKST D99,WIDE OVER,,COVER 4,,95,,-1.486,0.089,28989_6460881,28989-OKTU-10
6460886,28989,2025-09-19,2025,04,407931,4202,4,2,07:09,1,0,0,9,0,10,2,,0,,,,0,0,1,19,0,,1,6460881,6460890,,9.19,0,,158,0,1.9,2.6,0,1,,,0,0,,8; OKST D05 (26); OKST D06 (30); OKST D10 (38); OKST D18 (21); OKST D40 (02); OKST D95 (15); OKST D96 (20); OKST D99 (27),,L,,,LCB (1); SCBoL (4); SCBiL (6); SS (8),LOLB (02); LE (15); DLT (20); SS (21); RILB (26); DRT (27); ROLB (30); RLB (38),3-3-5,OKST D03 (LCB); OKST D05 (RILB); OKST D06 (ROLB); OKST D10 (RLB); OKST D11 (SCBiL); OKST D18 (SS); OKST D23 (SCBoL); OKST D40 (LOLB); OKST D95 (LE); OKST D96 (DLT); OKST D99 (DRT),OKST D03 (0.0); OKST D05 (+0.5); OKST D06 (0.0); OKST D10 (0.0); OKST D11 (0.0); OKST D18 (0.0); OKST D23 (0.0); OKST D40 (0.0); OKST D95 (0.0); OKST D96 (0.0); OKST D99 (0.0),,T,OKST,4,,LE (15); DLT (20); DRT (27),,PUNT,-11,3,PUNT - DOWNED,-5,0,RR,-11,,,,,0,,,L,R,,OKST D40,UT,,,OKTU 10 (QB); OKST D05 (RILB); OKST D40 (LOLB),,,,,,,,,,LOLB (0); RILB (4); RLB (6); ROLB (0),,C,C,OKTU 10,HB-L; TE-R^; SRiWR; SRoWR; RWR^,0x4,OL>TE-R; TE>LT,3-0-1-1,11,OKTU 00; OKTU 03; OKTU 07; OKTU 21; OKTU 72,OKTU 00 (SRiWR); OKTU 03 (RWR); OKTU 07 (SRoWR); OKTU 10 (QB); OKTU 21 (HB-L); OKTU 54 (RG); OKTU 62 (C); OKTU 65 (LG); OKTU 72 (TE-R); OKTU 77 (RT); OKTU 80 (LT),OKTU 00 (0.0); OKTU 03 (0.0); OKTU 07 (0.0); OKTU 10 (-0.5); OKTU 21 (0.0); OKTU 54 (0.0); OKTU 62 (0.0); OKTU 65 (0.0); OKTU 72 (0.0); OKTU 77 (0.0); OKTU 80 (0.0),OKTU 00,F,OKTU,OKTU 03; OKTU 72,,5; OKTU 54 (RG); OKTU 62 (C); OKTU 65 (LG); OKTU 72 (TE-R); OKTU 77 (RT),,1b,OKST D05,,6; OKST D03; OKST D05; OKST D10; OKST D11; OKST D18; OKST D23,2,M,OKTU 10 (QB),LT xd(3); HB-L h21(-2); TE-R k; SRiWR xj(-4); SRoWR 3(12); RWR 7i(20),X; H4; -; X; 3; 7,OKTU 80 xd(3); OKTU 21 h21(-2); OKTU 72 k; OKTU 00 xj(-4); OKTU 07 3(12); OKTU 03 7i(20),HB-L,OKTU 21,INCOMPLETE,h21(-2),SR,5; OKST D06 (ROLB); OKST D40 (LOLB); OKST D95 (LE); OKST D96 (DLT); OKST D99 (DRT),HURRY,40,5R,,,,-11,,,,OKST D05,OKST D03 > OKTU 03,OKST D40 (U),0,,,OKTU 10,0,OKST D40,,0,,HB-L,HB-L (-5),,1; OKTU 21 (HB-L),,,,OUTSIDE ZONE,,P,,+10,OKTU 00* (L:Rx); OKTU 21 (B:B),S,,,,,,R,,OKST D40 (R.E.D) LOLB,,SRiWR(+1.5); SRoWR(+10.5); RWR^(+17.5),,0,6,0,0,0,,false,3,3,-0.306,-0.884,Flat,false,11,OKTU 21,OKTU 80,OKTU 00; OKTU 03; OKTU 07,GUN WEAK,QUAY - NIX,LWR; HB-R; TE-R; SRWR; RWR,1x3,TREY - OPEN,NICKEL,OKST D03; OKST D10; OKST D11; OKST D18; OKST D23,OKST D05; OKST D06; OKST D40,OKST D95; OKST D96; OKST D99,WIDE UNDER,,COVER 1,,89,,-1.397,-1.06,28989_6460886,28989-OKTU-10
6460890,28989,2025-09-19,2025,04,407931,4228,4,3,07:04,0,0,0,9,0,10,3,,0,,,,0,0,1,19,0,,0,6460886,6460893,,9.19,0,,159,0,,2.4,0,0,,,0,0,,7; OKST D05 (10); OKST D06 (20); OKST D10 (35); OKST D40 (36); OKST D95 (08); OKST D96 (19); OKST D99 (26),OKTU 03; OKTU 80; OKTU 82,L,,,LCB (1); SCBoL (2); SCBiL (7); FS (9),LOLB (08); LLB (10); DLT (19); LILB (20); DRT (26); RLB (35); ROLB (36),3-3-5,OKST D03 (LCB); OKST D05 (LLB); OKST D06 (LILB); OKST D10 (RLB); OKST D11 (SCBiL); OKST D18 (FS); OKST D23 (SCBoL); OKST D40 (ROLB); OKST D95 (LOLB); OKST D96 (DLT); OKST D99 (DRT),OKST D03 (0.0); OKST D05 (0.0); OKST D06 (0.0); OKST D10 (0.0); OKST D11 (0.0); OKST D18 (0.0); OKST D23 (-0.5); OKST D40 (0.0); OKST D95 (0.0); OKST D96 (0.0); OKST D99 (0.0),,T,OKST,4,,DLT (19); DRT (26),,PUNT,-11,3,PUNT - DOWNED,-5,0,RR,-11,,,,,0,,,C,C,,,BR,,,OKTU 10 (QB); OKST D23 (SCBoL),,,,,,,,,,LOLB (0); LLB (4); LILB (4); RLB (6); ROLB (0),,C,C,OKTU 10; OKST D23,HB-L; SRiWR^; SRWR; SRoWR; RWR^,0x4,TE>SRiWR; TE>SRoWR,2-0-1-2,12,OKTU 01; OKTU 03; OKTU 07; OKTU 80; OKTU 82,OKTU 01 (HB-L); OKTU 03 (SRWR); OKTU 07 (RWR); OKTU 10 (QB); OKTU 54 (RG); OKTU 62 (C); OKTU 65 (LG); OKTU 72 (LT); OKTU 77 (RT); OKTU 80 (SRiWR); OKTU 82 (SRoWR),OKTU 01 (0.0); OKTU 03 (0.0); OKTU 07 (0.0); OKTU 10 (-0.5); OKTU 54 (0.0); OKTU 62 (0.0); OKTU 65 (0.0); OKTU 72 (0.0); OKTU 77 (0.0); OKTU 80 (0.0); OKTU 82 (0.0),OKTU 01; OKTU 82,F,OKTU,OKTU 07; OKTU 80,,5; OKTU 54 (RG); OKTU 62 (C); OKTU 65 (LG); OKTU 72 (LT); OKTU 77 (RT),,1,OKST D23,,7; OKST D03; OKST D05; OKST D06; OKST D10; OKST D11; OKST D18; OKST D23,17,R,OKTU 10 (QB),HB-L h21(-2); SRiWR z; SRWR 3(16); SRoWR 9o; RWR 8i(19),H4; -; 3; 9; 8,OKTU 01 h21(-2); OKTU 80 z; OKTU 03 3(16); OKTU 82 9o; OKTU 07 8i(19),SRoWR,OKTU 82,INCOMPLETE,9o,19R,4; OKST D40 (ROLB); OKST D95 (LOLB); OKST D96 (DLT); OKST D99 (DRT),,50,6R,,,,-11,,,,,OKST D03 > OKTU 07,,0,,,OKTU 10,0,,,0,,HB-L,HB-L (-5),,1; OKTU 01 (HB-L),,,,,,P,,+10,OKTU 82* (L:R{R}),S,,,,,,,,,,SRiWR^(+2.5); SRWR(+5.5); SRoWR(+7.5); RWR^(+17.5),,0,2,0,0,0,,false,3,3,-1.19,-1.577,Go,false,12,OKTU 01,OKTU 80; OKTU 82,OKTU 03; OKTU 07,GUN WEAK,QUADS - NIX,HB-L; TE-R; SRiWR; SRoWR; RWR,0x4,QUAY - NIX,NICKEL,OKST D03; OKST D10; OKST D11; OKST D18; OKST D23,OKST D05; OKST D06; OKST D40,OKST D95; OKST D96; OKST D99,WIDE UNDER,,COVER 1,,89,,-2.457,-0.775,28989_6460890,28989-OKTU-10
6460930,28989,2025-09-19,2025,04,407931,4460,4,1,05:44,1,,0,12,0,11,1,11,0,1,,,0,0,0,19,1,,0,6460928,6460935,,12.19,0,,168,1,,,0,0,,11,4,0,OKTU 21,6; OKST D00 (36); OKST D04 (09); OKST D05 (29); OKST D06 (20); OKST D71 (24); OKST D81 (17),,,,,LCB (1); SSL (9); SCBiR (7); SCBoR (4); RCB (1),LOLB (09); SSL (10); DLT (17); LILB (20); DRT (24); RLB (29); ROLB (36),3-3-5,OKST D00 (ROLB); OKST D01 (RCB); OKST D04 (LOLB); OKST D05 (RLB); OKST D06 (LILB); OKST D08 (SSL); OKST D10 (LCB); OKST D11 (SCBiR); OKST D23 (SCBoR); OKST D71 (DRT); OKST D81 (DLT),OKST D00 (0.0); OKST D01 (0.0); OKST D04 (0.0); OKST D05 (0.0); OKST D06 (-1.0); OKST D08 (-1.0); OKST D10 (0.0); OKST D11 (0.0); OKST D23 (0.0); OKST D71 (0.0); OKST D81 (0.0),DRIVE START,F,OKST,10,,DLT (17); DRT (24),,PUNT,+47,6,KICKOFF - RETURN,-17,,,-17,OKST D06,,,,11,,,R,L,,,,,,OKTU 21 (HB-R); OKTU 62 (C); OKTU 65 (LG); OKTU 72 (LT); OKST D00 (ROLB); OKST D05 (RLB); OKST D06 (LILB); OKST D08 (SSL),,,,,,,,,,LOLB (0); LILB (4); RLB (2); ROLB (0),OKST D06; OKST D08,C,O,OKTU 62; OKTU 72; OKST D06; OKST D08,LWR^; SLoWR; SLiWR; HB-R; RWR^,3x1,TE>SLiWR,3-0-1-1,11,OKTU 00; OKTU 03; OKTU 07; OKTU 21; OKTU 80,OKTU 00 (SLoWR); OKTU 03 (LWR); OKTU 07 (RWR); OKTU 10 (QB); OKTU 21 (HB-R); OKTU 54 (RG); OKTU 62 (C); OKTU 65 (LG); OKTU 72 (LT); OKTU 77 (RT); OKTU 80 (SLiWR),OKTU 00 (0.0); OKTU 03 (0.0); OKTU 07 (0.0); OKTU 10 (0.0); OKTU 21 (+1.0); OKTU 54 (0.0); OKTU 62 (-1.0); OKTU 65 (0.0); OKTU 72 (-0.5); OKTU 77 (0.0); OKTU 80 (0.0),DRIVE START,T,OKTU,OKTU 03; OKTU 07,,,,1b,,,,,,,,,,,,,,,,,,,,,,-28,LG,,LG,OKTU 21,OKST D01 > OKTU 03; OKST D10 > OKTU 07,,0,,,OKTU 10,0,,,0,,HB-R,HB-R (-5),L,1; OKTU 21 (HB-R),,,,OUTSIDE ZONE,READ OPTION,R,,+7,,S,,,,OKST D23,,,,,,LWR^(-20.5); SLoWR(-13.5); SLiWR(-7.5); RWR^(+22.5),,0,8,0,0,0,,false,3,3,-0.093,0.913,,false,11,OKTU 21,OKTU 80,OKTU 00; OKTU 03; OKTU 07,GUN WEAK,TRIPS - OPEN,LWR; SLoWR; SLiWR; HB-R; RWR,3x1,TRIPS - OPEN,NICKEL,OKST D01; OKST D08; OKST D10; OKST D11; OKST D23,OKST D04; OKST D05; OKST D06,OKST D00; OKST D71; OKST D81,WIDE UNDER,,COVER 1,,83,,-0.42,1.001,28989_6460930,28989-OKTU-11
6460935,28989,2025-09-19,2025,04,407931,4486,4,1,05:04,1,,0,12,0,11,2,3,0,,,,0,0,0,19,0,,0,6460930,6460937,,12.19,0,,169,0,,,0,0,,3,4,0,OKTU 21,6; OKST D00 (15); OKST D04 (08); OKST D05 (22); OKST D06 (38); OKST D71 (22); OKST D81 (29),,,,,LCB (0); SSL (10); SCBiR (3); SCBoR (2); RCB (0),SSL (00); LOLB (08); LE (15); NT (22); MLB (22); RE (29); ROLB (38),3-3-5,OKST D00 (LE); OKST D01 (RCB); OKST D04 (LOLB); OKST D05 (MLB); OKST D06 (ROLB); OKST D10 (LCB); OKST D11 (SSL); OKST D18 (SCBiR); OKST D23 (SCBoR); OKST D71 (NT); OKST D81 (RE),OKST D00 (-0.5); OKST D01 (0.0); OKST D04 (0.0); OKST D05 (0.0); OKST D06 (0.0); OKST D10 (0.0); OKST D11 (0.0); OKST D18 (0.0); OKST D23 (0.0); OKST D71 (+0.5); OKST D81 (0.0),OKST D18,T,OKST,10,,LE (15); NT (22); RE (29),,PUNT,+47,6,KICKOFF - RETURN,-17,,,-28,OKST D71,,,,3,,,L,R,,,,,,OKTU 54 (RG); OKTU 62 (C); OKST D00 (LE); OKST D71 (NT),,,,,,,,,,LOLB (0); MLB (4); ROLB (0),,C,C,OKTU 62; OKST D00,LWR^; SLoWR; SLiWR; HB; RWR^,3x1,TE>SLiWR,3-0-1-1,11,OKTU 00; OKTU 03; OKTU 07; OKTU 21; OKTU 80,OKTU 00 (SLoWR); OKTU 03 (LWR); OKTU 07 (RWR); OKTU 10 (QB); OKTU 21 (HB); OKTU 54 (RG); OKTU 62 (C); OKTU 65 (LG); OKTU 72 (LT); OKTU 77 (RT); OKTU 80 (SLiWR),OKTU 00 (0.0); OKTU 03 (0.0); OKTU 07 (0.0); OKTU 10 (0.0); OKTU 21 (0.0); OKTU 54 (+0.5); OKTU 62 (-0.5); OKTU 65 (0.0); OKTU 72 (0.0); OKTU 77 (0.0); OKTU 80 (0.0),,F,OKTU,OKTU 03; OKTU 07,,,,1b,,,,,,,,,,,,,,,,,,,,P,,-31,RG,,RG,OKTU 54; OKST D71,OKST D01 > OKTU 03; OKST D10 > OKTU 07; OKST D23 > OKTU 00,,0,,,OKTU 10,0,,,0,,HB,HB (-7),R,1; OKTU 21 (HB),,,,OUTSIDE ZONE,CROSS LEAD,R,,+7,OKTU 80* (L:R{L}),S,,OKST D71,,OKST D71,OKST D05,,,,,LWR^(-23.5); SLoWR(-18.5); SLiWR(-12.5); RWR^(+7.5),,0,8,0,0,0,,false,3,3,0.82,-0.484,,false,11,OKTU 21,OKTU 80,OKTU 00; OKTU 03; OKTU 07,PISTOL,TRIPS - OPEN,LWR; SLoWR; SLiWR; HB; RWR,3x1,TRIPS - OPEN,NICKEL,OKST D01; OKST D10; OKST D11; OKST D18; OKST D23,OKST D04; OKST D05; OKST D06,OKST D00; OKST D71; OKST D81,ODD,,COVER 1,,72,,0.581,-0.416,28989_6460935,28989-OKTU-11
6460937,28989,2025-09-19,2025,04,407931,4512,4,2,04:22,0,0,0,12,0,11,3,15,0,1,,,0,0,0,19,0,,0,6460935,6460938,,12.19,0,,170,1,2.7,6.3,0,0,,0,4,0,OKTU 10,7; OKST D00 (15); OKST D01 (42); OKST D04 (05); OKST D05 (27); OKST D06 (34); OKST D71 (22); OKST D81 (29),OKTU 00; OKTU 07,C,,,LCB (1); SCBoL (4); SCBiL (6); FS (10),LOLB (05); LE (15); NT (22); RILB (27); RE (29); ROLB (34); RLB (42),3-3-5,OKST D00 (LE); OKST D01 (RLB); OKST D04 (LOLB); OKST D05 (RILB); OKST D06 (ROLB); OKST D10 (LCB); OKST D11 (SCBiL); OKST D18 (FS); OKST D23 (SCBoL); OKST D71 (NT); OKST D81 (RE),OKST D00 (0.0); OKST D01 (0.0); OKST D04 (+1.0); OKST D05 (0.0); OKST D06 (0.0); OKST D10 (0.0); OKST D11 (0.0); OKST D18 (0.0); OKST D23 (0.0); OKST D71 (0.0); OKST D81 (+0.5),,F,OKST,7,,LE (15); NT (22); RE (29),,PUNT,+47,6,KICKOFF - RETURN,-17,9,SR,-31,,,,,15,,,C,C,,OKST D04; OKST D81,,,,OKTU 10 (QB); OKTU 65 (LG); OKTU 77 (RT); OKST D04 (LOLB); OKST D81 (RE),,,,,,,,,,LOLB (0); RILB (4); RLB (5); ROLB (0),,C,C,OKTU 65; OKTU 77,TE-L^; HB-L; SRiWR; SRoWR; RWR^,1x3,,3-0-1-1,11,OKTU 00; OKTU 02; OKTU 03; OKTU 07; OKTU 80,OKTU 00 (SRiWR); OKTU 02 (HB-L); OKTU 03 (RWR); OKTU 07 (SRoWR); OKTU 10 (QB); OKTU 54 (RG); OKTU 62 (C); OKTU 65 (LG); OKTU 72 (LT); OKTU 77 (RT); OKTU 80 (TE-L),OKTU 00 (0.0); OKTU 02 (0.0); OKTU 03 (0.0); OKTU 07 (0.0); OKTU 10 (+0.5); OKTU 54 (0.0); OKTU 62 (0.0); OKTU 65 (-1.0); OKTU 72 (0.0); OKTU 77 (-1.0); OKTU 80 (0.0),OKTU 02,T,OKTU,OKTU 03; OKTU 80,,5; OKTU 54 (RG); OKTU 62 (C); OKTU 65 (LG); OKTU 72 (LT); OKTU 77 (RT),,1,,,7; OKST D01; OKST D05; OKST D06; OKST D10; OKST D11; OKST D18; OKST D23,,X,OKTU 10 (QB),TE-L 7(11); HB-L h31(-3); SRiWR 4(10); SRoWR xd(4); RWR 8si(15),7; H5; 4; X; 8,OKTU 80 7(11); OKTU 02 h31(-3); OKTU 00 4(10); OKTU 07 xd(4); OKTU 03 8si(15),,,RUN,,,4; OKST D00 (LE); OKST D04 (LOLB); OKST D71 (NT); OKST D81 (RE),HURRY,,,,,,-46,QB SCRAMBLE,,QB SCRAMBLE,OKTU 10; OKST D04; OKST D81,OKST D10 > OKTU 03,OKST D04 (O) OKTU 77; OKST D81 (O) OKTU 65,0,,,OKTU 10,1,OKST D04; OKST D81,OKTU 65; OKTU 77,0,R,HB-L,HB-L (-6),,1; OKTU 02 (HB-L),,,,,,P,,+7,,S,,,,,,L,,,,SRiWR(+6.5); SRoWR(+8.5); RWR^(+13.5),,0,6,0,0,0,SLID,false,3,3,0.336,1.407,,false,11,OKTU 02,OKTU 80,OKTU 00; OKTU 03; OKTU 07,GUN STRONG,TRIPS - CLOSED,TE-L; HB-L; SRiWR; SRoWR; RWR,1x3,TRIPS - CLOSED,NICKEL,OKST D01; OKST D10; OKST D11; OKST D18; OKST D23,OKST D04; OKST D05; OKST D06,OKST D00; OKST D71; OKST D81,ODD,,COVER 1,,69,,0.165,1.936,28989_6460937,28989-OKTU-11
6460938,28989,2025-09-19,2025,04,407931,4538,4,1,03:36,1,,0,12,0,11,4,2,0,,,,0,0,0,19,1,,0,6460937,6460949,,12.19,0,,171,1,,,0,0,,4,4,0,OKTU 21,6; OKST D00 (33); OKST D04 (06); OKST D05 (28); OKST D06 (17); OKST D71 (28); OKST D81 (19),,,,,LCB (7); SSR (10); SCBiR (5); SCBoR (5); RCB (6),LOLB (06); LILB (17); DLT (19); DRT (28); RILB (28); REO (33); SSR (44),3-3-5,OKST D00 (REO); OKST D01 (RCB); OKST D03 (LCB); OKST D04 (LOLB); OKST D05 (RILB); OKST D06 (LILB); OKST D11 (SCBiR); OKST D18 (SSR); OKST D23 (SCBoR); OKST D71 (DRT); OKST D81 (DLT),OKST D00 (+0.5); OKST D01 (0.0); OKST D03 (0.0); OKST D04 (0.0); OKST D05 (0.0); OKST D06 (0.0); OKST D11 (0.0); OKST D18 (0.0); OKST D23 (0.0); OKST D71 (+0.5); OKST D81 (0.0),OKST D03,T,OKST,10,,DLT (19); DRT (28); REO (33),,PUNT,+47,6,KICKOFF - RETURN,-17,,,-46,OKST D04,,,,2,,,R,L,,,,,,OKTU 54 (RG); OKTU 62 (C); OKTU 65 (LG); OKST D00 (REO); OKST D71 (DRT); OKST D81 (DLT),,,,,,,,,,LOLB (0); LILB (4); RILB (4),,O,C,OKTU 62; OKTU 65,LWR^; SLoWR; SLiWR; HB-R; RWR^,3x1,TE>SLiWR,3-0-1-1,11,OKTU 00; OKTU 07; OKTU 08; OKTU 21; OKTU 80,OKTU 00 (SLoWR); OKTU 07 (RWR); OKTU 08 (LWR); OKTU 10 (QB); OKTU 21 (HB-R); OKTU 54 (RG); OKTU 62 (C); OKTU 65 (LG); OKTU 72 (LT); OKTU 77 (RT); OKTU 80 (SLiWR),OKTU 00 (0.0); OKTU 07 (0.0); OKTU 08 (0.0); OKTU 10 (0.0); OKTU 21 (0.0); OKTU 54 (+0.5); OKTU 62 (-0.5); OKTU 65 (-0.5); OKTU 72 (0.0); OKTU 77 (0.0); OKTU 80 (0.0),OKTU 08; OKTU 21,F,OKTU,OKTU 07; OKTU 08,,,,0b,,,,,,,LWR 9; SLoWR 3(5); SLiWR r; HB-R r; RWR r,9; 3; -; -; -,OKTU 08 9; OKTU 00 3(5); OKTU 80 r; OKTU 21 r; OKTU 07 r,,,,,,,,,,,,,-48,MR,,MR,OKTU 54; OKST D00; OKST D71,,,0,,,OKTU 10,0,,,0,,HB-R,HB-R (-5),L,1; OKTU 21 (HB-R),,,,OUTSIDE ZONE,READ OPTION,R,,+7,,S,,OKST D81,,OKST D81,OKST D05,,,,,LWR^(-20.5); SLoWR(-13.5); SLiWR(-7.5); RWR^(+21.5),,1,6,0,0,0,,false,3,3,1.743,-0.467,,false,11,OKTU 21,OKTU 80,OKTU 00; OKTU 07; OKTU 08,GUN WEAK,TRIPS - OPEN,LWR; SLoWR; SLiWR; HB-R; RWR,3x1,TRIPS - OPEN,NICKEL,OKST D01; OKST D03; OKST D11; OKST D18; OKST D23,OKST D04; OKST D05; OKST D06,OKST D00; OKST D71; OKST D81,WIDE OVER,,COVER 0,,54,,2.101,-0.522,28989_6460938,28989-OKTU-11
6460949,28989,2025-09-19,2025,04,407931,4564,4,2,03:30,1,,0,12,0,11,5,6,0,,,,0,0,1,19,0,,0,6460938,6460952,,12.19,0,,172,1,,,0,0,,3,4,0,OKTU 01,7; OKST D03 (14); OKST D04 (36); OKST D05 (28); OKST D06 (06); OKST D94 (16); OKST D95 (29); OKST D96 (22),,,,,SS (8); SCBiR (7); SCBR (6); SCBoR (4); RCB (0),LOLB (06); SS (14); DLT (16); NT (22); RILB (28); RE (29); ROLB (36),3-3-5,OKST D01 (RCB); OKST D03 (SS); OKST D04 (ROLB); OKST D05 (RILB); OKST D06 (LOLB); OKST D08 (SCBiR); OKST D11 (SCBR); OKST D23 (SCBoR); OKST D94 (DLT); OKST D95 (RE); OKST D96 (NT),OKST D01 (0.0); OKST D03 (0.0); OKST D04 (0.0); OKST D05 (-1.0); OKST D06 (0.0); OKST D08 (0.0); OKST D11 (0.0); OKST D23 (0.0); OKST D94 (0.0); OKST D95 (0.0); OKST D96 (0.0),OKST D08; OKST D94; OKST D95; OKST D96,F,OKST,8,,DLT (16); NT (22); RE (29),,PUNT,+47,6,KICKOFF - RETURN,-17,,,-48,OKST D03,,,,6,,,R,L,,,,,,OKTU 01 (SLiWR); OKTU 21 (HB-L); OKTU 54 (RG); OKST D05 (RILB); OKST D96 (NT),,,,,,,,,,LOLB (0); RILB (4); ROLB (0),,C,C,OKTU 54; OKST D05,LWR^; SLoWR^; SLWR; SLiWR; HB-L,4x0,HB>SLiWR,3-0-2-0,20,OKTU 00; OKTU 01; OKTU 07; OKTU 08; OKTU 21,OKTU 00 (SLWR); OKTU 01 (SLiWR); OKTU 07 (SLoWR); OKTU 08 (LWR); OKTU 10 (QB); OKTU 21 (HB-L); OKTU 54 (RG); OKTU 62 (C); OKTU 65 (LG); OKTU 72 (LT); OKTU 77 (RT),OKTU 00 (0.0); OKTU 01 (+0.5); OKTU 07 (0.0); OKTU 08 (0.0); OKTU 10 (0.0); OKTU 21 (+1.0); OKTU 54 (-1.0); OKTU 62 (0.0); OKTU 65 (0.0); OKTU 72 (0.0); OKTU 77 (0.0),OKTU 01,T,OKTU,OKTU 07; OKTU 08,,,,1b,,,,,,,LWR 9o; SLoWR 9s; SLWR 0u(-2); SLiWR r; HB-L kr,9; 9; 0; -; -,OKTU 08 9o; OKTU 07 9s; OKTU 00 0u(-2); OKTU 01 r; OKTU 21 kr,,,,,,,,,,,,,+46,RT,,RT,OKTU 01; OKTU 21,OKST D01 > OKTU 08,,0,,,OKTU 10,0,,,0,,HB-L,HB-L (-5),R,1; OKTU 21 (HB-L),,,,POWER,LEAD,R,,+7,OKTU 01* (B:L),S,,,,OKST D03,OKST D08,,,,,LWR^(-19.5); SLoWR^(-12.5); SLWR(-8.5); SLiWR(+5.5),,1,15,0,0,0,,false,2,3,1.276,0.319,,false,20,OKTU 01; OKTU 21,,OKTU 00; OKTU 07; OKTU 08,GUN STRONG,QUADS - NIX,LWR; SLoWR; SLiWR; HB-L; HB-R,3x0,TRIPS - NIX,NICKEL,OKST D01; OKST D03; OKST D08; OKST D11; OKST D23,OKST D04; OKST D05; OKST D06,OKST D94; OKST D95; OKST D96,UNDER,,COVER 1,,52,,1.579,0.45,28989_6460949,28989-OKTU-11
6460952,28989,2025-09-19,2025,04,407931,4590,4,3,03:24,1,,0,12,0,11,6,-1,0,,,,0,0,0,19,1,,0,6460949,6460960,,12.19,0,,173,0,,,0,0,,0,4,0,OKTU 21,8; OKST D04 (16); OKST D05 (22); OKST D06 (07); OKST D08 (08); OKST D11 (36); OKST D94 (18); OKST D95 (30); OKST D96 (26),OKTU 03; OKTU 07,,,,SCBiR (2); SCBoR (3); RCB (0),LOLB (07); LLB (08); DLT (16); DLT (18); MLB (22); DRT (26); RE (30); ROLB (36),3-3-5,OKST D01 (RCB); OKST D03 (SCBiR); OKST D04 (DLT); OKST D05 (MLB); OKST D06 (LOLB); OKST D08 (LLB); OKST D11 (ROLB); OKST D23 (SCBoR); OKST D94 (DLT); OKST D95 (RE); OKST D96 (DRT),OKST D01 (0.0); OKST D03 (0.0); OKST D04 (+0.5); OKST D05 (0.0); OKST D06 (0.0); OKST D08 (0.0); OKST D11 (0.0); OKST D23 (0.0); OKST D94 (0.0); OKST D95 (0.0); OKST D96 (+0.5),,T,OKST,2,,DLT (16); DLT (18); DRT (26); RE (30),,PUNT,+47,6,KICKOFF - RETURN,-17,,,+46,OKST D04,,,,-1,,,R,L,,,,,,OKST D04 (DLT); OKST D96 (DRT),,,,,,,,,,LOLB (0); LLB (3); MLB (4); ROLB (0),,O,O,,LWR^; SLoWR; SLiWR; HB; TE-R^,3x1,,3-0-1-1,11,OKTU 00; OKTU 03; OKTU 07; OKTU 21; OKTU 80,OKTU 00 (SLiWR); OKTU 03 (LWR); OKTU 07 (SLoWR); OKTU 10 (QB); OKTU 21 (HB); OKTU 54 (RG); OKTU 62 (C); OKTU 65 (LG); OKTU 72 (LT); OKTU 77 (RT); OKTU 80 (TE-R),OKTU 00 (0.0); OKTU 03 (0.0); OKTU 07 (0.0); OKTU 10 (0.0); OKTU 21 (0.0); OKTU 54 (0.0); OKTU 62 (0.0); OKTU 65 (0.0); OKTU 72 (0.0); OKTU 77 (0.0); OKTU 80 (0.0),OKTU 03; OKTU 80,F,OKTU,OKTU 03; OKTU 80,,,,0b,,,,,,,LWR z; SLoWR 9s; SLiWR 0u(-1); HB r; TE-R 6o(2),-; 9; 0; -; 6,OKTU 03 z; OKTU 07 9s; OKTU 00 0u(-1); OKTU 21 r; OKTU 80 6o(2),,,,,,,,,,,P,,+47,MR,,MR,OKST D04; OKST D96,OKST D01 > OKTU 03,,0,,,OKTU 10,0,,,0,,HB,HB (-7),R,1; OKTU 21 (HB),,,,MAN,READ OPTION,R,,+7,,S,,OKST D04,,OKST D04,OKST D96,R,,,,LWR^(-14.5); SLoWR(-11.5); SLiWR(-6.5),,1,14,0,0,0,,false,1,3,1.595,-2.067,,false,11,OKTU 21,OKTU 80,OKTU 00; OKTU 03; OKTU 07,PISTOL,TRIPS - CLOSED,LWR; SLoWR; SLiWR; HB; TE-R,3x1,TRIPS - CLOSED,NICKEL,OKST D01; OKST D03; OKST D08; OKST D11; OKST D23,OKST D04; OKST D05; OKST D06,OKST D94; OKST D95; OKST D96,OTHER,,COVER 0,,46,,2.029,-3.046,28989_6460952,28989-OKTU-11
6460983,28989,2025-09-19,2025,04,407931,4771,4,1,02:16,0,,0,12,0,12,1,4,0,,,,0,0,0,19,1,,0,6460979,6461003,,12.19,0,,180,0,,,0,0,,2,4,0,OKTU 21,8; OKST D05 (17); OKST D06 (22); OKST D11 (32); OKST D18 (02); OKST D40 (10); OKST D95 (38); OKST D96 (24); OKST D99 (17),,,,,LCB (0); SCBL (4); RCB (1),LLB (02); LEO (10); LILB (17); DLT (17); MLB (22); DRT (24); RLB (32); ROLB (38),3-3-5,OKST D03 (LCB); OKST D05 (LILB); OKST D06 (MLB); OKST D10 (RCB); OKST D11 (RLB); OKST D14 (SCBL); OKST D18 (LLB); OKST D40 (LEO); OKST D95 (ROLB); OKST D96 (DRT); OKST D99 (DLT),OKST D03 (0.0); OKST D05 (0.0); OKST D06 (0.0); OKST D10 (0.0); OKST D11 (0.0); OKST D14 (0.0); OKST D18 (0.0); OKST D40 (+0.5); OKST D95 (0.0); OKST D96 (0.0); OKST D99 (-0.5),DRIVE START,F,OKST,10,,LEO (10); DLT (17); DRT (24),,MISSED FG,+32,3,DOWNS,+39,,,+39,OKST D40,,,,4,,,R,L,,,,,,OKTU 60 (RG); OKTU 62 (C); OKTU 73 (RT); OKTU 80 (TE-R); OKST D40 (LEO); OKST D96 (DRT); OKST D99 (DLT),,,,,,,,,,LLB (4); LILB (4); MLB (4); RLB (4); ROLB (0),,O,O,OKTU 62; OKTU 80; OKST D99,LWR^; HB-R; TE-R; SRWR; RWR^,1x3,,3-0-1-1,11,OKTU 00; OKTU 03; OKTU 07; OKTU 21; OKTU 80,OKTU 00 (SRWR); OKTU 03 (RWR); OKTU 07 (LWR); OKTU 10 (QB); OKTU 21 (HB-R); OKTU 60 (RG); OKTU 62 (C); OKTU 65 (LG); OKTU 72 (LT); OKTU 73 (RT); OKTU 80 (TE-R),OKTU 00 (0.0); OKTU 03 (0.0); OKTU 07 (0.0); OKTU 10 (0.0); OKTU 21 (0.0); OKTU 60 (+0.5); OKTU 62 (-0.5); OKTU 65 (0.0); OKTU 72 (0.0); OKTU 73 (+0.5); OKTU 80 (-0.5),DRIVE START,T,OKTU,OKTU 03; OKTU 07,,,,0,,,,,,,,,,,,,,,,,,,,,,+35,RG,,RG,OKTU 60; OKTU 73; OKST D40,OKST D03 > OKTU 03; OKST D10 > OKTU 07,,0,,,OKTU 10,0,,,0,,HB-R,HB-R (-5),L,1; OKTU 21 (HB-R),,,,INSIDE ZONE,READ OPTION,R,,+7,,S,,OKST D40,,OKST D40,OKST D96,R,,,,LWR^(-12.5); SRWR(+17.5); RWR^(+21.5),,0,17,0,0,0,,false,0,3,2.598,-0.027,,false,11,OKTU 21,OKTU 80,OKTU 00; OKTU 03; OKTU 07,GUN STRONG,TREY - OPEN,LWR; HB-R; TE-R; SRWR; RWR,1x3,TREY - OPEN,NICKEL,OKST D03; OKST D10; OKST D11; OKST D14; OKST D18,OKST D05; OKST D06; OKST D40,OKST D95; OKST D96; OKST D99,WIDE OVER,,COVER 0,,39,,3.126,-0.04,28989_6460983,28989-OKTU-12
6461003,28989,2025-09-19,2025,04,407931,4797,4,2,02:00,0,,0,12,0,12,2,0,0,,,,0,0,1,19,0,,0,6460983,6461019,,12.19,0,,181,0,,,0,0,,1,4,0,OKTU 10,8; OKST D00 (36); OKST D05 (29); OKST D06 (21); OKST D08 (09); OKST D40 (02); OKST D88 (15); OKST D96 (20); OKST D99 (28),OKTU 00; OKTU 07,,,,SCBiR (3); SCBoR (5); RCB (1),LOLB (02); LLB (09); LE (15); DLT (20); MLB (21); DRT (28); RLB (29); ROLB (36),4-3-4,OKST D00 (ROLB); OKST D03 (SCBiR); OKST D05 (RLB); OKST D06 (MLB); OKST D08 (LLB); OKST D10 (RCB); OKST D14 (SCBoR); OKST D40 (LOLB); OKST D88 (LE); OKST D96 (DLT); OKST D99 (DRT),OKST D00 (0.0); OKST D03 (0.0); OKST D05 (+0.5); OKST D06 (0.0); OKST D08 (+0.5); OKST D10 (0.0); OKST D14 (0.0); OKST D40 (0.0); OKST D88 (0.0); OKST D96 (0.0); OKST D99 (0.0),OKST D00; OKST D08; OKST D88,T,OKST,6,,LE (15); DLT (20); DRT (28),,MISSED FG,+32,3,DOWNS,+39,,,+35,OKST D08,,,,0,,,R,L,,,,,,OKST D05 (RLB); OKST D08 (LLB),,,,,,,,,,LOLB (0); LLB (5); MLB (5); RLB (5); ROLB (0),,O,O,,LWR^; SLoWR^; SLiWR; HB; TE-R,3x1,,3-0-1-1,11,OKTU 00; OKTU 03; OKTU 07; OKTU 21; OKTU 80,OKTU 00 (SLiWR); OKTU 03 (LWR); OKTU 07 (SLoWR); OKTU 10 (QB); OKTU 21 (HB); OKTU 60 (RG); OKTU 62 (C); OKTU 65 (LG); OKTU 72 (LT); OKTU 73 (RT); OKTU 80 (TE-R),OKTU 00 (0.0); OKTU 03 (0.0); OKTU 07 (0.0); OKTU 10 (0.0); OKTU 21 (0.0); OKTU 60 (0.0); OKTU 62 (0.0); OKTU 65 (0.0); OKTU 72 (0.0); OKTU 73 (0.0); OKTU 80 (0.0),,F,OKTU,OKTU 03; OKTU 07,,,,0,,,,,,,,,,,,,,,,,,,,P,,+35,QB TRIP,,QB TRIP,OKST D05; OKST D08,OKST D10 > OKTU 03,,0,,,OKTU 10,0,,,0,,HB,HB (-7),L,1; OKTU 21 (HB),,,,MAN,CROSS LEAD,R,,+7,,S,,OKST D05,,OKST D05,OKST D08,R,,,,LWR^(-21.5); SLoWR^(-13.5); SLiWR(-10.5),,0,12,0,0,0,,false,0,3,2.571,-0.435,,false,11,OKTU 21,OKTU 80,OKTU 00; OKTU 03; OKTU 07,PISTOL,TRIPS - CLOSED,LWR; SLoWR; SLiWR; HB; TE-R,3x1,TRIPS - CLOSED,BASE,OKST D03; OKST D08; OKST D10; OKST D14,OKST D05; OKST D06; OKST D40,OKST D00; OKST D88; OKST D96; OKST D99,WIDE UNDER,,COVER 0,,35,,3.086,-0.958,28989_6461003,28989-OKTU-12
6461019,28989,2025-09-19,2025,04,407931,4823,4,3,01:17,0,,0,12,0,12,3,3,0,,,,0,0,1,19,0,,0,6461003,6461033,,12.19,0,,182,0,,,0,0,,3,4,0,OKTU 21,8; OKST D00 (34); OKST D05 (29); OKST D06 (21); OKST D08 (10); OKST D40 (05); OKST D88 (15); OKST D96 (21); OKST D99 (27),,,,,SCBiR (4); SCBoR (6); RCB (1),LOLB (05); LLB (10); LE (15); NLT (21); MLB (21); DRT (27); RLB (29); ROLB (34),4-3-4,OKST D00 (ROLB); OKST D03 (SCBiR); OKST D05 (RLB); OKST D06 (MLB); OKST D08 (LLB); OKST D10 (RCB); OKST D14 (SCBoR); OKST D40 (LOLB); OKST D88 (LE); OKST D96 (NLT); OKST D99 (DRT),OKST D00 (0.0); OKST D03 (0.0); OKST D05 (0.0); OKST D06 (0.0); OKST D08 (0.0); OKST D10 (0.0); OKST D14 (0.0); OKST D40 (0.0); OKST D88 (+0.5); OKST D96 (0.0); OKST D99 (0.0),,T,OKST,6,,LE (15); NLT (21); DRT (27),,MISSED FG,+32,3,DOWNS,+39,,,+35,OKST D08,,,,3,,,R,L,,,,,,OKTU 60 (RG); OKTU 65 (LG); OKST D05 (RLB); OKST D88 (LE),,,,,,,,,,LOLB (0); LLB (5); MLB (5); RLB (4); ROLB (0),,O,O,OKTU 60; OKTU 65,LWR^; SLoWR^; SLiWR; HB; TE-R,3x1,,3-0-1-1,11,OKTU 00; OKTU 03; OKTU 07; OKTU 21; OKTU 80,OKTU 00 (SLiWR); OKTU 03 (LWR); OKTU 07 (SLoWR); OKTU 10 (QB); OKTU 21 (HB); OKTU 60 (RG); OKTU 62 (C); OKTU 65 (LG); OKTU 72 (LT); OKTU 73 (RT); OKTU 80 (TE-R),OKTU 00 (0.0); OKTU 03 (0.0); OKTU 07 (0.0); OKTU 10 (0.0); OKTU 21 (0.0); OKTU 60 (-0.5); OKTU 62 (0.0); OKTU 65 (-1.0); OKTU 72 (0.0); OKTU 73 (0.0); OKTU 80 (0.0),,F,OKTU,OKTU 03; OKTU 07,,,,0,,,,,,,LWR 2(1); SLoWR r; SLiWR 36(5); HB r; TE-R r,2; -; 3; -; -,OKTU 03 2(1); OKTU 07 r; OKTU 00 36(5); OKTU 21 r; OKTU 80 r,,,,,,,,,,,P,,+32,RG,,RG,OKST D88,OKST D10 > OKTU 03,,0,,,OKTU 10,0,,,0,,HB,HB (-7),R,1; OKTU 21 (HB),,,,OUTSIDE ZONE,,R,,+7,,S,,OKST D88,,OKST D88,OKST D08,R,,,,LWR^(-18.5); SLoWR^(-12.5); SLiWR(-8.5),,1,15,0,0,0,,false,0,2,2.136,-0.701,,false,11,OKTU 21,OKTU 80,OKTU 00; OKTU 03; OKTU 07,PISTOL,TRIPS - CLOSED,LWR; SLoWR; SLiWR; HB; TE-R,3x1,TRIPS - CLOSED,BASE,OKST D03; OKST D08; OKST D10; OKST D14,OKST D05; OKST D06; OKST D40,OKST D00; OKST D88; OKST D96; OKST D99,UNDER,,COVER 0,,35,,2.128,-1.67,28989_6461019,28989-OKTU-12
6514493,29083,2025-09-27,2025,05,408075,200,1,1,13:33,0,1,0,0,0,1,1,27,0,1,,,0,0,0,0,0,,0,6514440,6514521,,0.00,0,,7,0,,1.7,0,0,23,22,0,0,TXBA 02,7; OKST D05 (32); OKST D06 (21); OKST D23 (42); OKST D40 (10); OKST D95 (30); OKST D96 (22); OKST D99 (15),,R,,,LCB (0); SCBL (8); FSR (12); RCB (6),LOLB (10); LE (15); MLB (21); NT (22); RE (30); RLB (32); RLB (42),3-3-5,OKST D03 (LCB); OKST D05 (RLB); OKST D06 (MLB); OKST D08 (SCBL); OKST D10 (RCB); OKST D11 (FSR); OKST D23 (RLB); OKST D40 (LOLB); OKST D95 (RE); OKST D96 (NT); OKST D99 (LE),OKST D03 (0.0); OKST D05 (0.0); OKST D06 (-1.0); OKST D08 (-1.0); OKST D10 (0.0); OKST D11 (0.0); OKST D23 (0.0); OKST D40 (0.0); OKST D95 (0.0); OKST D96 (0.0); OKST D99 (0.0),DRIVE START,F,OKST,10,,LE (15); NT (22); RE (30),,TOUCHDOWN,+0,3,PUNT - RETURN,-22,6,SD,-22,OKST D08,,,,27,,,R,L,,,,,,TXBA 02 (SRWR); OKST D06 (MLB); OKST D08 (SCBL),,,,,,,,,,LOLB (0); MLB (4); RLB (2); RLB (4),OKST D06; OKST D08,C,O,OKST D06; OKST D08,LWR^; TE-L; HB-L; SRWR; RWR^,2x2,,3-0-1-1,11,TXBA 01; TXBA 02; TXBA 06; TXBA 07; TXBA 34,TXBA 01 (TE-L); TXBA 02 (SRWR); TXBA 06 (LWR); TXBA 07 (HB-L); TXBA 13 (QB); TXBA 34 (RWR); TXBA 62 (LG); TXBA 68 (RG); TXBA 69 (LT); TXBA 72 (C); TXBA 74 (RT),TXBA 01 (0.0); TXBA 02 (+1.0); TXBA 06 (0.0); TXBA 07 (0.0); TXBA 13 (0.0); TXBA 34 (0.0); TXBA 62 (0.0); TXBA 68 (0.0); TXBA 69 (0.0); TXBA 72 (0.0); TXBA 74 (0.0),DRIVE START,T,TXBA,TXBA 06; TXBA 34,,5; TXBA 62 (LG); TXBA 68 (RG); TXBA 69 (LT); TXBA 72 (C); TXBA 74 (RT),,3S,OKST D08,,7; OKST D03; OKST D05; OKST D06; OKST D08; OKST D10; OKST D11; OKST D23,4,R,TXBA 13 (QB),LWR 8(7); TE-L 26(3); HB-L h3(-7); SRWR 6o(4); RWR 7i(13),8; 6; H3; 6; 7,TXBA 06 8(7); TXBA 01 26(3); TXBA 07 h3(-7); TXBA 02 6o(4); TXBA 34 7i(13),SRWR,TXBA 02,COMPLETE,6o(4),6R,4; OKST D40 (LOLB); OKST D95 (RE); OKST D96 (NT); OKST D99 (LE),,51,6R,,,,-49,,,,TXBA 02,,,0,,,TXBA 13,0,,,0,,HB-L,HB-L (-5),,1; TXBA 07 (HB-L),,,,,,P,,0,TXBA 02* (L:Rx),S,,,,OKST D03,,L,,,,LWR^(-0.5); SRWR(+12.5); RWR^(+18.5),,0,15,0,0,0,,false,3,3,-0.184,2.216,Hitch,false,11,TXBA 07,TXBA 01,TXBA 02; TXBA 06; TXBA 34,GUN STRONG,SLOT - PRO,LWR; SLWR; TE-L; HB-L; RWR,3x1,TREY - OPEN,NICKEL,OKST D03; OKST D08; OKST D10; OKST D11; OKST D23,OKST D05; OKST D06; OKST D40,OKST D95; OKST D96; OKST D99,ODD,,COVER 3 SEAM,,78,,0.036,2.29,29083_6514493,29083-TXBA-1
6514521,29083,2025-09-27,2025,05,408075,228,1,1,13:05,0,,0,0,0,1,2,17,0,1,,,0,0,0,0,0,,0,6514493,6514560,,0.00,0,,8,0,,,0,0,,13,0,0,TXBA 07,7; OKST D05 (30); OKST D06 (20); OKST D23 (42); OKST D40 (10); OKST D95 (30); OKST D96 (22); OKST D99 (15),,,,,LCB (1); SCBL (9); FSR (12); RCB (2),LOLB (10); LE (15); LILB (20); NT (22); RE (30); RLB (30); RLB (42),3-3-5,OKST D03 (LCB); OKST D05 (RLB); OKST D06 (LILB); OKST D08 (SCBL); OKST D10 (RCB); OKST D11 (FSR); OKST D23 (RLB); OKST D40 (LOLB); OKST D95 (RE); OKST D96 (NT); OKST D99 (LE),OKST D03 (0.0); OKST D05 (0.0); OKST D06 (0.0); OKST D08 (-1.0); OKST D10 (0.0); OKST D11 (0.0); OKST D23 (-1.0); OKST D40 (0.0); OKST D95 (0.0); OKST D96 (0.0); OKST D99 (-0.5),,F,OKST,10,,LE (15); NT (22); RE (30),,TOUCHDOWN,+0,3,PUNT - RETURN,-22,,,-49,OKST D23,,,,17,,,R,L,,,,,,TXBA 01 (TE-L); TXBA 07 (HB-L); TXBA 62 (LG); TXBA 68 (RG); TXBA 74 (RT); OKST D05 (RLB); OKST D06 (LILB); OKST D08 (SCBL); OKST D23 (RLB); OKST D40 (LOLB); OKST D99 (LE),,,,,,,,,,LOLB (0); LILB (4); RLB (3); RLB (4),OKST D08; OKST D23,C,O,OKST D08; OKST D23; OKST D99,LWR^; TE-L; HB-L; SRWR; RWR^,2x2,,3-0-1-1,11,TXBA 01; TXBA 02; TXBA 06; TXBA 07; TXBA 34,TXBA 01 (TE-L); TXBA 02 (SRWR); TXBA 06 (LWR); TXBA 07 (HB-L); TXBA 13 (QB); TXBA 34 (RWR); TXBA 62 (LG); TXBA 68 (RG); TXBA 69 (LT); TXBA 72 (C); TXBA 74 (RT),TXBA 01 (0.0); TXBA 02 (0.0); TXBA 06 (0.0); TXBA 07 (+1.0); TXBA 13 (0.0); TXBA 34 (0.0); TXBA 62 (0.0); TXBA 68 (+0.5); TXBA 69 (0.0); TXBA 72 (0.0); TXBA 74 (0.0),,T,TXBA,TXBA 06; TXBA 34,,,,3,,,,,,,,,,,,,,,,,,,,,,+34,RG,,RG,TXBA 07; TXBA 68,OKST D03 > TXBA 34; OKST D10 > TXBA 06,,0,,,TXBA 13,0,,,0,,HB-L,HB-L (-5),R,1; TXBA 07 (HB-L),,,,COUNTER,CROSS LEAD,R,,0,TXBA 02* (L:Rx),S,,,,OKST D11,,L,,,,LWR^(-20.5); SRWR(+9.5); RWR^(+18.5),,0,20,0,0,0,,true,3,3,2.032,1.244,,false,11,TXBA 07,TXBA 01,TXBA 02; TXBA 06; TXBA 34,GUN STRONG,SLOT - PRO,LWR; SLWR; TE-L; HB-L; RWR,3x1,TREY - OPEN,NICKEL,OKST D03; OKST D08; OKST D10; OKST D11; OKST D23,OKST D05; OKST D06; OKST D40,OKST D95; OKST D96; OKST D99,ODD,,COVER 3,,51,,2.326,1.081,29083_6514521,29083-TXBA-1
6514560,29083,2025-09-27,2025,05,408075,254,1,1,12:35,0,1,0,0,0,1,3,34,0,1,,,0,0,0,0,0,,1,6514521,6514605,,0.00,0,,9,0,,3.2,0,0,15,0,0,0,TXBA 02,6; OKST D05 (25); OKST D06 (14); OKST D40 (10); OKST D95 (30); OKST D96 (22); OKST D99 (15),,R,,,LCB (6); SSL (8); FSR (11); SCBR (4); RCB (1),SSL (08); LEO (10); LLB (14); LE (15); NT (22); RILB (25); RE (30),3-3-5,OKST D03 (LCB); OKST D05 (RILB); OKST D06 (LLB); OKST D08 (SSL); OKST D10 (RCB); OKST D11 (FSR); OKST D23 (SCBR); OKST D40 (LEO); OKST D95 (RE); OKST D96 (NT); OKST D99 (LE),OKST D03 (0.0); OKST D05 (0.0); OKST D06 (0.0); OKST D08 (-1.0); OKST D10 (0.0); OKST D11 (0.0); OKST D23 (0.0); OKST D40 (0.0); OKST D95 (0.0); OKST D96 (0.0); OKST D99 (0.0),,F,OKST,10,,LEO (10); LE (15); NT (22); RE (30),,TOUCHDOWN,+0,3,PUNT - RETURN,-22,7,SD,+34,,,,,34,,,R,L,,,,,,TXBA 02 (HB-R); TXBA 13 (QB); OKST D08 (SSL),,,,,,,,,,LLB (5); RILB (4),,O,O,OKST D08,LWR^; SLWR; HB-R; TE-R; RWR^,2x2,HB>SLWR; WR>HB-R,3-0-1-1,11,TXBA 01; TXBA 02; TXBA 06; TXBA 07; TXBA 34,TXBA 01 (TE-R); TXBA 02 (HB-R); TXBA 06 (RWR); TXBA 07 (SLWR); TXBA 13 (QB); TXBA 34 (LWR); TXBA 62 (LG); TXBA 68 (RG); TXBA 69 (LT); TXBA 72 (C); TXBA 74 (RT),TXBA 01 (0.0); TXBA 02 (+1.0); TXBA 06 (0.0); TXBA 07 (0.0); TXBA 13 (+0.5); TXBA 34 (0.0); TXBA 62 (0.0); TXBA 68 (0.0); TXBA 69 (0.0); TXBA 72 (0.0); TXBA 74 (0.0),,T,TXBA,TXBA 06; TXBA 34,,5; TXBA 62 (LG); TXBA 68 (RG); TXBA 69 (LT); TXBA 72 (C); TXBA 74 (RT),,6R,OKST D06,,7; OKST D03; OKST D05; OKST D06; OKST D08; OKST D10; OKST D11; OKST D23,19,R,TXBA 13 (QB),LWR 2(3); SLWR frxj(-4); HB-R h8; TE-R 9s; RWR 29s(5),2; X; H8; 9; 9,TXBA 34 2(3); TXBA 07 frxj(-4); TXBA 02 h8; TXBA 01 9s; TXBA 06 29s(5),HB-R,TXBA 02,COMPLETE,h8,H8,4; OKST D40 (LEO); OKST D95 (RE); OKST D96 (NT); OKST D99 (LE),,49,6R,,,TXBA 07,+0,,,,TXBA 02; TXBA 13,OKST D10 > TXBA 34,,0,,,TXBA 13,0,,,0,,HB-R,HB-R (-5),,1; TXBA 02 (HB-R),,,,TRICK,,P,,0,TXBA 07* (L:R{L}),S,,,,,,R,TXBA 02,,,LWR^(-17.5); SLWR(+1.5); RWR^(+13.5),,0,17,0,1,0,,true,3,3,3.276,3.724,Wheel,false,11,TXBA 07,TXBA 01,TXBA 02; TXBA 06; TXBA 34,GUN STRONG,SLOT - PRO,LWR; SLWR; HB-R; TE-R; RWR,2x2,SLOT - PRO,NICKEL,OKST D03; OKST D08; OKST D10; OKST D11; OKST D23,OKST D05; OKST D06; OKST D40,OKST D95; OKST D96; OKST D99,ODD,,COVER 6,,34,,3.407,3.593,29083_6514560,29083-TXBA-1
6515510,29083,2025-09-27,2025,05,408075,682,1,1,06:49,1,1,0,7,0,2,1,-1,0,,,,0,0,0,7,0,,0,6515475,6515547,,7.07,1,,26,0,,1.4,0,0,1,1,0,0,TXBA 02,7; OKST D00 (30); OKST D03 (06); OKST D04 (08); OKST D05 (27); OKST D06 (21); OKST D71 (22); OKST D81 (15),,L,,,FS (12); SCBiR (8); SCBoR (5); RCB (1),LLB (06); LOLB (08); LE (15); MLB (21); NT (22); RILB (27); RE (30),3-3-5,OKST D00 (RE); OKST D01 (RCB); OKST D03 (LLB); OKST D04 (LOLB); OKST D05 (RILB); OKST D06 (MLB); OKST D11 (SCBiR); OKST D14 (SCBoR); OKST D18 (FS); OKST D71 (NT); OKST D81 (LE),OKST D00 (0.0); OKST D01 (0.0); OKST D03 (0.0); OKST D04 (0.0); OKST D05 (0.0); OKST D06 (0.0); OKST D11 (0.0); OKST D14 (+0.5); OKST D18 (0.0); OKST D71 (0.0); OKST D81 (0.0),DRIVE START,T,OKST,10,,LE (15); NT (22); RE (30),,PUNT,-23,3,KICKOFF - RETURN,-24,6,SD,-24,OKST D14,,,,-1,,,R,L,,,,,,TXBA 34 (SLoWR); OKST D14 (SCBoR),,,,,,,,,,LOLB (0); LLB (5); MLB (5); RILB (1),,C,C,TXBA 34,LWR^; SLoWR; SLiWR; HB-L; TE-R^,3x1,,3-0-1-1,11,TXBA 01; TXBA 02; TXBA 06; TXBA 07; TXBA 34,TXBA 01 (TE-R); TXBA 02 (SLiWR); TXBA 06 (LWR); TXBA 07 (HB-L); TXBA 13 (QB); TXBA 34 (SLoWR); TXBA 62 (LG); TXBA 68 (RG); TXBA 69 (LT); TXBA 72 (C); TXBA 74 (RT),TXBA 01 (0.0); TXBA 02 (0.0); TXBA 06 (0.0); TXBA 07 (0.0); TXBA 13 (0.0); TXBA 34 (-0.5); TXBA 62 (0.0); TXBA 68 (0.0); TXBA 69 (0.0); TXBA 72 (0.0); TXBA 74 (0.0),DRIVE START,F,TXBA,TXBA 01; TXBA 06,,6; TXBA 01 (TE-R); TXBA 62 (LG); TXBA 68 (RG); TXBA 69 (LT); TXBA 72 (C); TXBA 74 (RT),,1b,OKST D11,,6; OKST D01; OKST D03; OKST D06; OKST D11; OKST D14; OKST D18,-2,M,TXBA 13 (QB),LWR z; SLoWR z; SLiWR 0u(-2); HB-L fr; TE-R r,-; -; 0; -; -,TXBA 06 z; TXBA 34 z; TXBA 02 0u(-2); TXBA 07 fr; TXBA 01 r,SLiWR,TXBA 02,COMPLETE,0u(-2),0R,5; OKST D00 (RE); OKST D04 (LOLB); OKST D05 (RILB); OKST D71 (NT); OKST D81 (LE),,12,3L,,,TXBA 07,-23,,,,OKST D14,OKST D01 > TXBA 06,,0,,,TXBA 13,0,,,0,,HB-L,HB-L (-5),,1; TXBA 07 (HB-L),,,,COUNTER,,P,,0,,S,,OKST D14,,OKST D14,,R,,,,LWR^(-19.5); SLoWR(-12.5); SLiWR(-7.5),,1,10,0,0,0,,false,3,3,-0.223,-0.907,Bubble,false,11,TXBA 07,TXBA 01,TXBA 02; TXBA 06; TXBA 34,GUN WEAK,TRIPS - CLOSED,LWR; SLoWR; SLiWR; HB-L; TE-R,3x1,TRIPS - CLOSED,NICKEL,OKST D01; OKST D03; OKST D11; OKST D14; OKST D18,OKST D04; OKST D05; OKST D06,OKST D00; OKST D71; OKST D81,ODD,SINGLE MUG,COVER 1,,76,,0.219,-1.111,29083_6515510,29083-TXBA-2
6515547,29083,2025-09-27,2025,05,408075,710,1,2,06:19,0,0,0,7,0,2,2,,0,,,,0,0,0,7,0,,0,6515510,6515577,,7.07,0,,27,1,,2.7,0,0,,,0,0,,5; OKST D00 (10); OKST D04 (33); OKST D05 (23); OKST D71 (15); OKST D81 (25),,L,,,LCB (0); SCBL (10); SSL (7); SSR (10); SCBR (4); RCB (0),SSL (00); LEO (10); LE (15); MLB (23); DRT (25); ROLB (33); SSR (43),3-3-5,OKST D00 (LEO); OKST D01 (RCB); OKST D03 (LCB); OKST D04 (ROLB); OKST D05 (MLB); OKST D06 (SCBR); OKST D11 (SSL); OKST D14 (SCBL); OKST D18 (SSR); OKST D71 (LE); OKST D81 (DRT),OKST D00 (0.0); OKST D01 (0.0); OKST D03 (0.0); OKST D04 (0.0); OKST D05 (0.0); OKST D06 (0.0); OKST D11 (0.0); OKST D14 (0.0); OKST D18 (0.0); OKST D71 (0.0); OKST D81 (0.0),,T,OKST,11,,LEO (10); LE (15); DRT (25),,PUNT,-23,3,KICKOFF - RETURN,-24,7,SD,-23,,,,,0,,,L,R,,,OT,,,TXBA 13 (QB); OKST D05 (MLB),,,,,,,,,,MLB (4); ROLB (0),,O,O,TXBA 13,LWR^; SLWR; HB-L; SRWR; RWR^,2x2,TE>SLWR,3-0-1-1,11,TXBA 01; TXBA 02; TXBA 06; TXBA 07; TXBA 34,TXBA 01 (SLWR); TXBA 02 (SRWR); TXBA 06 (LWR); TXBA 07 (HB-L); TXBA 13 (QB); TXBA 34 (RWR); TXBA 62 (LG); TXBA 68 (RG); TXBA 69 (LT); TXBA 72 (C); TXBA 74 (RT),TXBA 01 (0.0); TXBA 02 (0.0); TXBA 06 (0.0); TXBA 07 (0.0); TXBA 13 (-0.5); TXBA 34 (0.0); TXBA 62 (0.0); TXBA 68 (0.0); TXBA 69 (0.0); TXBA 72 (0.0); TXBA 74 (0.0),,F,TXBA,TXBA 06; TXBA 34,,5; TXBA 62 (LG); TXBA 68 (RG); TXBA 69 (LT); TXBA 72 (C); TXBA 74 (RT),,4,OKST D05,,7; OKST D01; OKST D03; OKST D05; OKST D06; OKST D11; OKST D14; OKST D18,17,M,TXBA 13 (QB),LWR 9si; SLWR xo(11); HB-L h3(-7); SRWR 9; RWR 6(4),9; X; H3; 9; 6,TXBA 06 9si; TXBA 01 xo(11); TXBA 07 h3(-7); TXBA 02 9; TXBA 34 6(4),SLWR,TXBA 01,INCOMPLETE,xo(11),XR,4; OKST D00 (LEO); OKST D04 (ROLB); OKST D71 (LE); OKST D81 (DRT),,26,4,,,,-23,,,,,OKST D01 > TXBA 06; OKST D03 > TXBA 34,,0,,,TXBA 13,0,,,0,,HB-L,HB-L (-5),,1; TXBA 07 (HB-L),,,,,,P,,0,,S,,,,,,,,,,LWR^(-21.5); SLWR(-15.5); SRWR(+12.5); RWR^(+17.5),,0,15,0,0,0,,false,3,3,-1.13,-1.021,Over,false,11,TXBA 07,TXBA 01,TXBA 02; TXBA 06; TXBA 34,GUN STRONG,SLOT - SLOT,LWR; SLWR; HB-L; SRWR; RWR,2x2,SLOT - SLOT,NICKEL,OKST D01; OKST D03; OKST D11; OKST D14; OKST D18,OKST D04; OKST D05; OKST D06,OKST D00; OKST D71; OKST D81,WIDE UNDER,,COVER 4,,77,,-0.892,-1.061,29083_6515547,29083-TXBA-2
6515577,29083,2025-09-27,2025,05,408075,736,1,3,06:13,0,0,0,7,0,2,3,0,0,,,,0,0,0,7,0,,1,6515547,6515610,,7.07,0,,28,1,3.9,5.8,0,0,,3,0,0,TXBA 13,6; OKST D00 (15); OKST D04 (37); OKST D05 (12); OKST D17 (30); OKST D26 (22); OKST D95 (06),TXBA 02; TXBA 34,R,,,LCB (6); SCBL (2); FSL (11); SSR (10); RCB (6),LEO (06); LLB (12); LE (15); MLB (22); RE (30); ROLB (37); SSR (38),3-3-5,OKST D00 (LE); OKST D01 (RCB); OKST D03 (LCB); OKST D04 (ROLB); OKST D05 (LLB); OKST D11 (FSL); OKST D14 (SCBL); OKST D17 (RE); OKST D18 (SSR); OKST D26 (MLB); OKST D95 (LEO),OKST D00 (0.0); OKST D01 (0.0); OKST D03 (0.0); OKST D04 (0.0); OKST D05 (0.0); OKST D11 (0.0); OKST D14 (0.0); OKST D17 (-0.5); OKST D18 (0.0); OKST D26 (0.0); OKST D95 (+0.5),OKST D17; OKST D26; OKST D95,T,OKST,11,,LEO (06); LE (15); RE (30),,PUNT,-23,3,KICKOFF - RETURN,-24,8,SL,-23,OKST D17,,,,0,,,L,R,,OKST D17; OKST D95,,,,TXBA 13 (QB); OKST D17 (RE); OKST D95 (LEO),,,,,,,,,,LLB (4); MLB (4); ROLB (0),OKST D17,C,O,OKST D17,LWR^; HB-R; TE-R; SRWR^; RWR,1x3,,3-0-1-1,11,TXBA 01; TXBA 02; TXBA 06; TXBA 07; TXBA 34,TXBA 01 (TE-R); TXBA 02 (SRWR); TXBA 06 (LWR); TXBA 07 (HB-R); TXBA 13 (QB); TXBA 34 (RWR); TXBA 62 (LG); TXBA 68 (RG); TXBA 69 (LT); TXBA 72 (C); TXBA 74 (RT),TXBA 01 (0.0); TXBA 02 (0.0); TXBA 06 (0.0); TXBA 07 (0.0); TXBA 13 (0.0); TXBA 34 (0.0); TXBA 62 (0.0); TXBA 68 (0.0); TXBA 69 (0.0); TXBA 72 (0.0); TXBA 74 (0.0),,F,TXBA,TXBA 02; TXBA 06,,5; TXBA 62 (LG); TXBA 68 (RG); TXBA 69 (LT); TXBA 72 (C); TXBA 74 (RT),,3,,,7; OKST D01; OKST D03; OKST D05; OKST D11; OKST D14; OKST D18; OKST D26,,X,TXBA 13 (QB),LWR 2(5); HB-R flh21(3); TE-R 1; SRWR 3(16); RWR 9s,2; H4; 3; 3; 9,TXBA 06 2(5); TXBA 07 flh21(3); TXBA 01 1; TXBA 02 3(16); TXBA 34 9s,,,RUN,,,4; OKST D00 (LE); OKST D04 (ROLB); OKST D17 (RE); OKST D95 (LEO),HURRY,,,,,TXBA 07,-23,QB SCRAMBLE,,QB SCRAMBLE,OKST D95,,OKST D17 (CU) TXBA 13; OKST D95 (CU),0,,,TXBA 13,1,OKST D17; OKST D95,TXBA 13,0,C,HB-R,HB-R (-5),,1; TXBA 07 (HB-R),,,,UNDEFINED,,P,,0,,S,,OKST D95,,OKST D95,,R,,,,LWR^(-22.5); SRWR^(+0.5); RWR(+1.5),,0,8,0,0,0,,false,3,3,-2.151,-0.813,,false,11,TXBA 07,TXBA 01,TXBA 02; TXBA 06; TXBA 34,GUN STRONG,TREY - OPEN,LWR; HB-R; TE-R; SRWR; RWR,1x3,TREY - OPEN,NICKEL,OKST D01; OKST D03; OKST D11; OKST D14; OKST D18,OKST D04; OKST D05; OKST D26,OKST D00; OKST D17; OKST D95,ONE INTERIOR,,COVER 3,,77,,-1.953,-0.729,29083_6515577,29083-TXBA-2
6516260,29083,2025-09-27,2025,05,408075,1096,1,1,01:45,0,,0,7,0,3,1,3,0,,,,0,0,0,7,0,,0,6516235,6516278,,7.07,0,,40,0,,,0,0,,3,0,0,TXBA 23,6; OKST D05 (30); OKST D06 (18); OKST D40 (36); OKST D95 (10); OKST D96 (17); OKST D99 (25),TXBA 06; TXBA 16,,,,LCB (0); SSL (10); SSR (10); SCBR (5); RCB (7),SSL (00); LEO (10); DLT (17); LILB (18); DRT (25); RLB (30); ROLB (36); SSR (37),3-3-5,OKST D03 (LCB); OKST D05 (RLB); OKST D06 (LILB); OKST D08 (SSR); OKST D10 (RCB); OKST D11 (SSL); OKST D23 (SCBR); OKST D40 (ROLB); OKST D95 (LEO); OKST D96 (DLT); OKST D99 (DRT),OKST D03 (0.0); OKST D05 (0.0); OKST D06 (0.0); OKST D08 (0.0); OKST D10 (0.0); OKST D11 (0.0); OKST D23 (0.0); OKST D40 (0.0); OKST D95 (+0.5); OKST D96 (0.0); OKST D99 (0.0),DRIVE START,T,OKST,10,,LEO (10); DLT (17); DRT (25),,TOUCHDOWN,+0,7,DOWNS,-36,,,-36,OKST D99,,,,3,,,L,R,,,,,,TXBA 62 (LG); TXBA 72 (C); OKST D95 (LEO); OKST D99 (DRT),,,,,,,,,,LILB (4); RLB (4); ROLB (0),,O,O,TXBA 62,LWR^; SLWR; TE-L; HB-L; RWR^,3x1,,3-0-1-1,11,TXBA 06; TXBA 16; TXBA 23; TXBA 34; TXBA 85,TXBA 06 (LWR); TXBA 13 (QB); TXBA 16 (SLWR); TXBA 23 (HB-L); TXBA 34 (RWR); TXBA 62 (LG); TXBA 68 (RG); TXBA 69 (LT); TXBA 72 (C); TXBA 74 (RT); TXBA 85 (TE-L),TXBA 06 (0.0); TXBA 13 (0.0); TXBA 16 (0.0); TXBA 23 (0.0); TXBA 34 (0.0); TXBA 62 (-0.5); TXBA 68 (0.0); TXBA 69 (0.0); TXBA 72 (0.0); TXBA 74 (0.0); TXBA 85 (0.0),DRIVE START,F,TXBA,TXBA 06; TXBA 34,,,,4,,,,,,,LWR z; SLWR 0(-3); TE-L r; HB-L r; RWR r,-; 0; -; -; -,TXBA 06 z; TXBA 16 0(-3); TXBA 85 r; TXBA 23 r; TXBA 34 r,,,,,,,,,,,,,-39,ML,FORCED,RE,OKST D95,OKST D03 > TXBA 34,,0,,,TXBA 13,0,,,0,,HB-L,HB-L (-5),R,1; TXBA 23 (HB-L),,,,COUNTER,CROSS LEAD,R,,0,,S,,OKST D99,,OKST D99,OKST D06,L,,,,LWR^(-21.5); SLWR(-21.5); RWR^(+18.5),,1,20,0,0,0,,false,3,2,1.068,-0.736,,false,11,TXBA 23,TXBA 85,TXBA 06; TXBA 16; TXBA 34,GUN STRONG,TREY - OPEN,LWR; SLWR; TE-L; HB-L; RWR,3x1,TREY - OPEN,NICKEL,OKST D03; OKST D08; OKST D10; OKST D11; OKST D23,OKST D05; OKST D06; OKST D40,OKST D95; OKST D96; OKST D99,WIDE UNDER,,COVER 4,,64,,1.286,-0.381,29083_6516260,29083-TXBA-3
6516278,29083,2025-09-27,2025,05,408075,1122,1,2,01:20,0,,0,7,0,3,2,6,0,,,,0,0,0,7,0,,0,6516260,6516311,,7.07,0,,41,0,,,0,0,,3,0,0,TXBA 23,7; OKST D05 (08); OKST D06 (22); OKST D10 (38); OKST D40 (36); OKST D95 (14); OKST D96 (22); OKST D99 (28),,,,,LCB (4); SCBoL (6); SCBiL (8); FS (11),LLB (08); LE (14); NT (22); MLB (22); DRT (28); ROLB (36); RLB (38),3-3-5,OKST D03 (LCB); OKST D05 (LLB); OKST D06 (MLB); OKST D08 (FS); OKST D10 (RLB); OKST D11 (SCBiL); OKST D23 (SCBoL); OKST D40 (ROLB); OKST D95 (LE); OKST D96 (NT); OKST D99 (DRT),OKST D03 (0.0); OKST D05 (0.0); OKST D06 (+0.5); OKST D08 (0.0); OKST D10 (0.0); OKST D11 (0.0); OKST D23 (0.0); OKST D40 (0.0); OKST D95 (0.0); OKST D96 (0.0); OKST D99 (0.0),,F,OKST,7,,LE (14); NT (22); DRT (28),,TOUCHDOWN,+0,7,DOWNS,-36,,,-39,OKST D06,,,,6,,,L,R,,,,,,TXBA 23 (HB-R); TXBA 68 (RG); TXBA 85 (TE-L); OKST D06 (MLB); OKST D40 (ROLB),,,,,,,,,,LLB (5); MLB (5); RLB (5); ROLB (0),,C,O,TXBA 85,TE-L^; HB-R; SRiWR; SRoWR; RWR^,1x3,,3-0-1-1,11,TXBA 06; TXBA 16; TXBA 23; TXBA 34; TXBA 85,TXBA 06 (SRoWR); TXBA 13 (QB); TXBA 16 (SRiWR); TXBA 23 (HB-R); TXBA 34 (RWR); TXBA 62 (LG); TXBA 68 (RG); TXBA 69 (LT); TXBA 72 (C); TXBA 74 (RT); TXBA 85 (TE-L),TXBA 06 (0.0); TXBA 13 (0.0); TXBA 16 (0.0); TXBA 23 (+0.5); TXBA 34 (0.0); TXBA 62 (0.0); TXBA 68 (0.0); TXBA 69 (0.0); TXBA 72 (0.0); TXBA 74 (0.0); TXBA 85 (-0.5),,T,TXBA,TXBA 34; TXBA 85,,,,3,,,,,,,TE-L r; HB-R r; SRiWR 0u(-3); SRoWR z; RWR z,-; -; 0; -; -,TXBA 85 r; TXBA 23 r; TXBA 16 0u(-3); TXBA 06 z; TXBA 34 z,,,,,,,,,,,,,-45,LE,,LE,TXBA 23; OKST D06,,,0,,,TXBA 13,0,,,0,,HB-R,HB-R (-5),L,1; TXBA 23 (HB-R),,,,COUNTER,,R,,0,,S,,,,OKST D06,OKST D10,L,,,,SRiWR(+10.5); SRoWR(+14.5); RWR^(+18.5),,1,21,0,0,0,,true,3,2,0.332,0.726,,false,11,TXBA 23,TXBA 85,TXBA 06; TXBA 16; TXBA 34,GUN WEAK,TRIPS - CLOSED,TE-L; HB-R; SRiWR; SRoWR; RWR,1x3,TRIPS - CLOSED,NICKEL,OKST D03; OKST D08; OKST D10; OKST D11; OKST D23,OKST D05; OKST D06; OKST D40,OKST D95; OKST D96; OKST D99,OVER,,COVER 3,,61,,0.905,0.634,29083_6516278,29083-TXBA-3
6516311,29083,2025-09-27,2025,05,408075,1148,1,3,00:52,1,0,1,7,0,3,3,,0,1,,,0,1,0,7,0,15,0,6516278,6516384,,7.07,0,,42,0,,3.1,0,0,,,0,0,,8; OKST D05 (10); OKST D06 (22); OKST D08 (29); OKST D11 (02); OKST D40 (34); OKST D95 (14); OKST D96 (20); OKST D99 (28),,L,,,LCB (0); SCBL (5); SS (7); RCB (1),LLB (02); LOLB (10); LE (14); DLT (20); MLB (22); DRT (28); SS (29); ROLB (34),3-3-5,OKST D03 (LCB); OKST D05 (LOLB); OKST D06 (MLB); OKST D08 (SS); OKST D10 (RCB); OKST D11 (LLB); OKST D23 (SCBL); OKST D40 (ROLB); OKST D95 (LE); OKST D96 (DLT); OKST D99 (DRT),OKST D03 (-1.0); OKST D05 (0.0); OKST D06 (0.0); OKST D08 (0.0); OKST D10 (0.0); OKST D11 (0.0); OKST D23 (0.0); OKST D40 (0.0); OKST D95 (0.0); OKST D96 (-1.0); OKST D99 (-1.0),,T,OKST,1,,LE (14); DLT (20); DRT (28),,TOUCHDOWN,+0,7,DOWNS,-36,0,RR,-45,,,,,15,,,L,R,,,PE,,,TXBA 34 (RWR); OKST D03 (LCB); OKST D96 (DLT); OKST D99 (DRT),,,,,,,,,,LOLB (0); LLB (4); MLB (4); ROLB (0),,C,C,OKST D03; OKST D96; OKST D99,LWR^; HB-R; TE-R; SRWR; RWR^,1x3,,3-0-1-1,11,TXBA 06; TXBA 07; TXBA 16; TXBA 34; TXBA 85,TXBA 06 (LWR); TXBA 07 (HB-R); TXBA 13 (QB); TXBA 16 (SRWR); TXBA 34 (RWR); TXBA 62 (LG); TXBA 68 (RG); TXBA 69 (LT); TXBA 72 (C); TXBA 74 (RT); TXBA 85 (TE-R),TXBA 06 (0.0); TXBA 07 (0.0); TXBA 13 (0.0); TXBA 16 (0.0); TXBA 34 (0.0); TXBA 62 (0.0); TXBA 68 (0.0); TXBA 69 (0.0); TXBA 72 (0.0); TXBA 74 (0.0); TXBA 85 (0.0),TXBA 07,F,TXBA,TXBA 06; TXBA 34,,7; TXBA 07 (HB-R); TXBA 62 (LG); TXBA 68 (RG); TXBA 69 (LT); TXBA 72 (C); TXBA 74 (RT); TXBA 85 (TE-R),,1b,OKST D03,,6; OKST D03; OKST D06; OKST D08; OKST D10; OKST D11; OKST D23,21,R,TXBA 13 (QB),LWR 9o; HB-R kr; TE-R k; SRWR 9si; RWR 9o,9; -; -; 9; 9,TXBA 06 9o; TXBA 07 kr; TXBA 85 k; TXBA 16 9si; TXBA 34 9o,RWR,TXBA 34,INCOMPLETE,9o,9B,5; OKST D05 (LOLB); OKST D40 (ROLB); OKST D95 (LE); OKST D96 (DLT); OKST D99 (DRT),,52,7R,OKST D03 DPI; (D) OKST D99 DOF; (D) OKST D96 DOF,,,+40,,,,,OKST D03 > TXBA 34; OKST D10 > TXBA 06,,0,,,TXBA 13,0,,,1,,HB-R,HB-R (-5),R,1; TXBA 07 (HB-R),,,,,,P,,0,TXBA 85* (R:L{R}),S,,,,,,R,,,,LWR^(-20.5); SRWR(+12.5); RWR^(+18.5),,0,19,0,0,0,,true,3,2,1.058,1.796,Go,false,11,TXBA 07,TXBA 85,TXBA 06; TXBA 16; TXBA 34,GUN STRONG,TREY - OPEN,LWR; HB-R; SRiWR; SRoWR; RWR,1x3,TRIPS - OPEN,NICKEL,OKST D03; OKST D08; OKST D10; OKST D11; OKST D23,OKST D05; OKST D06; OKST D40,OKST D95; OKST D96; OKST D99,WIDE UNDER,,COVER 1,,55,,1.539,1.527,29083_6516311,29083-TXBA-3
6516384,29083,2025-09-27,2025,05,408075,1196,1,1,00:46,0,,0,7,0,3,4,9,0,,,,0,0,0,7,0,,0,6516311,6516416,,7.07,0,,43,0,,,0,0,,5,0,0,TXBA 07,6; OKST D05 (17); OKST D06 (27); OKST D40 (37); OKST D95 (10); OKST D96 (17); OKST D99 (25),,,,,LCB (0); SCBL (9); SSL (7); SSR (10); RCB (7),SSL (00); LEO (10); LILB (17); DLT (17); DRT (25); RILB (27); SSR (35); ROLB (37),3-3-5,OKST D03 (LCB); OKST D05 (LILB); OKST D06 (RILB); OKST D08 (SSR); OKST D10 (RCB); OKST D11 (SCBL); OKST D23 (SSL); OKST D40 (ROLB); OKST D95 (LEO); OKST D96 (DLT); OKST D99 (DRT),OKST D03 (0.0); OKST D05 (-0.5); OKST D06 (0.0); OKST D08 (0.0); OKST D10 (0.0); OKST D11 (0.0); OKST D23 (0.0); OKST D40 (0.0); OKST D95 (0.0); OKST D96 (-0.5); OKST D99 (-0.5),,F,OKST,10,,LEO (10); DLT (17); DRT (25),,TOUCHDOWN,+0,7,DOWNS,-36,,,+40,OKST D95,,,,9,,,L,R,,,,,,TXBA 01 (TE-L); TXBA 07 (HB-R); TXBA 62 (LG); TXBA 68 (RG); TXBA 72 (C); TXBA 74 (RT); OKST D05 (LILB); OKST D95 (LEO); OKST D96 (DLT); OKST D99 (DRT),,,,,,,,,,LILB (5); RILB (5); ROLB (0),,O,O,OKST D05; OKST D96; OKST D99,LWR^; TE-L; HB-R; SRWR; RWR^,2x2,,3-0-1-1,11,TXBA 01; TXBA 06; TXBA 07; TXBA 16; TXBA 34,TXBA 01 (TE-L); TXBA 06 (LWR); TXBA 07 (HB-R); TXBA 13 (QB); TXBA 16 (SRWR); TXBA 34 (RWR); TXBA 62 (LG); TXBA 68 (RG); TXBA 69 (LT); TXBA 72 (C); TXBA 74 (RT),TXBA 01 (+0.5); TXBA 06 (0.0); TXBA 07 (+0.5); TXBA 13 (0.0); TXBA 16 (0.0); TXBA 34 (0.0); TXBA 62 (+0.5); TXBA 68 (+0.5); TXBA 69 (0.0); TXBA 72 (+0.5); TXBA 74 (0.0),TXBA 01,T,TXBA,TXBA 06; TXBA 34,,,,4,,,,,,,LWR 8(8); TE-L r; HB-R r; SRWR 2(5); RWR 2(3),8; -; -; 2; 2,TXBA 06 8(8); TXBA 01 r; TXBA 07 r; TXBA 16 2(5); TXBA 34 2(3),,,,,,,,,,,,,+31,RG,,RG,TXBA 01; TXBA 07; TXBA 62; TXBA 68; TXBA 72,OKST D03 > TXBA 34,,0,,,TXBA 13,0,,,0,,HB-R,HB-R (-5),R,1; TXBA 07 (HB-R),,,,MAN,CROSS LEAD,R,,0,TXBA 07 (B:B),S,,,,OKST D95,OKST D96,L,,,,LWR^(-17.5); SRWR(+12.5); RWR^(+18.5),,1,20,0,0,0,,false,3,2,2.854,0.958,,false,11,TXBA 07,TXBA 01,TXBA 06; TXBA 16; TXBA 34,GUN WEAK,SLOT - PRO,LWR; TE-L; HB-L; SRWR; RWR,2x2,SLOT - PRO,NICKEL,OKST D03; OKST D08; OKST D10; OKST D11; OKST D23,OKST D05; OKST D06; OKST D40,OKST D95; OKST D96; OKST D99,WIDE UNDER,,COVER 4,,40,,3.066,1.399,29083_6516384,29083-TXBA-3
6516416,29083,2025-09-27,2025,05,408075,1222,1,2,00:10,0,0,1,7,0,3,5,,0,1,,,0,1,0,7,0,16,0,6516384,6516491,,7.07,0,,44,0,2.8,2.9,0,0,,,0,0,,6; OKST D05 (12); OKST D06 (24); OKST D40 (33); OKST D95 (10); OKST D96 (17); OKST D99 (25),TXBA 16; TXBA 34,L,,,LCB (8); SCBoL (8); SCBiL (5); FSR (11); RCB (1),LEO (10); LLB (12); DLT (17); RILB (24); DRT (25); ROLB (33),3-3-5,OKST D03 (LCB); OKST D05 (LLB); OKST D06 (RILB); OKST D08 (FSR); OKST D10 (RCB); OKST D11 (SCBiL); OKST D23 (SCBoL); OKST D40 (ROLB); OKST D95 (LEO); OKST D96 (DLT); OKST D99 (DRT),OKST D03 (0.0); OKST D05 (0.0); OKST D06 (0.0); OKST D08 (0.0); OKST D10 (0.0); OKST D11 (-1.0); OKST D23 (0.0); OKST D40 (0.0); OKST D95 (+0.5); OKST D96 (0.0); OKST D99 (+0.5),,T,OKST,1,,LEO (10); DLT (17); DRT (25),,TOUCHDOWN,+0,7,DOWNS,-36,7,SD,+31,,,,,16,,,C,C,,OKST D95,PE,,,TXBA 01 (SRiWR); TXBA 72 (C); TXBA 74 (RT); OKST D11 (SCBiL); OKST D95 (LEO); OKST D99 (DRT),,,,,,,,,,LLB (5); RILB (5); ROLB (0),,O,O,TXBA 72; TXBA 74; OKST D11,LWR^; HB-R; SRiWR; SRoWR^; RWR,1x3,TE>SRiWR,3-0-1-1,11,TXBA 01; TXBA 06; TXBA 07; TXBA 16; TXBA 34,TXBA 01 (SRiWR); TXBA 06 (LWR); TXBA 07 (HB-R); TXBA 13 (QB); TXBA 16 (SRoWR); TXBA 34 (RWR); TXBA 62 (LG); TXBA 68 (RG); TXBA 69 (LT); TXBA 72 (C); TXBA 74 (RT),TXBA 01 (0.0); TXBA 06 (0.0); TXBA 07 (0.0); TXBA 13 (0.0); TXBA 16 (0.0); TXBA 34 (0.0); TXBA 62 (0.0); TXBA 68 (0.0); TXBA 69 (0.0); TXBA 72 (-1.0); TXBA 74 (-0.5),,F,TXBA,TXBA 06; TXBA 16,,5; TXBA 62 (LG); TXBA 68 (RG); TXBA 69 (LT); TXBA 72 (C); TXBA 74 (RT),,6R,OKST D11,,7; OKST D03; OKST D05; OKST D06; OKST D08; OKST D10; OKST D11; OKST D23,22,R,TXBA 13 (QB),LWR 9o; HB-R h2(-7); SRiWR 9y; SRoWR xo(18); RWR 6(12),9; H2; 9; X; 6,TXBA 06 9o; TXBA 07 h2(-7); TXBA 01 9y; TXBA 16 xo(18); TXBA 34 6(12),SRiWR,TXBA 01,INCOMPLETE,9y,19R,4; OKST D40 (ROLB); OKST D95 (LEO); OKST D96 (DLT); OKST D99 (DRT),HURRY,52,7R,OKST D11 DPI,,,+15,,,,OKST D95; OKST D99,OKST D10 > TXBA 06,OKST D95 (B) TXBA 74; OKST D99 (CL) TXBA 72,0,,,TXBA 13,0,OKST D95,TXBA 74,0,,HB-R,HB-R (-5),,1; TXBA 07 (HB-R),,,,,,P,,0,TXBA 01* (L:Rx),S,,,,,,,,,,LWR^(-19.5); SRiWR(+4.5); SRoWR^(+8.5); RWR(+9.5),1; OKST D11,0,14,0,0,0,,false,3,2,3.812,1.012,Numbers go,false,11,TXBA 07,TXBA 01,TXBA 06; TXBA 16; TXBA 34,GUN STRONG,TRIPS - OPEN,LWR; TE-L; HB-R; SRWR; RWR,2x2,SLOT - PRO,NICKEL,OKST D03; OKST D08; OKST D10; OKST D11; OKST D23,OKST D05; OKST D06; OKST D40,OKST D95; OKST D96; OKST D99,WIDE OVER,,COVER 6,,31,,4.465,-0.26,29083_6516416,29083-TXBA-3
6516491,29083,2025-09-27,2025,05,408075,1259,1,1,00:04,0,,0,7,0,3,6,-4,0,,,,0,0,0,7,0,,0,6516416,6516722,,7.07,0,,45,0,,,0,1,,2,0,0,TXBA 02,6; OKST D04 (06); OKST D05 (14); OKST D06 (22); OKST D94 (27); OKST D95 (34); OKST D96 (19),TXBA 01; TXBA 34; TXBA 85,,,,LCB (4); SCBoL (3); SCBiL (5); SSR (9); RCB (1),LOLB (06); LLB (14); DLT (19); MLB (22); DRT (27); SSR (32); ROLB (34),3-3-5,OKST D03 (LCB); OKST D04 (LOLB); OKST D05 (LLB); OKST D06 (MLB); OKST D08 (SSR); OKST D10 (RCB); OKST D11 (SCBoL); OKST D23 (SCBiL); OKST D94 (DRT); OKST D95 (ROLB); OKST D96 (DLT),OKST D03 (0.0); OKST D04 (0.0); OKST D05 (0.0); OKST D06 (0.0); OKST D08 (0.0); OKST D10 (0.0); OKST D11 (+0.5); OKST D23 (0.0); OKST D94 (+0.5); OKST D95 (0.0); OKST D96 (0.0),OKST D04; OKST D94,T,OKST,10,,DLT (19); DRT (27),,TOUCHDOWN,+0,7,DOWNS,-36,,,+15,OKST D11,,,,-4,,,C,C,,,,,,OKST D11 (SCBoL); OKST D94 (DRT),,,,,,,,,,LOLB (0); LLB (4); MLB (5); ROLB (0),,O,O,,LWR^; HB-R; SRiWR^; SRoWR; RWR,1x3,TE>SRiWR; TE>SRoWR,2-0-1-2,12,TXBA 01; TXBA 02; TXBA 07; TXBA 34; TXBA 85,TXBA 01 (SRoWR); TXBA 02 (LWR); TXBA 07 (HB-R); TXBA 13 (QB); TXBA 34 (RWR); TXBA 62 (LG); TXBA 68 (RG); TXBA 69 (LT); TXBA 72 (C); TXBA 74 (RT); TXBA 85 (SRiWR),TXBA 01 (0.0); TXBA 02 (0.0); TXBA 07 (0.0); TXBA 13 (0.0); TXBA 34 (0.0); TXBA 62 (0.0); TXBA 68 (0.0); TXBA 69 (0.0); TXBA 72 (0.0); TXBA 74 (0.0); TXBA 85 (0.0),TXBA 02; TXBA 85,F,TXBA,TXBA 02; TXBA 85,,,,6R,,,,,,,,,,,,,,,,,,,,,,+19,END AROUND - RIGHT,,END AROUND - RIGHT,OKST D11; OKST D94,OKST D10 > TXBA 02,,0,,,TXBA 13,0,,,0,,HB-R,HB-R (-5),L,1; TXBA 07 (HB-R),,,,TRICK,,R,,0,TXBA 01* (R:L{R}),S,,OKST D11,,OKST D11,,,,,,LWR^(-7.5); SRiWR^(+5.5); SRoWR(+7.5); RWR(+7.5),,0,15,0,0,0,,false,3,2,4.824,-1.386,,false,12,TXBA 07,TXBA 01; TXBA 85,TXBA 02; TXBA 34,GUN STRONG,TRIPS - OPEN,LWR; HB-R; SRiWR; SRoWR; RWR,1x3,TRIPS - OPEN,NICKEL,OKST D03; OKST D08; OKST D10; OKST D11; OKST D23,OKST D04; OKST D05; OKST D06,OKST D94; OKST D95; OKST D96,WIDE UNDER,,COVER 6,,15,,4.205,-0.988,29083_6516491,29083-TXBA-3
6516722,29083,2025-09-27,2025,05,408075,1294,2,2,15:00,0,,0,7,0,3,7,19,0,1,,,0,0,0,7,0,,0,6516491,6516758,,7.07,0,,46,1,,,0,0,,19,0,0,TXBA 07,5; OKST D04 (09); OKST D05 (26); OKST D94 (15); OKST D95 (34); OKST D96 (25),,,,,LCB (1); SCBL (4); SSL (9); SSR (9); SCBR (4); RCB (2),SSL (00); LOLB (09); LE (15); DRT (25); RILB (26); ROLB (34); SSR (44),3-3-5,OKST D03 (LCB); OKST D04 (LOLB); OKST D05 (RILB); OKST D06 (SCBL); OKST D08 (SSL); OKST D10 (RCB); OKST D11 (SSR); OKST D23 (SCBR); OKST D94 (LE); OKST D95 (ROLB); OKST D96 (DRT),OKST D03 (0.0); OKST D04 (0.0); OKST D05 (-0.5); OKST D06 (+0.5); OKST D08 (-1.0); OKST D10 (0.0); OKST D11 (-1.0); OKST D23 (0.0); OKST D94 (0.0); OKST D95 (0.0); OKST D96 (0.0),,F,OKST,14,,LE (15); DRT (25),,TOUCHDOWN,+0,7,DOWNS,-36,,,+19,OKST D06,,,,19,,,R,L,,,,,,TXBA 07 (HB-L); TXBA 69 (LT); TXBA 72 (C); OKST D05 (RILB); OKST D06 (SCBL); OKST D08 (SSL); OKST D11 (SSR),,,,,,,,,,LOLB (0); RILB (4); ROLB (0),OKST D08; OKST D11,O,O,TXBA 72; OKST D05; OKST D08; OKST D11,LWR^; SLWR; HB-L; SRWR; RWR^,2x2,TE>SRWR,3-0-1-1,11,TXBA 06; TXBA 07; TXBA 16; TXBA 34; TXBA 85,TXBA 06 (LWR); TXBA 07 (HB-L); TXBA 13 (QB); TXBA 16 (SLWR); TXBA 34 (RWR); TXBA 62 (LG); TXBA 68 (RG); TXBA 69 (LT); TXBA 72 (C); TXBA 74 (RT); TXBA 85 (SRWR),TXBA 06 (0.0); TXBA 07 (+1.5); TXBA 13 (0.0); TXBA 16 (0.0); TXBA 34 (0.0); TXBA 62 (0.0); TXBA 68 (0.0); TXBA 69 (+0.5); TXBA 72 (-1.0); TXBA 74 (0.0); TXBA 85 (0.0),TXBA 06; TXBA 16,T,TXBA,TXBA 06; TXBA 34,,,,4,,,,,,,LWR 2(4); SLWR 2(4); HB-L r; SRWR r; RWR r,2; 2; -; -; -,TXBA 06 2(4); TXBA 16 2(4); TXBA 07 r; TXBA 85 r; TXBA 34 r,,,,,,,,,,,,,+0,LE,,LE,TXBA 07; TXBA 69; OKST D06,OKST D03 > TXBA 34; OKST D10 > TXBA 06,,0,,,TXBA 13,0,,,0,,HB-L,HB-L (-5),R,1; TXBA 07 (HB-L),,,,INSIDE ZONE,SPLIT,R,,0,TXBA 85* (R:L{R}),S,,,,,,,TXBA 07,,,LWR^(-19.5); SLWR(-12.5); SRWR(+11.5); RWR^(+18.5),,1,19,0,0,0,,false,3,2,3.438,3.562,,false,11,TXBA 07,TXBA 85,TXBA 06; TXBA 16; TXBA 34,GUN WEAK,SLOT - SLOT,LWR; SLWR; HB-L; SRWR; RWR,2x2,SLOT - SLOT,NICKEL,OKST D03; OKST D08; OKST D10; OKST D11; OKST D23,OKST D04; OKST D05; OKST D06,OKST D94; OKST D95; OKST D96,WIDE UNDER,,COVER 4,,19,,3.217,3.783,29083_6516722,29083-TXBA-3
6517695,29083,2025-09-27,2025,05,408075,1645,2,1,11:25,0,,0,10,0,4,1,4,0,,,,0,0,0,14,0,,0,6517619,6517714,,10.14,0,,60,0,,,0,0,,4,0,0,TXBA 07,6; OKST D00 (30); OKST D04 (10); OKST D05 (24); OKST D23 (42); OKST D71 (22); OKST D81 (14),,,,,LCB (6); SCBL (5); SSL (10); FSR (13); RCB (1),SSL (04); LOLB (10); LE (14); NT (22); RILB (24); RE (30); RLB (42),3-3-5,OKST D00 (RE); OKST D01 (LCB); OKST D04 (LOLB); OKST D05 (RILB); OKST D10 (RCB); OKST D11 (FSR); OKST D23 (RLB); OKST D30 (SCBL); OKST D32 (SSL); OKST D71 (NT); OKST D81 (LE),OKST D00 (+0.5); OKST D01 (0.0); OKST D04 (0.0); OKST D05 (0.0); OKST D10 (0.0); OKST D11 (0.0); OKST D23 (0.0); OKST D30 (0.0); OKST D32 (0.0); OKST D71 (0.0); OKST D81 (+0.5),DRIVE START,F,OKST,10,,LE (14); NT (22); RE (30),,TOUCHDOWN,+0,6,KICKOFF - RETURN,-22,,,-22,OKST D00,,,,4,,,R,L,,,,,,TXBA 62 (LG); TXBA 69 (LT); TXBA 72 (C); OKST D00 (RE); OKST D71 (NT); OKST D81 (LE),,,,,,,,,,LOLB (0); RILB (5); RLB (6),,O,O,TXBA 69; TXBA 72,LWR^; HB-L; HB-R; SRWR; RWR^,1x2,TE>SRWR; WR>HB-L,3-0-1-1,11,TXBA 01; TXBA 02; TXBA 06; TXBA 07; TXBA 34,TXBA 01 (SRWR); TXBA 02 (LWR); TXBA 06 (HB-L); TXBA 07 (HB-R); TXBA 13 (QB); TXBA 34 (RWR); TXBA 62 (LG); TXBA 66 (RG); TXBA 69 (LT); TXBA 72 (C); TXBA 74 (RT),TXBA 01 (0.0); TXBA 02 (0.0); TXBA 06 (0.0); TXBA 07 (0.0); TXBA 13 (0.0); TXBA 34 (0.0); TXBA 62 (0.0); TXBA 66 (0.0); TXBA 69 (-0.5); TXBA 72 (-0.5); TXBA 74 (0.0),DRIVE START,T,TXBA,TXBA 02; TXBA 34,,,,4,,,,,,,,,,,,,,,,,,,,,,-26,LG,FORCED,LT,OKST D00; OKST D81,OKST D10 > TXBA 02,,0,,,TXBA 13,0,,,0,,HB-L; HB-R,HB-L (-5); HB-R (-5),L,2; TXBA 06 (HB-L); TXBA 07 (HB-R),,,,COUNTER,CROSS LEAD;LEAD,R,,+4,TXBA 01* (R:L{R}),S,,OKST D00,,OKST D00,OKST D81,,,,,LWR^(-15.5); SRWR(+11.5); RWR^(+19.5),,0,10,0,0,0,,false,3,2,-0.107,0.036,,false,11,TXBA 07,TXBA 01,TXBA 02; TXBA 06; TXBA 34,GUN SPLIT,SLOT - OPEN,LWR; HB-L; HB-R; SRWR; RWR,1x2,SLOT - OPEN,NICKEL,OKST D01; OKST D10; OKST D11; OKST D23; OKST D32,OKST D04; OKST D05; OKST D30,OKST D00; OKST D71; OKST D81,ODD,,COVER 4,,78,,0.036,-0.235,29083_6517695,29083-TXBA-4
6517714,29083,2025-09-27,2025,05,408075,1671,2,2,10:56,0,1,0,10,0,4,2,15,0,1,,,0,0,0,14,0,,1,6517695,6517755,,10.14,0,,61,0,2.4,2.5,0,0,2,2,0,0,TXBA 34,6; OKST D00 (30); OKST D04 (06); OKST D05 (28); OKST D30 (14); OKST D71 (22); OKST D81 (15),,C,,,LCB (5); SSL (8); SSR (8); SCBR (8); RCB (1),SSL (06); LOLB (06); LLB (14); LE (15); NT (22); RILB (28); RE (30); SSR (44),3-3-5,OKST D00 (RE); OKST D01 (LCB); OKST D04 (LOLB); OKST D05 (RILB); OKST D10 (RCB); OKST D11 (SSR); OKST D23 (SCBR); OKST D30 (LLB); OKST D32 (SSL); OKST D71 (NT); OKST D81 (LE),OKST D00 (0.0); OKST D01 (-0.5); OKST D04 (0.0); OKST D05 (0.0); OKST D10 (0.0); OKST D11 (0.0); OKST D23 (0.0); OKST D30 (0.0); OKST D32 (0.0); OKST D71 (0.0); OKST D81 (0.0),,F,OKST,6,,LE (15); NT (22); RE (30),,TOUCHDOWN,+0,6,KICKOFF - RETURN,-22,5,SD,-26,OKST D01,,,,15,,,R,L,,OKST D04,,,,TXBA 13 (QB); TXBA 34 (RWR); OKST D01 (LCB); OKST D04 (LOLB),,,,,,,,,,LOLB (0); LLB (4); RILB (4),,O,O,OKST D01,LWR^; SLWR; HB-L; TE-R; RWR^,2x2,,3-0-1-1,11,TXBA 01; TXBA 02; TXBA 06; TXBA 07; TXBA 34,TXBA 01 (TE-R); TXBA 02 (SLWR); TXBA 06 (LWR); TXBA 07 (HB-L); TXBA 13 (QB); TXBA 34 (RWR); TXBA 62 (LG); TXBA 66 (RG); TXBA 69 (LT); TXBA 72 (C); TXBA 74 (RT),TXBA 01 (0.0); TXBA 02 (0.0); TXBA 06 (0.0); TXBA 07 (0.0); TXBA 13 (+0.5); TXBA 34 (+0.5); TXBA 62 (0.0); TXBA 66 (0.0); TXBA 69 (0.0); TXBA 72 (0.0); TXBA 74 (0.0),,T,TXBA,TXBA 06; TXBA 34,,6; TXBA 01 (TE-R); TXBA 62 (LG); TXBA 66 (RG); TXBA 69 (LT); TXBA 72 (C); TXBA 74 (RT),,4,OKST D01,,7; OKST D01; OKST D05; OKST D10; OKST D11; OKST D23; OKST D30; OKST D32,13,M,TXBA 13 (QB),LWR 2(3); SLWR 2(5); HB-L fr; TE-R r; RWR 8(7),2; 2; -; -; 8,TXBA 06 2(3); TXBA 02 2(5); TXBA 07 fr; TXBA 01 r; TXBA 34 8(7),RWR,TXBA 34,COMPLETE,8(7),2R,4; OKST D00 (RE); OKST D04 (LOLB); OKST D71 (NT); OKST D81 (LE),HURRY,33,4,,,TXBA 07,-41,,,,TXBA 13; TXBA 34,OKST D10 > TXBA 06,OKST D04 (CU),0,,,TXBA 13,0,OKST D04,,0,,HB-L,HB-L (-5),,1; TXBA 07 (HB-L),,,,INSIDE ZONE,,P,,+4,TXBA 07 (B:B),S,,,,OKST D01,,R,,,,LWR^(-18.5); SLWR(-11.5); RWR^(+18.5),,1,18,0,0,0,,false,3,2,-0.071,1.477,Post,false,11,TXBA 07,TXBA 01,TXBA 02; TXBA 06; TXBA 34,GUN WEAK,SLOT - PRO,LWR; SLWR; HB-R; TE-R; RWR,2x2,SLOT - PRO,NICKEL,OKST D01; OKST D10; OKST D11; OKST D23; OKST D32,OKST D04; OKST D05; OKST D30,OKST D00; OKST D71; OKST D81,ODD,,COVER 4,,74,,-0.199,1.903,29083_6517714,29083-TXBA-4
6517755,29083,2025-09-27,2025,05,408075,1699,2,1,10:30,0,,0,10,0,4,3,4,0,,,,0,0,0,14,0,,0,6517714,6517768,,10.14,0,,62,0,,,0,0,,2,0,0,TXBA 07,6; OKST D00 (14); OKST D04 (36); OKST D10 (33); OKST D30 (20); OKST D71 (22); OKST D81 (29),,,,,LCB (4); SCBoL (6); SCBiL (4); SSL (9); FS (9),SSL (00); LE (14); LILB (20); NT (22); RE (29); RLB (33); ROLB (36),3-3-5,OKST D00 (LE); OKST D01 (LCB); OKST D04 (ROLB); OKST D05 (SCBiL); OKST D10 (RLB); OKST D11 (SSL); OKST D23 (SCBoL); OKST D30 (LILB); OKST D32 (FS); OKST D71 (NT); OKST D81 (RE),OKST D00 (0.0); OKST D01 (0.0); OKST D04 (0.0); OKST D05 (0.0); OKST D10 (0.0); OKST D11 (0.0); OKST D23 (0.0); OKST D30 (0.0); OKST D32 (0.0); OKST D71 (0.0); OKST D81 (0.0),,F,OKST,10,,LE (14); NT (22); RE (29),,TOUCHDOWN,+0,6,KICKOFF - RETURN,-22,,,-41,OKST D10,,,,4,,,C,C,,,,,,TXBA 69 (LT); OKST D81 (RE),,,,,,,,,,LILB (4); RLB (5); ROLB (0),,O,O,,TE-L^; HB-R; SRiWR; SRoWR; RWR^,1x3,,3-0-1-1,11,TXBA 01; TXBA 02; TXBA 06; TXBA 07; TXBA 34,TXBA 01 (TE-L); TXBA 02 (SRiWR); TXBA 06 (SRoWR); TXBA 07 (HB-R); TXBA 13 (QB); TXBA 34 (RWR); TXBA 62 (LG); TXBA 66 (RG); TXBA 69 (LT); TXBA 72 (C); TXBA 74 (RT),TXBA 01 (0.0); TXBA 02 (0.0); TXBA 06 (0.0); TXBA 07 (0.0); TXBA 13 (0.0); TXBA 34 (0.0); TXBA 62 (0.0); TXBA 66 (0.0); TXBA 69 (0.0); TXBA 72 (0.0); TXBA 74 (0.0),,T,TXBA,TXBA 01; TXBA 34,,,,4,,,,,,,TE-L r; HB-R r; SRiWR 0u(-3); SRoWR z; RWR z,-; -; 0; -; -,TXBA 01 r; TXBA 07 r; TXBA 02 0u(-3); TXBA 06 z; TXBA 34 z,,,,,,,,,,,,,-45,LT,,LT,,,,0,,,TXBA 13,0,,,0,,HB-R,HB-R (-5),R,1; TXBA 07 (HB-R),,,,INSIDE ZONE,,R,,+4,,S,,OKST D10,,OKST D10,OKST D32,L,,,,SRiWR(+9.5); SRoWR(+14.5); RWR^(+18.5),,1,23,0,0,0,,true,3,2,1.406,-0.042,,false,11,TXBA 07,TXBA 01,TXBA 02; TXBA 06; TXBA 34,GUN WEAK,TRIPS - CLOSED,TE-L; HB-R; SRiWR; SRoWR; RWR,1x3,TRIPS - CLOSED,NICKEL,OKST D01; OKST D10; OKST D11; OKST D23; OKST D32,OKST D04; OKST D05; OKST D30,OKST D00; OKST D71; OKST D81,ODD,,COVER 4,,59,,1.704,-0.141,29083_6517755,29083-TXBA-4
6517768,29083,2025-09-27,2025,05,408075,1725,2,2,10:01,0,0,0,10,0,4,4,,0,,,,0,0,0,14,0,,0,6517755,6517831,,10.14,0,,63,1,2.4,2.5,0,0,,,0,0,,6; OKST D00 (15); OKST D04 (37); OKST D05 (27); OKST D30 (19); OKST D71 (22); OKST D81 (29),,L,,,LCB (2); SSL (7); FS (12); SCBR (6); RCB (7),SSL (04); LE (15); LILB (19); NT (22); RILB (27); RE (29); ROLB (37),3-3-5,OKST D00 (LE); OKST D01 (LCB); OKST D04 (ROLB); OKST D05 (RILB); OKST D10 (RCB); OKST D11 (FS); OKST D23 (SCBR); OKST D30 (LILB); OKST D32 (SSL); OKST D71 (NT); OKST D81 (RE),OKST D00 (0.0); OKST D01 (0.0); OKST D04 (+0.5); OKST D05 (0.0); OKST D10 (0.0); OKST D11 (0.0); OKST D23 (0.0); OKST D30 (0.0); OKST D32 (0.0); OKST D71 (0.0); OKST D81 (0.0),,T,OKST,6,,LE (15); NT (22); RE (29),,TOUCHDOWN,+0,6,KICKOFF - RETURN,-22,7,SD,-45,,,,,0,,,C,C,,OKST D04,IF,,,TXBA 13 (QB); TXBA 69 (LT); OKST D04 (ROLB),,,,,,,,,,LILB (4); RILB (4); ROLB (0),,C,C,TXBA 13; TXBA 69,LWR^; SLWR; HB-L; TE-R; RWR^,2x2,,3-0-1-1,11,TXBA 01; TXBA 02; TXBA 06; TXBA 22; TXBA 34,TXBA 01 (TE-R); TXBA 02 (SLWR); TXBA 06 (LWR); TXBA 13 (QB); TXBA 22 (HB-L); TXBA 34 (RWR); TXBA 62 (LG); TXBA 66 (RG); TXBA 69 (LT); TXBA 72 (C); TXBA 74 (RT),TXBA 01 (0.0); TXBA 02 (0.0); TXBA 06 (0.0); TXBA 13 (-0.5); TXBA 22 (0.0); TXBA 34 (0.0); TXBA 62 (0.0); TXBA 66 (0.0); TXBA 69 (-0.5); TXBA 72 (0.0); TXBA 74 (0.0),TXBA 22,F,TXBA,TXBA 06; TXBA 34,,5; TXBA 62 (LG); TXBA 66 (RG); TXBA 69 (LT); TXBA 72 (C); TXBA 74 (RT),,3S,OKST D05,,7; OKST D01; OKST D05; OKST D10; OKST D11; OKST D23; OKST D30; OKST D32,-3,M,TXBA 13 (QB),LWR 4(7); SLWR 7(9); HB-L h3(-5); TE-R xo(13); RWR 21(3),4; 7; H3; X; 3,TXBA 06 4(7); TXBA 02 7(9); TXBA 22 h3(-5); TXBA 01 xo(13); TXBA 34 21(3),HB-L,TXBA 22,INCOMPLETE,h3(-5),H3,4; OKST D00 (LE); OKST D04 (ROLB); OKST D71 (NT); OKST D81 (RE),HURRY,11,3L,,,,-45,,,,OKST D04,OKST D01 > TXBA 34,OKST D04 (B) TXBA 69,1,,,TXBA 13,0,OKST D04,TXBA 69,0,,HB-L,HB-L (-5),,1; TXBA 22 (HB-L),,,,,,P,,+4,,S,,,,,,R,,,,LWR^(-12.5); SLWR(-8.5); RWR^(+11.5),,0,17,0,0,0,,false,3,2,1.364,-0.663,Flare,false,11,TXBA 22,TXBA 01,TXBA 02; TXBA 06; TXBA 34,GUN WEAK,SLOT - PRO,LWR; SLWR; HB-L; TE-R; RWR,2x2,SLOT - PRO,NICKEL,OKST D01; OKST D10; OKST D11; OKST D23; OKST D32,OKST D04; OKST D05; OKST D30,OKST D00; OKST D71; OKST D81,ODD,,COVER 3 SEAM,,55,,1.563,-1.14,29083_6517768,29083-TXBA-4
6517831,29083,2025-09-27,2025,05,408075,1751,2,3,09:57,0,,0,10,0,4,5,49,0,1,,,0,0,0,14,1,,0,6517768,6517871,,10.14,0,,64,0,,,0,0,,27,0,0,TXBA 22,6; OKST D00 (09); OKST D04 (05); OKST D05 (16); OKST D17 (22); OKST D26 (26); OKST D95 (34),,,,,LCB (0); SCBL (5); SSL (10); SCBR (5); RCB (1),LOLB (05); LEO (09); SSL (11); LILB (16); NT (22); RILB (26); ROLB (34),3-3-5,OKST D00 (LEO); OKST D01 (LCB); OKST D04 (LOLB); OKST D05 (LILB); OKST D10 (RCB); OKST D11 (SSL); OKST D17 (NT); OKST D23 (SCBL); OKST D26 (RILB); OKST D32 (SCBR); OKST D95 (ROLB),OKST D00 (0.0); OKST D01 (0.0); OKST D04 (0.0); OKST D05 (0.0); OKST D10 (0.0); OKST D11 (0.0); OKST D17 (-0.5); OKST D23 (0.0); OKST D26 (0.0); OKST D32 (-1.0); OKST D95 (-1.0),OKST D17; OKST D26; OKST D95,F,OKST,6,,LEO (09); NT (22),,TOUCHDOWN,+0,6,KICKOFF - RETURN,-22,,,-45,OKST D32,,,,49,,,C,C,,,,,,TXBA 22 (HB-R); TXBA 62 (LG); TXBA 72 (C); OKST D17 (NT); OKST D32 (SCBR); OKST D95 (ROLB),,,,,,,,,,LOLB (0); LILB (0); RILB (0); ROLB (0),OKST D32,C,C,OKST D17; OKST D32; OKST D95,LWR^; SLWR; HB-R; SRWR; RWR^,2x2,TE>SLWR,3-0-1-1,11,TXBA 01; TXBA 06; TXBA 16; TXBA 22; TXBA 34,TXBA 01 (SLWR); TXBA 06 (LWR); TXBA 13 (QB); TXBA 16 (SRWR); TXBA 22 (HB-R); TXBA 34 (RWR); TXBA 62 (LG); TXBA 66 (RG); TXBA 69 (LT); TXBA 72 (C); TXBA 74 (RT),TXBA 01 (0.0); TXBA 06 (0.0); TXBA 13 (0.0); TXBA 16 (0.0); TXBA 22 (+1.0); TXBA 34 (0.0); TXBA 62 (+0.5); TXBA 66 (0.0); TXBA 69 (0.0); TXBA 72 (+0.5); TXBA 74 (0.0),TXBA 16,T,TXBA,TXBA 06; TXBA 34,,,,1,,,,,,,LWR r; SLWR r; HB-R r; SRWR 2(5); RWR 2(3),-; -; -; 2; 2,TXBA 06 r; TXBA 01 r; TXBA 22 r; TXBA 16 2(5); TXBA 34 2(3),,,,,,,,,,,,,+6,LE,,LE,TXBA 22; TXBA 62; TXBA 72,OKST D01 > TXBA 34; OKST D10 > TXBA 06,,0,,,TXBA 13,0,,,0,,HB-R,HB-R (-5),L,1; TXBA 22 (HB-R),,,,INSIDE ZONE,READ OPTION;SPLIT,R,,+4,TXBA 01* (L:R{L}),S,,,,OKST D11,,,,,,LWR^(-18.5); SLWR(-6.5); SRWR(+12.5); RWR^(+18.5),,1,11,0,0,0,,false,3,2,0.701,4.725,,false,11,TXBA 22,TXBA 01,TXBA 06; TXBA 16; TXBA 34,GUN WEAK,SLOT - SLOT,LWR; SLWR; HB-R; SRWR; RWR,2x2,SLOT - SLOT,NICKEL,OKST D01; OKST D10; OKST D11; OKST D23; OKST D32,OKST D04; OKST D05; OKST D26,OKST D00; OKST D17; OKST D95,ODD,DOUBLE MUG,COVER 1,,55,,0.423,4.685,29083_6517831,29083-TXBA-4
6517871,29083,2025-09-27,2025,05,408075,1777,2,1,09:12,1,1,0,10,0,4,6,6,0,1,,,0,0,0,14,0,0,1,6517831,6517915,,10.14,0,,65,0,,2.2,0,0,0,0,0,0,TXBA 85,8; OKST D00 (07); OKST D04 (37); OKST D05 (18); OKST D11 (05); OKST D30 (26); OKST D71 (21); OKST D81 (27); OKST D88 (15),,C,,,LCB (1); SCBL (5); SCBR (4); RCB (1),LLB (05); LOLB (07); LE (15); LILB (18); NLT (21); RILB (26); DRT (27); ROLB (37),12 Men,OKST D00 (LOLB); OKST D03 (LCB); OKST D04 (ROLB); OKST D05 (LILB); OKST D10 (RCB); OKST D11 (LLB); OKST D23 (SCBL); OKST D30 (RILB); OKST D32 (SCBR); OKST D71 (NLT); OKST D81 (DRT); OKST D88 (LE),OKST D00 (0.0); OKST D03 (0.0); OKST D04 (0.0); OKST D05 (0.0); OKST D10 (0.0); OKST D11 (-0.5); OKST D23 (0.0); OKST D30 (0.0); OKST D32 (0.0); OKST D71 (0.0); OKST D81 (0.0); OKST D88 (0.0),OKST D03; OKST D30; OKST D71; OKST D81; OKST D88,F,OKST,6,,LE (15); NLT (21); DRT (27),,TOUCHDOWN,+0,6,KICKOFF - RETURN,-22,6,SD,+6,,,,,6,,,L,R,,,,,,TXBA 13 (QB); TXBA 85 (TE-R); OKST D11 (LLB),,,,,,,,,,LOLB (0); LLB (3); LILB (4); RILB (4); ROLB (0),,O,O,OKST D11,LWR^; SLWR; TE-R; SRWR; RWR^,2x3,HB>SLWR; TE>SRWR,2-0-1-2,12,TXBA 01; TXBA 06; TXBA 22; TXBA 34; TXBA 85,TXBA 01 (SRWR); TXBA 06 (LWR); TXBA 13 (QB); TXBA 22 (SLWR); TXBA 34 (RWR); TXBA 62 (LG); TXBA 66 (RG); TXBA 69 (LT); TXBA 72 (C); TXBA 74 (RT); TXBA 85 (TE-R),TXBA 01 (0.0); TXBA 06 (0.0); TXBA 13 (+0.5); TXBA 22 (0.0); TXBA 34 (0.0); TXBA 62 (0.0); TXBA 66 (0.0); TXBA 69 (0.0); TXBA 72 (0.0); TXBA 74 (0.0); TXBA 85 (+0.5),TXBA 85,T,TXBA,TXBA 06; TXBA 34,,5; TXBA 62 (LG); TXBA 66 (RG); TXBA 69 (LT); TXBA 72 (C); TXBA 74 (RT),,0b,OKST D11,,7; OKST D03; OKST D05; OKST D10; OKST D11; OKST D23; OKST D30; OKST D32,12,M,TXBA 13 (QB),LWR 9o; SLWR 1; TE-R 9s; SRWR 9; RWR 9,9; 3; 9; 9; 9,TXBA 06 9o; TXBA 22 1; TXBA 85 9s; TXBA 01 9; TXBA 34 9,TE-R,TXBA 85,COMPLETE,9s,9T,5; OKST D00 (LOLB); OKST D04 (ROLB); OKST D71 (NLT); OKST D81 (DRT); OKST D88 (LE),,22,4,(D) ILS,,,+0,,,,TXBA 13; TXBA 85,OKST D03 > TXBA 34; OKST D10 > TXBA 06,,0,,,TXBA 13,0,,,0,,EMPTY,,,,,,,DRAW,,P,,+4,,S,,,,,,R,TXBA 85,,,LWR^(-18.5); SLWR(-14.5); SRWR(+7.5); RWR^(+17.5),,0,7,0,0,0,,false,3,2,5.426,1.574,Seam,false,12,TXBA 22,TXBA 01; TXBA 85,TXBA 06; TXBA 34,GUN EMPTY,TREY - SLOT,LWR; SLWR; TE-R; SRWR; RWR,2x3,TREY - SLOT,NICKEL,OKST D03; OKST D10; OKST D11; OKST D23; OKST D32,OKST D04; OKST D05; OKST D30,OKST D00; OKST D71; OKST D81; OKST D88,UNDER,,COVER 0,,6,,5.108,1.892,29083_6517871,29083-TXBA-4
6518397,29083,2025-09-27,2025,05,408075,1983,2,1,08:08,0,,0,17,0,5,1,14,0,1,,,0,0,0,21,0,,0,6518335,6518411,,17.21,0,,73,0,,,0,0,,3,0,0,TXBA 07,7; OKST D03 (04); OKST D05 (28); OKST D30 (20); OKST D40 (10); OKST D95 (29); OKST D96 (22); OKST D99 (15),,,,,SSR (10); SCBiR (4); SCBoR (5); RCB (5),LLB (04); LEO (10); LE (15); LILB (20); NT (22); RILB (28); RE (29); SSR (44),3-3-5,OKST D01 (RCB); OKST D03 (LLB); OKST D05 (RILB); OKST D11 (SCBiR); OKST D14 (SCBoR); OKST D18 (SSR); OKST D30 (LILB); OKST D40 (LEO); OKST D95 (RE); OKST D96 (NT); OKST D99 (LE),OKST D01 (0.0); OKST D03 (-1.0); OKST D05 (0.0); OKST D11 (0.0); OKST D14 (0.0); OKST D18 (0.0); OKST D30 (0.0); OKST D40 (0.0); OKST D95 (0.0); OKST D96 (0.0); OKST D99 (0.0),DRIVE START,F,OKST,10,,LEO (10); LE (15); NT (22); RE (29),,PUNT,-28,4,KICKOFF - RETURN,-12,,,-12,OKST D03,,,,14,,,R,L,,,,,,TXBA 07 (HB-L); TXBA 62 (LG); TXBA 69 (LT); OKST D03 (LLB); OKST D40 (LEO),,,,,,,,,,LLB (4); LILB (4); RILB (4),,O,O,OKST D03,LWR^; SLoWR; SLiWR; HB-L; TE-R^,3x1,,3-0-1-1,11,TXBA 02; TXBA 06; TXBA 07; TXBA 34; TXBA 85,TXBA 02 (SLiWR); TXBA 06 (LWR); TXBA 07 (HB-L); TXBA 13 (QB); TXBA 34 (SLoWR); TXBA 62 (LG); TXBA 66 (RG); TXBA 69 (LT); TXBA 72 (C); TXBA 74 (RT); TXBA 85 (TE-R),TXBA 02 (0.0); TXBA 06 (0.0); TXBA 07 (+0.5); TXBA 13 (0.0); TXBA 34 (0.0); TXBA 62 (0.0); TXBA 66 (0.0); TXBA 69 (+0.5); TXBA 72 (0.0); TXBA 74 (0.0); TXBA 85 (0.0),DRIVE START,T,TXBA,TXBA 06; TXBA 85,,,,6L,,,,,,,LWR z; SLoWR z; SLiWR 0u(-2); HB-L r; TE-R r,-; -; 0; -; -,TXBA 06 z; TXBA 34 z; TXBA 02 0u(-2); TXBA 07 r; TXBA 85 r,,,,,,,,,,,,,-26,RE,,RE,TXBA 07; TXBA 69,OKST D01 > TXBA 06,,0,,,TXBA 13,0,,,0,,HB-L,HB-L (-5),R,1; TXBA 07 (HB-L),,,,COUNTER,,R,,+4,,S,,,,OKST D03,,R,,,,LWR^(-21.5); SLoWR(-12.5); SLiWR(-7.5),,1,13,0,0,0,,false,3,2,-0.335,0.787,,false,11,TXBA 07,TXBA 85,TXBA 02; TXBA 06; TXBA 34,GUN WEAK,TRIPS - CLOSED,LWR; SLoWR; SLiWR; HB-L; TE-R,3x1,TRIPS - CLOSED,NICKEL,OKST D01; OKST D03; OKST D11; OKST D14; OKST D18,OKST D05; OKST D30; OKST D40,OKST D95; OKST D96; OKST D99,ODD,,COVER 6,,88,,-0.872,1.273,29083_6518397,29083-TXBA-5
6518411,29083,2025-09-27,2025,05,408075,2009,2,1,07:46,0,,0,17,0,5,2,2,0,,,,0,0,0,21,0,,0,6518397,6518435,,17.21,0,,74,0,,,0,0,,1,0,0,TXBA 07,6; OKST D05 (25); OKST D30 (14); OKST D40 (06); OKST D95 (29); OKST D96 (22); OKST D99 (15),,,,,LCB (0); SSL (8); SSR (7); SCBR (8); RCB (0),SSL (03); LOLB (06); LLB (14); LE (15); NT (22); RILB (25); RE (29); SSR (44),3-3-5,OKST D01 (RCB); OKST D03 (LCB); OKST D05 (RILB); OKST D11 (SSR); OKST D14 (SCBR); OKST D18 (SSL); OKST D30 (LLB); OKST D40 (LOLB); OKST D95 (RE); OKST D96 (NT); OKST D99 (LE),OKST D01 (0.0); OKST D03 (0.0); OKST D05 (+0.5); OKST D11 (0.0); OKST D14 (0.0); OKST D18 (0.0); OKST D30 (0.0); OKST D40 (0.0); OKST D95 (0.0); OKST D96 (+0.5); OKST D99 (0.0),,T,OKST,10,,LE (15); NT (22); RE (29),,PUNT,-28,4,KICKOFF - RETURN,-12,,,-26,OKST D05,,,,2,,,R,L,,,,,,TXBA 62 (LG); TXBA 66 (RG); TXBA 69 (LT); TXBA 74 (RT); OKST D05 (RILB); OKST D30 (LLB); OKST D40 (LOLB); OKST D96 (NT); OKST D99 (LE),,,,,,,,,,LOLB (0); LLB (4); RILB (4),,O,O,TXBA 66,LWR^; SLWR; HB-L; TE-R; RWR^,2x2,,3-0-1-1,11,TXBA 02; TXBA 06; TXBA 07; TXBA 34; TXBA 85,TXBA 02 (SLWR); TXBA 06 (LWR); TXBA 07 (HB-L); TXBA 13 (QB); TXBA 34 (RWR); TXBA 62 (LG); TXBA 66 (RG); TXBA 69 (LT); TXBA 72 (C); TXBA 74 (RT); TXBA 85 (TE-R),TXBA 02 (0.0); TXBA 06 (0.0); TXBA 07 (0.0); TXBA 13 (0.0); TXBA 34 (0.0); TXBA 62 (0.0); TXBA 66 (-0.5); TXBA 69 (0.0); TXBA 72 (0.0); TXBA 74 (0.0); TXBA 85 (0.0),,F,TXBA,TXBA 06; TXBA 34,,,,4,,,,,,,LWR z; SLWR 0u(-2); HB-L r; TE-R r; RWR r,-; 0; -; -; -,TXBA 06 z; TXBA 02 0u(-2); TXBA 07 r; TXBA 85 r; TXBA 34 r,,,,,,,,,,,,,-28,RT,,RT,OKST D05; OKST D96,OKST D01 > TXBA 06; OKST D03 > TXBA 34,,0,,,TXBA 13,0,,,0,,HB-L,HB-L (-5),R,1; TXBA 07 (HB-L),,,,COUNTER,,R,,+4,,S,,OKST D05,,OKST D05,,R,,,,LWR^(-18.5); SLWR(-10.5); RWR^(+19.5),,1,23,0,0,0,,true,3,2,0.452,-0.638,,false,11,TXBA 07,TXBA 85,TXBA 02; TXBA 06; TXBA 34,GUN WEAK,SLOT - PRO,LWR; SLWR; HB-L; TE-R; RWR,2x2,SLOT - PRO,NICKEL,OKST D01; OKST D03; OKST D11; OKST D14; OKST D18,OKST D05; OKST D30; OKST D40,OKST D95; OKST D96; OKST D99,ODD,,COVER 4,,74,,0.401,-0.614,29083_6518411,29083-TXBA-5
6518435,29083,2025-09-27,2025,05,408075,2035,2,2,07:07,0,0,1,17,0,5,3,,0,,,,0,0,0,21,0,,0,6518411,6518472,,17.21,0,,75,0,2.2,2.3,0,0,,,0,0,,6; OKST D05 (10); OKST D30 (22); OKST D40 (09); OKST D95 (34); OKST D96 (28); OKST D99 (19),TXBA 02; TXBA 34,L,,,LCB (5); SCBL (4); SSL (10); FSR (11); RCB (1),SSL (00); LEO (09); LLB (10); DLT (19); MLB (22); DRT (28); ROLB (34),3-3-5,OKST D01 (RCB); OKST D03 (LCB); OKST D05 (LLB); OKST D11 (FSR); OKST D14 (SCBL); OKST D18 (SSL); OKST D30 (MLB); OKST D40 (LEO); OKST D95 (ROLB); OKST D96 (DRT); OKST D99 (DLT),OKST D01 (-1.0); OKST D03 (0.0); OKST D05 (0.0); OKST D11 (0.0); OKST D14 (0.0); OKST D18 (0.0); OKST D30 (0.0); OKST D40 (0.0); OKST D95 (0.0); OKST D96 (0.0); OKST D99 (+1.0),,T,OKST,8,,LEO (09); DLT (19); DRT (28),,PUNT,-28,4,KICKOFF - RETURN,-12,7,SD,-28,,,,,0,,,R,L,,OKST D99,OT,,,TXBA 13 (QB); TXBA 66 (RG); OKST D01 (RCB); OKST D99 (DLT),,,,,,,,,,LLB (4); MLB (4); ROLB (0),,O,O,TXBA 13; TXBA 66; OKST D01,LWR^; HB-R; TE-R; SRWR; RWR^,1x3,,3-0-1-1,11,TXBA 02; TXBA 06; TXBA 23; TXBA 34; TXBA 85,TXBA 02 (SRWR); TXBA 06 (LWR); TXBA 13 (QB); TXBA 23 (HB-R); TXBA 34 (RWR); TXBA 62 (LG); TXBA 66 (RG); TXBA 69 (LT); TXBA 72 (C); TXBA 74 (RT); TXBA 85 (TE-R),TXBA 02 (0.0); TXBA 06 (0.0); TXBA 13 (-0.5); TXBA 23 (0.0); TXBA 34 (0.0); TXBA 62 (0.0); TXBA 66 (-1.0); TXBA 69 (0.0); TXBA 72 (0.0); TXBA 74 (0.0); TXBA 85 (0.0),TXBA 23,F,TXBA,TXBA 06; TXBA 34,,5; TXBA 62 (LG); TXBA 66 (RG); TXBA 69 (LT); TXBA 72 (C); TXBA 74 (RT),,4,OKST D01,,7; OKST D01; OKST D03; OKST D05; OKST D11; OKST D14; OKST D18; OKST D30,23,L,TXBA 13 (QB),LWR 9o; HB-R h2(-7); TE-R 1z; SRWR xd(2); RWR 4i(13),9; H2; 3; X; 4,TXBA 06 9o; TXBA 23 h2(-7); TXBA 85 1z; TXBA 02 xd(2); TXBA 34 4i(13),LWR,TXBA 06,INCOMPLETE,9o,9R,4; OKST D40 (LEO); OKST D95 (ROLB); OKST D96 (DRT); OKST D99 (DLT),HURRY,3,2L,,,,-28,,,,OKST D99,OKST D01 > TXBA 06,OKST D99 (I) TXBA 66,0,,,TXBA 13,0,OKST D99,TXBA 66,0,,HB-R,HB-R (-5),,1; TXBA 23 (HB-R),,,,,,P,,+4,TXBA 02* (R:L{R}),S,,,,,,R,,,,LWR^(-19.5); SRWR(+18.5); RWR^(+19.5),,0,8,0,0,0,,false,3,2,-0.186,-0.807,Go,false,11,TXBA 23,TXBA 85,TXBA 02; TXBA 06; TXBA 34,GUN STRONG,TREY - OPEN,LWR; HB-R; TE-R; SRWR; RWR,1x3,TREY - OPEN,NICKEL,OKST D01; OKST D03; OKST D11; OKST D14; OKST D18,OKST D05; OKST D30; OKST D40,OKST D95; OKST D96; OKST D99,WIDE UNDER,,COVER 4,,72,,-0.213,-1.127,29083_6518435,29083-TXBA-5
6518472,29083,2025-09-27,2025,05,408075,2061,2,3,07:02,0,0,0,17,0,5,4,,0,,,,0,0,0,21,0,,1,6518435,6518521,,17.21,0,,76,0,2.6,2.9,0,0,,,0,0,,7; OKST D00 (14); OKST D05 (24); OKST D14 (08); OKST D17 (22); OKST D26 (30); OKST D40 (38); OKST D95 (29),TXBA 02; TXBA 06,L,,,LCB (7); SSR (10); SCBR (6); RCB (3),LLB (08); LE (14); NT (22); RILB (24); RE (29); RLB (30); ROLB (38); SSR (44),3-3-5,OKST D00 (LE); OKST D01 (RCB); OKST D03 (LCB); OKST D05 (RILB); OKST D11 (SSR); OKST D14 (LLB); OKST D17 (NT); OKST D18 (SCBR); OKST D26 (RLB); OKST D40 (ROLB); OKST D95 (RE),OKST D00 (0.0); OKST D01 (0.0); OKST D03 (0.0); OKST D05 (+1.0); OKST D11 (0.0); OKST D14 (0.0); OKST D17 (0.0); OKST D18 (0.0); OKST D26 (0.0); OKST D40 (0.0); OKST D95 (+1.5),OKST D00; OKST D17; OKST D26,T,OKST,8,,LE (14); NT (22); RE (29),,PUNT,-28,4,KICKOFF - RETURN,-12,8,SD,-28,,,,,0,,,R,L,OKST D95,,PD,,,TXBA 07 (HB-L); TXBA 62 (LG); OKST D05 (RILB); OKST D95 (RE),,,,,,,,,,LLB (4); RILB (4); RLB (4); ROLB (0),,O,O,TXBA 62,LWR^; SLWR; TE-L; HB-L; RWR^,3x1,,3-0-1-1,11,TXBA 01; TXBA 02; TXBA 06; TXBA 07; TXBA 34,TXBA 01 (TE-L); TXBA 02 (SLWR); TXBA 06 (LWR); TXBA 07 (HB-L); TXBA 13 (QB); TXBA 34 (RWR); TXBA 62 (LG); TXBA 66 (RG); TXBA 69 (LT); TXBA 72 (C); TXBA 74 (RT),TXBA 01 (0.0); TXBA 02 (0.0); TXBA 06 (0.0); TXBA 07 (0.0); TXBA 13 (0.0); TXBA 34 (0.0); TXBA 62 (-1.5); TXBA 66 (0.0); TXBA 69 (0.0); TXBA 72 (0.0); TXBA 74 (0.0),TXBA 01; TXBA 07,F,TXBA,TXBA 06; TXBA 34,,5; TXBA 62 (LG); TXBA 66 (RG); TXBA 69 (LT); TXBA 72 (C); TXBA 74 (RT),OKST D05,6L,OKST D05,,7; OKST D01; OKST D03; OKST D05; OKST D11; OKST D14; OKST D18; OKST D26,3,M,TXBA 13 (QB),LWR 4(16); SLWR 9s; TE-L 1; HB-L frh66(4); RWR 4(13),4; 9; 3; H6; 4,TXBA 06 4(16); TXBA 02 9s; TXBA 01 1; TXBA 07 frh66(4); TXBA 34 4(13),HB-L,TXBA 07,INCOMPLETE,frh66(4),H5,4; OKST D00 (LE); OKST D17 (NT); OKST D40 (ROLB); OKST D95 (RE),HIT,28,4,,,TXBA 07,-28,,,,OKST D05; OKST D95,,OKST D95 (O) TXBA 62,0,,,TXBA 13,0,OKST D95,TXBA 62,0,,HB-L,HB-L (-5),,1; TXBA 07 (HB-L),,,,UNDEFINED,,P,,+4,TXBA 02 (R:Lx),S,,,,,,L,,,,LWR^(-6.5); SLWR(-5.5); RWR^(+18.5),1; OKST D05,0,7,0,0,0,,false,3,2,-0.993,-1.057,Pivot,false,11,TXBA 07,TXBA 01,TXBA 02; TXBA 06; TXBA 34,GUN STRONG,TREY - OPEN,LWR; TE-L; HB-L; SRWR; RWR,2x2,SLOT - PRO,NICKEL,OKST D01; OKST D03; OKST D11; OKST D14; OKST D18,OKST D05; OKST D26; OKST D40,OKST D00; OKST D17; OKST D95,ODD,,COVER 6,,72,,-1.34,-1.091,29083_6518472,29083-TXBA-5
6518713,29083,2025-09-27,2025,05,408075,2217,2,1,06:01,0,1,0,17,0,6,1,6,0,,,,0,0,0,21,0,,1,6518648,6518718,,17.21,1,,82,0,,1.4,0,0,9,1,0,0,TXBA 02,6; OKST D05 (11); OKST D06 (22); OKST D33 (10); OKST D40 (34); OKST D71 (17); OKST D94 (25),TXBA 02; TXBA 34,L,,,LCB (6); SCBL (3); FSL (11); SSR (9); RCB (1),LEO (10); LLB (11); DLT (17); MLB (22); DRT (25); ROLB (34); SSR (38),3-3-5,OKST D03 (LCB); OKST D05 (LLB); OKST D06 (MLB); OKST D08 (SSR); OKST D10 (RCB); OKST D11 (FSL); OKST D23 (SCBL); OKST D33 (LEO); OKST D40 (ROLB); OKST D71 (DLT); OKST D94 (DRT),OKST D03 (0.0); OKST D05 (0.0); OKST D06 (0.0); OKST D08 (0.0); OKST D10 (0.0); OKST D11 (0.0); OKST D23 (-0.5); OKST D33 (0.0); OKST D40 (0.0); OKST D71 (0.0); OKST D94 (0.0),DRIVE START,F,OKST,10,,LEO (10); DLT (17); DRT (25),,TOUCHDOWN,+0,7,PUNT - FC,-44,6,SD,-44,OKST D11,,,,6,,,C,C,,,,,,TXBA 34 (SRWR); TXBA 85 (TE-R); OKST D03 (LCB); OKST D23 (SCBL),,,,,,,,,,LLB (5); MLB (5); ROLB (0),,O,O,OKST D23,LWR^; HB-R; TE-R; SRWR^; RWR,1x3,,3-0-1-1,11,TXBA 02; TXBA 06; TXBA 22; TXBA 34; TXBA 85,TXBA 02 (RWR); TXBA 06 (LWR); TXBA 13 (QB); TXBA 22 (HB-R); TXBA 34 (SRWR); TXBA 62 (LG); TXBA 66 (RG); TXBA 69 (LT); TXBA 72 (C); TXBA 74 (RT); TXBA 85 (TE-R),TXBA 02 (0.0); TXBA 06 (0.0); TXBA 13 (0.0); TXBA 22 (0.0); TXBA 34 (+0.5); TXBA 62 (0.0); TXBA 66 (0.0); TXBA 69 (0.0); TXBA 72 (0.0); TXBA 74 (0.0); TXBA 85 (0.0),DRIVE START,T,TXBA,TXBA 06; TXBA 34,,5; TXBA 62 (LG); TXBA 66 (RG); TXBA 69 (LT); TXBA 72 (C); TXBA 74 (RT),,4,OKST D23,,7; OKST D03; OKST D05; OKST D06; OKST D08; OKST D10; OKST D11; OKST D23,-3,M,TXBA 13 (QB),LWR r; HB-R fl; TE-R 1z; SRWR z; RWR 0u(-3),-; -; 3; -; 0,TXBA 06 r; TXBA 22 fl; TXBA 85 1z; TXBA 34 z; TXBA 02 0u(-3),RWR,TXBA 02,COMPLETE,0u(-3),0R,4; OKST D33 (LEO); OKST D40 (ROLB); OKST D71 (DLT); OKST D94 (DRT),,39,5R,,,TXBA 22,+50,,,,TXBA 34,OKST D10 > TXBA 06,,0,,,TXBA 13,0,,,0,,HB-R,HB-R (-5),,1; TXBA 22 (HB-R),,,,OUTSIDE ZONE,,P,,+4,,S,,,,OKST D11,OKST D05,R,,,,LWR^(-13.5); SRWR^(+3.5); RWR(+4.5),,1,18,0,0,0,,false,3,2,1.751,0.118,Bubble,false,11,TXBA 22,TXBA 85,TXBA 02; TXBA 06; TXBA 34,GUN STRONG,TREY - OPEN,LWR; HB-R; TE-R; SRWR; RWR,1x3,TREY - OPEN,NICKEL,OKST D03; OKST D08; OKST D10; OKST D11; OKST D23,OKST D05; OKST D06; OKST D40,OKST D33; OKST D71; OKST D94,WIDE OVER,,COVER 4,,56,,1.945,0.362,29083_6518713,29083-TXBA-6
6518718,29083,2025-09-27,2025,05,408075,2245,2,2,05:33,1,1,0,17,0,6,2,5,0,1,,,0,0,0,21,0,,1,6518713,6518729,,17.21,1,,83,0,,1.4,0,0,6,1,0,0,TXBA 02,6; OKST D05 (27); OKST D06 (21); OKST D33 (30); OKST D40 (09); OKST D71 (22); OKST D94 (15),,C,,,LCB (0); SSL (10); SCBiR (7); SCBoR (5); RCB (3),LOLB (09); SSL (10); LE (15); MLB (21); NT (22); RILB (27); RE (30),3-3-5,OKST D03 (LCB); OKST D05 (RILB); OKST D06 (MLB); OKST D10 (RCB); OKST D11 (SCBiR); OKST D23 (SCBoR); OKST D32 (SSL); OKST D33 (RE); OKST D40 (LOLB); OKST D71 (NT); OKST D94 (LE),OKST D03 (0.0); OKST D05 (0.0); OKST D06 (0.0); OKST D10 (0.0); OKST D11 (0.0); OKST D23 (-0.5); OKST D32 (0.0); OKST D33 (0.0); OKST D40 (0.0); OKST D71 (0.0); OKST D94 (0.0),OKST D32,F,OKST,4,,LE (15); NT (22); RE (30),,TOUCHDOWN,+0,7,PUNT - FC,-44,6,SD,+50,OKST D10,,,,5,,,R,L,,,,,,TXBA 06 (LWR); TXBA 85 (SLiWR); OKST D10 (RCB); OKST D23 (SCBoR),,,,,,,,,,LOLB (0); MLB (5); RILB (1),,C,O,OKST D23,LWR^; SLoWR; SLiWR; HB-L; RWR^,3x1,TE>SLiWR,3-0-1-1,11,TXBA 02; TXBA 06; TXBA 22; TXBA 34; TXBA 85,TXBA 02 (SLoWR); TXBA 06 (LWR); TXBA 13 (QB); TXBA 22 (HB-L); TXBA 34 (RWR); TXBA 62 (LG); TXBA 66 (RG); TXBA 69 (LT); TXBA 72 (C); TXBA 74 (RT); TXBA 85 (SLiWR),TXBA 02 (0.0); TXBA 06 (0.0); TXBA 13 (0.0); TXBA 22 (0.0); TXBA 34 (0.0); TXBA 62 (0.0); TXBA 66 (0.0); TXBA 69 (0.0); TXBA 72 (0.0); TXBA 74 (0.0); TXBA 85 (+0.5),,T,TXBA,TXBA 06; TXBA 34,,5; TXBA 62 (LG); TXBA 66 (RG); TXBA 69 (LT); TXBA 72 (C); TXBA 74 (RT),,1b,OKST D23,,6; OKST D03; OKST D06; OKST D10; OKST D11; OKST D23; OKST D32,-1,M,TXBA 13 (QB),LWR z; SLoWR 0(-1); SLiWR z; HB-L fr; RWR r,-; 0; -; -; -,TXBA 06 z; TXBA 02 0(-1); TXBA 85 z; TXBA 22 fr; TXBA 34 r,SLoWR,TXBA 02,COMPLETE,0(-1),0R,5; OKST D05 (RILB); OKST D33 (RE); OKST D40 (LOLB); OKST D71 (NT); OKST D94 (LE),,14,3L,,,TXBA 22,+45,,,,TXBA 85,OKST D03 > TXBA 34,,0,,,TXBA 13,0,,,0,,HB-L,HB-L (-5),,1; TXBA 22 (HB-L),,,,MAN,,P,,+4,,S,,,,OKST D10,,,,,,LWR^(-19.5); SLoWR(-13.5); SLiWR(-7.5); RWR^(+19.5),,1,19,0,0,0,,true,3,2,1.869,0.659,WR Screen,false,11,TXBA 22,TXBA 85,TXBA 02; TXBA 06; TXBA 34,GUN STRONG,TRIPS - OPEN,LWR; SLoWR; SLiWR; HB-L; RWR,3x1,TRIPS - OPEN,NICKEL,OKST D03; OKST D10; OKST D11; OKST D23; OKST D32,OKST D05; OKST D06; OKST D40,OKST D33; OKST D71; OKST D94,ODD,SINGLE MUG,COVER 1,,50,,2.307,0.44,29083_6518718,29083-TXBA-6
6518729,29083,2025-09-27,2025,05,408075,2273,2,1,05:12,0,0,1,17,0,6,3,,0,,,,0,0,0,21,0,,0,6518718,6518761,,17.21,0,,84,0,3.4,3.5,0,0,,,0,0,,6; OKST D06 (13); OKST D25 (25); OKST D33 (15); OKST D40 (10); OKST D71 (22); OKST D94 (30),TXBA 02; TXBA 06,L,,,LCB (1); FSL (11); SSR (10); SCBR (4); RCB (6),LOLB (10); LLB (13); LE (15); NT (22); RILB (25); RE (30); SSR (36),3-3-5,OKST D03 (LCB); OKST D06 (LLB); OKST D10 (RCB); OKST D18 (FSL); OKST D23 (SCBR); OKST D25 (RILB); OKST D32 (SSR); OKST D33 (LE); OKST D40 (LOLB); OKST D71 (NT); OKST D94 (RE),OKST D03 (0.0); OKST D06 (0.0); OKST D10 (+0.5); OKST D18 (0.0); OKST D23 (0.0); OKST D25 (0.0); OKST D32 (0.0); OKST D33 (+0.5); OKST D40 (0.0); OKST D71 (0.0); OKST D94 (0.0),OKST D18; OKST D25,T,OKST,10,,LE (15); NT (22); RE (30),,TOUCHDOWN,+0,7,PUNT - FC,-44,0,RR,+45,,,,,0,,,L,R,,OKST D33,OT,,,TXBA 13 (QB); TXBA 74 (RT); OKST D10 (RCB); OKST D33 (LE),,,,,,,,,,LOLB (0); LLB (5); RILB (4),,O,O,TXBA 13; TXBA 74,LWR; SLWR^; HB-R; TE-R; RWR^,2x2,,3-0-1-1,11,TXBA 02; TXBA 06; TXBA 22; TXBA 34; TXBA 85,TXBA 02 (LWR); TXBA 06 (SLWR); TXBA 13 (QB); TXBA 22 (HB-R); TXBA 34 (RWR); TXBA 62 (LG); TXBA 66 (RG); TXBA 69 (LT); TXBA 72 (C); TXBA 74 (RT); TXBA 85 (TE-R),TXBA 02 (0.0); TXBA 06 (0.0); TXBA 13 (-0.5); TXBA 22 (0.0); TXBA 34 (0.0); TXBA 62 (0.0); TXBA 66 (0.0); TXBA 69 (0.0); TXBA 72 (0.0); TXBA 74 (-0.5); TXBA 85 (0.0),,F,TXBA,TXBA 06; TXBA 34,,7; TXBA 22 (HB-R); TXBA 62 (LG); TXBA 66 (RG); TXBA 69 (LT); TXBA 72 (C); TXBA 74 (RT); TXBA 85 (TE-R),,4,OKST D10,,7; OKST D03; OKST D06; OKST D10; OKST D18; OKST D23; OKST D25; OKST D32,42,L,TXBA 13 (QB),LWR 9o; SLWR 9s; HB-R kr; TE-R k; RWR 36(18),9; 9; -; -; 3,TXBA 02 9o; TXBA 06 9s; TXBA 22 kr; TXBA 85 k; TXBA 34 36(18),LWR,TXBA 02,INCOMPLETE,9o,9R,4; OKST D33 (LE); OKST D40 (LOLB); OKST D71 (NT); OKST D94 (RE),HURRY,7,2L,,,,+45,,,,OKST D10; OKST D33,OKST D03 > TXBA 34,OKST D33 (O) TXBA 74,0,,,TXBA 13,0,OKST D33,TXBA 74,0,,HB-R,HB-R (-5),R,1; TXBA 22 (HB-R),,,,,,P,,+4,TXBA 02* (R:L{L}),S,,,,,,R,,,,LWR(-16.5); SLWR^(-15.5); RWR^(+17.5),,0,19,0,0,0,,true,3,2,2.528,-0.718,Go,false,11,TXBA 22,TXBA 85,TXBA 02; TXBA 06; TXBA 34,GUN STRONG,SLOT - PRO,LWR; SLWR; HB-R; TE-R; RWR,2x2,SLOT - PRO,NICKEL,OKST D03; OKST D10; OKST D18; OKST D23; OKST D32,OKST D06; OKST D25; OKST D40,OKST D33; OKST D71; OKST D94,ODD,,COVER 4,,45,,2.747,-0.806,29083_6518729,29083-TXBA-6
6518761,29083,2025-09-27,2025,05,408075,2299,2,2,05:05,0,,0,17,0,6,4,-1,0,1,,,0,1,0,21,0,15,0,6518729,6518817,,17.21,0,,85,0,,,0,0,,0,0,0,TXBA 22,8; OKST D06 (26); OKST D18 (16); OKST D23 (02); OKST D25 (19); OKST D33 (16); OKST D40 (35); OKST D71 (22); OKST D94 (30),,,,,LCB (1); SS (8); SCBR (6); RCB (1),LLB (02); DLT (16); SS (16); LILB (19); NT (22); RILB (26); RE (30); ROLB (35),3-3-5,OKST D03 (LCB); OKST D06 (RILB); OKST D10 (RCB); OKST D18 (SS); OKST D23 (LLB); OKST D25 (LILB); OKST D32 (SCBR); OKST D33 (DLT); OKST D40 (ROLB); OKST D71 (NT); OKST D94 (RE),OKST D03 (0.0); OKST D06 (-0.5); OKST D10 (0.0); OKST D18 (0.0); OKST D23 (0.0); OKST D25 (+0.5); OKST D32 (0.0); OKST D33 (0.0); OKST D40 (0.0); OKST D71 (-1.0); OKST D94 (+0.5),,T,OKST,10,,DLT (16); NT (22); RE (30),,TOUCHDOWN,+0,7,PUNT - FC,-44,,,+45,OKST D94,,,,15,,,L,R,,,,,,TXBA 01 (TE-R); TXBA 62 (LG); TXBA 66 (RG); TXBA 69 (LT); TXBA 72 (C); OKST D06 (RILB); OKST D25 (LILB); OKST D40 (ROLB); OKST D71 (NT); OKST D94 (RE),,,,,,,,,,LLB (5); LILB (5); RILB (5); ROLB (0),,O,O,TXBA 62; OKST D06; OKST D71,LWR^; SLWR; HB-R; TE-R; RWR^,2x2,,3-0-1-1,11,TXBA 01; TXBA 16; TXBA 22; TXBA 34; TXBA 83,TXBA 01 (TE-R); TXBA 13 (QB); TXBA 16 (SLWR); TXBA 22 (HB-R); TXBA 34 (RWR); TXBA 62 (LG); TXBA 66 (RG); TXBA 69 (LT); TXBA 72 (C); TXBA 74 (RT); TXBA 83 (LWR),TXBA 01 (0.0); TXBA 13 (0.0); TXBA 16 (0.0); TXBA 22 (0.0); TXBA 34 (0.0); TXBA 62 (-0.5); TXBA 66 (0.0); TXBA 69 (0.0); TXBA 72 (0.0); TXBA 74 (0.0); TXBA 83 (0.0),TXBA 01; TXBA 16; TXBA 83,F,TXBA,TXBA 34; TXBA 83,,,,4,,,,,,,,,,,,,,,,,,,OKST D71 ILHd,,,+30,LE,,LE,OKST D25; OKST D94,OKST D03 > TXBA 34; OKST D10 > TXBA 83,,0,,,TXBA 13,0,,,0,,HB-R,HB-R (-5),L,1; TXBA 22 (HB-R),,,,COUNTER,CROSS LEAD,R,,+4,TXBA 16* (R:Lx),S,,OKST D94,,OKST D94,,R,,,,LWR^(-19.5); SLWR(-9.5); RWR^(+17.5),,0,14,0,0,0,,false,3,2,1.81,1.664,,false,11,TXBA 22,TXBA 01,TXBA 16; TXBA 34; TXBA 83,GUN STRONG,SLOT - PRO,LWR; HB-R; TE-R; SRWR; RWR,1x3,TREY - OPEN,NICKEL,OKST D03; OKST D10; OKST D18; OKST D23; OKST D32,OKST D06; OKST D25; OKST D40,OKST D33; OKST D71; OKST D94,OVER,,COVER 4,,45,,1.941,1.669,29083_6518761,29083-TXBA-6
6518817,29083,2025-09-27,2025,05,408075,2336,2,1,04:53,0,,0,17,0,6,5,4,0,,,,0,0,0,21,0,,0,6518761,6518845,,17.21,0,,86,0,,,0,0,,1,0,0,TXBA 23,6; OKST D06 (28); OKST D25 (19); OKST D33 (15); OKST D40 (37); OKST D71 (22); OKST D94 (29),,,,,LCB (1); SCBL (6); SSL (7); SSR (9); RCB (1),SSL (00); LE (15); LILB (19); NT (22); RILB (28); RE (29); ROLB (37); SSR (40),3-3-5,OKST D03 (LCB); OKST D06 (RILB); OKST D10 (RCB); OKST D11 (SSL); OKST D23 (SCBL); OKST D25 (LILB); OKST D32 (SSR); OKST D33 (LE); OKST D40 (ROLB); OKST D71 (NT); OKST D94 (RE),OKST D03 (0.0); OKST D06 (0.0); OKST D10 (0.0); OKST D11 (0.0); OKST D23 (0.0); OKST D25 (0.0); OKST D32 (0.0); OKST D33 (-0.5); OKST D40 (0.0); OKST D71 (0.0); OKST D94 (+0.5),OKST D11,F,OKST,10,,LE (15); NT (22); RE (29),,TOUCHDOWN,+0,7,PUNT - FC,-44,,,+30,OKST D32,,,,4,,,L,R,,,,,,TXBA 01 (TE-L); TXBA 62 (LG); TXBA 74 (RT); OKST D25 (LILB); OKST D33 (LE); OKST D94 (RE),,,,,,,,,,LILB (4); RILB (5); ROLB (0),,O,O,TXBA 62; OKST D33,LWR^; TE-L; HB-R; SRWR; RWR^,2x2,,3-0-1-1,11,TXBA 01; TXBA 16; TXBA 23; TXBA 34; TXBA 83,TXBA 01 (TE-L); TXBA 13 (QB); TXBA 16 (SRWR); TXBA 23 (HB-R); TXBA 34 (RWR); TXBA 62 (LG); TXBA 66 (RG); TXBA 69 (LT); TXBA 72 (C); TXBA 74 (RT); TXBA 83 (LWR),TXBA 01 (0.0); TXBA 13 (0.0); TXBA 16 (0.0); TXBA 23 (0.0); TXBA 34 (0.0); TXBA 62 (-0.5); TXBA 66 (0.0); TXBA 69 (0.0); TXBA 72 (0.0); TXBA 74 (+0.5); TXBA 83 (0.0),TXBA 23,T,TXBA,TXBA 34; TXBA 83,,,,4,,,,,,,LWR r; TE-L r; HB-R r; SRWR 2(5); RWR 2(4),-; -; -; 2; 2,TXBA 83 r; TXBA 01 r; TXBA 23 r; TXBA 16 2(5); TXBA 34 2(4),,,,,,,,,,,,,+26,MR,,MR,TXBA 74; OKST D94,OKST D03 > TXBA 34; OKST D10 > TXBA 83,,0,,,TXBA 13,0,,,0,,HB-R,HB-R (-5),L,1; TXBA 23 (HB-R),,,,INSIDE ZONE,SPLIT,R,,+4,,S,,OKST D32,,OKST D32,,L,,,,LWR^(-19.5); SRWR(+11.5); RWR^(+18.5),,1,20,0,0,0,,false,3,2,3.474,0.016,,false,11,TXBA 23,TXBA 01,TXBA 16; TXBA 34; TXBA 83,GUN WEAK,SLOT - PRO,LWR; TE-L; HB-R; SRWR; RWR,2x2,SLOT - PRO,NICKEL,OKST D03; OKST D10; OKST D11; OKST D23; OKST D32,OKST D06; OKST D25; OKST D40,OKST D33; OKST D71; OKST D94,ODD,,COVER 4,,30,,3.61,0.0,29083_6518817,29083-TXBA-6
6518845,29083,2025-09-27,2025,05,408075,2362,2,2,04:12,0,1,0,17,0,6,6,16,0,1,,,0,0,0,21,0,,0,6518817,6518865,,17.21,0,,87,0,,2.0,0,0,12,3,0,0,TXBA 34,6; OKST D06 (36); OKST D25 (21); OKST D33 (10); OKST D40 (36); OKST D94 (26); OKST D96 (16),,L,,,LCB (6); SCBL (6); FSL (14); FSR (11); RCB (1),LEO (10); DLT (16); MLB (21); DRT (26); RLB (36); ROLB (36),3-3-5,OKST D01 (RCB); OKST D03 (LCB); OKST D06 (RLB); OKST D11 (FSL); OKST D23 (SCBL); OKST D25 (MLB); OKST D32 (FSR); OKST D33 (LEO); OKST D40 (ROLB); OKST D94 (DRT); OKST D96 (DLT),OKST D01 (0.0); OKST D03 (0.0); OKST D06 (0.0); OKST D11 (0.0); OKST D23 (-0.5); OKST D25 (0.0); OKST D32 (0.0); OKST D33 (0.0); OKST D40 (0.0); OKST D94 (0.0); OKST D96 (0.0),OKST D01; OKST D96,F,OKST,6,,LEO (10); DLT (16); DRT (26),,TOUCHDOWN,+0,7,PUNT - FC,-44,7,SD,+26,OKST D23,,,,16,,,L,R,,,,,,TXBA 34 (RWR); OKST D23 (SCBL),,,,,,,,,,MLB (5); RLB (5); ROLB (0),,O,O,OKST D23,LWR^; SLWR; HB-L; SRWR; RWR^,2x2,TE>SLWR,3-0-1-1,11,TXBA 01; TXBA 02; TXBA 06; TXBA 23; TXBA 34,TXBA 01 (SLWR); TXBA 02 (LWR); TXBA 06 (SRWR); TXBA 13 (QB); TXBA 23 (HB-L); TXBA 34 (RWR); TXBA 62 (LG); TXBA 66 (RG); TXBA 69 (LT); TXBA 72 (C); TXBA 74 (RT),TXBA 01 (0.0); TXBA 02 (0.0); TXBA 06 (0.0); TXBA 13 (0.0); TXBA 23 (0.0); TXBA 34 (+0.5); TXBA 62 (0.0); TXBA 66 (0.0); TXBA 69 (0.0); TXBA 72 (0.0); TXBA 74 (0.0),TXBA 02; TXBA 06,T,TXBA,TXBA 02; TXBA 34,,5; TXBA 62 (LG); TXBA 66 (RG); TXBA 69 (LT); TXBA 72 (C); TXBA 74 (RT),,2,OKST D23,,7; OKST D01; OKST D03; OKST D06; OKST D11; OKST D23; OKST D25; OKST D32,4,M,TXBA 13 (QB),LWR 8i(11); SLWR 2(5); HB-L h3(-7); SRWR 9o; RWR 2(1),8; 2; H3; 9; 2,TXBA 02 8i(11); TXBA 01 2(5); TXBA 23 h3(-7); TXBA 06 9o; TXBA 34 2(1),RWR,TXBA 34,COMPLETE,2(1),2R,4; OKST D33 (LEO); OKST D40 (ROLB); OKST D94 (DRT); OKST D96 (DLT),,33,4,,,,+10,,,,TXBA 34,OKST D01 > TXBA 02,,0,,,TXBA 13,0,,,0,,HB-L,HB-L (-5),,1; TXBA 23 (HB-L),,,,,,P,,+4,TXBA 06* (B:R),S,,,,OKST D23,OKST D25,,,,,LWR^(-21.5); SLWR(-12.5); SRWR(+9.5); RWR^(+18.5),,0,7,0,0,0,,false,3,2,3.49,1.164,Slant,false,11,TXBA 23,TXBA 01,TXBA 02; TXBA 06; TXBA 34,GUN STRONG,SLOT - SLOT,LWR; SLWR; HB-L; HB-R; RWR,2x1,SLOT - OPEN,NICKEL,OKST D01; OKST D03; OKST D11; OKST D23; OKST D32,OKST D06; OKST D25; OKST D40,OKST D33; OKST D94; OKST D96,WIDE UNDER,,COVER 2,,26,,3.61,0.741,29083_6518845,29083-TXBA-6
6518865,29083,2025-09-27,2025,05,408075,2390,2,1,03:45,0,1,0,17,0,6,7,10,0,1,,,0,0,0,21,0,,1,6518845,6518884,,17.21,0,,88,0,,2.5,0,0,0,0,0,0,TXBA 01,6; OKST D06 (17); OKST D25 (27); OKST D33 (33); OKST D40 (06); OKST D94 (19); OKST D96 (27),,R,,,LCB (1); SSL (7); SSR (7); SCBR (5); RCB (1),SSL (04); LOLB (06); LILB (17); DLT (19); DRT (27); RILB (27); REO (33); SSR (44),3-3-5,OKST D01 (RCB); OKST D03 (LCB); OKST D06 (LILB); OKST D11 (SSR); OKST D23 (SCBR); OKST D25 (RILB); OKST D32 (SSL); OKST D33 (REO); OKST D40 (LOLB); OKST D94 (DLT); OKST D96 (DRT),OKST D01 (0.0); OKST D03 (0.0); OKST D06 (0.0); OKST D11 (-1.0); OKST D23 (0.0); OKST D25 (0.0); OKST D32 (0.0); OKST D33 (0.0); OKST D40 (0.0); OKST D94 (0.0); OKST D96 (0.0),,F,OKST,10,,DLT (19); DRT (27); REO (33),,TOUCHDOWN,+0,7,PUNT - FC,-44,5,SD,+10,,,,,10,,,R,L,,,,,,TXBA 01 (TE-R); TXBA 13 (QB); OKST D11 (SSR),,,,,,,,,,LOLB (0); LILB (5); RILB (5),,O,O,OKST D11,LWR^; SLWR; HB-L; TE-R; RWR^,2x2,,3-0-1-1,11,TXBA 01; TXBA 02; TXBA 06; TXBA 23; TXBA 34,TXBA 01 (TE-R); TXBA 02 (SLWR); TXBA 06 (LWR); TXBA 13 (QB); TXBA 23 (HB-L); TXBA 34 (RWR); TXBA 62 (LG); TXBA 66 (RG); TXBA 69 (LT); TXBA 72 (C); TXBA 74 (RT),TXBA 01 (+0.5); TXBA 02 (0.0); TXBA 06 (0.0); TXBA 13 (+0.5); TXBA 23 (0.0); TXBA 34 (0.0); TXBA 62 (0.0); TXBA 66 (0.0); TXBA 69 (0.0); TXBA 72 (0.0); TXBA 74 (0.0),,T,TXBA,TXBA 06; TXBA 34,,5; TXBA 62 (LG); TXBA 66 (RG); TXBA 69 (LT); TXBA 72 (C); TXBA 74 (RT),,RZ,OKST D11,,7; OKST D01; OKST D03; OKST D06; OKST D11; OKST D23; OKST D25; OKST D32,12,M,TXBA 13 (QB),LWR 6(4); SLWR 99; HB-L fr; TE-R 9s; RWR r,6; 9; -; 9; -,TXBA 06 6(4); TXBA 02 99; TXBA 23 fr; TXBA 01 9s; TXBA 34 r,TE-R,TXBA 01,COMPLETE,9s,9T,4; OKST D33 (REO); OKST D40 (LOLB); OKST D94 (DLT); OKST D96 (DRT),,32,4,,,TXBA 23,+0,,,,TXBA 01; TXBA 13,OKST D01 > TXBA 06; OKST D03 > TXBA 34,,0,,,TXBA 13,0,,,0,,HB-L,HB-L (-5),,1; TXBA 23 (HB-L),,,,INSIDE ZONE,,P,,+4,,S,,,,,,R,TXBA 01,,,LWR^(-17.5); SLWR(-11.5); RWR^(+18.5),,1,21,0,1,0,,true,3,2,4.654,2.346,Seam,false,11,TXBA 23,TXBA 01,TXBA 02; TXBA 06; TXBA 34,GUN WEAK,SLOT - PRO,LWR; SLWR; HB-L; TE-R; RWR,2x2,SLOT - PRO,NICKEL,OKST D01; OKST D03; OKST D11; OKST D23; OKST D32,OKST D06; OKST D25; OKST D40,OKST D33; OKST D94; OKST D96,WIDE UNDER,,RED ZONE,,10,,4.351,2.649,29083_6518865,29083-TXBA-6
6519544,29083,2025-09-27,2025,05,408075,2795,2,1,01:02,0,0,1,20,0,7,1,,0,,,,0,0,0,28,0,,0,6519520,6519586,,20.28,0,,104,1,,4.1,0,0,,,2,0,,5; OKST D00 (35); OKST D04 (11); OKST D06 (20); OKST D81 (19); OKST D96 (28),,R,,TXBA 07,LCB (0); SSL (10); FSR (11); SCBiR (3); SCBoR (5); RCB (2),SSL (09); LOLB (11); DLT (19); LILB (20); DRT (28); REO (35),3-3-5,OKST D00 (REO); OKST D03 (LCB); OKST D04 (LOLB); OKST D05 (SCBiR); OKST D06 (LILB); OKST D08 (SSL); OKST D10 (RCB); OKST D11 (FSR); OKST D14 (SCBoR); OKST D81 (DLT); OKST D96 (DRT),OKST D00 (0.0); OKST D03 (0.0); OKST D04 (0.0); OKST D05 (-0.5); OKST D06 (0.0); OKST D08 (0.0); OKST D10 (+1.0); OKST D11 (0.0); OKST D14 (0.0); OKST D81 (0.0); OKST D96 (0.0),DRIVE START,T,OKST,10,,DLT (19); DRT (28); REO (35),,MISSED FG,+35,6,KICKOFF - FC,-25,9,SD,-25,,,,,0,,,R,L,,,PD,,,TXBA 13 (QB); OKST D05 (SCBiR); OKST D10 (RCB),,,,,,,,,,LOLB (0); LILB (4),,O,O,TXBA 13; OKST D05,LWR^; SLoWR; SLiWR; HB-R; RWR^,3x1,TE>SLoWR,3-0-1-1,11,TXBA 01; TXBA 06; TXBA 07; TXBA 16; TXBA 34,TXBA 01 (SLoWR); TXBA 06 (LWR); TXBA 07 (HB-R); TXBA 13 (QB); TXBA 16 (SLiWR); TXBA 34 (RWR); TXBA 62 (LG); TXBA 66 (RG); TXBA 69 (LT); TXBA 72 (C); TXBA 74 (RT),TXBA 01 (0.0); TXBA 06 (0.0); TXBA 07 (0.0); TXBA 13 (-1.0); TXBA 16 (0.0); TXBA 34 (0.0); TXBA 62 (0.0); TXBA 66 (0.0); TXBA 69 (0.0); TXBA 72 (0.0); TXBA 74 (0.0),DRIVE START,F,TXBA,TXBA 06; TXBA 34,,5; TXBA 62 (LG); TXBA 66 (RG); TXBA 69 (LT); TXBA 72 (C); TXBA 74 (RT),OKST D10,4,OKST D10,OKST D05,7; OKST D03; OKST D05; OKST D06; OKST D08; OKST D10; OKST D11; OKST D14,20,M,TXBA 13 (QB),LWR 8(13); SLoWR 6(4); SLiWR 79(21); HB-R ch21(0); RWR 86(13),8; 6; 9; H4; 8,TXBA 06 8(13); TXBA 01 6(4); TXBA 16 79(21); TXBA 07 ch21(0); TXBA 34 86(13),LWR,TXBA 06,INCOMPLETE,8(13),4R,4; OKST D00 (REO); OKST D04 (LOLB); OKST D81 (DLT); OKST D96 (DRT),,27,4,,,,-25,,,,OKST D10,OKST D03 > TXBA 34,,0,,,TXBA 13,0,,,0,,HB-R,HB-R (-5),,1; TXBA 07 (HB-R),,,,,,P,,+8,,S,,,,,,,,,,LWR^(-19.5); SLoWR(-13.5); SLiWR(-5.5); RWR^(+18.5),,0,9,0,0,0,,false,2,1,0.387,-0.09,Post,false,11,TXBA 07,TXBA 01,TXBA 06; TXBA 16; TXBA 34,GUN WEAK,TRIPS - OPEN,LWR; SLoWR; SLiWR; HB-R; RWR,3x1,TRIPS - OPEN,NICKEL,OKST D03; OKST D08; OKST D10; OKST D11; OKST D14,OKST D04; OKST D05; OKST D06,OKST D00; OKST D81; OKST D96,WIDE OVER,,COVER 4,,75,,0.31,-0.957,29083_6519544,29083-TXBA-7
6519586,29083,2025-09-27,2025,05,408075,2821,2,2,00:56,0,0,0,20,0,7,2,5,0,,,,0,0,0,28,0,,1,6519544,6519660,,20.28,0,,105,1,3.7,6.6,0,0,,6,2,0,TXBA 13,6; OKST D00 (35); OKST D04 (09); OKST D05 (34); OKST D06 (22); OKST D81 (16); OKST D96 (24),TXBA 06; TXBA 16,L,,,LCB (0); SSL (10); SSR (9); SCBR (5); RCB (1),LOLB (09); SSL (10); DLT (16); MLB (22); DRT (24); RLB (34); REO (35); SSR (44),3-3-5,OKST D00 (REO); OKST D03 (LCB); OKST D04 (LOLB); OKST D05 (RLB); OKST D06 (MLB); OKST D08 (SSL); OKST D10 (RCB); OKST D11 (SSR); OKST D14 (SCBR); OKST D81 (DLT); OKST D96 (DRT),OKST D00 (-0.5); OKST D03 (0.0); OKST D04 (0.0); OKST D05 (0.0); OKST D06 (0.0); OKST D08 (0.0); OKST D10 (0.0); OKST D11 (0.0); OKST D14 (0.0); OKST D81 (0.0); OKST D96 (0.0),,F,OKST,10,,DLT (16); DRT (24); REO (35),,MISSED FG,+35,6,KICKOFF - FC,-25,8,SR,-25,OKST D00,,,,5,,,R,L,,OKST D00,,,,TXBA 13 (QB); OKST D00 (REO),,,,,,,,,,LOLB (0); MLB (5); RLB (5),OKST D00,O,O,OKST D00,LWR; SLWR^; TE-L; HB-L; RWR^,3x1,,3-0-1-1,11,TXBA 01; TXBA 06; TXBA 07; TXBA 16; TXBA 34,TXBA 01 (TE-L); TXBA 06 (LWR); TXBA 07 (HB-L); TXBA 13 (QB); TXBA 16 (SLWR); TXBA 34 (RWR); TXBA 62 (LG); TXBA 66 (RG); TXBA 69 (LT); TXBA 72 (C); TXBA 74 (RT),TXBA 01 (0.0); TXBA 06 (0.0); TXBA 07 (0.0); TXBA 13 (0.0); TXBA 16 (0.0); TXBA 34 (0.0); TXBA 62 (0.0); TXBA 66 (0.0); TXBA 69 (0.0); TXBA 72 (0.0); TXBA 74 (0.0),,T,TXBA,TXBA 16; TXBA 34,,5; TXBA 62 (LG); TXBA 66 (RG); TXBA 69 (LT); TXBA 72 (C); TXBA 74 (RT),,4,,,7; OKST D03; OKST D05; OKST D06; OKST D08; OKST D10; OKST D11; OKST D14,,X,TXBA 13 (QB),LWR 9o; SLWR xo(32); TE-L 1; HB-L frh66(4); RWR xo(11),9; X; 3; H6; X,TXBA 06 9o; TXBA 16 xo(32); TXBA 01 1; TXBA 07 frh66(4); TXBA 34 xo(11),,,RUN,,,4; OKST D00 (REO); OKST D04 (LOLB); OKST D81 (DLT); OKST D96 (DRT),HURRY,,,,,TXBA 07,-30,QB SCRAMBLE,,QB SCRAMBLE,,OKST D03 > TXBA 34; OKST D10 > TXBA 06,OKST D00 (CU) TXBA 13,0,,,TXBA 13,1,OKST D00,TXBA 13,0,R,HB-L,HB-L (-5),,1; TXBA 07 (HB-L),,,,UNDEFINED,,P,,+8,,S,,OKST D06,,OKST D06,,L,,,,LWR(-7.5); SLWR^(-5.5); RWR^(+18.5),,0,14,0,0,0,,false,2,1,0.297,0.199,,false,11,TXBA 07,TXBA 01,TXBA 06; TXBA 16; TXBA 34,GUN STRONG,TREY - OPEN,LWR; SLWR; TE-L; HB-L; RWR,3x1,TREY - OPEN,NICKEL,OKST D03; OKST D08; OKST D10; OKST D11; OKST D14,OKST D04; OKST D05; OKST D06,OKST D00; OKST D81; OKST D96,WIDE UNDER,,COVER 4,,75,,-0.647,-0.221,29083_6519586,29083-TXBA-7
6519660,29083,2025-09-27,2025,05,408075,2847,2,3,00:47,1,1,0,20,0,7,3,7,0,1,,,0,0,0,28,0,,0,6519586,6519675,,20.28,0,,106,1,,2.1,0,0,0,0,2,0,TXBA 06,6; OKST D00 (09); OKST D04 (05); OKST D05 (29); OKST D17 (22); OKST D26 (16); OKST D95 (36),TXBA 01; TXBA 34,C,,,LCB (0); SCBL (6); FSR (11); SCBR (6); RCB (1),LOLB (05); LEO (09); LILB (16); NT (22); ROLB (29); ROLB (36),3-3-5,OKST D00 (LEO); OKST D03 (LCB); OKST D04 (LOLB); OKST D05 (ROLB); OKST D08 (SCBL); OKST D10 (RCB); OKST D11 (FSR); OKST D14 (SCBR); OKST D17 (NT); OKST D26 (LILB); OKST D95 (ROLB),OKST D00 (+0.5); OKST D03 (0.0); OKST D04 (0.0); OKST D05 (0.0); OKST D08 (0.0); OKST D10 (0.0); OKST D11 (0.0); OKST D14 (-0.5); OKST D17 (0.0); OKST D26 (0.0); OKST D95 (+0.5),OKST D17; OKST D26; OKST D95,F,OKST,5,,LEO (09); NT (22),,MISSED FG,+35,6,KICKOFF - FC,-25,8,SD,-30,OKST D26,,,,7,,,R,L,,,,,,TXBA 06 (SLWR); TXBA 13 (QB); TXBA 69 (LT); TXBA 74 (RT); OKST D00 (LEO); OKST D14 (SCBR); OKST D95 (ROLB),,,,,,,,,,LOLB (0); LILB (0); ROLB (0); ROLB (0),,C,C,TXBA 69; TXBA 74; OKST D14,LWR^; SLWR; HB-R; SRWR; RWR^,2x2,TE>SRWR,3-0-1-1,11,TXBA 01; TXBA 02; TXBA 06; TXBA 07; TXBA 34,TXBA 01 (SRWR); TXBA 02 (LWR); TXBA 06 (SLWR); TXBA 07 (HB-R); TXBA 13 (QB); TXBA 34 (RWR); TXBA 62 (LG); TXBA 66 (RG); TXBA 69 (LT); TXBA 72 (C); TXBA 74 (RT),TXBA 01 (0.0); TXBA 02 (0.0); TXBA 06 (+0.5); TXBA 07 (0.0); TXBA 13 (+0.5); TXBA 34 (0.0); TXBA 62 (0.0); TXBA 66 (0.0); TXBA 69 (-0.5); TXBA 72 (0.0); TXBA 74 (-0.5),TXBA 02,T,TXBA,TXBA 02; TXBA 34,,6; TXBA 07 (HB-R); TXBA 62 (LG); TXBA 66 (RG); TXBA 69 (LT); TXBA 72 (C); TXBA 74 (RT),,1b,OKST D14,,7; OKST D03; OKST D04; OKST D08; OKST D10; OKST D11; OKST D14; OKST D26,7,M,TXBA 13 (QB),LWR 9o; SLWR 2(3); HB-R kl; SRWR 9s; RWR 21(2),9; 2; -; 9; 3,TXBA 02 9o; TXBA 06 2(3); TXBA 07 kl; TXBA 01 9s; TXBA 34 21(2),SLWR,TXBA 06,COMPLETE,2(3),2R,4; OKST D00 (LEO); OKST D05 (ROLB); OKST D17 (NT); OKST D95 (ROLB),,23,4,,,,-37,,,,TXBA 06; TXBA 13; OKST D00; OKST D95,OKST D03 > TXBA 34; OKST D10 > TXBA 02,OKST D00 (B) TXBA 74; OKST D95 (I) TXBA 69,0,,,TXBA 13,0,,,0,,HB-R,HB-R (-5),L,1; TXBA 07 (HB-R),,,,,,P,,+8,TXBA 06* (B:L),S,,,,OKST D26,,,,,,LWR^(-18.5); SLWR(-8.5); SRWR(+15.5); RWR^(+18.5),,0,12,0,0,0,,false,1,1,0.496,0.032,Slant,false,11,TXBA 07,TXBA 01,TXBA 02; TXBA 06; TXBA 34,GUN STRONG,SLOT - SLOT,LWR; HB-L; HB-R; SRWR; RWR,1x2,SLOT - OPEN,NICKEL,OKST D03; OKST D08; OKST D10; OKST D11; OKST D14,OKST D04; OKST D05; OKST D26,OKST D00; OKST D17; OKST D95,ODD,SINGLE MUG,COVER 1,,70,,-0.868,2.239,29083_6519660,29083-TXBA-7
6519675,29083,2025-09-27,2025,05,408075,2875,2,1,00:34,0,1,0,20,0,7,4,17,0,1,,,0,0,0,28,0,,0,6519660,6519708,,20.28,0,,107,1,,3.0,0,0,6,5,2,0,TXBA 01,5; OKST D00 (19); OKST D04 (38); OKST D05 (23); OKST D17 (26); OKST D95 (09),,L,,,LCB (5); SCBL (5); SSL (10); SSR (10); SCBR (4); RCB (2),SSL (00); LEO (09); DLT (19); MLB (23); DRT (26); ROLB (38); SSR (42),3-3-5,OKST D00 (DLT); OKST D03 (LCB); OKST D04 (ROLB); OKST D05 (MLB); OKST D08 (SSR); OKST D10 (RCB); OKST D11 (SSL); OKST D14 (SCBL); OKST D17 (DRT); OKST D26 (SCBR); OKST D95 (LEO),OKST D00 (0.0); OKST D03 (0.0); OKST D04 (0.0); OKST D05 (0.0); OKST D08 (0.0); OKST D10 (0.0); OKST D11 (0.0); OKST D14 (0.0); OKST D17 (0.0); OKST D26 (-0.5); OKST D95 (0.0),,F,OKST,10,,LEO (09); DLT (19); DRT (26),,MISSED FG,+35,6,KICKOFF - FC,-25,8,SD,-37,OKST D26,,,,17,,,L,R,,,,,,TXBA 01 (SLWR); TXBA 13 (QB); OKST D26 (SCBR),,,,,,,,,,MLB (4); ROLB (0),,O,O,OKST D26,LWR^; SLWR; HB-L; SRWR; RWR^,2x2,TE>SLWR,3-0-1-1,11,TXBA 01; TXBA 02; TXBA 06; TXBA 07; TXBA 34,TXBA 01 (SLWR); TXBA 02 (SRWR); TXBA 06 (LWR); TXBA 07 (HB-L); TXBA 13 (QB); TXBA 34 (RWR); TXBA 62 (LG); TXBA 66 (RG); TXBA 69 (LT); TXBA 72 (C); TXBA 74 (RT),TXBA 01 (+0.5); TXBA 02 (0.0); TXBA 06 (0.0); TXBA 07 (0.0); TXBA 13 (+0.5); TXBA 34 (0.0); TXBA 62 (0.0); TXBA 66 (0.0); TXBA 69 (0.0); TXBA 72 (0.0); TXBA 74 (0.0),,T,TXBA,TXBA 06; TXBA 34,,5; TXBA 62 (LG); TXBA 66 (RG); TXBA 69 (LT); TXBA 72 (C); TXBA 74 (RT),,4,OKST D26,,7; OKST D03; OKST D05; OKST D08; OKST D10; OKST D11; OKST D14; OKST D26,11,M,TXBA 13 (QB),LWR 26(13); SLWR x6(8); HB-L h3(-6); SRWR 9; RWR xd(3),6; X; H3; 9; X,TXBA 06 26(13); TXBA 01 x6(8); TXBA 07 h3(-6); TXBA 02 9; TXBA 34 xd(3),SLWR,TXBA 01,COMPLETE,x6(8),6R,4; OKST D00 (DLT); OKST D04 (ROLB); OKST D17 (DRT); OKST D95 (LEO),,21,4,,,,+46,,,,TXBA 01; TXBA 13,OKST D10 > TXBA 06,,0,,,TXBA 13,0,,,0,,HB-L,HB-L (-5),,1; TXBA 07 (HB-L),,,,,,P,,+8,,S,,,,OKST D14,OKST D26,,,,,LWR^(-19.5); SLWR(-14.5); SRWR(+10.5); RWR^(+17.5),,0,26,0,0,0,,true,1,1,0.528,0.41,Sit,false,11,TXBA 07,TXBA 01,TXBA 02; TXBA 06; TXBA 34,GUN STRONG,SLOT - SLOT,LWR; SLWR; HB-L; SRWR; RWR,2x2,SLOT - SLOT,NICKEL,OKST D03; OKST D08; OKST D10; OKST D11; OKST D14,OKST D04; OKST D05; OKST D26,OKST D00; OKST D17; OKST D95,WIDE OVER,,COVER 4,,63,,1.371,1.309,29083_6519675,29083-TXBA-7
6519708,29083,2025-09-27,2025,05,408075,2903,2,1,00:21,1,1,0,20,0,7,5,11,0,1,,,0,0,0,28,0,,0,6519675,6519782,,20.28,0,,108,0,2.5,4.8,0,0,1,-1,2,0,TXBA 34,5; OKST D00 (30); OKST D04 (37); OKST D05 (26); OKST D17 (22); OKST D95 (15),,L,,,LCB (6); SCBL (4); SSL (7); FS (14); SCBR (4); RCB (10),SSL (00); LE (15); NT (22); RILB (26); RE (30); ROLB (37),3-3-5,OKST D00 (RE); OKST D03 (LCB); OKST D04 (ROLB); OKST D05 (RILB); OKST D08 (FS); OKST D10 (RCB); OKST D11 (SSL); OKST D14 (SCBL); OKST D17 (NT); OKST D26 (SCBR); OKST D95 (LE),OKST D00 (0.0); OKST D03 (0.0); OKST D04 (0.0); OKST D05 (0.0); OKST D08 (0.0); OKST D10 (0.0); OKST D11 (-0.5); OKST D14 (0.0); OKST D17 (0.0); OKST D26 (0.0); OKST D95 (+1.0),,F,OKST,10,,LE (15); NT (22); RE (30),,MISSED FG,+35,6,KICKOFF - FC,-25,7,SR,+46,OKST D11,,,,11,,,L,R,,OKST D95,,,,TXBA 07 (HB-L); TXBA 13 (QB); TXBA 34 (RWR); TXBA 74 (RT); OKST D11 (SSL); OKST D26 (SCBR); OKST D95 (LE),,,,,,,,,,RILB (5); ROLB (1),,O,C,TXBA 07; TXBA 74; OKST D11,LWR^; SLWR; HB-L; SRWR; RWR^,2x2,TE>SLWR,3-0-1-1,11,TXBA 01; TXBA 02; TXBA 06; TXBA 07; TXBA 34,TXBA 01 (SLWR); TXBA 02 (SRWR); TXBA 06 (LWR); TXBA 07 (HB-L); TXBA 13 (QB); TXBA 34 (RWR); TXBA 62 (LG); TXBA 66 (RG); TXBA 69 (LT); TXBA 72 (C); TXBA 74 (RT),TXBA 01 (0.0); TXBA 02 (0.0); TXBA 06 (0.0); TXBA 07 (-1.0); TXBA 13 (+0.5); TXBA 34 (+0.5); TXBA 62 (0.0); TXBA 66 (0.0); TXBA 69 (0.0); TXBA 72 (0.0); TXBA 74 (-1.0),,T,TXBA,TXBA 06; TXBA 34,,5; TXBA 62 (LG); TXBA 66 (RG); TXBA 69 (LT); TXBA 72 (C); TXBA 74 (RT),,2b,OKST D11,,6; OKST D03; OKST D05; OKST D08; OKST D10; OKST D11; OKST D14,10,M,TXBA 13 (QB),LWR 8(8); SLWR 2(5); HB-L h3(-5); SRWR 9; RWR 26(3),8; 2; H3; 9; 6,TXBA 06 8(8); TXBA 01 2(5); TXBA 07 h3(-5); TXBA 02 9; TXBA 34 26(3),RWR,TXBA 34,COMPLETE,26(3),SA,5; OKST D00 (RE); OKST D04 (ROLB); OKST D17 (NT); OKST D26 (SCBR); OKST D95 (LE),HURRY,33,4,,,,+35,,,,TXBA 13; TXBA 34; OKST D95,,OKST D26 (U) TXBA 07; OKST D95 (O) TXBA 74,0,,,TXBA 13,1,OKST D95,TXBA 74,0,,HB-L,HB-L (-5),,1; TXBA 07 (HB-L),,,,,,P,,+8,,S,,,,OKST D11,,,,,,LWR^(-22.5); SLWR(-17.5); SRWR(+12.5); RWR^(+17.5),,0,29,0,0,0,,true,1,1,0.938,0.076,Slant-Hitch,false,11,TXBA 07,TXBA 01,TXBA 02; TXBA 06; TXBA 34,GUN STRONG,SLOT - SLOT,LWR; SLWR; HB-L; SRWR; RWR,2x2,SLOT - SLOT,NICKEL,OKST D03; OKST D08; OKST D10; OKST D11; OKST D14,OKST D04; OKST D05; OKST D26,OKST D00; OKST D17; OKST D95,ODD,,COVER 2,,46,,2.68,0.673,29083_6519708,29083-TXBA-7
6519782,29083,2025-09-27,2025,05,408075,2931,2,1,00:10,0,0,0,20,0,7,6,,0,,,,0,0,0,28,0,,0,6519708,6519822,,20.28,0,,109,0,,3.7,0,0,,,2,0,,4; OKST D00 (35); OKST D04 (07); OKST D25 (17); OKST D95 (22),,C,,,LCB (0); SCBL (4); FSL (17); FSR (16); FSR (16); SCBR (6); RCB (1),LOLB (07); LILB (17); NT (22); ROLB (35),2-3-6,OKST D00 (ROLB); OKST D03 (LCB); OKST D04 (LOLB); OKST D08 (FSR); OKST D10 (RCB); OKST D11 (FSR); OKST D14 (SCBR); OKST D18 (FSL); OKST D25 (LILB); OKST D26 (SCBL); OKST D95 (NT),OKST D00 (0.0); OKST D03 (+0.5); OKST D04 (0.0); OKST D08 (0.0); OKST D10 (0.0); OKST D11 (0.0); OKST D14 (0.0); OKST D18 (0.0); OKST D25 (0.0); OKST D26 (0.0); OKST D95 (0.0),OKST D18; OKST D25,T,OKST,10,,NT (22),,MISSED FG,+35,6,KICKOFF - FC,-25,8,SD,+35,,,,,0,,,R,L,,,BR,,,TXBA 13 (QB); OKST D03 (LCB),,,,,,,,,,LOLB (0); LILB (5); ROLB (1),,O,C,TXBA 13,LWR; SLWR^; HB-R; SRWR; RWR^,2x2,TE>LWR,3-0-1-1,11,TXBA 06; TXBA 07; TXBA 16; TXBA 34; TXBA 85,TXBA 06 (SLWR); TXBA 07 (HB-R); TXBA 13 (QB); TXBA 16 (SRWR); TXBA 34 (RWR); TXBA 62 (LG); TXBA 66 (RG); TXBA 69 (LT); TXBA 72 (C); TXBA 74 (RT); TXBA 85 (LWR),TXBA 06 (0.0); TXBA 07 (0.0); TXBA 13 (-0.5); TXBA 16 (0.0); TXBA 34 (0.0); TXBA 62 (0.0); TXBA 66 (0.0); TXBA 69 (0.0); TXBA 72 (0.0); TXBA 74 (0.0); TXBA 85 (0.0),TXBA 16; TXBA 85,F,TXBA,TXBA 06; TXBA 34,,6; TXBA 07 (HB-R); TXBA 62 (LG); TXBA 66 (RG); TXBA 69 (LT); TXBA 72 (C); TXBA 74 (RT),,2,OKST D03,,9; OKST D00; OKST D03; OKST D08; OKST D10; OKST D11; OKST D14; OKST D18; OKST D25; OKST D26,9,M,TXBA 13 (QB),LWR 6(7); SLWR 9o; HB-R kr; SRWR xo(11); RWR 6i(13),6; 9; -; X; 6,TXBA 85 6(7); TXBA 06 9o; TXBA 07 kr; TXBA 16 xo(11); TXBA 34 6i(13),RWR,TXBA 34,INCOMPLETE,6i(13),6R,2; OKST D04 (LOLB); OKST D95 (NT),,41,5R,,,,+35,,,,OKST D03,OKST D03 > TXBA 34; OKST D10 > TXBA 85,,0,,,TXBA 13,0,,,0,,HB-R,HB-R (-5),R,1; TXBA 07 (HB-R),,,,,,P,,+8,,S,,,,,,,,,,LWR(-17.5); SLWR^(-11.5); SRWR(+15.5); RWR^(+19.5),,0,19,0,0,0,,false,1,0,1.014,-0.056,Hitch,false,11,TXBA 07,TXBA 85,TXBA 06; TXBA 16; TXBA 34,GUN WEAK,SLOT - SLOT,LWR; SLWR; HB-R; SRWR; RWR,2x2,SLOT - SLOT,DIME,OKST D03; OKST D08; OKST D10; OKST D11; OKST D14; OKST D18,OKST D04; OKST D25; OKST D26,OKST D00; OKST D95,ODD,,COVER 2,,35,,3.353,-3.308,29083_6519782,29083-TXBA-7
6520894,29083,2025-09-27,2025,05,408075,3053,3,1,14:55,0,,0,20,0,8,1,2,0,,,,0,0,0,28,0,,0,6520818,6520923,,20.28,0,,113,0,,,0,0,,3,0,0,TXBA 07,6; OKST D05 (35); OKST D06 (25); OKST D40 (12); OKST D95 (35); OKST D96 (25); OKST D99 (17),TXBA 06; TXBA 16,,,,LCB (1); FS (9); FSR (12); SCBR (7); RCB (3),LOLB (12); DLT (17); DRT (25); RILB (25); RLB (35); ROLB (35),3-3-5,OKST D03 (LCB); OKST D05 (RLB); OKST D06 (RILB); OKST D08 (FS); OKST D10 (SCBR); OKST D11 (FSR); OKST D14 (RCB); OKST D40 (LOLB); OKST D95 (ROLB); OKST D96 (DRT); OKST D99 (DLT),OKST D03 (-1.0); OKST D05 (0.0); OKST D06 (-0.5); OKST D08 (0.0); OKST D10 (0.0); OKST D11 (0.0); OKST D14 (0.0); OKST D40 (0.0); OKST D95 (0.0); OKST D96 (0.0); OKST D99 (+0.5),DRIVE START,T,OKST,10,,DLT (17); DRT (25),,TOUCHDOWN,+0,3,KICKOFF - RETURN,-14,,,-14,OKST D03,,,,2,,,R,L,,,,TXBA 07,,TXBA 66 (RG); TXBA 72 (C); TXBA 74 (RT); OKST D03 (LCB); OKST D06 (RILB); OKST D08 (FS); OKST D40 (LOLB); OKST D99 (DLT),,,,,,,,,,LOLB (0); RILB (5); RLB (5); ROLB (0),OKST D03,O,O,TXBA 66; OKST D03; OKST D06,LWR; SLWR^; TE-L; HB-L; RWR^,3x1,,3-0-1-1,11,TXBA 06; TXBA 07; TXBA 16; TXBA 34; TXBA 85,TXBA 06 (SLWR); TXBA 07 (HB-L); TXBA 13 (QB); TXBA 16 (LWR); TXBA 34 (RWR); TXBA 62 (LG); TXBA 66 (RG); TXBA 69 (LT); TXBA 72 (C); TXBA 74 (RT); TXBA 85 (TE-L),TXBA 06 (0.0); TXBA 07 (0.0); TXBA 13 (0.0); TXBA 16 (0.0); TXBA 34 (0.0); TXBA 62 (0.0); TXBA 66 (-0.5); TXBA 69 (0.0); TXBA 72 (0.0); TXBA 74 (0.0); TXBA 85 (0.0),DRIVE START,F,TXBA,TXBA 06; TXBA 34,,,,6L,,,,,,,LWR 0u(-3); SLWR z; TE-L 1z; HB-L r; RWR r,0; -; 3; -; -,TXBA 16 0u(-3); TXBA 06 z; TXBA 85 1z; TXBA 07 r; TXBA 34 r,,,,,,,,,,,,,-16,RE,,RE,OKST D99,,,0,,,TXBA 13,0,,,0,,HB-L,HB-L (-5),R,1; TXBA 07 (HB-L),,,,OUTSIDE ZONE,,R,,+8,,S,,OKST D08,,OKST D08,,L,,,,LWR(-1.5); SLWR^(+0.5); RWR^(+17.5),,1,23,0,0,0,,false,3,3,-0.387,-0.651,,false,11,TXBA 07,TXBA 85,TXBA 06; TXBA 16; TXBA 34,GUN STRONG,TREY - OPEN,LWR; SLWR; TE-L; HB-L; RWR,3x1,TREY - OPEN,NICKEL,OKST D03; OKST D08; OKST D10; OKST D11; OKST D14,OKST D05; OKST D06; OKST D40,OKST D95; OKST D96; OKST D99,WIDE UNDER,,COVER 6,,86,,-0.692,-0.62,29083_6520894,29083-TXBA-8
6520923,29083,2025-09-27,2025,05,408075,3079,3,2,14:41,0,1,0,20,0,8,2,11,0,1,,,0,0,0,28,0,0,0,6520894,6520972,,20.28,0,,114,0,2.8,4.4,0,0,-1,0,0,0,TXBA 85,6; OKST D05 (27); OKST D06 (18); OKST D40 (10); OKST D95 (34); OKST D96 (28); OKST D99 (19),TXBA 06; TXBA 16,R,,,LCB (0); SSL (9); SSR (9); SCBR (6); RCB (7),LOLB (10); SSL (12); LILB (18); DLT (19); RILB (27); DRT (28); ROLB (34); SSR (41),3-3-5,OKST D03 (LCB); OKST D05 (RILB); OKST D06 (LILB); OKST D08 (SSL); OKST D10 (RCB); OKST D11 (SSR); OKST D14 (SCBR); OKST D40 (LOLB); OKST D95 (ROLB); OKST D96 (DRT); OKST D99 (DLT),OKST D03 (-1.0); OKST D05 (0.0); OKST D06 (0.0); OKST D08 (-0.5); OKST D10 (0.0); OKST D11 (0.0); OKST D14 (0.0); OKST D40 (+0.5); OKST D95 (0.0); OKST D96 (0.0); OKST D99 (0.0),,F,OKST,8,,DLT (19); DRT (28),,TOUCHDOWN,+0,3,KICKOFF - RETURN,-14,8,SR,-16,OKST D08,,,,11,,,R,L,,OKST D40,,,,TXBA 13 (QB); TXBA 34 (RWR); TXBA 74 (RT); TXBA 85 (SRWR); OKST D03 (LCB); OKST D08 (SSL); OKST D40 (LOLB),,,,,,,,,,LOLB (0); LILB (4); RILB (4); ROLB (0),,O,O,TXBA 74; OKST D03; OKST D08,LWR^; SLWR; HB-L; SRWR; RWR^,2x2,TE>SRWR,3-0-1-1,11,TXBA 06; TXBA 16; TXBA 23; TXBA 34; TXBA 85,TXBA 06 (LWR); TXBA 13 (QB); TXBA 16 (SLWR); TXBA 23 (HB-L); TXBA 34 (RWR); TXBA 62 (LG); TXBA 66 (RG); TXBA 69 (LT); TXBA 72 (C); TXBA 74 (RT); TXBA 85 (SRWR),TXBA 06 (0.0); TXBA 13 (+0.5); TXBA 16 (0.0); TXBA 23 (0.0); TXBA 34 (0.0); TXBA 62 (0.0); TXBA 66 (0.0); TXBA 69 (0.0); TXBA 72 (0.0); TXBA 74 (-0.5); TXBA 85 (+0.5),TXBA 23,T,TXBA,TXBA 06; TXBA 34,,5; TXBA 62 (LG); TXBA 66 (RG); TXBA 69 (LT); TXBA 72 (C); TXBA 74 (RT),,4,OKST D08,,7; OKST D03; OKST D05; OKST D06; OKST D08; OKST D10; OKST D11; OKST D14,12,R,TXBA 13 (QB),LWR xd(1); SLWR 3(13); HB-L h76(5); SRWR 9y; RWR xo(12),X; 3; H7; 9; X,TXBA 06 xd(1); TXBA 16 3(13); TXBA 23 h76(5); TXBA 85 9y; TXBA 34 xo(12),SRWR,TXBA 85,COMPLETE,9y,SA,4; OKST D40 (LOLB); OKST D95 (ROLB); OKST D96 (DRT); OKST D99 (DLT),HURRY,52,7R,(D) OKST D03 DH,,,-27,,,,TXBA 13; TXBA 85; OKST D40,OKST D03 > TXBA 34,OKST D40 (O) TXBA 74,1,,,TXBA 13,1,OKST D40,TXBA 74,0,,HB-L,HB-L (-5),,1; TXBA 23 (HB-L),,,,,,P,,+8,TXBA 85* (L:Rx),S,,,,OKST D08,,,,,,LWR^(-6.5); SLWR(-5.5); SRWR(+11.5); RWR^(+18.5),,0,18,0,0,0,,false,3,3,-1.038,1.32,Numbers go,false,11,TXBA 23,TXBA 85,TXBA 06; TXBA 16; TXBA 34,GUN WEAK,SLOT - SLOT,LWR; SLWR; TE-L; HB-L; RWR,3x1,TREY - OPEN,NICKEL,OKST D03; OKST D08; OKST D10; OKST D11; OKST D14,OKST D05; OKST D06; OKST D40,OKST D95; OKST D96; OKST D99,WIDE OVER,,COVER 4,,84,,-1.312,1.803,29083_6520923,29083-TXBA-8
6520972,29083,2025-09-27,2025,05,408075,3118,3,1,14:21,1,1,1,20,0,8,3,73,0,1,,,0,0,0,28,0,,1,6520923,6521013,,20.28,0,,115,1,2.5,2.6,0,0,37,0,0,0,TXBA 16,6; OKST D05 (34); OKST D06 (23); OKST D40 (10); OKST D95 (30); OKST D96 (22); OKST D99 (16),,R,,,LCB (0); FS (10); SCBiR (7); SCBoR (6); RCB (3),LOLB (10); DLT (16); NT (22); MLB (23); RE (30); RLB (34),3-3-5,OKST D03 (LCB); OKST D05 (RLB); OKST D06 (MLB); OKST D08 (FS); OKST D10 (RCB); OKST D11 (SCBiR); OKST D14 (SCBoR); OKST D40 (LOLB); OKST D95 (RE); OKST D96 (NT); OKST D99 (DLT),OKST D03 (0.0); OKST D05 (+0.5); OKST D06 (0.0); OKST D08 (0.0); OKST D10 (0.0); OKST D11 (-1.5); OKST D14 (0.0); OKST D40 (0.0); OKST D95 (0.0); OKST D96 (0.0); OKST D99 (0.0),,F,OKST,10,,DLT (16); NT (22); RE (30),,TOUCHDOWN,+0,3,KICKOFF - RETURN,-14,7,SD,-27,,,,,73,,,R,L,,OKST D05,,,,TXBA 13 (QB); TXBA 16 (SLoWR); TXBA 62 (LG); OKST D05 (RLB); OKST D11 (SCBiR),,,,,,,,,,LOLB (0); MLB (5); RLB (4),,C,O,TXBA 62; OKST D11,LWR^; SLoWR; SLiWR; HB-L; RWR^,3x1,TE>SLiWR,3-0-1-1,11,TXBA 06; TXBA 16; TXBA 23; TXBA 34; TXBA 85,TXBA 06 (LWR); TXBA 13 (QB); TXBA 16 (SLoWR); TXBA 23 (HB-L); TXBA 34 (RWR); TXBA 62 (LG); TXBA 66 (RG); TXBA 69 (LT); TXBA 72 (C); TXBA 74 (RT); TXBA 85 (SLiWR),TXBA 06 (0.0); TXBA 13 (+1.0); TXBA 16 (+1.5); TXBA 23 (0.0); TXBA 34 (0.0); TXBA 62 (-0.5); TXBA 66 (0.0); TXBA 69 (0.0); TXBA 72 (0.0); TXBA 74 (0.0); TXBA 85 (0.0),,T,TXBA,TXBA 06; TXBA 34,,5; TXBA 62 (LG); TXBA 66 (RG); TXBA 69 (LT); TXBA 72 (C); TXBA 74 (RT),,3b,OKST D11,,7; OKST D03; OKST D06; OKST D08; OKST D10; OKST D11; OKST D14; OKST D40,36,M,TXBA 13 (QB),LWR 6(10); SLoWR 9s; SLiWR 2(4); HB-L frh2(-5); RWR 2(4),6; 9; 2; H2; 2,TXBA 06 6(10); TXBA 16 9s; TXBA 85 2(4); TXBA 23 frh2(-5); TXBA 34 2(4),SLoWR,TXBA 16,COMPLETE,9s,9R,4; OKST D05 (RLB); OKST D95 (RE); OKST D96 (NT); OKST D99 (DLT),HURRY,11,3L,,,TXBA 23,+0,,,,TXBA 13; TXBA 16; OKST D05,,OKST D05 (O) TXBA 62,0,,,TXBA 13,0,OKST D05,TXBA 62,0,,HB-L,HB-L (-5),,1; TXBA 23 (HB-L),,,,UNDEFINED,,P,,+8,,S,,,,,,,TXBA 16,,,LWR^(-17.5); SLoWR(-11.5); SLiWR(-6.5); RWR^(+18.5),,0,15,0,0,0,,false,3,3,0.282,6.718,Seam,false,11,TXBA 23,TXBA 85,TXBA 06; TXBA 16; TXBA 34,GUN STRONG,TRIPS - OPEN,LWR; SLoWR; SLiWR; HB-L; RWR,3x1,TRIPS - OPEN,NICKEL,OKST D03; OKST D08; OKST D10; OKST D11; OKST D14,OKST D05; OKST D06; OKST D40,OKST D95; OKST D96; OKST D99,UNDER,,COVER 3,,73,,0.491,6.509,29083_6520972,29083-TXBA-8
6521362,29083,2025-09-27,2025,05,408075,3281,3,1,13:20,0,1,1,20,0,9,1,36,0,,,,0,0,0,35,0,,0,6521272,6521427,,20.35,0,,122,0,3.2,5.3,0,0,10,2,0,0,TXBA 22,6; OKST D00 (30); OKST D04 (08); OKST D05 (30); OKST D30 (19); OKST D71 (22); OKST D94 (14),,R,,,LCB (6); SCBL (4); FSR (11); SCBR (5); RCB (2),LOLB (08); LE (14); LILB (19); NT (22); RE (30); RLB (30),3-3-5,OKST D00 (RE); OKST D03 (LCB); OKST D04 (LOLB); OKST D05 (RLB); OKST D10 (RCB); OKST D11 (FSR); OKST D18 (SCBL); OKST D23 (SCBR); OKST D30 (LILB); OKST D71 (NT); OKST D94 (LE),OKST D00 (0.0); OKST D03 (0.0); OKST D04 (0.0); OKST D05 (0.0); OKST D10 (0.0); OKST D11 (+1.5); OKST D18 (-0.5); OKST D23 (0.0); OKST D30 (0.0); OKST D71 (0.0); OKST D94 (0.0),DRIVE START,T,OKST,10,,LE (14); NT (22); RE (30),,FUMBLE,-47,1,PUNT - FC,-21,7,SR,-21,OKST D11,OKST D11,TXBA 22,OKST D18,26,,,R,L,,OKST D04; OKST D94,,,,TXBA 13 (QB); TXBA 22 (HB-R); TXBA 74 (RT); OKST D04 (LOLB); OKST D11 (FSR); OKST D18 (SCBL); OKST D94 (LE),,,,,,,,,,LOLB (0); LILB (4); RLB (4),OKST D04,C,C,TXBA 22; TXBA 74; OKST D18,LWR^; SLWR; HB-R; SRWR; RWR^,2x2,TE>SRWR,3-0-1-1,11,TXBA 02; TXBA 06; TXBA 22; TXBA 34; TXBA 85,TXBA 02 (SLWR); TXBA 06 (LWR); TXBA 13 (QB); TXBA 22 (HB-R); TXBA 34 (RWR); TXBA 62 (LG); TXBA 66 (RG); TXBA 69 (LT); TXBA 72 (C); TXBA 74 (RT); TXBA 85 (SRWR),TXBA 02 (0.0); TXBA 06 (0.0); TXBA 13 (+0.5); TXBA 22 (-0.5); TXBA 34 (0.0); TXBA 62 (0.0); TXBA 66 (0.0); TXBA 69 (0.0); TXBA 72 (0.0); TXBA 74 (-0.5); TXBA 85 (0.0),DRIVE START,F,TXBA,TXBA 06; TXBA 34,,5; TXBA 62 (LG); TXBA 66 (RG); TXBA 69 (LT); TXBA 72 (C); TXBA 74 (RT),,3S,OKST D18,,7; OKST D03; OKST D05; OKST D10; OKST D11; OKST D18; OKST D23; OKST D30,26,R,TXBA 13 (QB),LWR 9; SLWR 3(5); HB-R h8; SRWR 2(5); RWR 26(2),9; 3; H8; 2; 6,TXBA 06 9; TXBA 02 3(5); TXBA 22 h8; TXBA 85 2(5); TXBA 34 26(2),HB-R,TXBA 22,COMPLETE,h8,SA,4; OKST D00 (RE); OKST D04 (LOLB); OKST D71 (NT); OKST D94 (LE),HURRY,48,6R,,,,-47,,,,TXBA 13; OKST D11,,OKST D04 (I) TXBA 74; OKST D94 (CU),0,,,TXBA 13,1,OKST D04; OKST D94,TXBA 74,0,,HB-R,HB-R (-5),,1; TXBA 22 (HB-R),,,,,,P,,+15,,S,,,,OKST D11,,,,,,LWR^(-17.5); SLWR(-6.5); SRWR(+14.5); RWR^(+18.5),,0,16,0,0,1,,false,3,3,-0.205,-3.327,Wheel,false,11,TXBA 22,TXBA 85,TXBA 02; TXBA 06; TXBA 34,GUN STRONG,SLOT - SLOT,LWR; SLWR; HB-R; SRWR; RWR,2x2,SLOT - SLOT,NICKEL,OKST D03; OKST D10; OKST D11; OKST D18; OKST D23,OKST D04; OKST D05; OKST D30,OKST D00; OKST D71; OKST D94,ODD,,COVER 3 SEAM,,79,,-0.055,-3.59,29083_6521362,29083-TXBA-9
6521739,29083,2025-09-27,2025,05,408075,3421,3,1,12:01,1,,0,20,0,10,1,9,0,,,,0,0,0,35,0,,0,6521549,6521758,,20.35,0,,127,0,,,0,0,,5,0,0,TXBA 23,6; OKST D00 (34); OKST D04 (09); OKST D05 (28); OKST D06 (10); OKST D71 (24); OKST D94 (17),,,,,LCB (0); SSL (8); FSR (12); SCBR (5); RCB (0),SSL (08); LOLB (09); LLB (10); DLT (17); DRT (24); RILB (28); ROLB (34),3-3-5,OKST D00 (ROLB); OKST D01 (RCB); OKST D03 (LCB); OKST D04 (LOLB); OKST D05 (RILB); OKST D06 (LLB); OKST D11 (FSR); OKST D18 (SSL); OKST D23 (SCBR); OKST D71 (DRT); OKST D94 (DLT),OKST D00 (0.0); OKST D01 (0.0); OKST D03 (0.0); OKST D04 (0.0); OKST D05 (0.0); OKST D06 (0.0); OKST D11 (0.0); OKST D18 (-0.5); OKST D23 (0.0); OKST D71 (0.0); OKST D94 (-0.5),DRIVE START,F,OKST,10,,DLT (17); DRT (24),,PUNT,-21,5,PUNT - FC,-8,,,-8,OKST D04,,,,9,,,R,L,,,,,,TXBA 23 (HB-L); TXBA 66 (RG); TXBA 72 (C); TXBA 74 (RT); TXBA 85 (TE-R); OKST D04 (LOLB); OKST D05 (RILB); OKST D18 (SSL); OKST D94 (DLT),,,,,,,,,,LOLB (0); LLB (2); RILB (4); ROLB (0),,C,O,OKST D18; OKST D94,LWR^; SLWR; HB-L; TE-R; RWR^,2x2,,3-0-1-1,11,TXBA 02; TXBA 06; TXBA 23; TXBA 34; TXBA 85,TXBA 02 (SLWR); TXBA 06 (LWR); TXBA 13 (QB); TXBA 23 (HB-L); TXBA 34 (RWR); TXBA 62 (LG); TXBA 66 (RG); TXBA 69 (LT); TXBA 72 (C); TXBA 74 (RT); TXBA 85 (TE-R),TXBA 02 (0.0); TXBA 06 (0.0); TXBA 13 (0.0); TXBA 23 (+0.5); TXBA 34 (0.0); TXBA 62 (0.0); TXBA 66 (+0.5); TXBA 69 (0.0); TXBA 72 (+0.5); TXBA 74 (0.0); TXBA 85 (0.0),DRIVE START,T,TXBA,TXBA 06; TXBA 34,,,,1b,,,,,,,LWR 2(3); SLWR 2(5); HB-L r; TE-R r; RWR 2(5),2; 2; -; -; 2,TXBA 06 2(3); TXBA 02 2(5); TXBA 23 r; TXBA 85 r; TXBA 34 2(5),,,,,,,,,,,,,-17,MR,,MR,TXBA 23; TXBA 66; TXBA 72,OKST D01 > TXBA 06; OKST D03 > TXBA 34,,0,,,TXBA 13,0,,,0,,HB-L,HB-L (-5),R,1; TXBA 23 (HB-L),,,,INSIDE ZONE,SPLIT,R,,+15,TXBA 23 (B:B),S,,,,OKST D04,,R,,,,LWR^(-21.5); SLWR(-11.5); RWR^(+18.5),,1,20,0,0,0,,false,3,3,-0.765,0.925,,false,11,TXBA 23,TXBA 85,TXBA 02; TXBA 06; TXBA 34,GUN WEAK,SLOT - PRO,LWR; SLWR; HB-R; TE-R; RWR,2x2,SLOT - PRO,NICKEL,OKST D01; OKST D03; OKST D11; OKST D18; OKST D23,OKST D04; OKST D05; OKST D06,OKST D00; OKST D71; OKST D94,WIDE OVER,,COVER 1,,92,,-1.226,1.042,29083_6521739,29083-TXBA-10
6521758,29083,2025-09-27,2025,05,408075,3447,3,2,11:38,0,,0,20,0,10,2,3,0,1,,,0,0,1,35,0,,0,6521739,6521771,,20.35,0,,128,0,,,0,0,,2,0,0,TXBA 23,6; OKST D00 (30); OKST D03 (11); OKST D04 (10); OKST D06 (22); OKST D71 (22); OKST D94 (15),,,,,FS (10); FSR (11); SCBiR (5); SCBoR (7); RCB (3),LOLB (10); LLB (11); LE (15); NT (22); MLB (22); RE (30),3-3-5,OKST D00 (RE); OKST D01 (RCB); OKST D03 (LLB); OKST D04 (LOLB); OKST D05 (SCBiR); OKST D06 (MLB); OKST D11 (FSR); OKST D18 (FS); OKST D23 (SCBoR); OKST D71 (NT); OKST D94 (LE),OKST D00 (0.0); OKST D01 (0.0); OKST D03 (0.0); OKST D04 (0.0); OKST D05 (0.0); OKST D06 (0.0); OKST D11 (0.0); OKST D18 (0.0); OKST D23 (0.0); OKST D71 (-0.5); OKST D94 (0.0),,F,OKST,1,,LE (15); NT (22); RE (30),,PUNT,-21,5,PUNT - FC,-8,,,-17,OKST D00,,,,3,,,R,L,,,,,,TXBA 66 (RG); TXBA 69 (LT); TXBA 72 (C); OKST D00 (RE); OKST D71 (NT); OKST D94 (LE),,,,,,,,,,LOLB (0); LLB (4); MLB (4),,O,O,TXBA 69; OKST D71,LWR^; SLoWR^; SLiWR; HB-L; FB-R,3x0,TE>FB-R,3-0-1-1,11,TXBA 02; TXBA 06; TXBA 23; TXBA 34; TXBA 85,TXBA 02 (SLiWR); TXBA 06 (LWR); TXBA 13 (QB); TXBA 23 (HB-L); TXBA 34 (SLoWR); TXBA 62 (LG); TXBA 66 (RG); TXBA 69 (LT); TXBA 72 (C); TXBA 74 (RT); TXBA 85 (FB-R),TXBA 02 (0.0); TXBA 06 (0.0); TXBA 13 (0.0); TXBA 23 (0.0); TXBA 34 (0.0); TXBA 62 (0.0); TXBA 66 (0.0); TXBA 69 (-0.5); TXBA 72 (+0.5); TXBA 74 (0.0); TXBA 85 (0.0),,T,TXBA,TXBA 06; TXBA 34,,,,4,,,,,,,LWR z; SLoWR z; SLiWR 0u(-2); HB-L r; FB-R r,-; -; 0; -; -,TXBA 06 z; TXBA 34 z; TXBA 02 0u(-2); TXBA 23 r; TXBA 85 r,,,,,,,,,,,,,-20,ML,,ML,TXBA 72,,,0,,,TXBA 13,0,,,0,,HB-L; FB-R,HB-L (-5); FB-R (-2),R,2; TXBA 23 (HB-L); TXBA 85 (FB-R),,,,INSIDE ZONE,SPLIT,R,,+15,,S,,,,OKST D00,OKST D94,,,,,LWR^(-20.5); SLoWR^(-14.5); SLiWR(-8.5),,1,23,0,0,0,,true,3,3,0.16,-0.399,,false,11,TXBA 23,TXBA 85,TXBA 02; TXBA 06; TXBA 34,GUN SPLIT WEAK,TRIPS - NIX,LWR; SLoWR; SLiWR; HB-L; FB-R,3x0,TRIPS - NIX,NICKEL,OKST D01; OKST D03; OKST D11; OKST D18; OKST D23,OKST D04; OKST D05; OKST D06,OKST D00; OKST D71; OKST D94,ODD,,COVER 4,,83,,-0.184,0.038,29083_6521758,29083-TXBA-10
6521771,29083,2025-09-27,2025,05,408075,3473,3,1,11:07,0,0,0,20,0,10,3,,0,,,,0,0,0,35,0,,1,6521758,6521824,,20.35,0,,129,0,,2.5,0,0,,,0,0,,6; OKST D00 (30); OKST D04 (36); OKST D05 (13); OKST D06 (24); OKST D71 (22); OKST D94 (14),TXBA 34; TXBA 85,L,,,LCB (0); SCBL (3); SSL (9); SCBR (8); RCB (0),SSL (00); LLB (13); LE (14); NT (22); RILB (24); RE (30); ROLB (36),3-3-5,OKST D00 (RE); OKST D01 (RCB); OKST D03 (LCB); OKST D04 (ROLB); OKST D05 (LLB); OKST D06 (RILB); OKST D11 (SCBR); OKST D18 (SSL); OKST D23 (SCBL); OKST D71 (NT); OKST D94 (LE),OKST D00 (0.0); OKST D01 (+1.0); OKST D03 (0.0); OKST D04 (0.0); OKST D05 (0.0); OKST D06 (0.0); OKST D11 (0.0); OKST D18 (0.0); OKST D23 (0.0); OKST D71 (0.0); OKST D94 (0.0),,T,OKST,10,,LE (14); NT (22); RE (30),,PUNT,-21,5,PUNT - FC,-8,6,SD,-20,,,,,0,,,R,L,,,PD,,,TXBA 06 (LWR); OKST D01 (RCB),,,,,,,,,,LLB (4); RILB (5); ROLB (0),,O,O,,LWR^; SLWR; HB-L; SRWR; RWR^,2x2,TE>SRWR,3-0-1-1,11,TXBA 02; TXBA 06; TXBA 23; TXBA 34; TXBA 85,TXBA 02 (SLWR); TXBA 06 (LWR); TXBA 13 (QB); TXBA 23 (HB-L); TXBA 34 (RWR); TXBA 62 (LG); TXBA 66 (RG); TXBA 69 (LT); TXBA 72 (C); TXBA 74 (RT); TXBA 85 (SRWR),TXBA 02 (0.0); TXBA 06 (0.0); TXBA 13 (0.0); TXBA 23 (0.0); TXBA 34 (0.0); TXBA 62 (0.0); TXBA 66 (0.0); TXBA 69 (0.0); TXBA 72 (0.0); TXBA 74 (0.0); TXBA 85 (0.0),,F,TXBA,TXBA 06; TXBA 34,,5; TXBA 62 (LG); TXBA 66 (RG); TXBA 69 (LT); TXBA 72 (C); TXBA 74 (RT),OKST D01,4,OKST D01,,7; OKST D01; OKST D03; OKST D05; OKST D06; OKST D11; OKST D18; OKST D23,14,M,TXBA 13 (QB),LWR 2(5); SLWR 0u(-6); HB-L frh66(3); SRWR 6o(11); RWR xo(15),2; 0; H6; 6; X,TXBA 06 2(5); TXBA 02 0u(-6); TXBA 23 frh66(3); TXBA 85 6o(11); TXBA 34 xo(15),LWR,TXBA 06,INCOMPLETE,2(5),4R,4; OKST D00 (RE); OKST D04 (ROLB); OKST D71 (NT); OKST D94 (LE),,30,4,,,TXBA 23,-20,,,,OKST D01,OKST D01 > TXBA 06; OKST D03 > TXBA 34,,0,,,TXBA 13,0,,,0,,HB-L,HB-L (-5),,1; TXBA 23 (HB-L),,,,UNDEFINED,,P,,+15,TXBA 02* (R:Lx),S,,,,,,,,,,LWR^(-11.5); SLWR(+4.5); SRWR(+16.5); RWR^(+19.5),1; OKST D01,0,15,0,0,0,,false,3,3,-0.239,-0.754,Slant,false,11,TXBA 23,TXBA 85,TXBA 02; TXBA 06; TXBA 34,GUN WEAK,SLOT - SLOT,LWR; HB-L; SRiWR; SRoWR; RWR,1x3,TRIPS - OPEN,NICKEL,OKST D01; OKST D03; OKST D11; OKST D18; OKST D23,OKST D04; OKST D05; OKST D06,OKST D00; OKST D71; OKST D94,ODD,,COVER 4,,80,,-0.146,-0.948,29083_6521771,29083-TXBA-10
6521824,29083,2025-09-27,2025,05,408075,3499,3,2,11:01,0,1,0,20,0,10,4,1,0,,,,0,0,0,35,0,,0,6521771,6521840,,20.35,0,,130,0,2.1,2.4,0,0,6,2,0,0,TXBA 23,5; OKST D04 (08); OKST D06 (24); OKST D71 (25); OKST D94 (17); OKST D95 (34),,L,,,LCB (0); SSL (10); FSR (12); SCBiR (5); SCBoR (6); RCB (3),LOLB (08); SSL (10); DLT (17); RILB (24); DRT (25); REO (34),3-3-5,OKST D01 (RCB); OKST D03 (LCB); OKST D04 (LOLB); OKST D05 (SCBiR); OKST D06 (RILB); OKST D11 (FSR); OKST D18 (SSL); OKST D23 (SCBoR); OKST D71 (DRT); OKST D94 (DLT); OKST D95 (REO),OKST D01 (0.0); OKST D03 (0.0); OKST D04 (+1.0); OKST D05 (0.0); OKST D06 (+0.5); OKST D11 (0.0); OKST D18 (0.0); OKST D23 (0.0); OKST D71 (0.0); OKST D94 (+1.5); OKST D95 (0.0),OKST D95,T,OKST,10,,DLT (17); DRT (25); REO (34),,PUNT,-21,5,PUNT - FC,-8,8,SD,-20,OKST D06,,,,1,,,R,L,,OKST D04; OKST D94,,,,TXBA 23 (HB-R); TXBA 66 (RG); TXBA 74 (RT); OKST D04 (LOLB); OKST D06 (RILB); OKST D94 (DLT),,,,,,,,,,LOLB (0); RILB (5),,C,O,TXBA 66; TXBA 74,LWR^; SLoWR; SLiWR; HB-R; RWR^,3x1,TE>SLiWR,3-0-1-1,11,TXBA 02; TXBA 06; TXBA 23; TXBA 34; TXBA 85,TXBA 02 (SLoWR); TXBA 06 (LWR); TXBA 13 (QB); TXBA 23 (HB-R); TXBA 34 (RWR); TXBA 62 (LG); TXBA 66 (RG); TXBA 69 (LT); TXBA 72 (C); TXBA 74 (RT); TXBA 85 (SLiWR),TXBA 02 (0.0); TXBA 06 (0.0); TXBA 13 (0.0); TXBA 23 (0.0); TXBA 34 (0.0); TXBA 62 (0.0); TXBA 66 (-1.5); TXBA 69 (0.0); TXBA 72 (0.0); TXBA 74 (-1.0); TXBA 85 (0.0),,F,TXBA,TXBA 06; TXBA 34,,5; TXBA 62 (LG); TXBA 66 (RG); TXBA 69 (LT); TXBA 72 (C); TXBA 74 (RT),,1,OKST D06,,7; OKST D01; OKST D03; OKST D05; OKST D06; OKST D11; OKST D18; OKST D23,-5,M,TXBA 13 (QB),LWR 9; SLoWR 3(5); SLiWR 6(4); HB-R h2(-5); RWR 6i(10),9; 3; 6; H2; 6,TXBA 06 9; TXBA 02 3(5); TXBA 85 6(4); TXBA 23 h2(-5); TXBA 34 6i(10),HB-R,TXBA 23,COMPLETE,h2(-5),H2,4; OKST D04 (LOLB); OKST D71 (DRT); OKST D94 (DLT); OKST D95 (REO),HURRY,44,5R,,,,-21,,,,OKST D04; OKST D06; OKST D94,OKST D03 > TXBA 34,OKST D04 (B) TXBA 74; OKST D94 (I) TXBA 66,0,,,TXBA 13,0,OKST D04; OKST D94,TXBA 66; TXBA 74,0,,HB-R,HB-R (-5),,1; TXBA 23 (HB-R),,,,,,P,,+15,,S,,OKST D06,,OKST D06,,,,,,LWR^(-19.5); SLoWR(-8.5); SLiWR(-1.5); RWR^(+18.5),,0,12,0,0,0,,false,3,3,-0.993,-0.969,Flare,false,11,TXBA 23,TXBA 85,TXBA 02; TXBA 06; TXBA 34,GUN WEAK,TRIPS - OPEN,LWR; SLoWR; SLiWR; HB-R; RWR,3x1,TRIPS - OPEN,NICKEL,OKST D01; OKST D03; OKST D11; OKST D18; OKST D23,OKST D04; OKST D05; OKST D06,OKST D71; OKST D94; OKST D95,WIDE UNDER,,COVER 1,,80,,-1.094,-0.913,29083_6521824,29083-TXBA-10
6521840,29083,2025-09-27,2025,05,408075,3527,3,3,10:23,1,0,1,20,0,10,5,,0,,,,0,0,0,35,0,,0,6521824,6521888,,20.35,0,,131,0,2.4,2.5,0,0,,,0,0,,7; OKST D00 (10); OKST D04 (06); OKST D05 (29); OKST D17 (22); OKST D23 (42); OKST D26 (17); OKST D95 (37),TXBA 02; TXBA 06,C,,,LCB (0); FS (11); SCBR (6); RCB (7),LOLB (06); LEO (10); LILB (17); NT (22); ROLB (29); REO (37); ROLB (42),3-3-5,OKST D00 (LEO); OKST D01 (RCB); OKST D03 (LCB); OKST D04 (LOLB); OKST D05 (ROLB); OKST D11 (SCBR); OKST D17 (NT); OKST D18 (FS); OKST D23 (ROLB); OKST D26 (LILB); OKST D95 (REO),OKST D00 (+0.5); OKST D01 (0.0); OKST D03 (0.0); OKST D04 (0.0); OKST D05 (0.0); OKST D11 (+0.5); OKST D17 (0.0); OKST D18 (0.0); OKST D23 (0.0); OKST D26 (0.0); OKST D95 (+0.5),OKST D00; OKST D17; OKST D26,T,OKST,9,,LEO (10); NT (22); REO (37),,PUNT,-21,5,PUNT - FC,-8,7,SD,-21,,,,,0,,,R,L,,OKST D00; OKST D95,IF,,,TXBA 13 (QB); TXBA 66 (RG); TXBA 69 (LT); OKST D00 (LEO); OKST D11 (SCBR); OKST D95 (REO),,,,,,,,,,LOLB (0); LILB (0); ROLB (0); ROLB (1),,C,C,TXBA 13; TXBA 66; TXBA 69,LWR; SLWR^; TE-L; HB-L; RWR^,3x1,,3-0-1-1,11,TXBA 02; TXBA 06; TXBA 07; TXBA 34; TXBA 85,TXBA 02 (SLWR); TXBA 06 (LWR); TXBA 07 (HB-L); TXBA 13 (QB); TXBA 34 (RWR); TXBA 62 (LG); TXBA 66 (RG); TXBA 69 (LT); TXBA 72 (C); TXBA 74 (RT); TXBA 85 (TE-L),TXBA 02 (0.0); TXBA 06 (0.0); TXBA 07 (0.0); TXBA 13 (-0.5); TXBA 34 (0.0); TXBA 62 (0.0); TXBA 66 (-0.5); TXBA 69 (-0.5); TXBA 72 (0.0); TXBA 74 (0.0); TXBA 85 (0.0),TXBA 07,F,TXBA,TXBA 02; TXBA 34,,6; TXBA 07 (HB-L); TXBA 62 (LG); TXBA 66 (RG); TXBA 69 (LT); TXBA 72 (C); TXBA 74 (RT),,3b,OKST D11,,6; OKST D01; OKST D03; OKST D05; OKST D11; OKST D18; OKST D26,34,M,TXBA 13 (QB),LWR 4(15); SLWR 9; TE-L 1; HB-L kl; RWR 8i(8),4; 9; 3; -; 8,TXBA 06 4(15); TXBA 02 9; TXBA 85 1; TXBA 07 kl; TXBA 34 8i(8),SLWR,TXBA 02,INCOMPLETE,9,9R,5; OKST D00 (LEO); OKST D04 (LOLB); OKST D17 (NT); OKST D23 (ROLB); OKST D95 (REO),HURRY,11,3L,,,,-21,,,,OKST D00; OKST D11; OKST D95,OKST D03 > TXBA 34,OKST D00 (B) TXBA 66; OKST D95 (B) TXBA 69,0,,,TXBA 13,0,OKST D00; OKST D95,TXBA 66; TXBA 69,0,,HB-L,HB-L (-5),L,1; TXBA 07 (HB-L),,,,,,P,,+15,,S,,,,,,L,,,,LWR(-7.5); SLWR^(-5.5); RWR^(+19.5),,0,10,0,0,0,,false,3,3,-1.962,-1.047,Go,false,11,TXBA 07,TXBA 85,TXBA 02; TXBA 06; TXBA 34,GUN STRONG,TREY - OPEN,LWR; SLWR; TE-L; HB-L; RWR,3x1,TREY - OPEN,NICKEL,OKST D01; OKST D03; OKST D11; OKST D18; OKST D23,OKST D04; OKST D05; OKST D26,OKST D00; OKST D17; OKST D95,ODD,SINGLE MUG,COVER 3,,79,,-2.007,-0.772,29083_6521840,29083-TXBA-10
6522338,29083,2025-09-27,2025,05,408075,3712,3,1,09:00,1,,0,20,0,11,1,14,0,1,,,0,0,0,35,0,,0,6522091,6522356,,20.35,0,,138,0,,,0,0,,7,0,0,TXBA 22,6; OKST D17 (29); OKST D25 (15); OKST D30 (24); OKST D40 (35); OKST D95 (14); OKST D96 (22),,,,,LCB (2); SCBL (5); FSL (12); SCBR (10); RCB (1),LE (14); LLB (15); NT (22); RILB (24); RE (29); ROLB (35),3-3-5,OKST D01 (LCB); OKST D10 (RCB); OKST D11 (FSL); OKST D17 (RE); OKST D23 (SCBL); OKST D25 (LLB); OKST D30 (RILB); OKST D32 (SCBR); OKST D40 (ROLB); OKST D95 (LE); OKST D96 (NT),OKST D01 (0.0); OKST D10 (0.0); OKST D11 (-1.0); OKST D17 (0.0); OKST D23 (0.0); OKST D25 (0.0); OKST D30 (-1.0); OKST D32 (0.0); OKST D40 (0.0); OKST D95 (0.0); OKST D96 (0.0),DRIVE START,F,OKST,10,,LE (14); NT (22); RE (29),,DOWNS,+45,5,PUNT - FC,-36,,,-36,OKST D11,,,,14,,,L,R,,,,,,TXBA 22 (HB-R); OKST D11 (FSL); OKST D30 (RILB),,,,,,,,,,LLB (4); RILB (5); ROLB (0),OKST D11,C,O,OKST D11; OKST D30,LWR^; SLWR; HB-R; SRWR; RWR^,2x2,TE>SLWR,3-0-1-1,11,TXBA 06; TXBA 16; TXBA 22; TXBA 34; TXBA 82,TXBA 06 (LWR); TXBA 13 (QB); TXBA 16 (SRWR); TXBA 22 (HB-R); TXBA 34 (RWR); TXBA 62 (LG); TXBA 66 (RG); TXBA 69 (LT); TXBA 72 (C); TXBA 74 (RT); TXBA 82 (SLWR),TXBA 06 (0.0); TXBA 13 (0.0); TXBA 16 (0.0); TXBA 22 (+0.5); TXBA 34 (0.0); TXBA 62 (0.0); TXBA 66 (0.0); TXBA 69 (0.0); TXBA 72 (0.0); TXBA 74 (0.0); TXBA 82 (0.0),DRIVE START,T,TXBA,TXBA 06; TXBA 34,,,,3b,,,,,,,LWR 6(7); SLWR r; HB-R r; SRWR r; RWR r,6; -; -; -; -,TXBA 06 6(7); TXBA 82 r; TXBA 22 r; TXBA 16 r; TXBA 34 r,,,,,,,,,,,,,+50,RT,,RT,TXBA 22,OKST D01 > TXBA 34,,0,,,TXBA 13,0,,,0,,HB-R,HB-R (-5),R,1; TXBA 22 (HB-R),,,,MAN,CROSS LEAD,R,,+15,TXBA 82* (L:R{L}),S,,,,OKST D01,,,,,,LWR^(-21.5); SLWR(-11.5); SRWR(+12.5); RWR^(+19.5),,1,21,0,0,0,,false,3,3,1.048,0.985,,false,11,TXBA 22,TXBA 82,TXBA 06; TXBA 16; TXBA 34,GUN WEAK,SLOT - SLOT,LWR; SLWR; HB-R; SRWR; RWR,2x2,SLOT - SLOT,NICKEL,OKST D01; OKST D10; OKST D11; OKST D23; OKST D32,OKST D25; OKST D30; OKST D40,OKST D17; OKST D95; OKST D96,ODD,,COVER 3,,64,,1.286,1.113,29083_6522338,29083-TXBA-11
6522356,29083,2025-09-27,2025,05,408075,3738,3,1,08:43,0,,0,20,0,11,2,4,0,,,,0,0,0,35,0,,0,6522338,6522374,,20.35,0,,139,0,,,0,0,,2,0,0,TXBA 22,5; OKST D06 (24); OKST D17 (19); OKST D40 (09); OKST D95 (33); OKST D96 (27),,,,,LCB (0); SSL (10); FSR (12); SCBiR (5); SCBoR (6); RCB (3),SSL (00); LOLB (09); DLT (19); RILB (24); DRT (27); REO (33),3-3-5,OKST D03 (LCB); OKST D05 (SCBiR); OKST D06 (RILB); OKST D10 (RCB); OKST D11 (FSR); OKST D17 (DLT); OKST D23 (SCBoR); OKST D32 (SSL); OKST D40 (LOLB); OKST D95 (REO); OKST D96 (DRT),OKST D03 (0.0); OKST D05 (0.0); OKST D06 (0.0); OKST D10 (0.0); OKST D11 (0.0); OKST D17 (0.0); OKST D23 (0.0); OKST D32 (0.0); OKST D40 (0.0); OKST D95 (0.0); OKST D96 (0.0),OKST D03; OKST D05; OKST D06,F,OKST,10,,DLT (19); DRT (27); REO (33),,DOWNS,+45,5,PUNT - FC,-36,,,+50,OKST D32,,,,4,,,R,L,,,,,,TXBA 66 (RG); TXBA 74 (RT); OKST D17 (DLT); OKST D40 (LOLB),,,,,,,,,,LOLB (0); RILB (5),,C,O,,LWR^; SLoWR; SLiWR; HB-L; RWR^,3x1,TE>SLiWR,3-0-1-1,11,TXBA 06; TXBA 16; TXBA 22; TXBA 34; TXBA 82,TXBA 06 (LWR); TXBA 13 (QB); TXBA 16 (SLoWR); TXBA 22 (HB-L); TXBA 34 (RWR); TXBA 62 (LG); TXBA 66 (RG); TXBA 69 (LT); TXBA 72 (C); TXBA 74 (RT); TXBA 82 (SLiWR),TXBA 06 (0.0); TXBA 13 (0.0); TXBA 16 (0.0); TXBA 22 (0.0); TXBA 34 (0.0); TXBA 62 (0.0); TXBA 66 (0.0); TXBA 69 (0.0); TXBA 72 (0.0); TXBA 74 (0.0); TXBA 82 (0.0),,T,TXBA,TXBA 06; TXBA 34,,,,3,,,,,,,LWR z; SLoWR 0(-2); SLiWR z; HB-L r; RWR r,-; 0; -; -; -,TXBA 06 z; TXBA 16 0(-2); TXBA 82 z; TXBA 22 r; TXBA 34 r,,,,,,,,,,,,,+46,RG,,RG,,OKST D03 > TXBA 34,,0,,,TXBA 13,0,,,0,,HB-L,HB-L (-5),L,1; TXBA 22 (HB-L),,,,MAN,,R,,+15,,S,,OKST D32,,OKST D32,OKST D40,,,,,LWR^(-20.5); SLoWR(-12.5); SLiWR(-7.5); RWR^(+18.5),,1,32,0,0,0,,true,3,3,2.033,-0.037,,false,11,TXBA 22,TXBA 82,TXBA 06; TXBA 16; TXBA 34,GUN STRONG,TRIPS - OPEN,LWR; SLoWR; SLiWR; HB-L; RWR,3x1,TRIPS - OPEN,NICKEL,OKST D03; OKST D10; OKST D11; OKST D23; OKST D32,OKST D05; OKST D06; OKST D40,OKST D17; OKST D95; OKST D96,WIDE OVER,,COVER 3,,50,,2.399,-0.094,29083_6522356,29083-TXBA-11
6522374,29083,2025-09-27,2025,05,408075,3764,3,2,08:13,0,0,0,20,0,11,3,,0,,,,0,0,0,35,0,-4,1,6522356,6522447,,20.35,0,,140,0,3.0,3.6,0,0,,,0,0,,7; OKST D05 (31); OKST D06 (18); OKST D17 (15); OKST D32 (13); OKST D40 (07); OKST D95 (30); OKST D96 (22),,C,TXBA 82,,LCB (0); SS (8); SSR (10); SCBR (8); RCB (2),LOLB (07); SS (13); LE (15); LILB (18); NT (22); RE (30); RLB (31); SSR (44),3-3-5,OKST D01 (LCB); OKST D05 (RLB); OKST D06 (LILB); OKST D10 (RCB); OKST D11 (SSR); OKST D17 (LE); OKST D23 (SCBR); OKST D32 (SS); OKST D40 (LOLB); OKST D95 (RE); OKST D96 (NT),OKST D01 (0.0); OKST D05 (0.0); OKST D06 (0.0); OKST D10 (0.0); OKST D11 (0.0); OKST D17 (0.0); OKST D23 (0.0); OKST D32 (0.0); OKST D40 (0.0); OKST D95 (0.0); OKST D96 (0.0),OKST D01,,OKST,6,,LE (15); NT (22); RE (30),,DOWNS,+45,5,PUNT - FC,-36,5,SD,+46,,,,,-4,,,R,L,,OKST D40,TA,,,TXBA 13 (QB); OKST D40 (LOLB),,,,,,,,,,LOLB (0); LILB (5); RLB (4),,O,O,TXBA 13,LWR^; SLWR; HB-L; TE-R; RWR^,2x2,,3-0-1-1,11,TXBA 06; TXBA 16; TXBA 22; TXBA 34; TXBA 82,TXBA 06 (LWR); TXBA 13 (QB); TXBA 16 (SLWR); TXBA 22 (HB-L); TXBA 34 (RWR); TXBA 62 (LG); TXBA 66 (RG); TXBA 69 (LT); TXBA 72 (C); TXBA 74 (RT); TXBA 82 (TE-R),TXBA 06 (0.0); TXBA 13 (-0.5); TXBA 16 (0.0); TXBA 22 (0.0); TXBA 34 (0.0); TXBA 62 (0.0); TXBA 66 (0.0); TXBA 69 (0.0); TXBA 72 (0.0); TXBA 74 (0.0); TXBA 82 (0.0),,,TXBA,TXBA 06; TXBA 34,,5; TXBA 62 (LG); TXBA 66 (RG); TXBA 69 (LT); TXBA 72 (C); TXBA 74 (RT),,4,,,7; OKST D01; OKST D05; OKST D06; OKST D10; OKST D11; OKST D23; OKST D32,,X,TXBA 13 (QB),LWR 2(5); SLWR 8(7); HB-L fr; TE-R klxu(-2); RWR 8i(7),2; 8; -; X; 8,TXBA 06 2(5); TXBA 16 8(7); TXBA 22 fr; TXBA 82 klxu(-2); TXBA 34 8i(7),,,THROWN AWAY,,,4; OKST D17 (LE); OKST D40 (LOLB); OKST D95 (RE); OKST D96 (NT),HURRY,,,TXBA 13 ING,,TXBA 22,+50,,,,,OKST D01 > TXBA 34,OKST D40 (CU) TXBA 13,0,,,TXBA 13,0,OKST D40,TXBA 13,0,,HB-L,HB-L (-5),L,1; TXBA 22 (HB-L),,,,MAN,,P,,+15,TXBA 22 (B:B),S,,,,,,R,,,,LWR^(-19.5); SLWR(-10.5); RWR^(+19.5),,1,17,0,0,0,,true,3,3,1.996,-2.001,,false,11,TXBA 22,TXBA 82,TXBA 06; TXBA 16; TXBA 34,GUN WEAK,SLOT - PRO,LWR; SLWR; HB-R; TE-R; RWR,2x2,SLOT - PRO,NICKEL,OKST D01; OKST D10; OKST D11; OKST D23; OKST D32,OKST D05; OKST D06; OKST D40,OKST D17; OKST D95; OKST D96,ODD,,COVER 4,,46,,2.305,-1.835,29083_6522374,29083-TXBA-11
6522447,29083,2025-09-27,2025,05,408075,3798,3,3,08:07,1,1,0,20,0,11,4,8,0,,,,0,0,0,35,0,,1,6522374,6522484,,20.35,1,,141,0,,1.2,0,0,12,2,0,0,TXBA 06,6; OKST D00 (30); OKST D05 (22); OKST D26 (07); OKST D40 (10); OKST D95 (35); OKST D99 (17),TXBA 06; TXBA 16; TXBA 85,L,,,LCB (6); FS (9); SCBiR (7); SCBoR (1); RCB (7),LOLB (07); LOLB (10); DLT (17); MLB (22); RE (30); REO (35),3-3-5,OKST D00 (RE); OKST D01 (LCB); OKST D05 (MLB); OKST D10 (RCB); OKST D11 (SCBiR); OKST D23 (SCBoR); OKST D26 (LOLB); OKST D32 (FS); OKST D40 (LOLB); OKST D95 (REO); OKST D99 (DLT),OKST D00 (0.0); OKST D01 (0.0); OKST D05 (0.0); OKST D10 (+0.5); OKST D11 (0.0); OKST D23 (0.0); OKST D26 (0.0); OKST D32 (0.0); OKST D40 (0.0); OKST D95 (0.0); OKST D99 (0.0),OKST D00; OKST D26; OKST D99,T,OKST,10,,DLT (17); RE (30); REO (35),,DOWNS,+45,5,PUNT - FC,-36,6,SD,+50,OKST D10,,,,8,,,C,C,,,,,,TXBA 69 (LT); TXBA 72 (C); OKST D10 (RCB); OKST D32 (FS),,,,,,,,,,LOLB (0); LOLB (0); MLB (1),,O,O,TXBA 69; TXBA 72,LWR; SLoWR^; SLWR; SLiWR; RWR^,4x1,HB>SLiWR; TE>SLoWR,3-0-1-1,11,TXBA 06; TXBA 16; TXBA 23; TXBA 34; TXBA 85,TXBA 06 (LWR); TXBA 13 (QB); TXBA 16 (SLWR); TXBA 23 (SLiWR); TXBA 34 (RWR); TXBA 62 (LG); TXBA 66 (RG); TXBA 69 (LT); TXBA 72 (C); TXBA 74 (RT); TXBA 85 (SLoWR),TXBA 06 (0.0); TXBA 13 (0.0); TXBA 16 (0.0); TXBA 23 (0.0); TXBA 34 (0.0); TXBA 62 (0.0); TXBA 66 (0.0); TXBA 69 (-0.5); TXBA 72 (-0.5); TXBA 74 (0.0); TXBA 85 (0.0),TXBA 23; TXBA 85,F,TXBA,TXBA 34; TXBA 85,,5; TXBA 62 (LG); TXBA 66 (RG); TXBA 69 (LT); TXBA 72 (C); TXBA 74 (RT),,4b,OKST D05,,5; OKST D01; OKST D05; OKST D10; OKST D11; OKST D32,-4,M,TXBA 13 (QB),LWR 0(-5); SLoWR z; SLWR z; SLiWR 0u(-6); RWR 6(5),0; -; -; 0; 6,TXBA 06 0(-5); TXBA 85 z; TXBA 16 z; TXBA 23 0u(-6); TXBA 34 6(5),LWR,TXBA 06,COMPLETE,0(-5),0R,6; OKST D00 (RE); OKST D23 (SCBoR); OKST D26 (LOLB); OKST D40 (LOLB); OKST D95 (REO); OKST D99 (DLT),,16,3L,,,,+42,,,,OKST D10,OKST D23 > TXBA 85,,0,,,TXBA 13,0,,,0,,EMPTY,,,,,,,POWER,,P,,+15,TXBA 23* (B:L),S,,OKST D10,,OKST D10,,,,,,LWR(-7.5); SLoWR^(-5.5); SLWR(-4.5); SLiWR(-0.5); RWR^(+18.5),,0,19,0,0,0,,false,3,3,-0.005,0.71,WR Screen,false,11,TXBA 23,TXBA 85,TXBA 06; TXBA 16; TXBA 34,GUN EMPTY,QUADS - OPEN,LWR; SLoWR; SLiWR; HB-R; RWR,3x1,TRIPS - OPEN,NICKEL,OKST D01; OKST D10; OKST D11; OKST D23; OKST D32,OKST D05; OKST D26; OKST D40,OKST D00; OKST D95; OKST D99,ONE INTERIOR,SINGLE MUG,COVER 4,,50,,0.47,0.087,29083_6522447,29083-TXBA-11
6522484,29083,2025-09-27,2025,05,408075,3826,3,4,07:29,0,,0,20,0,11,5,-3,0,,,,0,0,1,35,0,,0,6522447,6522524,,20.35,0,,142,0,,,0,0,,-1,0,0,TXBA 07,9; OKST D04 (34); OKST D05 (21); OKST D11 (04); OKST D32 (17); OKST D40 (03); OKST D71 (26); OKST D88 (30); OKST D96 (18); OKST D99 (14),,,,,LCB (0); SCBL (6),LOLB (03); LLB (04); LE (14); LILB (17); DLT (18); MLB (21); DRT (26); RE (30); ROLB (34),4-3-4,OKST D01 (LCB); OKST D04 (ROLB); OKST D05 (MLB); OKST D10 (SCBL); OKST D11 (LLB); OKST D32 (LILB); OKST D40 (LOLB); OKST D71 (DRT); OKST D88 (RE); OKST D96 (DLT); OKST D99 (LE),OKST D01 (0.0); OKST D04 (+0.5); OKST D05 (0.0); OKST D10 (0.0); OKST D11 (+0.5); OKST D32 (0.0); OKST D40 (0.0); OKST D71 (0.0); OKST D88 (+0.5); OKST D96 (+0.5); OKST D99 (0.0),OKST D04; OKST D71; OKST D88; OKST D96,T,OKST,2,,LE (14); DLT (18); DRT (26); RE (30),,DOWNS,+45,5,PUNT - FC,-36,,,+42,OKST D04,,,,-3,,,L,R,,,,,,TXBA 69 (LT); TXBA 72 (C); TXBA 74 (RT); TXBA 85 (TE-iR); OKST D04 (ROLB); OKST D11 (LLB); OKST D71 (DRT); OKST D88 (RE); OKST D96 (DLT),,,,,,,,,,LOLB (1); LLB (3); LILB (5); MLB (4); ROLB (1),OKST D04,O,O,TXBA 69; TXBA 72; TXBA 74; TXBA 85,HB-L; TE-iR; TE-oR^; SRWR; RWR^,0x4,,2-0-1-2,12,TXBA 07; TXBA 16; TXBA 34; TXBA 82; TXBA 85,TXBA 07 (HB-L); TXBA 13 (QB); TXBA 16 (SRWR); TXBA 34 (RWR); TXBA 62 (LG); TXBA 66 (RG); TXBA 69 (LT); TXBA 72 (C); TXBA 74 (RT); TXBA 82 (TE-oR); TXBA 85 (TE-iR),TXBA 07 (0.0); TXBA 13 (0.0); TXBA 16 (0.0); TXBA 34 (0.0); TXBA 62 (0.0); TXBA 66 (0.0); TXBA 69 (-0.5); TXBA 72 (-0.5); TXBA 74 (-1.0); TXBA 82 (0.0); TXBA 85 (-1.0),TXBA 07; TXBA 82,F,TXBA,TXBA 34; TXBA 82,,,,0,,,,,,,,,,,,,,,,,,,,,,+45,ML,,ML,OKST D04; OKST D11; OKST D88; OKST D96,OKST D01 > TXBA 34,,0,,,TXBA 13,0,,,0,,HB-L,HB-L (-5),R,1; TXBA 07 (HB-L),,,,INSIDE ZONE,SPLIT,R,,+15,,S,,OKST D11,,OKST D11,OKST D88,R;R,,,,SRWR(+10.5); RWR^(+17.5),,0,9,0,0,0,,false,3,3,0.705,-3.787,,false,12,TXBA 07,TXBA 82; TXBA 85,TXBA 16; TXBA 34,GUN WEAK,QUADS WING - NIX,HB-L; TE-iR; TE-oR; SRWR; RWR,0x4,QUADS WING - NIX,BASE,OKST D01; OKST D10; OKST D11; OKST D32,OKST D04; OKST D05; OKST D40,OKST D71; OKST D88; OKST D96; OKST D99,EVEN,,COVER 0,,42,,0.557,-3.734,29083_6522484,29083-TXBA-11
6522838,29083,2025-09-27,2025,05,408075,4022,3,1,05:22,1,1,1,27,0,12,1,40,0,1,,,0,0,0,35,0,,0,6522794,6522874,,27.35,0,,150,1,,2.3,0,0,20,3,0,0,TXBA 34,7; OKST D04 (11); OKST D23 (39); OKST D25 (26); OKST D30 (20); OKST D33 (34); OKST D81 (17); OKST D96 (25),,L,,,LCB (0); SCBL (8); FS (10); RCB (7),LOLB (11); DLT (17); LILB (20); DRT (25); RILB (26); REO (34); RLB (39),3-3-5,OKST D03 (LCB); OKST D04 (LOLB); OKST D08 (FS); OKST D10 (RCB); OKST D18 (SCBL); OKST D23 (RLB); OKST D25 (RILB); OKST D30 (LILB); OKST D33 (REO); OKST D81 (DLT); OKST D96 (DRT),OKST D03 (0.0); OKST D04 (+0.5); OKST D08 (0.0); OKST D10 (0.0); OKST D18 (-1.0); OKST D23 (0.0); OKST D25 (0.0); OKST D30 (0.0); OKST D33 (0.0); OKST D81 (0.0); OKST D96 (0.0),DRIVE START,F,OKST,10,,DLT (17); DRT (25); REO (34),,FIELD GOAL,+19,13,KICKOFF - FC,-25,7,SD,-25,OKST D08,,,,40,,,R,L,,,,,,TXBA 13 (QB); TXBA 34 (RWR); TXBA 66 (RG); OKST D04 (LOLB); OKST D18 (SCBL),,,,,,,,,,LOLB (0); LILB (4); RILB (4); RLB (3),,C,O,TXBA 66; OKST D18,LWR^; TE-L; HB-L; SRWR; RWR^,2x2,,3-0-1-1,11,TXBA 02; TXBA 06; TXBA 07; TXBA 34; TXBA 85,TXBA 02 (SRWR); TXBA 06 (LWR); TXBA 07 (HB-L); TXBA 13 (QB); TXBA 34 (RWR); TXBA 62 (LG); TXBA 66 (RG); TXBA 69 (LT); TXBA 72 (C); TXBA 74 (RT); TXBA 85 (TE-L),TXBA 02 (0.0); TXBA 06 (0.0); TXBA 07 (0.0); TXBA 13 (+0.5); TXBA 34 (+0.5); TXBA 62 (0.0); TXBA 66 (-0.5); TXBA 69 (0.0); TXBA 72 (0.0); TXBA 74 (0.0); TXBA 85 (0.0),DRIVE START,T,TXBA,TXBA 06; TXBA 34,,5; TXBA 62 (LG); TXBA 66 (RG); TXBA 69 (LT); TXBA 72 (C); TXBA 74 (RT),,3CLb,OKST D18,,6; OKST D08; OKST D10; OKST D18; OKST D23; OKST D25; OKST D30,20,R,TXBA 13 (QB),LWR 8(7); TE-L 6(3); HB-L h3(-6); SRWR 6o(5); RWR 7i(10),8; 6; H3; 6; 7,TXBA 06 8(7); TXBA 85 6(3); TXBA 07 h3(-6); TXBA 02 6o(5); TXBA 34 7i(10),RWR,TXBA 34,COMPLETE,7i(10),7R,5; OKST D03 (LCB); OKST D04 (LOLB); OKST D33 (REO); OKST D81 (DLT); OKST D96 (DRT),,48,6R,,,,+35,,,,TXBA 13; TXBA 34; OKST D04,OKST D03 > TXBA 34,OKST D04 (O) TXBA 66,0,,,TXBA 13,0,,,0,,HB-L,HB-L (-5),,1; TXBA 07 (HB-L),,,,,,P,,+8,TXBA 02* (L:Rx),S,,,,OKST D08,,L,,,,LWR^(-1.5); SRWR(+12.5); RWR^(+18.5),,0,14,0,1,0,,false,3,3,-0.261,3.436,Corner,false,11,TXBA 07,TXBA 85,TXBA 02; TXBA 06; TXBA 34,GUN STRONG,SLOT - PRO,LWR; SLWR; TE-L; HB-L; RWR,3x1,TREY - OPEN,NICKEL,OKST D03; OKST D08; OKST D10; OKST D18; OKST D23,OKST D04; OKST D25; OKST D30,OKST D33; OKST D81; OKST D96,WIDE UNDER,,COVER 3 CLOUD,,75,,0.31,3.043,29083_6522838,29083-TXBA-12
6522874,29083,2025-09-27,2025,05,408075,4050,3,1,04:54,0,1,0,27,0,12,2,5,0,,,,0,0,0,35,0,,0,6522838,6522904,,27.35,1,,151,0,,1.2,0,0,7,0,0,0,TXBA 02,5; OKST D04 (14); OKST D30 (21); OKST D33 (34); OKST D81 (17); OKST D96 (25),TXBA 02; TXBA 34; TXBA 85,L,,,LCB (7); SCBoL (5); SCBiL (4); FSL (11); FSR (12); RCB (4),LE (14); DLT (17); MLB (21); DRT (25); REO (34),3-3-5,OKST D03 (LCB); OKST D04 (LE); OKST D08 (FSR); OKST D10 (RCB); OKST D18 (FSL); OKST D23 (SCBoL); OKST D25 (SCBiL); OKST D30 (MLB); OKST D33 (REO); OKST D81 (DLT); OKST D96 (DRT),OKST D03 (0.0); OKST D04 (0.0); OKST D08 (0.0); OKST D10 (0.0); OKST D18 (0.0); OKST D23 (0.0); OKST D25 (0.0); OKST D30 (0.0); OKST D33 (0.0); OKST D81 (0.0); OKST D96 (0.0),,F,OKST,10,,LE (14); DLT (17); DRT (25); REO (34),,FIELD GOAL,+19,13,KICKOFF - FC,-25,6,SD,+35,OKST D03,,,,5,,,R,L,,,,,,TXBA 34 (RWR); OKST D23 (SCBoL),,,,,,,,,,MLB (5),,O,O,,LWR^; HB-R; SRiWR; SRoWR; RWR^,1x3,TE>SRiWR,3-0-1-1,11,TXBA 02; TXBA 06; TXBA 07; TXBA 34; TXBA 85,TXBA 02 (SRoWR); TXBA 06 (LWR); TXBA 07 (HB-R); TXBA 13 (QB); TXBA 34 (RWR); TXBA 62 (LG); TXBA 66 (RG); TXBA 69 (LT); TXBA 72 (C); TXBA 74 (RT); TXBA 85 (SRiWR),TXBA 02 (0.0); TXBA 06 (0.0); TXBA 07 (0.0); TXBA 13 (0.0); TXBA 34 (0.0); TXBA 62 (0.0); TXBA 66 (0.0); TXBA 69 (0.0); TXBA 72 (0.0); TXBA 74 (0.0); TXBA 85 (0.0),,T,TXBA,TXBA 06; TXBA 34,,5; TXBA 62 (LG); TXBA 66 (RG); TXBA 69 (LT); TXBA 72 (C); TXBA 74 (RT),,4,OKST D23,,7; OKST D03; OKST D08; OKST D10; OKST D18; OKST D23; OKST D25; OKST D30,-2,R,TXBA 13 (QB),LWR r; HB-R fl; SRiWR z; SRoWR 0(-2); RWR z,-; -; -; 0; -,TXBA 06 r; TXBA 07 fl; TXBA 85 z; TXBA 02 0(-2); TXBA 34 z,SRoWR,TXBA 02,COMPLETE,0(-2),0R,4; OKST D04 (LE); OKST D33 (REO); OKST D81 (DLT); OKST D96 (DRT),,47,6R,,,TXBA 07,+30,,,,,,,0,,,TXBA 13,0,,,0,,HB-R,HB-R (-5),,1; TXBA 07 (HB-R),,,,COUNTER,,P,,+8,,S,,,,OKST D03,,,,,,LWR^(-17.5); SRiWR(+15.5); SRoWR(+18.5); RWR^(+21.5),,1,21,0,0,0,,true,3,3,3.175,0.195,WR Screen,false,11,TXBA 07,TXBA 85,TXBA 02; TXBA 06; TXBA 34,GUN STRONG,TRIPS - OPEN,LWR; HB-R; SRiWR; SRoWR; RWR,1x3,TRIPS - OPEN,NICKEL,OKST D03; OKST D08; OKST D10; OKST D18; OKST D23,OKST D04; OKST D25; OKST D30,OKST D33; OKST D81; OKST D96,WIDE OVER,,COVER 4,,35,,3.353,0.184,29083_6522874,29083-TXBA-12
6522904,29083,2025-09-27,2025,05,408075,4078,3,2,04:30,0,,0,27,0,12,3,,0,,,,0,1,0,35,0,-5,0,6522874,6522921,,27.35,0,,152,0,,,0,0,,,0,0,,6; OKST D03 (01); OKST D04 (10); OKST D30 (23); OKST D33 (30); OKST D81 (16); OKST D96 (22),,,,,FS (11); SSR (10); SCBiR (4); SCBoR (7); RCB (3),LLB (01); LEO (10); DLT (16); NT (22); MLB (23); RE (30); SSR (44),3-3-5,OKST D03 (LLB); OKST D04 (LEO); OKST D08 (SSR); OKST D10 (RCB); OKST D18 (FS); OKST D23 (SCBoR); OKST D25 (SCBiR); OKST D30 (MLB); OKST D33 (RE); OKST D81 (DLT); OKST D96 (NT),OKST D03 (0.0); OKST D04 (0.0); OKST D08 (0.0); OKST D10 (0.0); OKST D18 (0.0); OKST D23 (0.0); OKST D25 (0.0); OKST D30 (0.0); OKST D33 (0.0); OKST D81 (0.0); OKST D96 (0.0),,,OKST,5,,LEO (10); DLT (16); NT (22); RE (30),,FIELD GOAL,+19,13,KICKOFF - FC,-25,,,+30,,,,,-5,,,R,L,,,,,,TXBA 72 (C),,,,,,,,,,LLB (3); MLB (5),,,,TXBA 72,LWR^; SLoWR; SLiWR; HB-L; TE-R^,3x1,,3-0-1-1,11,TXBA 02; TXBA 06; TXBA 07; TXBA 34; TXBA 85,TXBA 02 (SLiWR); TXBA 06 (LWR); TXBA 07 (HB-L); TXBA 13 (QB); TXBA 34 (SLoWR); TXBA 62 (LG); TXBA 66 (RG); TXBA 69 (LT); TXBA 72 (C); TXBA 74 (RT); TXBA 85 (TE-R),TXBA 02 (0.0); TXBA 06 (0.0); TXBA 07 (0.0); TXBA 13 (0.0); TXBA 34 (0.0); TXBA 62 (0.0); TXBA 66 (0.0); TXBA 69 (0.0); TXBA 72 (-1.0); TXBA 74 (0.0); TXBA 85 (0.0),,,TXBA,TXBA 06; TXBA 85,,,,,,,,,,,,,,,,,,,,,,,TXBA 72 FST,,,+35,,,,,,,0,,,TXBA 13,0,,,0,,HB-L,HB-L (-5),,1; TXBA 07 (HB-L),,,,,,X,,+8,,S,,,,,,R,,,,LWR^(-20.5); SLoWR(-13.5); SLiWR(-6.5),,0,19,0,0,0,,true,3,3,3.37,-1.033,,false,11,TXBA 07,TXBA 85,TXBA 02; TXBA 06; TXBA 34,GUN WEAK,TRIPS - CLOSED,LWR; SLoWR; SLiWR; HB-L; TE-R,3x1,TRIPS - CLOSED,NICKEL,OKST D03; OKST D08; OKST D10; OKST D18; OKST D23,OKST D04; OKST D25; OKST D30,OKST D33; OKST D81; OKST D96,OVER,,,,30,,3.537,-0.893,29083_6522904,29083-TXBA-12
6522921,29083,2025-09-27,2025,05,408075,4105,3,2,04:20,0,,0,27,0,12,4,9,0,,,,0,0,0,35,0,,0,6522904,6522953,,27.35,0,,153,0,,,0,0,,4,0,0,TXBA 07,5; OKST D04 (08); OKST D25 (26); OKST D33 (34); OKST D81 (17); OKST D96 (25),,,,,LCB (1); SCBL (4); SSL (10); SSR (10); SCBR (8); RCB (2),SSL (00); LOLB (08); DLT (17); DRT (25); RILB (26); REO (34); SSR (44),3-3-5,OKST D03 (LCB); OKST D04 (LOLB); OKST D06 (SCBL); OKST D08 (SSR); OKST D10 (RCB); OKST D18 (SSL); OKST D23 (SCBR); OKST D25 (RILB); OKST D33 (REO); OKST D81 (DLT); OKST D96 (DRT),OKST D03 (0.0); OKST D04 (0.0); OKST D06 (0.0); OKST D08 (0.0); OKST D10 (0.0); OKST D18 (0.0); OKST D23 (0.0); OKST D25 (-0.5); OKST D33 (+0.5); OKST D81 (0.0); OKST D96 (-1.0),OKST D06,F,OKST,10,,DLT (17); DRT (25); REO (34),,FIELD GOAL,+19,13,KICKOFF - FC,-25,,,+35,OKST D81,,,,9,,,R,L,,,,,,TXBA 07 (HB-L); TXBA 62 (LG); TXBA 66 (RG); TXBA 69 (LT); TXBA 72 (C); TXBA 85 (SRWR); OKST D06 (SCBL); OKST D25 (RILB); OKST D33 (REO); OKST D81 (DLT); OKST D96 (DRT),,,,,,,,,,LOLB (0); RILB (5),,O,O,TXBA 62; TXBA 85; OKST D25; OKST D96,LWR^; SLWR; HB-L; SRWR; RWR^,2x2,TE>SRWR,3-0-1-1,11,TXBA 02; TXBA 06; TXBA 07; TXBA 34; TXBA 85,TXBA 02 (SLWR); TXBA 06 (LWR); TXBA 07 (HB-L); TXBA 13 (QB); TXBA 34 (RWR); TXBA 62 (LG); TXBA 66 (RG); TXBA 69 (LT); TXBA 72 (C); TXBA 74 (RT); TXBA 85 (SRWR),TXBA 02 (0.0); TXBA 06 (0.0); TXBA 07 (+0.5); TXBA 13 (0.0); TXBA 34 (0.0); TXBA 62 (-0.5); TXBA 66 (0.0); TXBA 69 (+0.5); TXBA 72 (+0.5); TXBA 74 (0.0); TXBA 85 (-0.5),,T,TXBA,TXBA 06; TXBA 34,,,,4,,,,,,,LWR 4(5); SLWR 2(5); HB-L r; SRWR r; RWR r,4; 2; -; -; -,TXBA 06 4(5); TXBA 02 2(5); TXBA 07 r; TXBA 85 r; TXBA 34 r,,,,,,,,,,,,,+26,MR,,MR,TXBA 07; TXBA 69; TXBA 72; OKST D33,OKST D03 > TXBA 34; OKST D10 > TXBA 06,,0,,,TXBA 13,0,,,0,,HB-L,HB-L (-5),R,1; TXBA 07 (HB-L),,,,INSIDE ZONE,SPLIT,R,,+8,TXBA 85* (R:L{R}),S,,,,OKST D81,OKST D18,,,,,LWR^(-19.5); SLWR(-11.5); SRWR(+12.5); RWR^(+19.5),,1,16,0,0,0,,false,3,3,2.337,1.118,,false,11,TXBA 07,TXBA 85,TXBA 02; TXBA 06; TXBA 34,GUN WEAK,SLOT - SLOT,LWR; SLWR; HB-L; SRWR; RWR,2x2,SLOT - SLOT,NICKEL,OKST D03; OKST D08; OKST D10; OKST D18; OKST D23,OKST D04; OKST D06; OKST D25,OKST D33; OKST D81; OKST D96,WIDE UNDER,,COVER 4,,35,,2.644,1.322,29083_6522921,29083-TXBA-12
6522953,29083,2025-09-27,2025,05,408075,4131,3,3,03:49,0,,0,27,0,12,5,3,0,1,,,0,0,0,35,0,,0,6522921,6522967,,27.35,0,,154,0,,,0,0,,2,0,0,TXBA 23,6; OKST D04 (09); OKST D06 (17); OKST D25 (26); OKST D33 (33); OKST D81 (19); OKST D96 (28),,,,,LCB (0); SSL (7); SSR (9); SCBR (8); RCB (1),SSL (06); LOLB (09); LILB (17); DLT (19); RILB (26); DRT (28); REO (33); SSR (44),3-3-5,OKST D03 (LCB); OKST D04 (LOLB); OKST D06 (LILB); OKST D08 (SSR); OKST D10 (RCB); OKST D18 (SSL); OKST D23 (SCBR); OKST D25 (RILB); OKST D33 (REO); OKST D81 (DLT); OKST D96 (DRT),OKST D03 (0.0); OKST D04 (0.0); OKST D06 (-0.5); OKST D08 (0.0); OKST D10 (0.0); OKST D18 (0.0); OKST D23 (0.0); OKST D25 (0.0); OKST D33 (0.0); OKST D81 (0.0); OKST D96 (0.0),,F,OKST,1,,DLT (19); DRT (28); REO (33),,FIELD GOAL,+19,13,KICKOFF - FC,-25,,,+26,OKST D96,,,,3,,,R,L,,,,,,TXBA 23 (HB-L); TXBA 69 (LT); TXBA 72 (C); OKST D06 (LILB); OKST D96 (DRT),,,,,,,,,,LOLB (0); LILB (5); RILB (5),,O,O,TXBA 69; OKST D06,LWR^; SLWR; HB-L; TE-R; RWR^,2x2,,3-0-1-1,11,TXBA 02; TXBA 06; TXBA 23; TXBA 34; TXBA 85,TXBA 02 (SLWR); TXBA 06 (LWR); TXBA 13 (QB); TXBA 23 (HB-L); TXBA 34 (RWR); TXBA 62 (LG); TXBA 66 (RG); TXBA 69 (LT); TXBA 72 (C); TXBA 74 (RT); TXBA 85 (TE-R),TXBA 02 (0.0); TXBA 06 (0.0); TXBA 13 (0.0); TXBA 23 (+0.5); TXBA 34 (0.0); TXBA 62 (0.0); TXBA 66 (0.0); TXBA 69 (-0.5); TXBA 72 (+0.5); TXBA 74 (0.0); TXBA 85 (0.0),TXBA 23,T,TXBA,TXBA 06; TXBA 34,,,,4,,,,,,,LWR r; SLWR 6(7); HB-L r; TE-R r; RWR r,-; 6; -; -; -,TXBA 06 r; TXBA 02 6(7); TXBA 23 r; TXBA 85 r; TXBA 34 r,,,,,,,,,,,,,+23,ML,,ML,TXBA 23; TXBA 72,OKST D03 > TXBA 34; OKST D10 > TXBA 06,,0,,,TXBA 13,0,,,0,,HB-L,HB-L (-5),R,1; TXBA 23 (HB-L),,,,INSIDE ZONE,SPLIT,R,,+8,TXBA 23 (B:B),S,,,,OKST D08,OKST D25,R,,,,LWR^(-19.5); SLWR(-11.5); RWR^(+19.5),,1,16,0,0,0,,false,3,3,3.455,0.68,,false,11,TXBA 23,TXBA 85,TXBA 02; TXBA 06; TXBA 34,GUN WEAK,SLOT - PRO,LWR; SLWR; HB-R; TE-R; RWR,2x2,SLOT - PRO,NICKEL,OKST D03; OKST D08; OKST D10; OKST D18; OKST D23,OKST D04; OKST D06; OKST D25,OKST D33; OKST D81; OKST D96,WIDE UNDER,,COVER 4,,26,,3.966,-0.047,29083_6522953,29083-TXBA-12
6522967,29083,2025-09-27,2025,05,408075,4157,3,1,03:16,0,0,0,27,0,12,6,0,0,,,,0,0,0,35,0,,0,6522953,6522995,,27.35,1,,155,0,,1.7,0,0,,2,0,0,TXBA 02,5; OKST D25 (26); OKST D33 (30); OKST D40 (35); OKST D81 (15); OKST D96 (22),,C,,,LCB (1); SCBL (4); FSL (11); SSR (9); SCBR (3); RCB (0),LE (15); NT (22); RILB (26); RE (30); ROLB (35); SSR (44),3-3-5,OKST D03 (RCB); OKST D06 (SCBR); OKST D08 (SSR); OKST D10 (LCB); OKST D18 (FSL); OKST D23 (SCBL); OKST D25 (RILB); OKST D33 (RE); OKST D40 (ROLB); OKST D81 (LE); OKST D96 (NT),OKST D03 (0.0); OKST D06 (+0.5); OKST D08 (0.0); OKST D10 (0.0); OKST D18 (0.0); OKST D23 (0.0); OKST D25 (+0.5); OKST D33 (0.0); OKST D40 (0.0); OKST D81 (0.0); OKST D96 (0.0),OKST D40,T,OKST,10,,LE (15); NT (22); RE (30),,FIELD GOAL,+19,13,KICKOFF - FC,-25,6,SD,+23,OKST D25,,,,0,,,R,L,,,,,,TXBA 02 (SRWR); TXBA 85 (SLWR); OKST D06 (SCBR); OKST D25 (RILB),,,,,,,,,,RILB (5); ROLB (0),,C,O,TXBA 85,LWR^; SLWR; HB-L; SRWR; RWR^,2x2,TE>SLWR,3-0-1-1,11,TXBA 02; TXBA 06; TXBA 23; TXBA 34; TXBA 85,TXBA 02 (SRWR); TXBA 06 (RWR); TXBA 13 (QB); TXBA 23 (HB-L); TXBA 34 (LWR); TXBA 62 (LG); TXBA 66 (RG); TXBA 69 (LT); TXBA 72 (C); TXBA 74 (RT); TXBA 85 (SLWR),TXBA 02 (0.0); TXBA 06 (0.0); TXBA 13 (0.0); TXBA 23 (0.0); TXBA 34 (0.0); TXBA 62 (0.0); TXBA 66 (0.0); TXBA 69 (0.0); TXBA 72 (0.0); TXBA 74 (0.0); TXBA 85 (-0.5),,F,TXBA,TXBA 06; TXBA 34,,5; TXBA 62 (LG); TXBA 66 (RG); TXBA 69 (LT); TXBA 72 (C); TXBA 74 (RT),,3S,,,7; OKST D03; OKST D06; OKST D08; OKST D10; OKST D18; OKST D23; OKST D25,-7,M,TXBA 13 (QB),LWR z; SLWR z; HB-L z; SRWR xg(-7); RWR r,-; -; -; X; -,TXBA 34 z; TXBA 85 z; TXBA 23 z; TXBA 02 xg(-7); TXBA 06 r,,,LATERAL,,,4; OKST D33 (RE); OKST D40 (ROLB); OKST D81 (LE); OKST D96 (NT),,21,4,,,,+23,,,,OKST D06; OKST D25,OKST D03 > TXBA 34; OKST D10 > TXBA 06,,0,,,TXBA 13,0,,,0,,HB-L,HB-L (-5),,1; TXBA 23 (HB-L),,,,,,P,,+8,TXBA 02* (R:L{R}),S,,OKST D25,,OKST D25,OKST D06,,,,,LWR^(-12.5); SLWR(-4.5); SRWR(+9.5); RWR^(+18.5),,0,13,0,0,0,,false,3,3,4.135,-0.628,,false,11,TXBA 23,TXBA 85,TXBA 02; TXBA 06; TXBA 34,GUN STRONG,SLOT - SLOT,LWR; SLWR; HB-L; SRWR; RWR,2x2,SLOT - SLOT,NICKEL,OKST D03; OKST D08; OKST D10; OKST D18; OKST D23,OKST D06; OKST D25; OKST D40,OKST D33; OKST D81; OKST D96,ODD,,COVER 3 SEAM,,23,,3.919,-0.592,29083_6522967,29083-TXBA-12
6522995,29083,2025-09-27,2025,05,408075,4183,3,2,02:43,0,,0,27,0,12,7,3,0,,,,0,0,0,35,0,,0,6522967,6523019,,27.35,0,,156,0,,,0,0,,3,0,0,TXBA 23,7; OKST D06 (27); OKST D08 (00); OKST D25 (18); OKST D33 (14); OKST D40 (38); OKST D81 (29); OKST D96 (22),,,,,LCB (7); SCBL (8); FS (10); RCB (8),LLB (00); LE (14); LILB (18); NT (22); RILB (27); RE (29); ROLB (38),3-3-5,OKST D03 (LCB); OKST D06 (RILB); OKST D08 (LLB); OKST D10 (RCB); OKST D18 (FS); OKST D23 (SCBL); OKST D25 (LILB); OKST D33 (LE); OKST D40 (ROLB); OKST D81 (RE); OKST D96 (NT),OKST D03 (0.0); OKST D06 (+0.5); OKST D08 (0.0); OKST D10 (0.0); OKST D18 (0.0); OKST D23 (0.0); OKST D25 (0.0); OKST D33 (-0.5); OKST D40 (0.0); OKST D81 (0.0); OKST D96 (-0.5),,T,OKST,10,,LE (14); NT (22); RE (29),,FIELD GOAL,+19,13,KICKOFF - FC,-25,,,+23,OKST D08,,,,3,,,L,R,,,,,,TXBA 66 (RG); TXBA 72 (C); TXBA 74 (RT); TXBA 85 (TE-L); OKST D06 (RILB); OKST D08 (LLB); OKST D33 (LE); OKST D96 (NT),,,,,,,,,,LLB (6); LILB (5); RILB (5); ROLB (0),OKST D08,O,O,TXBA 85; OKST D33; OKST D96,LWR^; TE-L; HB-R; SRWR; RWR^,2x2,,3-0-1-1,11,TXBA 02; TXBA 06; TXBA 23; TXBA 34; TXBA 85,TXBA 02 (SRWR); TXBA 06 (LWR); TXBA 13 (QB); TXBA 23 (HB-R); TXBA 34 (RWR); TXBA 62 (LG); TXBA 66 (RG); TXBA 69 (LT); TXBA 72 (C); TXBA 74 (RT); TXBA 85 (TE-L),TXBA 02 (0.0); TXBA 06 (0.0); TXBA 13 (0.0); TXBA 23 (0.0); TXBA 34 (0.0); TXBA 62 (0.0); TXBA 66 (0.0); TXBA 69 (0.0); TXBA 72 (+0.5); TXBA 74 (+0.5); TXBA 85 (-0.5),,F,TXBA,TXBA 06; TXBA 34,,,,2,,,,,,,LWR r; TE-L r; HB-R r; SRWR 6(5); RWR 6(5),-; -; -; 6; 6,TXBA 06 r; TXBA 85 r; TXBA 23 r; TXBA 02 6(5); TXBA 34 6(5),,,,,,,,,,,,,+20,RT,,RT,TXBA 72; TXBA 74; OKST D06,,,0,,,TXBA 13,0,,,0,,HB-R,HB-R (-5),L,1; TXBA 23 (HB-R),,,,INSIDE ZONE,SPLIT,R,,+8,TXBA 23 (B:B),S,,OKST D06,,OKST D06,OKST D25,L,,,,LWR^(-21.5); SRWR(+12.5); RWR^(+18.5),,1,13,0,0,0,,false,3,3,3.507,-0.448,,false,11,TXBA 23,TXBA 85,TXBA 02; TXBA 06; TXBA 34,GUN WEAK,SLOT - PRO,LWR; TE-L; HB-L; SRWR; RWR,2x2,SLOT - PRO,NICKEL,OKST D03; OKST D08; OKST D10; OKST D18; OKST D23,OKST D06; OKST D25; OKST D40,OKST D33; OKST D81; OKST D96,ODD,,COVER 2,,23,,3.327,-0.333,29083_6522995,29083-TXBA-12
6523019,29083,2025-09-27,2025,05,408075,4209,3,3,02:04,0,,0,27,0,12,8,9,0,1,,,0,0,0,35,0,,0,6522995,6523134,,27.35,0,,157,0,,,0,0,,3,0,0,TXBA 22,6; OKST D00 (16); OKST D25 (07); OKST D26 (21); OKST D40 (35); OKST D95 (07); OKST D99 (26),,,,,LCB (0); SCBL (5); SSL (9); SSR (10); RCB (1),SSL (00); LLB (07); LEO (07); DLT (16); MLB (21); DRT (26); ROLB (35); SSR (36),3-3-5,OKST D00 (DLT); OKST D01 (LCB); OKST D08 (SSL); OKST D10 (RCB); OKST D18 (SSR); OKST D23 (SCBL); OKST D25 (LLB); OKST D26 (MLB); OKST D40 (ROLB); OKST D95 (LEO); OKST D99 (DRT),OKST D00 (0.0); OKST D01 (0.0); OKST D08 (0.0); OKST D10 (0.0); OKST D18 (0.0); OKST D23 (0.0); OKST D25 (0.0); OKST D26 (0.0); OKST D40 (0.0); OKST D95 (0.0); OKST D99 (-0.5),OKST D00; OKST D01; OKST D26; OKST D95; OKST D99,F,OKST,7,,LEO (07); DLT (16); DRT (26),,FIELD GOAL,+19,13,KICKOFF - FC,-25,,,+20,OKST D26,,,,9,,,L,R,,,,OKST D40; OKST D95,,TXBA 22 (HB-L); TXBA 62 (LG); TXBA 66 (RG); TXBA 72 (C); OKST D00 (DLT); OKST D99 (DRT),,,,,,,,,,LLB (4); MLB (4); ROLB (0),,C,O,TXBA 66; OKST D99,LWR^; HB-L; TE-R; SRWR; RWR^,1x3,,3-0-1-1,11,TXBA 02; TXBA 06; TXBA 22; TXBA 34; TXBA 85,TXBA 02 (SRWR); TXBA 06 (LWR); TXBA 13 (QB); TXBA 22 (HB-L); TXBA 34 (RWR); TXBA 62 (LG); TXBA 66 (RG); TXBA 69 (LT); TXBA 72 (C); TXBA 74 (RT); TXBA 85 (TE-R),TXBA 02 (0.0); TXBA 06 (0.0); TXBA 13 (0.0); TXBA 22 (+0.5); TXBA 34 (0.0); TXBA 62 (+0.5); TXBA 66 (-0.5); TXBA 69 (0.0); TXBA 72 (+0.5); TXBA 74 (0.0); TXBA 85 (0.0),TXBA 22,T,TXBA,TXBA 06; TXBA 34,,,,3S,,,,,,,LWR 2(3); HB-L r; TE-R r; SRWR 6(8); RWR 6(5),2; -; -; 6; 6,TXBA 06 2(3); TXBA 22 r; TXBA 85 r; TXBA 02 6(8); TXBA 34 6(5),,,,,,,,,,,,,+11,LG,,LG,TXBA 22; TXBA 62; TXBA 72,OKST D01 > TXBA 34; OKST D10 > TXBA 06,,0,,,TXBA 13,0,,,0,,HB-L,HB-L (-5),R,1; TXBA 22 (HB-L),,,,INSIDE ZONE,SPLIT,R,,+8,TXBA 22 (B:B),S,,,,OKST D26,OKST D18,R,,,,LWR^(-19.5); SRWR(+11.5); RWR^(+17.5),,1,7,0,0,0,,true,3,3,3.059,1.936,,true,11,TXBA 22,TXBA 85,TXBA 02; TXBA 06; TXBA 34,GUN WEAK,TREY - OPEN,LWR; HB-R; TE-R; SRWR; RWR,1x3,TREY - OPEN,NICKEL,OKST D01; OKST D08; OKST D10; OKST D18; OKST D23,OKST D25; OKST D26; OKST D40,OKST D00; OKST D95; OKST D99,WIDE OVER,,COVER 3 SEAM,,20,,2.994,1.329,29083_6523019,29083-TXBA-12
6523134,29083,2025-09-27,2025,05,408075,4235,3,1,01:37,0,,0,27,0,12,9,3,0,,,,0,1,0,35,0,-10,0,6523019,6523196,,27.35,0,,158,0,,,0,0,,1,0,0,TXBA 22,8; OKST D04 (34); OKST D05 (11); OKST D10 (40); OKST D18 (29); OKST D30 (22); OKST D33 (15); OKST D81 (29); OKST D96 (22),TXBA 06; TXBA 34,,,,LCB (8); SCBoL (5); SCBiL (9); SS (8),LLB (11); LE (15); NT (22); MLB (22); SS (29); RE (29); REO (34); RLB (40),3-3-5,OKST D01 (LCB); OKST D04 (REO); OKST D05 (LLB); OKST D08 (SCBiL); OKST D10 (RLB); OKST D18 (SS); OKST D23 (SCBoL); OKST D30 (MLB); OKST D33 (LE); OKST D81 (RE); OKST D96 (NT),OKST D01 (0.0); OKST D04 (+0.5); OKST D05 (0.0); OKST D08 (0.0); OKST D10 (0.0); OKST D18 (0.0); OKST D23 (0.0); OKST D30 (-0.5); OKST D33 (0.0); OKST D81 (+0.5); OKST D96 (0.0),OKST D04; OKST D05; OKST D30; OKST D33; OKST D81; OKST D96,T,OKST,10,,LE (15); NT (22); RE (29); REO (34),,FIELD GOAL,+19,13,KICKOFF - FC,-25,,,+11,OKST D81,,,,-10,,,L,R,,,,,,TXBA 66 (RG); TXBA 69 (LT); TXBA 74 (RT); OKST D04 (REO); OKST D30 (MLB); OKST D81 (RE),,,,,,,,,,LLB (4); MLB (4); RLB (6),,O,O,TXBA 66; TXBA 69; OKST D30,TE-L^; HB-R; SRiWR; SRoWR^; RWR,1x3,,3-0-1-1,11,TXBA 02; TXBA 06; TXBA 22; TXBA 34; TXBA 82,TXBA 02 (SRiWR); TXBA 06 (RWR); TXBA 13 (QB); TXBA 22 (HB-R); TXBA 34 (SRoWR); TXBA 62 (LG); TXBA 66 (RG); TXBA 69 (LT); TXBA 72 (C); TXBA 74 (RT); TXBA 82 (TE-L),TXBA 02 (0.0); TXBA 06 (0.0); TXBA 13 (0.0); TXBA 22 (0.0); TXBA 34 (0.0); TXBA 62 (0.0); TXBA 66 (-0.5); TXBA 69 (-1.0); TXBA 72 (0.0); TXBA 74 (+0.5); TXBA 82 (0.0),TXBA 82,F,TXBA,TXBA 34; TXBA 82,,,,RZ,,,,,,,TE-L r; HB-R r; SRiWR 1; SRoWR z; RWR z,-; -; 3; -; -,TXBA 82 r; TXBA 22 r; TXBA 02 1; TXBA 34 z; TXBA 06 z,,,,,,,,,,TXBA 69 OH,,,+21,LE,,LE,TXBA 74; OKST D04; OKST D81,,,0,,,TXBA 13,0,,,0,,HB-R,HB-R (-5),L,1; TXBA 22 (HB-R),,,,COUNTER,,R,,+8,TXBA 02* (R:L{R}>L:R{R}),S,,OKST D18,,OKST D18,OKST D81,L,,,,SRiWR(-3.5); SRoWR^(+7.5); RWR(+9.5),,1,26,0,0,0,,false,3,3,4.995,-1.108,,false,11,TXBA 22,TXBA 82,TXBA 02; TXBA 06; TXBA 34,GUN WEAK,TRIPS - CLOSED,TE-L; HB-R; SRiWR; SRoWR; RWR,1x3,TRIPS - CLOSED,NICKEL,OKST D01; OKST D08; OKST D10; OKST D18; OKST D23,OKST D04; OKST D05; OKST D30,OKST D33; OKST D81; OKST D96,ODD,,RED ZONE,,11,,4.323,-1.241,29083_6523134,29083-TXBA-12
6523196,29083,2025-09-27,2025,05,408075,4272,3,1,01:16,0,,0,27,0,12,10,,0,,,,0,1,0,35,0,-5,0,6523134,6523224,,27.35,0,,159,0,,,0,0,,,0,0,,6; OKST D04 (07); OKST D05 (22); OKST D30 (09); OKST D33 (15); OKST D81 (29); OKST D96 (22),,,,,LCB (1); SSL (10); FS (12); SCBR (4); RCB (1),SSL (00); LOLB (07); LLB (09); LE (15); NT (22); MLB (22); RE (29),3-3-5,OKST D01 (LCB); OKST D04 (LOLB); OKST D05 (MLB); OKST D08 (SSL); OKST D10 (RCB); OKST D18 (FS); OKST D23 (SCBR); OKST D30 (LLB); OKST D33 (LE); OKST D81 (RE); OKST D96 (NT),OKST D01 (0.0); OKST D04 (0.0); OKST D05 (0.0); OKST D08 (0.0); OKST D10 (0.0); OKST D18 (0.0); OKST D23 (0.0); OKST D30 (0.0); OKST D33 (0.0); OKST D81 (0.0); OKST D96 (0.0),,,OKST,20,,LE (15); NT (22); RE (29),,FIELD GOAL,+19,13,KICKOFF - FC,-25,,,+21,,,,,-5,,,L,R,,,,,,TXBA 66 (RG); TXBA 72 (C),,,,,,,,,,LOLB (0); LLB (5); MLB (4),,,,TXBA 66; TXBA 72,LWR^; SLWR; HB-R; TE-R; RWR^,2x2,,3-0-1-1,11,TXBA 02; TXBA 06; TXBA 23; TXBA 34; TXBA 82,TXBA 02 (SLWR); TXBA 06 (LWR); TXBA 13 (QB); TXBA 23 (HB-R); TXBA 34 (RWR); TXBA 62 (LG); TXBA 66 (RG); TXBA 69 (LT); TXBA 72 (C); TXBA 74 (RT); TXBA 82 (TE-R),TXBA 02 (0.0); TXBA 06 (0.0); TXBA 13 (0.0); TXBA 23 (0.0); TXBA 34 (0.0); TXBA 62 (0.0); TXBA 66 (-1.0); TXBA 69 (0.0); TXBA 72 (-1.0); TXBA 74 (0.0); TXBA 82 (0.0),TXBA 23,,TXBA,TXBA 06; TXBA 34,,,,,,,,,,,,,,,,,,,,,,,TXBA 72 FST,,,+26,,,,,OKST D01 > TXBA 34; OKST D10 > TXBA 06,,0,,,TXBA 13,0,,,0,,HB-R,HB-R (-5),,1; TXBA 23 (HB-R),,,,,,X,,+8,TXBA 02* (L:Rx),S,,,,,,R,,,,LWR^(-20.5); SLWR(-6.5); RWR^(+12.5),,0,11,0,0,0,,false,3,3,3.887,-0.681,,false,11,TXBA 23,TXBA 82,TXBA 02; TXBA 06; TXBA 34,GUN STRONG,SLOT - PRO,LWR; SLWR; HB-R; TE-R; RWR,2x2,SLOT - PRO,NICKEL,OKST D01; OKST D08; OKST D10; OKST D18; OKST D23,OKST D04; OKST D05; OKST D30,OKST D33; OKST D81; OKST D96,ODD,,,,21,,3.082,-0.466,29083_6523196,29083-TXBA-12
6523224,29083,2025-09-27,2025,05,408075,4299,3,1,01:03,0,,0,27,0,12,11,0,0,,,,0,0,0,35,0,,0,6523196,6523268,,27.35,0,,160,0,,,0,0,,1,0,0,TXBA 23,6; OKST D04 (34); OKST D05 (09); OKST D30 (23); OKST D33 (10); OKST D81 (25); OKST D96 (16),,,,,LCB (6); SCBoL (6); SCBiL (9); SSR (10); RCB (1),LLB (09); LEO (10); DLT (16); MLB (23); DRT (25); ROLB (34); SSR (35),3-3-5,OKST D01 (LCB); OKST D04 (ROLB); OKST D05 (LLB); OKST D08 (SCBiL); OKST D10 (RCB); OKST D18 (SSR); OKST D23 (SCBoL); OKST D30 (MLB); OKST D33 (LEO); OKST D81 (DRT); OKST D96 (DLT),OKST D01 (0.0); OKST D04 (+1.0); OKST D05 (0.0); OKST D08 (0.0); OKST D10 (0.0); OKST D18 (0.0); OKST D23 (0.0); OKST D30 (0.0); OKST D33 (0.0); OKST D81 (+0.5); OKST D96 (0.0),,T,OKST,25,,LEO (10); DLT (16); DRT (25),,FIELD GOAL,+19,13,KICKOFF - FC,-25,,,+26,OKST D04,,,,0,,,L,R,,,,,,TXBA 62 (LG); TXBA 69 (LT); TXBA 82 (SRiWR); OKST D04 (ROLB); OKST D30 (MLB); OKST D81 (DRT),,,,,,,,,,LLB (4); MLB (5); ROLB (0),,O,O,TXBA 62; TXBA 82,LWR^; HB-L; SRiWR; SRoWR; RWR^,1x3,TE>SRiWR,3-0-1-1,11,TXBA 02; TXBA 06; TXBA 23; TXBA 34; TXBA 82,TXBA 02 (SRoWR); TXBA 06 (LWR); TXBA 13 (QB); TXBA 23 (HB-L); TXBA 34 (RWR); TXBA 62 (LG); TXBA 66 (RG); TXBA 69 (LT); TXBA 72 (C); TXBA 74 (RT); TXBA 82 (SRiWR),TXBA 02 (0.0); TXBA 06 (0.0); TXBA 13 (0.0); TXBA 23 (0.0); TXBA 34 (0.0); TXBA 62 (-1.0); TXBA 66 (0.0); TXBA 69 (0.0); TXBA 72 (0.0); TXBA 74 (0.0); TXBA 82 (-1.0),,F,TXBA,TXBA 06; TXBA 34,,,,4,,,,,,,LWR 8(9); HB-L r; SRiWR r; SRoWR 6(4); RWR 6(4),8; -; -; 6; 6,TXBA 06 8(9); TXBA 23 r; TXBA 82 r; TXBA 02 6(4); TXBA 34 6(4),,,,,,,,,,,,,+26,LG,,LG,OKST D04; OKST D81,OKST D10 > TXBA 06,,0,,,TXBA 13,0,,,0,,HB-L,HB-L (-5),R,1; TXBA 23 (HB-L),,,,INSIDE ZONE,SPLIT,R,,+8,TXBA 82* (R:L{R}),S,,OKST D04,,OKST D04,,,,,,LWR^(-17.5); SRiWR(-1.5); SRoWR(+13.5); RWR^(+18.5),,1,15,0,0,0,,false,3,3,3.206,-0.666,,false,11,TXBA 23,TXBA 82,TXBA 02; TXBA 06; TXBA 34,GUN WEAK,TRIPS - OPEN,LWR; HB-L; SRiWR; SRoWR; RWR,1x3,TRIPS - OPEN,NICKEL,OKST D01; OKST D08; OKST D10; OKST D18; OKST D23,OKST D04; OKST D05; OKST D30,OKST D33; OKST D81; OKST D96,WIDE OVER,,COVER 4,,26,,2.616,-0.271,29083_6523224,29083-TXBA-12
6523268,29083,2025-09-27,2025,05,408075,4325,3,2,00:28,0,1,0,27,0,12,12,7,0,,,,0,0,0,35,0,,0,6523224,6523521,,27.35,0,,161,0,,2.0,0,0,2,2,0,0,TXBA 34,6; OKST D04 (35); OKST D05 (18); OKST D18 (29); OKST D33 (14); OKST D81 (29); OKST D96 (22),TXBA 06; TXBA 85,L,,,LCB (1); SCBL (6); SSL (10); SS (8); SCBR (5); RCB (1),SSL (00); LE (14); LILB (18); NT (22); SS (29); RE (29); ROLB (35),3-3-5,OKST D01 (LCB); OKST D04 (ROLB); OKST D05 (LILB); OKST D08 (SSL); OKST D10 (RCB); OKST D18 (SS); OKST D23 (SCBL); OKST D26 (SCBR); OKST D33 (LE); OKST D81 (RE); OKST D96 (NT),OKST D01 (0.0); OKST D04 (0.0); OKST D05 (0.0); OKST D08 (0.0); OKST D10 (0.0); OKST D18 (0.0); OKST D23 (0.0); OKST D26 (0.0); OKST D33 (0.0); OKST D81 (0.0); OKST D96 (0.0),OKST D26,T,OKST,25,,LE (14); NT (22); RE (29),,FIELD GOAL,+19,13,KICKOFF - FC,-25,7,SD,+26,OKST D01,,,,7,,,L,R,,,,,,,,,,,,,,,,LILB (5); ROLB (0),,C,O,,LWR^; SLWR; HB-L; SRWR; RWR^,2x2,TE>SLWR,3-0-1-1,11,TXBA 02; TXBA 06; TXBA 23; TXBA 34; TXBA 85,TXBA 02 (SRWR); TXBA 06 (LWR); TXBA 13 (QB); TXBA 23 (HB-L); TXBA 34 (RWR); TXBA 62 (LG); TXBA 66 (RG); TXBA 69 (LT); TXBA 72 (C); TXBA 74 (RT); TXBA 85 (SLWR),TXBA 02 (0.0); TXBA 06 (0.0); TXBA 13 (0.0); TXBA 23 (0.0); TXBA 34 (0.0); TXBA 62 (0.0); TXBA 66 (0.0); TXBA 69 (0.0); TXBA 72 (0.0); TXBA 74 (0.0); TXBA 85 (0.0),TXBA 85,F,TXBA,TXBA 06; TXBA 34,,5; TXBA 62 (LG); TXBA 66 (RG); TXBA 69 (LT); TXBA 72 (C); TXBA 74 (RT),,3S,OKST D01,,8; OKST D01; OKST D04; OKST D05; OKST D08; OKST D10; OKST D18; OKST D23; OKST D26,5,M,TXBA 13 (QB),LWR 29s(6); SLWR 3(7)/; HB-L h3(-4); SRWR 9o; RWR xd(1),9; 3; H3; 9; X,TXBA 06 29s(6); TXBA 85 3(7)/; TXBA 23 h3(-4); TXBA 02 9o; TXBA 34 xd(1),RWR,TXBA 34,COMPLETE,xd(1),2R,3; OKST D33 (LE); OKST D81 (RE); OKST D96 (NT),,33,4,,,,+19,,,,,OKST D01 > TXBA 34; OKST D10 > TXBA 06,,0,,,TXBA 13,0,,,0,,HB-L,HB-L (-5),,1; TXBA 23 (HB-L),,,,,,P,,+8,,S,,OKST D01,,OKST D01,,,,,,LWR^(-17.5); SLWR(-16.5); SRWR(+11.5); RWR^(+17.5),1; OKST D01,0,11,0,0,0,,false,3,3,2.54,-0.006,Drag,false,11,TXBA 23,TXBA 85,TXBA 02; TXBA 06; TXBA 34,GUN STRONG,SLOT - SLOT,LWR; SLWR; HB-L; SRWR; RWR,2x2,SLOT - SLOT,NICKEL,OKST D01; OKST D08; OKST D10; OKST D18; OKST D23,OKST D04; OKST D05; OKST D26,OKST D33; OKST D81; OKST D96,ODD,,COVER 3 SEAM,,26,,2.345,-0.098,29083_6523268,29083-TXBA-12
6523521,29083,2025-09-27,2025,05,408075,4362,4,3,15:00,0,0,0,27,0,12,13,,0,,,,0,0,0,35,0,,0,6523268,6523554,,27.35,0,,162,0,2.7,5.1,0,0,,,0,0,,5; OKST D00 (29); OKST D04 (09); OKST D05 (25); OKST D95 (35); OKST D99 (18),TXBA 06; TXBA 85,R,,,LCB (6); SCBL (6); FS (13); SSR (10); SCBR (5); RCB (7),LOLB (09); DLT (18); RILB (25); RE (29); REO (35); SSR (43),3-3-5,OKST D00 (RE); OKST D01 (LCB); OKST D04 (LOLB); OKST D05 (RILB); OKST D08 (SSR); OKST D10 (RCB); OKST D11 (FS); OKST D23 (SCBL); OKST D26 (SCBR); OKST D95 (REO); OKST D99 (DLT),OKST D00 (0.0); OKST D01 (0.0); OKST D04 (0.0); OKST D05 (0.0); OKST D08 (0.0); OKST D10 (0.0); OKST D11 (0.0); OKST D23 (0.0); OKST D26 (+1.0); OKST D95 (0.0); OKST D99 (0.0),OKST D00; OKST D11; OKST D95; OKST D99,T,OKST,18,,DLT (18); RE (29); REO (35),,FIELD GOAL,+19,13,KICKOFF - FC,-25,7,SR,+19,,,,,0,,,R,L,,,PD,,,TXBA 85 (SLWR); OKST D26 (SCBR),,,,,,,,,,LOLB (0); RILB (5),,C,O,,LWR^; SLWR; HB-L; SRWR; RWR^,2x2,TE>SLWR,3-0-1-1,11,TXBA 02; TXBA 06; TXBA 23; TXBA 34; TXBA 85,TXBA 02 (SRWR); TXBA 06 (LWR); TXBA 13 (QB); TXBA 23 (HB-L); TXBA 34 (RWR); TXBA 62 (LG); TXBA 66 (RG); TXBA 69 (LT); TXBA 72 (C); TXBA 74 (RT); TXBA 85 (SLWR),TXBA 02 (0.0); TXBA 06 (0.0); TXBA 13 (0.0); TXBA 23 (0.0); TXBA 34 (0.0); TXBA 62 (0.0); TXBA 66 (0.0); TXBA 69 (0.0); TXBA 72 (0.0); TXBA 74 (0.0); TXBA 85 (0.0),,F,TXBA,TXBA 06; TXBA 34,,5; TXBA 62 (LG); TXBA 66 (RG); TXBA 69 (LT); TXBA 72 (C); TXBA 74 (RT),OKST D26,3S,OKST D26,,7; OKST D01; OKST D05; OKST D08; OKST D10; OKST D11; OKST D23; OKST D26,16,R,TXBA 13 (QB),LWR 8(12); SLWR xo(7); HB-L h3(-3); SRWR xg(-7); RWR 7(9),8; X; H3; X; 7,TXBA 06 8(12); TXBA 85 xo(7); TXBA 23 h3(-3); TXBA 02 xg(-7); TXBA 34 7(9),SLWR,TXBA 85,INCOMPLETE,xo(7),SA,4; OKST D00 (RE); OKST D04 (LOLB); OKST D95 (REO); OKST D99 (DLT),,47,6R,,,,+19,,,,OKST D26,,,0,,,TXBA 13,1,,,0,,HB-L,HB-L (-5),,1; TXBA 23 (HB-L),,,,,,P,,+8,TXBA 02* (R:L{R}),S,,,,,,,,,,LWR^(-8.5); SLWR(-6.5); SRWR(+5.5); RWR^(+12.5),1; OKST D26,0,21,0,0,0,,false,3,3,2.534,-0.574,Over,false,11,TXBA 23,TXBA 85,TXBA 02; TXBA 06; TXBA 34,GUN STRONG,SLOT - SLOT,LWR; SLWR; HB-L; SRWR; RWR,2x2,SLOT - SLOT,NICKEL,OKST D01; OKST D08; OKST D10; OKST D11; OKST D23,OKST D04; OKST D05; OKST D26,OKST D00; OKST D95; OKST D99,WIDE OVER,,COVER 3 SEAM,,19,,2.247,-0.356,29083_6523521,29083-TXBA-12
6524034,29083,2025-09-27,2025,05,408075,4620,4,1,12:00,0,,0,27,0,13,1,5,0,,,,0,1,0,38,0,-5,0,6523849,6524080,,27.38,0,,172,0,,,0,0,,3,0,0,TXBA 22,6; OKST D04 (33); OKST D05 (11); OKST D06 (23); OKST D17 (15); OKST D71 (22); OKST D95 (29),TXBA 16; TXBA 34,,,,LCB (7); SCBL (2); FS (9); SSR (10); RCB (1),LLB (11); LE (15); NT (22); MLB (23); RE (29); ROLB (33); SSR (44),3-3-5,OKST D03 (LCB); OKST D04 (ROLB); OKST D05 (LLB); OKST D06 (MLB); OKST D10 (RCB); OKST D11 (SSR); OKST D17 (LE); OKST D23 (SCBL); OKST D32 (FS); OKST D71 (NT); OKST D95 (RE),OKST D03 (0.0); OKST D04 (0.0); OKST D05 (0.0); OKST D06 (0.0); OKST D10 (-0.5); OKST D11 (-1.0); OKST D17 (0.0); OKST D23 (0.0); OKST D32 (0.0); OKST D71 (+0.5); OKST D95 (+0.5),DRIVE START,F,OKST,10,,LE (15); NT (22); RE (29),,TOUCHDOWN,+0,14,PUNT - RETURN,-11,,,-11,OKST D11,,,,-5,,,R,L,,,,,,TXBA 22 (HB-L); TXBA 62 (LG); TXBA 66 (RG); TXBA 69 (LT); TXBA 72 (C); OKST D04 (ROLB); OKST D05 (LLB); OKST D10 (RCB); OKST D11 (SSR); OKST D71 (NT); OKST D95 (RE),,,,,,,,,,LLB (4); MLB (4); ROLB (0),OKST D11,O,O,TXBA 62; TXBA 66; TXBA 69; TXBA 72; OKST D10; OKST D11,LWR^; HB-L; FB-R; SRWR^; RWR,1x2,TE>FB-R,3-0-1-1,11,TXBA 06; TXBA 16; TXBA 22; TXBA 34; TXBA 85,TXBA 06 (LWR); TXBA 13 (QB); TXBA 16 (RWR); TXBA 22 (HB-L); TXBA 34 (SRWR); TXBA 62 (LG); TXBA 66 (RG); TXBA 69 (LT); TXBA 72 (C); TXBA 74 (RT); TXBA 85 (FB-R),TXBA 06 (0.0); TXBA 13 (0.0); TXBA 16 (0.0); TXBA 22 (+0.5); TXBA 34 (0.0); TXBA 62 (-0.5); TXBA 66 (-0.5); TXBA 69 (-1.0); TXBA 72 (-0.5); TXBA 74 (0.0); TXBA 85 (0.0),DRIVE START,T,TXBA,TXBA 06; TXBA 34,,,,4,,,,,,,LWR 2(3); HB-L r; FB-R r; SRWR r; RWR r,2; -; -; -; -,TXBA 06 2(3); TXBA 22 r; TXBA 85 r; TXBA 34 r; TXBA 16 r,,,,,,,,,,TXBA 69 OH,,,-6,LE,FORCED,ML,TXBA 22; OKST D71; OKST D95,OKST D10 > TXBA 06; OKST D23 > TXBA 34,,0,,,TXBA 13,0,,,0,,HB-L; FB-R,HB-L (-5); FB-R (-2),L,2; TXBA 22 (HB-L); TXBA 85 (FB-R),,,,MAN,CROSS LEAD,R,,+11,,S,,,,OKST D10,,,,,,LWR^(-17.5); SRWR^(+11.5); RWR(+12.5),,1,22,0,0,0,,false,3,3,-0.455,-0.508,,false,11,TXBA 22,TXBA 85,TXBA 06; TXBA 16; TXBA 34,GUN SPLIT STRONG,SLOT - OPEN,LWR; HB-L; FB-R; SRWR; RWR,1x2,SLOT - OPEN,NICKEL,OKST D03; OKST D10; OKST D11; OKST D23; OKST D32,OKST D04; OKST D05; OKST D06,OKST D17; OKST D71; OKST D95,ODD,,COVER 4,,89,,-0.962,-0.837,29083_6524034,29083-TXBA-13
6524080,29083,2025-09-27,2025,05,408075,4657,4,1,11:44,0,,0,27,0,13,2,5,0,,,,0,0,0,38,0,,0,6524034,6524100,,27.38,0,,173,0,,,0,0,,2,0,0,TXBA 27,5; OKST D04 (34); OKST D06 (22); OKST D17 (15); OKST D71 (22); OKST D95 (30),TXBA 16; TXBA 34,,,,LCB (7); SCBoL (5); SCBiL (3); SSL (9); SSR (9); RCB (0),SSL (00); LE (15); NT (22); MLB (22); RE (30); ROLB (34); SSR (44),3-3-5,OKST D03 (LCB); OKST D04 (ROLB); OKST D05 (SCBiL); OKST D06 (MLB); OKST D10 (RCB); OKST D11 (SSR); OKST D17 (LE); OKST D23 (SCBoL); OKST D32 (SSL); OKST D71 (NT); OKST D95 (RE),OKST D03 (0.0); OKST D04 (0.0); OKST D05 (0.0); OKST D06 (0.0); OKST D10 (0.0); OKST D11 (0.0); OKST D17 (0.0); OKST D23 (0.0); OKST D32 (0.0); OKST D71 (0.0); OKST D95 (-0.5),,T,OKST,15,,LE (15); NT (22); RE (30),,TOUCHDOWN,+0,14,PUNT - RETURN,-11,,,-6,OKST D06,,,,5,,,R,L,,,,,,TXBA 27 (HB-L); TXBA 62 (LG); TXBA 66 (RG); TXBA 69 (LT); TXBA 72 (C); OKST D05 (SCBiL); OKST D06 (MLB); OKST D71 (NT); OKST D95 (RE),,,,,,,,,,MLB (4); ROLB (0),,O,O,TXBA 72; OKST D95,LWR^; HB-L; SRiWR; SRoWR; RWR^,1x3,TE>SRiWR,3-0-1-1,11,TXBA 06; TXBA 16; TXBA 27; TXBA 34; TXBA 85,TXBA 06 (LWR); TXBA 13 (QB); TXBA 16 (SRoWR); TXBA 27 (HB-L); TXBA 34 (RWR); TXBA 62 (LG); TXBA 66 (RG); TXBA 69 (LT); TXBA 72 (C); TXBA 74 (RT); TXBA 85 (SRiWR),TXBA 06 (0.0); TXBA 13 (0.0); TXBA 16 (0.0); TXBA 27 (+0.5); TXBA 34 (0.0); TXBA 62 (+0.5); TXBA 66 (0.0); TXBA 69 (0.0); TXBA 72 (-0.5); TXBA 74 (0.0); TXBA 85 (0.0),TXBA 27,F,TXBA,TXBA 06; TXBA 34,,,,4,,,,,,,LWR r; HB-L r; SRiWR r; SRoWR 6(2); RWR 6(3),-; -; -; 6; 6,TXBA 06 r; TXBA 27 r; TXBA 85 r; TXBA 16 6(2); TXBA 34 6(3),,,,,,,,,,,,,-11,LG,,LG,TXBA 27; TXBA 62,OKST D10 > TXBA 06,,0,,,TXBA 13,0,,,0,,HB-L,HB-L (-5),R,1; TXBA 27 (HB-L),,,,INSIDE ZONE,SPLIT,R,,+11,TXBA 85* (R:L{R}),S,,OKST D06,,OKST D06,OKST D05,,,,,LWR^(-10.5); SRiWR(+10.5); SRoWR(+19.5); RWR^(+22.5),,1,18,0,0,0,,false,3,3,-0.963,-0.226,,false,11,TXBA 27,TXBA 85,TXBA 06; TXBA 16; TXBA 34,GUN WEAK,TRIPS - OPEN,LWR; HB-L; SRiWR; SRoWR; RWR,1x3,TRIPS - OPEN,NICKEL,OKST D03; OKST D10; OKST D11; OKST D23; OKST D32,OKST D04; OKST D05; OKST D06,OKST D17; OKST D71; OKST D95,ODD,,COVER 4,,94,,-1.799,-0.066,29083_6524080,29083-TXBA-13
6524100,29083,2025-09-27,2025,05,408075,4683,4,2,11:15,0,1,0,27,0,13,3,5,0,,,,0,0,0,38,0,,0,6524080,6524109,,27.38,0,,174,0,,1.8,0,0,6,3,0,0,TXBA 27,6; OKST D04 (11); OKST D05 (27); OKST D06 (15); OKST D17 (19); OKST D71 (27); OKST D95 (35),TXBA 34; TXBA 85,L,,,LCB (6); SCBL (8); SSR (9); SCBR (8); RCB (2),LOLB (11); LLB (15); DLT (19); DRT (27); RILB (27); ROLB (35); SSR (44),3-3-5,OKST D03 (LCB); OKST D04 (LOLB); OKST D05 (RILB); OKST D06 (LLB); OKST D10 (RCB); OKST D11 (SSR); OKST D17 (DLT); OKST D23 (SCBR); OKST D32 (SCBL); OKST D71 (DRT); OKST D95 (ROLB),OKST D03 (0.0); OKST D04 (0.0); OKST D05 (0.0); OKST D06 (0.0); OKST D10 (0.0); OKST D11 (0.0); OKST D17 (0.0); OKST D23 (0.0); OKST D32 (0.0); OKST D71 (0.0); OKST D95 (0.0),,F,OKST,10,,DLT (19); DRT (27),,TOUCHDOWN,+0,14,PUNT - RETURN,-11,6,SD,-11,OKST D06,,,,5,,,C,C,,,,,,,,,,,,,,,,LOLB (0); LLB (5); RILB (5); ROLB (0),,O,O,,LWR^; SLWR; HB-R; SRWR^; RWR,2x2,TE>SRWR,3-0-1-1,11,TXBA 06; TXBA 16; TXBA 27; TXBA 34; TXBA 85,TXBA 06 (LWR); TXBA 13 (QB); TXBA 16 (SLWR); TXBA 27 (HB-R); TXBA 34 (RWR); TXBA 62 (LG); TXBA 66 (RG); TXBA 69 (LT); TXBA 72 (C); TXBA 74 (RT); TXBA 85 (SRWR),TXBA 06 (0.0); TXBA 13 (0.0); TXBA 16 (0.0); TXBA 27 (0.0); TXBA 34 (0.0); TXBA 62 (0.0); TXBA 66 (0.0); TXBA 69 (0.0); TXBA 72 (0.0); TXBA 74 (0.0); TXBA 85 (0.0),,T,TXBA,TXBA 06; TXBA 85,,5; TXBA 62 (LG); TXBA 66 (RG); TXBA 69 (LT); TXBA 72 (C); TXBA 74 (RT),,4,OKST D06,,7; OKST D03; OKST D05; OKST D06; OKST D10; OKST D11; OKST D23; OKST D32,-1,M,TXBA 13 (QB),LWR 2(4); SLWR 2(4); HB-R h21(-1); SRWR 7(10); RWR 6(5),2; 2; H4; 7; 6,TXBA 06 2(4); TXBA 16 2(4); TXBA 27 h21(-1); TXBA 85 7(10); TXBA 34 6(5),HB-R,TXBA 27,COMPLETE,h21(-1),H2,4; OKST D04 (LOLB); OKST D17 (DLT); OKST D71 (DRT); OKST D95 (ROLB),,44,5R,,,,-16,,,,,,,0,,,TXBA 13,0,,,0,,HB-R,HB-R (-5),,1; TXBA 27 (HB-R),,,,,,P,,+11,,S,,OKST D06,,OKST D06,,,,,,LWR^(-19.5); SLWR(-14.5); SRWR^(+10.5); RWR(+11.5),,0,19,0,0,0,,true,3,3,-1.189,0.146,Flat,false,11,TXBA 27,TXBA 85,TXBA 06; TXBA 16; TXBA 34,GUN STRONG,SLOT - SLOT,LWR; SLWR; HB-R; SRWR; RWR,2x2,SLOT - SLOT,NICKEL,OKST D03; OKST D10; OKST D11; OKST D23; OKST D32,OKST D04; OKST D05; OKST D06,OKST D17; OKST D71; OKST D95,WIDE UNDER,,COVER 4,,89,,-1.865,-0.268,29083_6524100,29083-TXBA-13
6524109,29083,2025-09-27,2025,05,408075,4711,4,3,10:50,0,1,0,27,0,13,4,7,0,1,,,0,0,0,38,0,,0,6524100,6524135,,27.38,0,,175,1,,1.7,0,0,1,1,0,0,TXBA 85,5; OKST D04 (11); OKST D06 (20); OKST D17 (19); OKST D71 (28); OKST D95 (34),,R,,,LCB (0); SSL (8); FSR (11); SCBiR (4); SCBoR (5); RCB (7),SSL (09); LOLB (11); DLT (19); LILB (20); DRT (28); ROLB (34),3-3-5,OKST D03 (LCB); OKST D04 (LOLB); OKST D05 (SCBiR); OKST D06 (LILB); OKST D10 (RCB); OKST D11 (FSR); OKST D17 (DLT); OKST D23 (SCBoR); OKST D32 (SSL); OKST D71 (DRT); OKST D95 (ROLB),OKST D03 (0.0); OKST D04 (0.0); OKST D05 (0.0); OKST D06 (0.0); OKST D10 (0.0); OKST D11 (0.0); OKST D17 (0.0); OKST D23 (-0.5); OKST D32 (0.0); OKST D71 (0.0); OKST D95 (0.0),,F,OKST,5,,DLT (19); DRT (28),,TOUCHDOWN,+0,14,PUNT - RETURN,-11,7,SD,-16,OKST D23,,,,7,,,R,L,,,,,,TXBA 13 (QB); TXBA 85 (SLoWR); OKST D23 (SCBoR),,,,,,,,,,LOLB (0); LILB (4); ROLB (0),,O,O,OKST D23,LWR^; SLoWR; SLiWR; HB-R; RWR^,3x1,TE>SLoWR,3-0-1-1,11,TXBA 06; TXBA 16; TXBA 27; TXBA 34; TXBA 85,TXBA 06 (LWR); TXBA 13 (QB); TXBA 16 (SLiWR); TXBA 27 (HB-R); TXBA 34 (RWR); TXBA 62 (LG); TXBA 66 (RG); TXBA 69 (LT); TXBA 72 (C); TXBA 74 (RT); TXBA 85 (SLoWR),TXBA 06 (0.0); TXBA 13 (0.0); TXBA 16 (0.0); TXBA 27 (0.0); TXBA 34 (0.0); TXBA 62 (0.0); TXBA 66 (0.0); TXBA 69 (0.0); TXBA 72 (0.0); TXBA 74 (0.0); TXBA 85 (+0.5),,T,TXBA,TXBA 06; TXBA 34,,5; TXBA 62 (LG); TXBA 66 (RG); TXBA 69 (LT); TXBA 72 (C); TXBA 74 (RT),,4,OKST D23,,7; OKST D03; OKST D05; OKST D06; OKST D10; OKST D11; OKST D23; OKST D32,6,M,TXBA 13 (QB),LWR 2(4); SLoWR 2(4); SLiWR 2(3); HB-R h2(-5); RWR 6i(10),2; 2; 2; H2; 6,TXBA 06 2(4); TXBA 85 2(4); TXBA 16 2(3); TXBA 27 h2(-5); TXBA 34 6i(10),SLoWR,TXBA 85,COMPLETE,2(4),2R,4; OKST D04 (LOLB); OKST D17 (DLT); OKST D71 (DRT); OKST D95 (ROLB),,20,4,,,,-23,,,,TXBA 85,OKST D03 > TXBA 34; OKST D10 > TXBA 06,,0,,,TXBA 13,0,,,0,,HB-R,HB-R (-5),,1; TXBA 27 (HB-R),,,,,,P,,+11,TXBA 85* (R:Lx),S,,,,OKST D23,,,,,,LWR^(-18.5); SLoWR(-11.5); SLiWR(-4.5); RWR^(+19.5),,0,14,0,0,0,,false,3,3,-1.043,1.115,Slant,false,11,TXBA 27,TXBA 85,TXBA 06; TXBA 16; TXBA 34,GUN WEAK,TRIPS - OPEN,LWR; SLWR; HB-R; TE-R; RWR,2x2,SLOT - PRO,NICKEL,OKST D03; OKST D10; OKST D11; OKST D23; OKST D32,OKST D04; OKST D05; OKST D06,OKST D17; OKST D71; OKST D95,WIDE OVER,,COVER 4,,84,,-2.133,2.261,29083_6524109,29083-TXBA-13
6524135,29083,2025-09-27,2025,05,408075,4739,4,1,10:23,0,,0,27,0,13,5,2,0,,,,0,1,0,38,0,-10,0,6524109,6524159,,27.38,0,,176,1,,,0,0,,2,0,0,TXBA 27,5; OKST D04 (36); OKST D17 (29); OKST D30 (20); OKST D95 (14); OKST D96 (22),,,,,LCB (1); SCBoL (6); SCBiL (4); SSL (9); SSR (10); RCB (1),SSL (00); LE (14); LILB (20); NT (22); RE (29); SSR (33); ROLB (36),3-3-5,OKST D03 (LCB); OKST D04 (ROLB); OKST D05 (SCBiL); OKST D10 (RCB); OKST D11 (SSL); OKST D17 (RE); OKST D23 (SCBoL); OKST D30 (LILB); OKST D32 (SSR); OKST D95 (LE); OKST D96 (NT),OKST D03 (0.0); OKST D04 (+0.5); OKST D05 (+0.5); OKST D10 (0.0); OKST D11 (0.0); OKST D17 (0.0); OKST D23 (0.0); OKST D30 (0.0); OKST D32 (0.0); OKST D95 (-0.5); OKST D96 (0.0),OKST D30; OKST D96,T,OKST,10,,LE (14); NT (22); RE (29),,TOUCHDOWN,+0,14,PUNT - RETURN,-11,,,-23,OKST D05,,,,-10,,,L,R,,,,,,TXBA 69 (LT); TXBA 74 (RT); OKST D04 (ROLB); OKST D05 (SCBiL); OKST D95 (LE),,,,,,,,,,LILB (5); ROLB (0),,O,O,TXBA 69; OKST D95,LWR^; HB-R; SRiWR; SRoWR; RWR^,1x3,TE>SRiWR,3-0-1-1,11,TXBA 06; TXBA 16; TXBA 27; TXBA 34; TXBA 82,TXBA 06 (LWR); TXBA 13 (QB); TXBA 16 (SRoWR); TXBA 27 (HB-R); TXBA 34 (RWR); TXBA 62 (LG); TXBA 66 (RG); TXBA 69 (LT); TXBA 72 (C); TXBA 74 (RT); TXBA 82 (SRiWR),TXBA 06 (0.0); TXBA 13 (0.0); TXBA 16 (0.0); TXBA 27 (0.0); TXBA 34 (0.0); TXBA 62 (0.0); TXBA 66 (0.0); TXBA 69 (-1.0); TXBA 72 (0.0); TXBA 74 (+0.5); TXBA 82 (0.0),TXBA 82,F,TXBA,TXBA 06; TXBA 34,,,,4,,,,,,,LWR r; HB-R r; SRiWR z; SRoWR 0(-2); RWR z,-; -; -; 0; -,TXBA 06 r; TXBA 27 r; TXBA 82 z; TXBA 16 0(-2); TXBA 34 z,,,,,,,,,,TXBA 69 OH,,,-13,RT,,RT,TXBA 74; OKST D04; OKST D05,OKST D03 > TXBA 34; OKST D10 > TXBA 06,,0,,,TXBA 13,0,,,0,,HB-R,HB-R (-5),L,1; TXBA 27 (HB-R),,,,INSIDE ZONE,,R,,+11,,S,,OKST D05,,OKST D05,,,,,,LWR^(-20.5); SRiWR(+9.5); SRoWR(+14.5); RWR^(+18.5),,1,18,0,0,0,,false,3,3,0.072,-0.758,,false,11,TXBA 27,TXBA 82,TXBA 06; TXBA 16; TXBA 34,GUN STRONG,TRIPS - OPEN,LWR; HB-R; SRiWR; SRoWR; RWR,1x3,TRIPS - OPEN,NICKEL,OKST D03; OKST D10; OKST D11; OKST D23; OKST D32,OKST D04; OKST D05; OKST D30,OKST D17; OKST D95; OKST D96,ODD,,COVER 4,,77,,0.128,-1.656,29083_6524135,29083-TXBA-13
6524159,29083,2025-09-27,2025,05,408075,4776,4,1,09:58,0,1,0,27,0,13,6,,0,,,,0,0,0,38,0,0,0,6524135,6524203,,27.38,0,,177,1,1.9,3.0,0,0,,,0,0,,5; OKST D04 (08); OKST D05 (27); OKST D17 (29); OKST D95 (14); OKST D96 (22),,R,,,LCB (1); SCBL (5); FSL (11); FSR (11); SCBR (3); RCB (6),LOLB (08); LE (14); NT (22); RILB (27); RE (29),3-3-5,OKST D01 (RCB); OKST D03 (LCB); OKST D04 (LOLB); OKST D05 (RILB); OKST D11 (FSL); OKST D17 (RE); OKST D23 (SCBR); OKST D30 (SCBL); OKST D32 (FSR); OKST D95 (LE); OKST D96 (NT),OKST D01 (0.0); OKST D03 (0.0); OKST D04 (+0.5); OKST D05 (0.0); OKST D11 (0.0); OKST D17 (0.0); OKST D23 (0.0); OKST D30 (0.0); OKST D32 (0.0); OKST D95 (0.0); OKST D96 (0.0),OKST D01,T,OKST,20,,LE (14); NT (22); RE (29),,TOUCHDOWN,+0,14,PUNT - RETURN,-11,7,SR,-13,,,,,0,,,L,R,,OKST D04,DP,,,TXBA 06 (SRWR); TXBA 74 (RT); OKST D04 (LOLB); OKST D30 (SCBL),,,,,,,,,,LOLB (0); RILB (5),,O,O,TXBA 06; TXBA 74,LWR^; SLWR; HB-L; SRWR; RWR^,2x2,TE>SLWR,3-0-1-1,11,TXBA 06; TXBA 16; TXBA 23; TXBA 34; TXBA 82,TXBA 06 (SRWR); TXBA 13 (QB); TXBA 16 (LWR); TXBA 23 (HB-L); TXBA 34 (RWR); TXBA 62 (LG); TXBA 66 (RG); TXBA 69 (LT); TXBA 72 (C); TXBA 74 (RT); TXBA 82 (SLWR),TXBA 06 (-1.0); TXBA 13 (0.0); TXBA 16 (0.0); TXBA 23 (0.0); TXBA 34 (0.0); TXBA 62 (0.0); TXBA 66 (0.0); TXBA 69 (0.0); TXBA 72 (0.0); TXBA 74 (-1.0); TXBA 82 (0.0),TXBA 23,F,TXBA,TXBA 16; TXBA 34,,5; TXBA 62 (LG); TXBA 66 (RG); TXBA 69 (LT); TXBA 72 (C); TXBA 74 (RT),,4,OKST D30,,7; OKST D01; OKST D03; OKST D05; OKST D11; OKST D23; OKST D30; OKST D32,3,M,TXBA 13 (QB),LWR 9; SLWR 4(11); HB-L h3(-4); SRWR 12(4); RWR 9o,9; 4; H3; 4; 9,TXBA 16 9; TXBA 82 4(11); TXBA 23 h3(-4); TXBA 06 12(4); TXBA 34 9o,SRWR,TXBA 06,INCOMPLETE,12(4),12R,4; OKST D04 (LOLB); OKST D17 (RE); OKST D95 (LE); OKST D96 (NT),HURRY,30,4,(D) TXBA 74 OH,,,-13,,,,OKST D04,OKST D03 > TXBA 34,OKST D04 (O) TXBA 74,0,,,TXBA 13,1,OKST D04,TXBA 74,0,,HB-L,HB-L (-5),,1; TXBA 23 (HB-L),,,,,,P,,+11,TXBA 06* (B:R),S,,,,,,,,,,LWR^(-19.5); SLWR(-14.5); SRWR(+6.5); RWR^(+17.5),,0,6,0,0,0,,false,3,3,-0.686,-0.781,Whip-In,false,11,TXBA 23,TXBA 82,TXBA 06; TXBA 16; TXBA 34,GUN STRONG,SLOT - SLOT,LWR; SLWR; HB-L; HB-R; RWR,2x1,SLOT - OPEN,NICKEL,OKST D01; OKST D03; OKST D11; OKST D23; OKST D32,OKST D04; OKST D05; OKST D30,OKST D17; OKST D95; OKST D96,ODD,,COVER 4,,87,,-1.528,-0.555,29083_6524159,29083-TXBA-13
6524203,29083,2025-09-27,2025,05,408075,4813,4,2,09:52,0,1,0,27,0,13,7,9,0,,,,0,0,0,38,0,,0,6524159,6524236,,27.38,0,,178,0,,2.4,0,0,2,1,0,0,TXBA 34,6; OKST D05 (09); OKST D16 (36); OKST D26 (18); OKST D94 (25); OKST D95 (10); OKST D96 (17),TXBA 16; TXBA 34,L,,,LCB (7); SCBL (2); SSL (10); SSR (10); RCB (0),SSL (08); LLB (09); LOLB (10); DLT (17); LILB (18); DRT (25); SSR (34); ROLB (36),3-3-5,OKST D01 (RCB); OKST D03 (LCB); OKST D05 (LLB); OKST D11 (SSL); OKST D16 (ROLB); OKST D23 (SCBL); OKST D26 (LILB); OKST D32 (SSR); OKST D94 (DRT); OKST D95 (LOLB); OKST D96 (DLT),OKST D01 (0.0); OKST D03 (0.0); OKST D05 (0.0); OKST D11 (0.0); OKST D16 (0.0); OKST D23 (0.0); OKST D26 (0.0); OKST D32 (0.0); OKST D94 (0.0); OKST D95 (+0.5); OKST D96 (0.0),OKST D16; OKST D26; OKST D94,T,OKST,20,,DLT (17); DRT (25),,TOUCHDOWN,+0,14,PUNT - RETURN,-11,7,SD,-13,OKST D05,,,,9,,,L,R,,,,,,TXBA 74 (RT); OKST D95 (LOLB),,,,,,,,,,LOLB (0); LLB (5); LILB (4); ROLB (0),,O,O,TXBA 74,LWR^; HB-R; TE-R; SRWR^; RWR,1x3,,3-0-1-1,11,TXBA 16; TXBA 23; TXBA 34; TXBA 82; TXBA 83,TXBA 13 (QB); TXBA 16 (SRWR); TXBA 23 (HB-R); TXBA 34 (RWR); TXBA 62 (LG); TXBA 65 (LT); TXBA 66 (RG); TXBA 72 (C); TXBA 74 (RT); TXBA 82 (TE-R); TXBA 83 (LWR),TXBA 13 (0.0); TXBA 16 (0.0); TXBA 23 (0.0); TXBA 34 (0.0); TXBA 62 (0.0); TXBA 65 (0.0); TXBA 66 (0.0); TXBA 72 (0.0); TXBA 74 (-0.5); TXBA 82 (0.0); TXBA 83 (0.0),TXBA 65; TXBA 83,F,TXBA,TXBA 16; TXBA 83,,5; TXBA 62 (LG); TXBA 65 (LT); TXBA 66 (RG); TXBA 72 (C); TXBA 74 (RT),,4,OKST D26,,7; OKST D01; OKST D03; OKST D05; OKST D11; OKST D23; OKST D26; OKST D32,7,M,TXBA 13 (QB),LWR 9o; HB-R h2(-6); TE-R 1; SRWR 7(12); RWR 6(7),9; H2; 3; 7; 6,TXBA 83 9o; TXBA 23 h2(-6); TXBA 82 1; TXBA 16 7(12); TXBA 34 6(7),RWR,TXBA 34,COMPLETE,6(7),6R,4; OKST D16 (ROLB); OKST D94 (DRT); OKST D95 (LOLB); OKST D96 (DLT),,29,4,,,,-22,,,,OKST D95,OKST D01 > TXBA 83; OKST D23 > TXBA 16,OKST D95 (B) TXBA 74,0,,,TXBA 13,0,,,0,,HB-R,HB-R (-5),,1; TXBA 23 (HB-R),,,,,,P,,+11,,S,,OKST D05,,OKST D05,OKST D26,R,,,,LWR^(-19.5); SRWR^(+0.5); RWR(+2.5),,0,21,0,0,0,,false,3,3,-1.467,-0.038,Hitch,false,11,TXBA 23,TXBA 82,TXBA 16; TXBA 34; TXBA 83,GUN STRONG,TREY - OPEN,LWR; HB-R; TE-R; SRWR; RWR,1x3,TREY - OPEN,NICKEL,OKST D01; OKST D03; OKST D11; OKST D23; OKST D32,OKST D05; OKST D16; OKST D26,OKST D94; OKST D95; OKST D96,WIDE OVER,,COVER 4,,87,,-2.083,0.049,29083_6524203,29083-TXBA-13
6524236,29083,2025-09-27,2025,05,408075,4841,4,3,09:14,0,1,1,27,0,13,8,35,0,1,,,0,0,0,38,0,,0,6524203,6524265,,27.38,0,,179,0,2.5,4.6,0,0,6,5,0,0,TXBA 01,6; OKST D00 (29); OKST D16 (06); OKST D17 (19); OKST D25 (24); OKST D26 (14); OKST D95 (35),,R,,,LCB (0); FS (13); FSR (11); SCBR (7); RCB (7),LOLB (06); LLB (14); DLT (19); RILB (24); RE (29); REO (35),3-3-5,OKST D00 (RE); OKST D01 (RCB); OKST D03 (LCB); OKST D11 (FSR); OKST D16 (LOLB); OKST D17 (DLT); OKST D23 (SCBR); OKST D25 (RILB); OKST D26 (LLB); OKST D32 (FS); OKST D95 (REO),OKST D00 (+0.5); OKST D01 (-1.0); OKST D03 (0.0); OKST D11 (0.0); OKST D16 (0.0); OKST D17 (0.0); OKST D23 (0.0); OKST D25 (0.0); OKST D26 (0.0); OKST D32 (0.0); OKST D95 (0.0),OKST D00; OKST D17; OKST D25,F,OKST,11,,DLT (19); RE (29); REO (35),,TOUCHDOWN,+0,14,PUNT - RETURN,-11,9,SL,-22,OKST D01,,,,35,,,C,C,,OKST D00,,,,TXBA 01 (SLoWR); TXBA 13 (QB); TXBA 62 (LG); OKST D00 (RE); OKST D01 (RCB),,,,,,,,,,LOLB (0); LLB (6); RILB (5),,O,C,TXBA 62; OKST D01,LWR^; SLoWR; SLiWR; HB-R; RWR^,3x1,TE>SLoWR,3-0-1-1,11,TXBA 01; TXBA 16; TXBA 23; TXBA 34; TXBA 83,TXBA 01 (SLoWR); TXBA 13 (QB); TXBA 16 (SLiWR); TXBA 23 (HB-R); TXBA 34 (RWR); TXBA 62 (LG); TXBA 65 (LT); TXBA 66 (RG); TXBA 72 (C); TXBA 74 (RT); TXBA 83 (LWR),TXBA 01 (+1.0); TXBA 13 (+1.0); TXBA 16 (0.0); TXBA 23 (0.0); TXBA 34 (0.0); TXBA 62 (-0.5); TXBA 65 (0.0); TXBA 66 (0.0); TXBA 72 (0.0); TXBA 74 (0.0); TXBA 83 (0.0),TXBA 01,T,TXBA,TXBA 34; TXBA 83,,6; TXBA 23 (HB-R); TXBA 62 (LG); TXBA 65 (LT); TXBA 66 (RG); TXBA 72 (C); TXBA 74 (RT),,2,OKST D01,,7; OKST D01; OKST D03; OKST D11; OKST D23; OKST D25; OKST D26; OKST D32,29,L,TXBA 13 (QB),LWR 9; SLoWR 6(4); SLiWR 9s; HB-R kr; RWR 6i(13),9; 6; 9; -; 6,TXBA 83 9; TXBA 01 6(4); TXBA 16 9s; TXBA 23 kr; TXBA 34 6i(13),SLoWR,TXBA 01,COMPLETE,6(4),69R,4; OKST D00 (RE); OKST D16 (LOLB); OKST D17 (DLT); OKST D95 (REO),HURRY,1,1L,,,,+43,,,,TXBA 01; TXBA 13; OKST D00,OKST D03 > TXBA 34,OKST D00 (B) TXBA 62,0,,,TXBA 13,1,OKST D00,TXBA 62,0,,HB-R,HB-R (-5),R,1; TXBA 23 (HB-R),,,,,,P,,+11,,S,,,,OKST D01,,,,,,LWR^(-19.5); SLoWR(-14.5); SLiWR(-7.5); RWR^(+18.5),,0,11,0,0,0,,false,3,3,-1.505,4.142,Hitch,false,11,TXBA 23,TXBA 01,TXBA 16; TXBA 34; TXBA 83,GUN WEAK,TRIPS - OPEN,LWR; SLoWR; SLiWR; HB-R; RWR,3x1,TRIPS - OPEN,NICKEL,OKST D01; OKST D03; OKST D11; OKST D23; OKST D32,OKST D16; OKST D25; OKST D26,OKST D00; OKST D17; OKST D95,WIDE OVER,,COVER 2,,78,,-2.034,4.912,29083_6524236,29083-TXBA-13
6524265,29083,2025-09-27,2025,05,408075,4869,4,1,08:33,0,,0,27,0,13,9,7,0,,,,0,0,0,38,0,,0,6524236,6524303,,27.38,0,,180,0,,,0,0,,4,0,0,TXBA 23,6; OKST D00 (14); OKST D04 (35); OKST D17 (28); OKST D25 (18); OKST D30 (31); OKST D96 (22),,,,,LCB (1); SCBL (8); SSL (9); SSR (9); RCB (1),SSL (00); LE (14); LILB (18); NT (22); DRT (28); RLB (31); REO (35); SSR (36),3-3-5,OKST D00 (LE); OKST D01 (RCB); OKST D03 (LCB); OKST D04 (REO); OKST D11 (SSL); OKST D17 (DRT); OKST D23 (SCBL); OKST D25 (LILB); OKST D30 (RLB); OKST D32 (SSR); OKST D96 (NT),OKST D00 (+0.5); OKST D01 (0.0); OKST D03 (0.0); OKST D04 (0.0); OKST D11 (0.0); OKST D17 (0.0); OKST D23 (0.0); OKST D25 (0.0); OKST D30 (-0.5); OKST D32 (0.0); OKST D96 (0.0),OKST D04; OKST D30; OKST D96,F,OKST,10,,LE (14); NT (22); DRT (28); REO (35),,TOUCHDOWN,+0,14,PUNT - RETURN,-11,,,+43,OKST D32,,,,7,,,L,R,,,,,,TXBA 23 (HB-R); TXBA 62 (LG); TXBA 72 (C); TXBA 74 (RT); TXBA 85 (TE-L); OKST D00 (LE); OKST D17 (DRT); OKST D30 (RLB); OKST D96 (NT),,,,,,,,,,LILB (5); RLB (5),,O,O,TXBA 74; OKST D30,LWR^; TE-L; HB-R; SRWR; RWR^,2x2,,3-0-1-1,11,TXBA 16; TXBA 23; TXBA 34; TXBA 83; TXBA 85,TXBA 13 (QB); TXBA 16 (SRWR); TXBA 23 (HB-R); TXBA 34 (RWR); TXBA 62 (LG); TXBA 65 (LT); TXBA 66 (RG); TXBA 72 (C); TXBA 74 (RT); TXBA 83 (LWR); TXBA 85 (TE-L),TXBA 13 (0.0); TXBA 16 (0.0); TXBA 23 (+0.5); TXBA 34 (0.0); TXBA 62 (0.0); TXBA 65 (0.0); TXBA 66 (0.0); TXBA 72 (0.0); TXBA 74 (-0.5); TXBA 83 (0.0); TXBA 85 (0.0),TXBA 85,T,TXBA,TXBA 34; TXBA 83,,,,4,,,,,,,LWR r; TE-L r; HB-R r; SRWR 6(8); RWR 6(5),-; -; -; 6; 6,TXBA 83 r; TXBA 85 r; TXBA 23 r; TXBA 16 6(8); TXBA 34 6(5),,,,,,,,,,,,,+36,ML,,ML,TXBA 23; OKST D00,OKST D01 > TXBA 83; OKST D03 > TXBA 34,,0,,,TXBA 13,0,,,0,,HB-R,HB-R (-5),R,1; TXBA 23 (HB-R),,,,MAN,CROSS LEAD,R,,+11,TXBA 23 (B:B),S,,,,OKST D32,,L,,,,LWR^(-19.5); SRWR(+11.5); RWR^(+17.5),,1,9,0,0,0,,false,3,3,2.637,0.476,,false,11,TXBA 23,TXBA 85,TXBA 16; TXBA 34; TXBA 83,GUN WEAK,SLOT - PRO,LWR; TE-L; HB-L; SRWR; RWR,2x2,SLOT - PRO,NICKEL,OKST D01; OKST D03; OKST D11; OKST D23; OKST D32,OKST D04; OKST D25; OKST D30,OKST D00; OKST D17; OKST D96,OVER,,COVER 4,,43,,2.878,0.674,29083_6524265,29083-TXBA-13
6524303,29083,2025-09-27,2025,05,408075,4895,4,2,08:07,0,,0,27,0,13,10,0,0,,,,0,0,0,38,0,,0,6524265,6524335,,27.38,0,,181,0,,,0,0,,1,0,0,TXBA 23,6; OKST D00 (07); OKST D04 (36); OKST D17 (28); OKST D25 (21); OKST D30 (26); OKST D71 (19),,,,,LCB (1); SSL (10); FS (10); SCBR (7); RCB (1),SSL (02); LOLB (07); DLT (19); MLB (21); RILB (26); DRT (28); ROLB (36),3-3-5,OKST D00 (LOLB); OKST D03 (LCB); OKST D04 (ROLB); OKST D10 (RCB); OKST D11 (FS); OKST D17 (DRT); OKST D23 (SSL); OKST D25 (MLB); OKST D30 (RILB); OKST D32 (SCBR); OKST D71 (DLT),OKST D00 (0.0); OKST D03 (0.0); OKST D04 (0.0); OKST D10 (0.0); OKST D11 (0.0); OKST D17 (+0.5); OKST D23 (0.0); OKST D25 (+0.5); OKST D30 (+1.0); OKST D32 (0.0); OKST D71 (0.0),OKST D10; OKST D71,T,OKST,3,,DLT (19); DRT (28),,TOUCHDOWN,+0,14,PUNT - RETURN,-11,,,+36,OKST D30,,,,0,,,L,R,,,,,,TXBA 62 (LG); TXBA 65 (LT); TXBA 85 (TE-R); OKST D04 (ROLB); OKST D17 (DRT); OKST D25 (MLB); OKST D30 (RILB),,,,,,,,,,LOLB (1); MLB (5); RILB (2); ROLB (0),,O,O,TXBA 62; TXBA 65,LWR^; SLWR; HB-R; TE-R; RWR^,2x2,,3-0-1-1,11,TXBA 16; TXBA 23; TXBA 34; TXBA 83; TXBA 85,TXBA 13 (QB); TXBA 16 (SLWR); TXBA 23 (HB-R); TXBA 34 (RWR); TXBA 62 (LG); TXBA 65 (LT); TXBA 66 (RG); TXBA 72 (C); TXBA 74 (RT); TXBA 83 (LWR); TXBA 85 (TE-R),TXBA 13 (0.0); TXBA 16 (0.0); TXBA 23 (0.0); TXBA 34 (0.0); TXBA 62 (-1.0); TXBA 65 (-0.5); TXBA 66 (0.0); TXBA 72 (0.0); TXBA 74 (0.0); TXBA 83 (0.0); TXBA 85 (0.0),,F,TXBA,TXBA 34; TXBA 83,,,,4,,,,,,,,,,,,,,,,,,,,,,+36,LE,,LE,OKST D17; OKST D25; OKST D30,OKST D03 > TXBA 34; OKST D10 > TXBA 83,,0,,,TXBA 13,0,,,0,,HB-R,HB-R (-5),L,1; TXBA 23 (HB-R),,,,COUNTER,CROSS LEAD,R,,+11,TXBA 16* (R:Lx),S,,OKST D25,,OKST D25,OKST D00,R,,,,LWR^(-22.5); SLWR(-9.5); RWR^(+18.5),,0,30,0,0,0,,false,3,3,3.113,-0.933,,false,11,TXBA 23,TXBA 85,TXBA 16; TXBA 34; TXBA 83,GUN STRONG,SLOT - PRO,LWR; HB-R; TE-R; SRWR; RWR,1x3,TREY - OPEN,NICKEL,OKST D03; OKST D10; OKST D11; OKST D23; OKST D32,OKST D04; OKST D25; OKST D30,OKST D00; OKST D17; OKST D71,WIDE UNDER,SINGLE MUG,COVER 4,,36,,3.552,-0.958,29083_6524303,29083-TXBA-13
6524335,29083,2025-09-27,2025,05,408075,4921,4,3,07:25,1,,0,27,0,13,11,5,0,1,,,0,0,0,38,0,,0,6524303,6524361,,27.38,0,,182,1,,,0,0,,7,0,0,TXBA 22,7; OKST D00 (15); OKST D04 (35); OKST D25 (10); OKST D30 (20); OKST D32 (35); OKST D96 (23); OKST D99 (29),,,,,LCB (1); SCBL (6); FSL (11); RCB (1),LOLB (10); LE (15); LILB (20); NRT (23); RE (29); REO (35); RLB (35),3-3-5,OKST D00 (LE); OKST D03 (LCB); OKST D04 (REO); OKST D10 (RCB); OKST D11 (FSL); OKST D23 (SCBL); OKST D25 (LOLB); OKST D30 (LILB); OKST D32 (RLB); OKST D96 (NRT); OKST D99 (RE),OKST D00 (-0.5); OKST D03 (0.0); OKST D04 (0.0); OKST D10 (0.0); OKST D11 (0.0); OKST D23 (0.0); OKST D25 (0.0); OKST D30 (0.0); OKST D32 (0.0); OKST D96 (0.0); OKST D99 (0.0),OKST D96; OKST D99,F,OKST,3,,LE (15); NRT (23); RE (29); REO (35),,TOUCHDOWN,+0,14,PUNT - RETURN,-11,,,+36,OKST D99,,,,5,,,L,R,,,,,,TXBA 22 (HB-R); TXBA 62 (LG); TXBA 65 (LT); TXBA 66 (RG); TXBA 72 (C); TXBA 74 (RT); OKST D00 (LE); OKST D04 (REO); OKST D96 (NRT); OKST D99 (RE),,,,,,,,,,LOLB (1); LILB (4); RLB (5),,C,C,TXBA 62; TXBA 72; OKST D00,LWR^; TE-L; HB-R; SRWR; RWR^,2x2,,3-0-1-1,11,TXBA 16; TXBA 22; TXBA 34; TXBA 83; TXBA 85,TXBA 13 (QB); TXBA 16 (SRWR); TXBA 22 (HB-R); TXBA 34 (RWR); TXBA 62 (LG); TXBA 65 (LT); TXBA 66 (RG); TXBA 72 (C); TXBA 74 (RT); TXBA 83 (LWR); TXBA 85 (TE-L),TXBA 13 (0.0); TXBA 16 (0.0); TXBA 22 (+0.5); TXBA 34 (0.0); TXBA 62 (-0.5); TXBA 65 (0.0); TXBA 66 (+0.5); TXBA 72 (-0.5); TXBA 74 (+0.5); TXBA 83 (0.0); TXBA 85 (0.0),TXBA 22,T,TXBA,TXBA 34; TXBA 83,,,,1b,,,,,,,LWR 9o; TE-L r; HB-R r; SRWR 9o; RWR 6(4),9; -; -; 9; 6,TXBA 83 9o; TXBA 85 r; TXBA 22 r; TXBA 16 9o; TXBA 34 6(4),,,,,,,,,,,,,+31,LG,FORCED,ML,TXBA 22; TXBA 66; TXBA 74,OKST D03 > TXBA 34; OKST D10 > TXBA 83,,0,,,TXBA 13,0,,,0,,HB-R,HB-R (-5),L,1; TXBA 22 (HB-R),,,,INSIDE ZONE,SPLIT,R,,+11,TXBA 22 (B:B),S,,,,OKST D32,,L,,,,LWR^(-19.5); SRWR(+10.5); RWR^(+17.5),,1,6,0,0,0,,false,3,3,2.18,1.311,,false,11,TXBA 22,TXBA 85,TXBA 16; TXBA 34; TXBA 83,GUN WEAK,SLOT - PRO,LWR; TE-L; HB-L; SRWR; RWR,2x2,SLOT - PRO,NICKEL,OKST D03; OKST D10; OKST D11; OKST D23; OKST D32,OKST D04; OKST D25; OKST D30,OKST D00; OKST D96; OKST D99,UNDER,,COVER 1,,36,,2.594,0.967,29083_6524335,29083-TXBA-13
6524361,29083,2025-09-27,2025,05,408075,4947,4,1,06:48,1,0,1,27,0,13,12,,0,1,,,0,1,0,38,0,15,0,6524335,6524401,,27.38,0,,183,1,2.7,3.1,0,0,,,0,0,,6; OKST D04 (34); OKST D05 (14); OKST D30 (23); OKST D33 (12); OKST D96 (20); OKST D99 (27),,R,,,LCB (6); SCBL (6); FSL (11); SSR (9); RCB (1),LEO (12); LLB (14); DLT (20); MLB (23); DRT (27); ROLB (34); SSR (36),3-3-5,OKST D01 (LCB); OKST D04 (ROLB); OKST D05 (LLB); OKST D08 (FSL); OKST D10 (RCB); OKST D23 (SCBL); OKST D30 (MLB); OKST D32 (SSR); OKST D33 (LEO); OKST D96 (DLT); OKST D99 (DRT),OKST D01 (-1.0); OKST D04 (0.0); OKST D05 (0.0); OKST D08 (0.0); OKST D10 (0.0); OKST D23 (0.0); OKST D30 (0.0); OKST D32 (0.0); OKST D33 (+1.0); OKST D96 (0.0); OKST D99 (0.0),OKST D01; OKST D05; OKST D08; OKST D33,T,OKST,10,,LEO (12); DLT (20); DRT (27),,TOUCHDOWN,+0,14,PUNT - RETURN,-11,8,SD,+31,,,,,15,,,L,R,OKST D33,,PD,,,TXBA 34 (RWR); TXBA 66 (RG); OKST D01 (LCB); OKST D33 (LEO),,,,,,,,,,LLB (4); MLB (5); ROLB (0),,C,O,TXBA 66; OKST D01,LWR^; TE-L; HB-L; SRWR^; RWR,2x2,,3-0-1-1,11,TXBA 02; TXBA 06; TXBA 22; TXBA 34; TXBA 85,TXBA 02 (SRWR); TXBA 06 (LWR); TXBA 13 (QB); TXBA 22 (HB-L); TXBA 34 (RWR); TXBA 62 (LG); TXBA 65 (LT); TXBA 66 (RG); TXBA 72 (C); TXBA 74 (RT); TXBA 85 (TE-L),TXBA 02 (0.0); TXBA 06 (0.0); TXBA 13 (0.0); TXBA 22 (0.0); TXBA 34 (0.0); TXBA 62 (0.0); TXBA 65 (0.0); TXBA 66 (-1.0); TXBA 72 (0.0); TXBA 74 (0.0); TXBA 85 (0.0),TXBA 02; TXBA 06,F,TXBA,TXBA 02; TXBA 06,,5; TXBA 62 (LG); TXBA 65 (LT); TXBA 66 (RG); TXBA 72 (C); TXBA 74 (RT),OKST D01,1b,OKST D01,,6; OKST D01; OKST D08; OKST D10; OKST D23; OKST D30; OKST D32,24,R,TXBA 13 (QB),LWR 9si; TE-L 4(9); HB-L h3(-6); SRWR 21(6); RWR 9o,9; 4; H3; 3; 9,TXBA 06 9si; TXBA 85 4(9); TXBA 22 h3(-6); TXBA 02 21(6); TXBA 34 9o,RWR,TXBA 34,INCOMPLETE,9o,29R,5; OKST D04 (ROLB); OKST D05 (LLB); OKST D33 (LEO); OKST D96 (DLT); OKST D99 (DRT),HIT,52,7R,OKST D01 DPI,,,+16,,,,OKST D33,OKST D10 > TXBA 06,OKST D33 (O) TXBA 66,0,,,TXBA 13,0,OKST D33,TXBA 66,0,,HB-L,HB-L (-5),,1; TXBA 22 (HB-L),,,,,,P,,+11,TXBA 34* (L:R{R}),S,,,,,,L,,,,LWR^(-22.5); SRWR^(+8.5); RWR(+17.5),1; OKST D01,0,11,0,0,0,,false,3,3,3.491,1.238,Go,false,11,TXBA 22,TXBA 85,TXBA 02; TXBA 06; TXBA 34,GUN STRONG,SLOT - PRO,LWR; TE-L; HB-L; SRWR; RWR,2x2,SLOT - PRO,NICKEL,OKST D01; OKST D08; OKST D10; OKST D23; OKST D32,OKST D04; OKST D05; OKST D30,OKST D33; OKST D96; OKST D99,WIDE OVER,,COVER 1,,31,,3.561,0.612,29083_6524361,29083-TXBA-13
6524401,29083,2025-09-27,2025,05,408075,4984,4,1,06:41,1,0,1,27,0,13,13,,0,1,,,0,1,0,38,0,14,1,6524361,6524574,,27.38,0,,184,1,,2.2,0,0,,,0,0,,7; OKST D05 (14); OKST D16 (38); OKST D30 (21); OKST D32 (35); OKST D33 (15); OKST D96 (20); OKST D99 (27),,R,,,LCB (1); SCBL (6); FSL (11); RCB (1),LLB (14); LE (15); DLT (20); MLB (21); DRT (27); RLB (35); ROLB (38),3-3-5,OKST D01 (LCB); OKST D05 (LLB); OKST D08 (FSL); OKST D10 (RCB); OKST D14 (SCBL); OKST D16 (ROLB); OKST D30 (MLB); OKST D32 (RLB); OKST D33 (LE); OKST D96 (DLT); OKST D99 (DRT),OKST D01 (0.0); OKST D05 (0.0); OKST D08 (0.0); OKST D10 (-1.0); OKST D14 (0.0); OKST D16 (0.0); OKST D30 (0.0); OKST D32 (0.0); OKST D33 (0.0); OKST D96 (0.0); OKST D99 (0.0),OKST D14; OKST D16,T,OKST,10,,LE (15); DLT (20); DRT (27),,TOUCHDOWN,+0,14,PUNT - RETURN,-11,6,SD,+16,,,,,14,,,L,R,,,PE,,,TXBA 06 (LWR); OKST D10 (RCB),,,,,,,,,,LLB (4); MLB (5); RLB (5); ROLB (0),,C,C,OKST D10,LWR^; TE-L; HB-L; SRWR; RWR^,2x2,,3-0-1-1,11,TXBA 02; TXBA 06; TXBA 22; TXBA 82; TXBA 83,TXBA 02 (SRWR); TXBA 06 (LWR); TXBA 13 (QB); TXBA 22 (HB-L); TXBA 62 (LG); TXBA 65 (LT); TXBA 66 (RG); TXBA 72 (C); TXBA 74 (RT); TXBA 82 (TE-L); TXBA 83 (RWR),TXBA 02 (0.0); TXBA 06 (0.0); TXBA 13 (0.0); TXBA 22 (0.0); TXBA 62 (0.0); TXBA 65 (0.0); TXBA 66 (0.0); TXBA 72 (0.0); TXBA 74 (0.0); TXBA 82 (0.0); TXBA 83 (0.0),TXBA 82; TXBA 83,F,TXBA,TXBA 06; TXBA 83,,7; TXBA 22 (HB-L); TXBA 62 (LG); TXBA 65 (LT); TXBA 66 (RG); TXBA 72 (C); TXBA 74 (RT); TXBA 82 (TE-L),,1b,OKST D10,,6; OKST D01; OKST D08; OKST D10; OKST D14; OKST D30; OKST D32,21,L,TXBA 13 (QB),LWR 9o; TE-L k; HB-L kl; SRWR 6(6); RWR 6(5),9; -; -; 6; 6,TXBA 06 9o; TXBA 82 k; TXBA 22 kl; TXBA 02 6(6); TXBA 83 6(5),LWR,TXBA 06,INCOMPLETE,9o,9R,5; OKST D05 (LLB); OKST D16 (ROLB); OKST D33 (LE); OKST D96 (DLT); OKST D99 (DRT),,0,1L,OKST D10 DPI,,,+2,,,,,OKST D01 > TXBA 83,,0,,,TXBA 13,0,,,0,,HB-L,HB-L (-5),L,1; TXBA 22 (HB-L),,,,UNDEFINED,,P,,+11,TXBA 22 (B:B>B:B),S,,,,,,L,,,,LWR^(-19.5); SRWR(+11.5); RWR^(+19.5),1; OKST D10,0,7,0,0,0,,false,3,3,4.729,1.387,Go,false,11,TXBA 22,TXBA 82,TXBA 02; TXBA 06; TXBA 83,GUN STRONG,SLOT - PRO,LWR; TE-L; HB-L; SRWR; RWR,2x2,SLOT - PRO,NICKEL,OKST D01; OKST D08; OKST D10; OKST D14; OKST D32,OKST D05; OKST D16; OKST D30,OKST D33; OKST D96; OKST D99,WIDE OVER,,COVER 1,,16,,4.173,1.958,29083_6524401,29083-TXBA-13
6524574,29083,2025-09-27,2025,05,408075,5021,4,1,06:36,0,,0,27,0,13,14,2,0,1,,,0,0,0,38,1,,0,6524401,6524606,,27.38,0,,185,0,,,0,0,,0,0,0,TXBA 13,7; OKST D00 (35); OKST D04 (08); OKST D05 (16); OKST D06 (26); OKST D88 (13); OKST D96 (21); OKST D99 (27),,,,,LCB (0); SCBoL (1); SCBiL (3); RCB (0),LOLB (08); LE (13); LILB (16); NLT (21); RILB (26); DRT (27); ROLB (35),4-3-4,OKST D00 (ROLB); OKST D01 (RCB); OKST D03 (LCB); OKST D04 (LOLB); OKST D05 (LILB); OKST D06 (RILB); OKST D18 (SCBiL); OKST D23 (SCBoL); OKST D88 (LE); OKST D96 (NLT); OKST D99 (DRT),OKST D00 (-0.5); OKST D01 (0.0); OKST D03 (0.0); OKST D04 (0.0); OKST D05 (0.0); OKST D06 (-0.5); OKST D18 (0.0); OKST D23 (0.0); OKST D88 (0.0); OKST D96 (0.0); OKST D99 (0.0),OKST D00; OKST D03; OKST D04; OKST D06; OKST D18; OKST D23; OKST D88,F,OKST,2,,LE (13); NLT (21); DRT (27),,TOUCHDOWN,+0,14,PUNT - RETURN,-11,,,+2,,,,,2,,,L,R,,,,,,TXBA 13 (QB); TXBA 65 (LT); TXBA 72 (C); TXBA 85 (SRiWR); OKST D00 (ROLB); OKST D05 (LILB); OKST D06 (RILB); OKST D18 (SCBiL),,,,,,,,,,LOLB (0); LILB (3); RILB (3); ROLB (0),,O,O,TXBA 72; OKST D00; OKST D06,LWR^; HB-L; SRiWR; SRoWR; RWR^,1x3,TE>SRiWR,3-0-1-1,11,TXBA 02; TXBA 06; TXBA 22; TXBA 34; TXBA 85,TXBA 02 (SRoWR); TXBA 06 (LWR); TXBA 13 (QB); TXBA 22 (HB-L); TXBA 34 (RWR); TXBA 62 (LG); TXBA 65 (LT); TXBA 66 (RG); TXBA 72 (C); TXBA 74 (RT); TXBA 85 (SRiWR),TXBA 02 (0.0); TXBA 06 (0.0); TXBA 13 (+0.5); TXBA 22 (0.0); TXBA 34 (0.0); TXBA 62 (0.0); TXBA 65 (0.0); TXBA 66 (0.0); TXBA 72 (-1.0); TXBA 74 (0.0); TXBA 85 (0.0),TXBA 34; TXBA 85,T,TXBA,TXBA 06; TXBA 34,,,,0,,,,,,,LWR r; HB-L fr; SRiWR r; SRoWR 3(4); RWR r,-; -; -; 3; -,TXBA 06 r; TXBA 22 fr; TXBA 85 r; TXBA 02 3(4); TXBA 34 r,,,,,,,,,,,,TXBA 22,+0,LE,,LE,TXBA 13,OKST D01 > TXBA 06; OKST D03 > TXBA 34; OKST D23 > TXBA 02,,0,,,TXBA 13,0,,,0,,HB-L,HB-L (-5),R,1; TXBA 22 (HB-L),,,,INSIDE ZONE,READ OPTION;SPLIT,R,,+11,TXBA 85* (R:L{R}),S,,,,,,,TXBA 13,,,LWR^(-16.5); SRiWR(-0.5); SRoWR(+7.5); RWR^(+17.5),,1,22,0,0,0,,false,2,3,6.116,0.884,,false,11,TXBA 22,TXBA 85,TXBA 02; TXBA 06; TXBA 34,GUN WEAK,TRIPS - OPEN,LWR; HB-L; SRiWR; SRoWR; RWR,1x3,TRIPS - OPEN,BASE,OKST D01; OKST D03; OKST D18; OKST D23,OKST D04; OKST D05; OKST D06,OKST D00; OKST D88; OKST D96; OKST D99,UNDER,,COVER 0,,2,,6.131,0.869,29083_6524574,29083-TXBA-13
6524937,29083,2025-09-27,2025,05,408075,5247,4,1,04:15,0,,0,27,0,14,1,3,1,,,,0,0,0,45,0,,0,6524872,6524965,,27.45,0,,194,0,,,0,0,,1,0,0,TXBA 23,6; OKST D25 (11); OKST D30 (20); OKST D40 (35); OKST D81 (29); OKST D95 (14); OKST D96 (22),TXBA 06; TXBA 16,,,,LCB (0); SSL (8); SCBiR (8); SCBoR (5); RCB (1),SSL (01); LOLB (11); LE (14); LILB (20); NT (22); RE (29); ROLB (35),3-3-5,OKST D03 (LCB); OKST D10 (RCB); OKST D11 (SSL); OKST D18 (SCBiR); OKST D23 (SCBoR); OKST D25 (LOLB); OKST D30 (LILB); OKST D40 (ROLB); OKST D81 (RE); OKST D95 (LE); OKST D96 (NT),OKST D03 (0.0); OKST D10 (0.0); OKST D11 (0.0); OKST D18 (0.0); OKST D23 (0.0); OKST D25 (0.0); OKST D30 (0.0); OKST D40 (0.0); OKST D81 (+0.5); OKST D95 (-0.5); OKST D96 (+0.5),DRIVE START,T,OKST,10,,LE (14); NT (22); RE (29),,END OF GAME,+26,7,DOWNS,+45,,,+45,OKST D96,,,,3,,,L,R,,,,,,TXBA 62 (LG); TXBA 66 (RG); TXBA 72 (C); TXBA 74 (RT); OKST D81 (RE); OKST D95 (LE); OKST D96 (NT),,,,,,,,,,LOLB (0); LILB (4); ROLB (1),,C,O,TXBA 62; TXBA 72; OKST D95,LWR^; SLoWR; SLiWR; HB-R; RWR^,3x1,TE>SLiWR,3-0-1-1,11,TXBA 06; TXBA 16; TXBA 23; TXBA 34; TXBA 82,TXBA 06 (LWR); TXBA 13 (QB); TXBA 16 (SLoWR); TXBA 23 (HB-R); TXBA 34 (RWR); TXBA 62 (LG); TXBA 65 (LT); TXBA 66 (RG); TXBA 72 (C); TXBA 74 (RT); TXBA 82 (SLiWR),TXBA 06 (0.0); TXBA 13 (0.0); TXBA 16 (0.0); TXBA 23 (0.0); TXBA 34 (0.0); TXBA 62 (-0.5); TXBA 65 (0.0); TXBA 66 (+0.5); TXBA 72 (-0.5); TXBA 74 (+0.5); TXBA 82 (0.0),DRIVE START,F,TXBA,TXBA 06; TXBA 34,,,,1,,,,,,,LWR 6(4); SLoWR 2(5); SLiWR r; HB-R r; RWR r,6; 2; -; -; -,TXBA 06 6(4); TXBA 16 2(5); TXBA 82 r; TXBA 23 r; TXBA 34 r,,,,,,,,,,,,,+42,ML,,ML,TXBA 66; TXBA 74; OKST D81; OKST D96,OKST D03 > TXBA 34; OKST D10 > TXBA 06,,0,,,TXBA 13,0,,,0,,HB-R,HB-R (-5),L,1; TXBA 23 (HB-R),,,,INSIDE ZONE,SPLIT,R,,+18,TXBA 82* (L:R{L}),S,,OKST D30,,OKST D30,OKST D81,,,,,LWR^(-21.5); SLoWR(-18.5); SLiWR(-11.5); RWR^(+17.5),,1,22,0,0,0,,false,2,3,2.449,-0.565,,false,11,TXBA 23,TXBA 82,TXBA 06; TXBA 16; TXBA 34,GUN WEAK,TRIPS - OPEN,LWR; SLoWR; SLiWR; HB-R; RWR,3x1,TRIPS - OPEN,NICKEL,OKST D03; OKST D10; OKST D11; OKST D18; OKST D23,OKST D25; OKST D30; OKST D40,OKST D81; OKST D95; OKST D96,ODD,,COVER 1,,45,,2.747,-0.271,29083_6524937,29083-TXBA-14
6524965,29083,2025-09-27,2025,05,408075,5273,4,2,03:30,1,,0,27,0,14,2,6,1,,,,0,0,0,45,0,,0,6524937,6525017,,27.45,0,,195,0,,,0,0,,3,0,0,TXBA 23,6; OKST D25 (10); OKST D30 (24); OKST D40 (35); OKST D81 (29); OKST D95 (15); OKST D96 (22),,,,,LCB (1); SCBoL (4); SCBiL (8); SSR (7); RCB (1),LOLB (10); LE (15); NT (22); RILB (24); RE (29); ROLB (35); SSR (35),3-3-5,OKST D03 (LCB); OKST D10 (RCB); OKST D11 (SCBiL); OKST D18 (SSR); OKST D23 (SCBoL); OKST D25 (LOLB); OKST D30 (RILB); OKST D40 (ROLB); OKST D81 (RE); OKST D95 (LE); OKST D96 (NT),OKST D03 (0.0); OKST D10 (0.0); OKST D11 (0.0); OKST D18 (0.0); OKST D23 (0.0); OKST D25 (0.0); OKST D30 (0.0); OKST D40 (0.0); OKST D81 (0.0); OKST D95 (0.0); OKST D96 (0.0),,F,OKST,7,,LE (15); NT (22); RE (29),,END OF GAME,+26,7,DOWNS,+45,,,+42,OKST D30,,,,6,,,L,R,,,,,,TXBA 23 (HB-L); TXBA 62 (LG); TXBA 65 (LT); TXBA 66 (RG); OKST D30 (RILB); OKST D81 (RE); OKST D95 (LE),,,,,,,,,,LOLB (1); RILB (5); ROLB (0),,C,O,TXBA 62; TXBA 66,LWR^; HB-L; SRiWR; SRoWR; RWR^,1x3,TE>SRiWR,3-0-1-1,11,TXBA 06; TXBA 16; TXBA 23; TXBA 34; TXBA 82,TXBA 06 (LWR); TXBA 13 (QB); TXBA 16 (SRoWR); TXBA 23 (HB-L); TXBA 34 (RWR); TXBA 62 (LG); TXBA 65 (LT); TXBA 66 (RG); TXBA 72 (C); TXBA 74 (RT); TXBA 82 (SRiWR),TXBA 06 (0.0); TXBA 13 (0.0); TXBA 16 (0.0); TXBA 23 (+0.5); TXBA 34 (0.0); TXBA 62 (-0.5); TXBA 65 (0.0); TXBA 66 (-0.5); TXBA 72 (0.0); TXBA 74 (0.0); TXBA 82 (0.0),,T,TXBA,TXBA 06; TXBA 34,,,,1b,,,,,,,LWR r; HB-L r; SRiWR r; SRoWR 6(1); RWR 6(3),-; -; -; 6; 6,TXBA 06 r; TXBA 23 r; TXBA 82 r; TXBA 16 6(1); TXBA 34 6(3),,,,,,,,,,,,,+36,LG,,LG,TXBA 23,OKST D03 > TXBA 34; OKST D10 > TXBA 06,,0,,,TXBA 13,0,,,0,,HB-L,HB-L (-5),R,1; TXBA 23 (HB-L),,,,INSIDE ZONE,SPLIT,R,,+18,TXBA 82* (R:L{R}),S,,,,OKST D30,OKST D95,,,,,LWR^(-18.5); SRiWR(-1.5); SRoWR(+11.5); RWR^(+18.5),,1,2,0,0,0,,false,2,3,1.884,0.45,,false,11,TXBA 23,TXBA 82,TXBA 06; TXBA 16; TXBA 34,GUN WEAK,TRIPS - OPEN,LWR; HB-L; SRiWR; SRoWR; RWR,1x3,TRIPS - OPEN,NICKEL,OKST D03; OKST D10; OKST D11; OKST D18; OKST D23,OKST D25; OKST D30; OKST D40,OKST D81; OKST D95; OKST D96,ODD,,COVER 1,,42,,2.476,0.781,29083_6524965,29083-TXBA-14
6525017,29083,2025-09-27,2025,05,408075,5299,4,3,02:46,1,,0,27,0,14,3,0,1,,,,0,0,0,45,0,,0,6524965,6525039,,27.45,0,,196,1,,,0,0,,0,0,0,TXBA 23,6; OKST D06 (20); OKST D25 (39); OKST D40 (10); OKST D81 (29); OKST D95 (14); OKST D96 (23),,,,,LCB (0); SSL (7); SCBiR (8); SCBoR (4); RCB (1),SSL (06); LOLB (10); LE (14); LILB (20); NRT (23); RE (29); ROLB (39),3-3-5,OKST D03 (LCB); OKST D06 (LILB); OKST D10 (RCB); OKST D11 (SSL); OKST D18 (SCBiR); OKST D23 (SCBoR); OKST D25 (ROLB); OKST D40 (LOLB); OKST D81 (RE); OKST D95 (LE); OKST D96 (NRT),OKST D03 (0.0); OKST D06 (+0.5); OKST D10 (0.0); OKST D11 (0.0); OKST D18 (0.0); OKST D23 (0.0); OKST D25 (0.0); OKST D40 (0.0); OKST D81 (0.0); OKST D95 (0.0); OKST D96 (+0.5),OKST D06,T,OKST,1,,LE (14); NRT (23); RE (29),,END OF GAME,+26,7,DOWNS,+45,,,+36,OKST D96,,,,0,,,L,R,,,,,,TXBA 62 (LG); TXBA 66 (RG); TXBA 72 (C); OKST D06 (LILB); OKST D81 (RE); OKST D96 (NRT),,,,,,,,,,LOLB (0); LILB (4); ROLB (1),,C,O,TXBA 62; TXBA 66,LWR^; SLoWR; SLiWR; HB-R; RWR^,3x1,TE>SLiWR,3-0-1-1,11,TXBA 06; TXBA 16; TXBA 23; TXBA 34; TXBA 86,TXBA 06 (LWR); TXBA 13 (QB); TXBA 16 (SLoWR); TXBA 23 (HB-R); TXBA 34 (RWR); TXBA 62 (LG); TXBA 65 (LT); TXBA 66 (RG); TXBA 72 (C); TXBA 74 (RT); TXBA 86 (SLiWR),TXBA 06 (0.0); TXBA 13 (0.0); TXBA 16 (0.0); TXBA 23 (0.0); TXBA 34 (0.0); TXBA 62 (-0.5); TXBA 65 (0.0); TXBA 66 (-1.0); TXBA 72 (0.0); TXBA 74 (0.0); TXBA 86 (0.0),TXBA 86,F,TXBA,TXBA 06; TXBA 34,,,,1b,,,,,,,,,,,,,,,,,,,,,,+36,LG,,LG,OKST D06; OKST D96,OKST D03 > TXBA 34; OKST D10 > TXBA 06,,0,,,TXBA 13,0,,,0,,HB-R,HB-R (-5),L,1; TXBA 23 (HB-R),,,,INSIDE ZONE,SPLIT,R,,+18,TXBA 86* (L:R{L}),S,,OKST D06,,OKST D06,OKST D96,,,,,LWR^(-23.5); SLoWR(-19.5); SLiWR(-11.5); RWR^(+18.5),,0,2,0,0,0,,false,2,3,2.334,-0.601,,false,11,TXBA 23,TXBA 86,TXBA 06; TXBA 16; TXBA 34,GUN WEAK,TRIPS - OPEN,LWR; SLoWR; SLiWR; HB-R; RWR,3x1,TRIPS - OPEN,NICKEL,OKST D03; OKST D10; OKST D11; OKST D18; OKST D23,OKST D06; OKST D25; OKST D40,OKST D81; OKST D95; OKST D96,LOAD,,COVER 1,,36,,3.257,-1.598,29083_6525017,29083-TXBA-14
6525039,29083,2025-09-27,2025,05,408075,5325,4,4,02:08,0,,0,27,0,14,4,3,1,1,,,0,0,0,45,1,,0,6525017,6525214,,27.45,0,,197,0,,,0,0,,2,0,0,TXBA 13,7; OKST D04 (30); OKST D05 (22); OKST D06 (34); OKST D11 (08); OKST D81 (26); OKST D95 (14); OKST D96 (18),,,,,LCB (0); SCBoL (3); SCBiL (5); RCB (0),LOLB (08); LE (14); DLT (18); MLB (22); DRT (26); ROLB (30); ROLB (34),3-3-5,OKST D03 (LCB); OKST D04 (ROLB); OKST D05 (MLB); OKST D06 (ROLB); OKST D10 (RCB); OKST D11 (LOLB); OKST D18 (SCBiL); OKST D23 (SCBoL); OKST D81 (DRT); OKST D95 (LE); OKST D96 (DLT),OKST D03 (0.0); OKST D04 (0.0); OKST D05 (0.0); OKST D06 (0.0); OKST D10 (0.0); OKST D11 (0.0); OKST D18 (0.0); OKST D23 (0.0); OKST D81 (+0.5); OKST D95 (0.0); OKST D96 (+0.5),OKST D04; OKST D05,F,OKST,1,,LE (14); DLT (18); DRT (26),,END OF GAME,+26,7,DOWNS,+45,,,+36,OKST D05,,,,3,,,L,R,,,,,,TXBA 13 (QB); TXBA 62 (LG); TXBA 72 (C); OKST D81 (DRT); OKST D96 (DLT),,,,,,,,,,LOLB (1); MLB (4); ROLB (1); ROLB (0),,O,O,TXBA 62; TXBA 72,LWR^; HB-L; SRiWR; SRoWR; RWR^,1x3,TE>SRiWR,3-0-1-1,11,TXBA 06; TXBA 16; TXBA 23; TXBA 34; TXBA 85,TXBA 06 (LWR); TXBA 13 (QB); TXBA 16 (SRoWR); TXBA 23 (HB-L); TXBA 34 (RWR); TXBA 62 (LG); TXBA 65 (LT); TXBA 66 (RG); TXBA 72 (C); TXBA 74 (RT); TXBA 85 (SRiWR),TXBA 06 (0.0); TXBA 13 (+0.5); TXBA 16 (0.0); TXBA 23 (0.0); TXBA 34 (0.0); TXBA 62 (-1.0); TXBA 65 (0.0); TXBA 66 (0.0); TXBA 72 (-1.0); TXBA 74 (0.0); TXBA 85 (0.0),TXBA 85,T,TXBA,TXBA 06; TXBA 34,,,,0,,,,,,,,,,,,,,,,,,,,,,+33,LE,,LE,TXBA 13; OKST D81; OKST D96,OKST D03 > TXBA 34; OKST D10 > TXBA 06,,0,,,TXBA 13,0,,,0,,HB-L,HB-L (-5),R,1; TXBA 23 (HB-L),,,,INSIDE ZONE,READ OPTION;SPLIT,R,,+18,TXBA 85* (R:L{R}),S,,,,OKST D05,,,,,,LWR^(-22.5); SRiWR(-0.5); SRoWR(+12.5); RWR^(+18.5),,0,8,0,0,0,,false,2,3,1.733,1.166,,false,11,TXBA 23,TXBA 85,TXBA 06; TXBA 16; TXBA 34,GUN WEAK,TRIPS - OPEN,LWR; HB-L; SRiWR; SRoWR; RWR,1x3,TRIPS - OPEN,NICKEL,OKST D03; OKST D10; OKST D11; OKST D18; OKST D23,OKST D04; OKST D05; OKST D06,OKST D81; OKST D95; OKST D96,EVEN,,COVER 0,,36,,1.659,1.8,29083_6525039,29083-TXBA-14
6525214,29083,2025-09-27,2025,05,408075,5351,4,1,02:00,0,,0,27,0,14,5,4,1,,,,0,0,0,45,0,,0,6525039,6525250,,27.45,0,,198,0,,,0,0,,3,0,0,TXBA 27,7; OKST D00 (34); OKST D04 (10); OKST D05 (23); OKST D11 (07); OKST D88 (15); OKST D96 (22); OKST D99 (29),,,,,LCB (1); FS (12); SCBR (3); RCB (1),LLB (07); LEO (10); LE (15); NT (22); MLB (23); RE (29); ROLB (34),4-3-4,OKST D00 (ROLB); OKST D01 (LCB); OKST D04 (LEO); OKST D05 (MLB); OKST D06 (SCBR); OKST D10 (RCB); OKST D11 (LLB); OKST D18 (FS); OKST D88 (LE); OKST D96 (NT); OKST D99 (RE),OKST D00 (0.0); OKST D01 (0.0); OKST D04 (0.0); OKST D05 (0.0); OKST D06 (0.0); OKST D10 (0.0); OKST D11 (0.0); OKST D18 (0.0); OKST D88 (0.0); OKST D96 (0.0); OKST D99 (0.0),OKST D00; OKST D01; OKST D88; OKST D99,F,OKST,10,,LEO (10); LE (15); NT (22); RE (29),,END OF GAME,+26,7,DOWNS,+45,,,+33,OKST D05,,,,4,,,L,R,,,,,,TXBA 85 (TE-R); TXBA 86 (SLWR); OKST D04 (LEO); OKST D11 (LLB),,,,,,,,,,LLB (4); MLB (4); ROLB (0),,C,C,,LWR^; SLWR; HB-R; TE-R; RWR^,2x2,TE>SLWR,2-0-1-2,12,TXBA 06; TXBA 27; TXBA 34; TXBA 85; TXBA 86,TXBA 06 (LWR); TXBA 13 (QB); TXBA 27 (HB-R); TXBA 34 (RWR); TXBA 62 (LG); TXBA 65 (LT); TXBA 66 (RG); TXBA 72 (C); TXBA 74 (RT); TXBA 85 (TE-R); TXBA 86 (SLWR),TXBA 06 (0.0); TXBA 13 (0.0); TXBA 27 (0.0); TXBA 34 (0.0); TXBA 62 (0.0); TXBA 65 (0.0); TXBA 66 (0.0); TXBA 72 (0.0); TXBA 74 (0.0); TXBA 85 (0.0); TXBA 86 (0.0),TXBA 27; TXBA 86,T,TXBA,TXBA 06; TXBA 34,,,,1,,,,,,,,,,,,,,,,,,,,,,+29,RE,,RE,,OKST D01 > TXBA 34; OKST D10 > TXBA 06,,0,,,TXBA 13,0,,,0,,HB-R,HB-R (-5),L,1; TXBA 27 (HB-R),,,,INSIDE ZONE,SPLIT,R,,+18,TXBA 86* (L:R{L}),S,,OKST D05,,OKST D05,,R,,,,LWR^(-21.5); SLWR(-10.5); RWR^(+18.5),,0,21,0,0,0,,false,2,3,2.899,0.068,,false,12,TXBA 27,TXBA 85; TXBA 86,TXBA 06; TXBA 34,GUN STRONG,SLOT - PRO,LWR; SLWR; HB-R; TE-R; RWR,2x2,SLOT - PRO,BASE,OKST D01; OKST D10; OKST D11; OKST D18,OKST D04; OKST D05; OKST D06,OKST D00; OKST D88; OKST D96; OKST D99,ODD,,COVER 1,,33,,3.459,-0.012,29083_6525214,29083-TXBA-14
6525250,29083,2025-09-27,2025,05,408075,5377,4,2,01:19,0,,0,27,0,14,6,2,1,,,,0,0,0,45,0,,0,6525214,6525289,,27.45,0,,199,0,,,0,0,,1,0,0,TXBA 27,7; OKST D00 (09); OKST D04 (34); OKST D05 (24); OKST D11 (37); OKST D88 (29); OKST D96 (22); OKST D99 (15),,,,,LCB (0); SCBL (4); FS (10); RCB (1),LOLB (09); LE (15); NT (22); RILB (24); RE (29); REO (34); RLB (37),4-3-4,OKST D00 (LOLB); OKST D01 (LCB); OKST D04 (REO); OKST D05 (RILB); OKST D06 (SCBL); OKST D10 (RCB); OKST D11 (RLB); OKST D18 (FS); OKST D88 (RE); OKST D96 (NT); OKST D99 (LE),OKST D00 (0.0); OKST D01 (0.0); OKST D04 (+0.5); OKST D05 (+0.5); OKST D06 (0.0); OKST D10 (0.0); OKST D11 (0.0); OKST D18 (0.0); OKST D88 (0.0); OKST D96 (0.0); OKST D99 (0.0),,T,OKST,6,,LE (15); NT (22); RE (29); REO (34),,END OF GAME,+26,7,DOWNS,+45,,,+29,OKST D05,,,,2,,,C,C,,,,,,TXBA 85 (TE-L); OKST D04 (REO); OKST D05 (RILB),,,,,,,,,,LOLB (0); RILB (4); RLB (4),,C,C,TXBA 85,LWR^; TE-L; HB-L; SRWR; RWR^,2x2,TE>SRWR,2-0-1-2,12,TXBA 06; TXBA 27; TXBA 34; TXBA 85; TXBA 86,TXBA 06 (LWR); TXBA 13 (QB); TXBA 27 (HB-L); TXBA 34 (RWR); TXBA 62 (LG); TXBA 65 (LT); TXBA 66 (RG); TXBA 72 (C); TXBA 74 (RT); TXBA 85 (TE-L); TXBA 86 (SRWR),TXBA 06 (0.0); TXBA 13 (0.0); TXBA 27 (0.0); TXBA 34 (0.0); TXBA 62 (0.0); TXBA 65 (0.0); TXBA 66 (0.0); TXBA 72 (0.0); TXBA 74 (0.0); TXBA 85 (-0.5); TXBA 86 (0.0),,F,TXBA,TXBA 06; TXBA 34,,,,1,,,,,,,,,,,,,,,,,,,,,,+27,LT,,LT,OKST D04; OKST D05,OKST D01 > TXBA 34; OKST D10 > TXBA 06,,0,,,TXBA 13,0,,,0,,HB-L,HB-L (-5),R,1; TXBA 27 (HB-L),,,,INSIDE ZONE,SPLIT,R,,+18,TXBA 86* (R:L{R}),S,,OKST D05,,OKST D05,,L,,,,LWR^(-18.5); SRWR(+8.5); RWR^(+18.5),,0,5,0,0,0,,false,2,3,2.967,-0.316,,false,12,TXBA 27,TXBA 85; TXBA 86,TXBA 06; TXBA 34,GUN STRONG,SLOT - PRO,LWR; TE-L; HB-L; SRWR; RWR,2x2,SLOT - PRO,BASE,OKST D01; OKST D10; OKST D11; OKST D18,OKST D04; OKST D05; OKST D06,OKST D00; OKST D88; OKST D96; OKST D99,ODD,,COVER 1,,29,,3.447,-0.424,29083_6525250,29083-TXBA-14
6525289,29083,2025-09-27,2025,05,408075,5403,4,3,00:37,0,,0,27,0,14,7,1,1,,,,0,0,0,45,0,,0,6525250,,,27.45,0,,200,0,,,0,0,,1,0,0,TXBA 27,8; OKST D00 (10); OKST D04 (35); OKST D05 (23); OKST D06 (09); OKST D18 (39); OKST D88 (29); OKST D96 (22); OKST D99 (15),,,,,LCB (0); FS (10); RCB (1),LLB (09); LOLB (10); LE (15); NT (22); MLB (23); RE (29); ROLB (35); RLB (39),4-3-4,OKST D00 (LOLB); OKST D01 (LCB); OKST D04 (ROLB); OKST D05 (MLB); OKST D06 (LLB); OKST D10 (RCB); OKST D11 (FS); OKST D18 (RLB); OKST D88 (RE); OKST D96 (NT); OKST D99 (LE),OKST D00 (0.0); OKST D01 (0.0); OKST D04 (0.0); OKST D05 (0.0); OKST D06 (0.0); OKST D10 (0.0); OKST D11 (0.0); OKST D18 (0.0); OKST D88 (0.0); OKST D96 (-0.5); OKST D99 (+0.5),,T,OKST,4,,LE (15); NT (22); RE (29),,END OF GAME,+26,7,DOWNS,+45,,,+27,OKST D99,,,,1,,,C,C,,,,,,TXBA 72 (C); TXBA 74 (RT); OKST D96 (NT); OKST D99 (LE),,,,,,,,,,LOLB (0); LLB (4); MLB (4); RLB (4); ROLB (0),,C,C,OKST D96,LWR^; TE-L; HB-R; TE-R; RWR^,2x2,,2-0-1-2,12,TXBA 06; TXBA 27; TXBA 34; TXBA 85; TXBA 86,TXBA 06 (LWR); TXBA 13 (QB); TXBA 27 (HB-R); TXBA 34 (RWR); TXBA 62 (LG); TXBA 65 (LT); TXBA 66 (RG); TXBA 72 (C); TXBA 74 (RT); TXBA 85 (TE-L); TXBA 86 (TE-R),TXBA 06 (0.0); TXBA 13 (0.0); TXBA 27 (0.0); TXBA 34 (0.0); TXBA 62 (0.0); TXBA 65 (0.0); TXBA 66 (0.0); TXBA 72 (+0.5); TXBA 74 (0.0); TXBA 85 (0.0); TXBA 86 (0.0),,F,TXBA,TXBA 06; TXBA 34,,,,1,,,,,,,,,,,,,,,,,,,,,,+26,RE,,RE,TXBA 72; OKST D99,OKST D01 > TXBA 34; OKST D10 > TXBA 06,,0,,,TXBA 13,0,,,0,,HB-R,HB-R (-5),L,1; TXBA 27 (HB-R),,,,INSIDE ZONE,SPLIT,R,,+18,,S,,OKST D99,,OKST D99,,L;R,,,,LWR^(-18.5); RWR^(+18.5),,0,5,0,0,0,,false,2,3,2.651,0.0,,false,12,TXBA 27,TXBA 85; TXBA 86,TXBA 06; TXBA 34,GUN WEAK,PRO - PRO,LWR; TE-L; HB-R; TE-R; RWR,2x2,PRO - PRO,BASE,OKST D01; OKST D10; OKST D11; OKST D18,OKST D04; OKST D05; OKST D06,OKST D00; OKST D88; OKST D96; OKST D99,ODD,,COVER 1,,27,,3.023,0.0,29083_6525289,29083-TXBA-14
